lineage_id,bill_id,bill_number,session_year,committee,sponsor_or_introducer,action_date,actor,action_type,action,amendment_id,summary_of_change,source_id,exact_locator
BILL_2021_SB1201_A001,BILL_2021_SB1201,SB1201,2021,,"Sen. Martin M. Looney, 11th Dist. Rep. Matthew Ritter, 1st Dist.",2021-06-14,chamber or committee,other action,Emergency Certification,,,SOURCE_0014,"Bill History row, 2021-06-14"
BILL_2021_SB1201_A002,BILL_2021_SB1201,SB1201,2021,,"Sen. Martin M. Looney, 11th Dist. Rep. Matthew Ritter, 1st Dist.",2021-06-15,chamber or committee,other action,Immediate Transmittal to the House,,,SOURCE_0014,"Bill History row, 2021-06-15"
BILL_2021_SB1201_A003,BILL_2021_SB1201,SB1201,2021,,"Sen. Martin M. Looney, 11th Dist. Rep. Matthew Ritter, 1st Dist.",2021-06-15,chamber or committee,chamber passage,"Senate Passed as Amended by Senate Amendment Schedule A,B",,,SOURCE_0014,"Bill History row, 2021-06-15"
BILL_2021_SB1201_A004,BILL_2021_SB1201,SB1201,2021,,"Sen. Martin M. Looney, 11th Dist. Rep. Matthew Ritter, 1st Dist.",2021-06-15,chamber or committee,amendment vote,Senate Adopted Senate Amendment Schedule B 10928,10928,,SOURCE_0014,"Bill History row, 2021-06-15"
BILL_2021_SB1201_A005,BILL_2021_SB1201,SB1201,2021,,"Sen. Martin M. Looney, 11th Dist. Rep. Matthew Ritter, 1st Dist.",2021-06-15,chamber or committee,amendment vote,Senate Adopted Senate Amendment Schedule A 10906,10906,,SOURCE_0014,"Bill History row, 2021-06-15"
BILL_2021_SB1201_A006,BILL_2021_SB1201,SB1201,2021,,"Sen. Martin M. Looney, 11th Dist. Rep. Matthew Ritter, 1st Dist.",2021-06-16,chamber or committee,other action,Immediate Transmittal to the Senate,,,SOURCE_0014,"Bill History row, 2021-06-16"
BILL_2021_SB1201_A007,BILL_2021_SB1201,SB1201,2021,,"Sen. Martin M. Looney, 11th Dist. Rep. Matthew Ritter, 1st Dist.",2021-06-16,chamber or committee,chamber passage,House Passed as Amended by House Amendment Schedule A,,,SOURCE_0014,"Bill History row, 2021-06-16"
BILL_2021_SB1201_A008,BILL_2021_SB1201,SB1201,2021,,"Sen. Martin M. Looney, 11th Dist. Rep. Matthew Ritter, 1st Dist.",2021-06-16,chamber or committee,other action,"Amendment Withdrawn, House Amendment Schedule E 10988",10988,,SOURCE_0014,"Bill History row, 2021-06-16"
BILL_2021_SB1201_A009,BILL_2021_SB1201,SB1201,2021,,"Sen. Martin M. Looney, 11th Dist. Rep. Matthew Ritter, 1st Dist.",2021-06-16,chamber or committee,amendment vote,House Rejected House Amendment Schedule D 10935,10935,,SOURCE_0014,"Bill History row, 2021-06-16"
BILL_2021_SB1201_A010,BILL_2021_SB1201,SB1201,2021,,"Sen. Martin M. Looney, 11th Dist. Rep. Matthew Ritter, 1st Dist.",2021-06-16,chamber or committee,amendment vote,House Rejected House Amendment Schedule C 10936,10936,,SOURCE_0014,"Bill History row, 2021-06-16"
BILL_2021_SB1201_A011,BILL_2021_SB1201,SB1201,2021,,"Sen. Martin M. Looney, 11th Dist. Rep. Matthew Ritter, 1st Dist.",2021-06-16,chamber or committee,amendment vote,House Rejected House Amendment Schedule B 10981,10981,,SOURCE_0014,"Bill History row, 2021-06-16"
BILL_2021_SB1201_A012,BILL_2021_SB1201,SB1201,2021,,"Sen. Martin M. Looney, 11th Dist. Rep. Matthew Ritter, 1st Dist.",2021-06-16,chamber or committee,amendment vote,House Adopted House Amendment Schedule A 10984,10984,,SOURCE_0014,"Bill History row, 2021-06-16"
BILL_2021_SB1201_A013,BILL_2021_SB1201,SB1201,2021,,"Sen. Martin M. Looney, 11th Dist. Rep. Matthew Ritter, 1st Dist.",2021-06-16,chamber or committee,amendment vote,House Rejected Senate Amendment Schedule B,,,SOURCE_0014,"Bill History row, 2021-06-16"
BILL_2021_SB1201_A014,BILL_2021_SB1201,SB1201,2021,,"Sen. Martin M. Looney, 11th Dist. Rep. Matthew Ritter, 1st Dist.",2021-06-16,chamber or committee,amendment vote,House Rejected Senate Amendment Schedule A,,,SOURCE_0014,"Bill History row, 2021-06-16"
BILL_2021_SB1201_A015,BILL_2021_SB1201,SB1201,2021,,"Sen. Martin M. Looney, 11th Dist. Rep. Matthew Ritter, 1st Dist.",2021-06-17,chamber or committee,other action,Immediate Transmittal to the Governor,,,SOURCE_0014,"Bill History row, 2021-06-17"
BILL_2021_SB1201_A016,BILL_2021_SB1201,SB1201,2021,,"Sen. Martin M. Looney, 11th Dist. Rep. Matthew Ritter, 1st Dist.",2021-06-17,chamber or committee,concurrence,In Concurrence,,,SOURCE_0014,"Bill History row, 2021-06-17"
BILL_2021_SB1201_A017,BILL_2021_SB1201,SB1201,2021,,"Sen. Martin M. Looney, 11th Dist. Rep. Matthew Ritter, 1st Dist.",2021-06-17,chamber or committee,chamber passage,Senate Passed as Amended by House Amendment Schedule A,,,SOURCE_0014,"Bill History row, 2021-06-17"
BILL_2021_SB1201_A018,BILL_2021_SB1201,SB1201,2021,,"Sen. Martin M. Looney, 11th Dist. Rep. Matthew Ritter, 1st Dist.",2021-06-17,chamber or committee,amendment vote,Senate Adopted House Amendment Schedule A,,,SOURCE_0014,"Bill History row, 2021-06-17"
BILL_2021_SB1201_A019,BILL_2021_SB1201,SB1201,2021,,"Sen. Martin M. Looney, 11th Dist. Rep. Matthew Ritter, 1st Dist.",2021-06-17,chamber or committee,amendment vote,Senate Rejected Senate Amendment Schedule B 10928,10928,,SOURCE_0014,"Bill History row, 2021-06-17"
BILL_2021_SB1201_A020,BILL_2021_SB1201,SB1201,2021,,"Sen. Martin M. Looney, 11th Dist. Rep. Matthew Ritter, 1st Dist.",2021-06-17,chamber or committee,amendment vote,Senate Rejected Senate Amendment Schedule A 10906,10906,,SOURCE_0014,"Bill History row, 2021-06-17"
BILL_2021_SB1201_A021,BILL_2021_SB1201,SB1201,2021,,"Sen. Martin M. Looney, 11th Dist. Rep. Matthew Ritter, 1st Dist.",2021-06-17,chamber or committee,other action,Senate Reconsidered,,,SOURCE_0014,"Bill History row, 2021-06-17"
BILL_2021_SB1201_A022,BILL_2021_SB1201,SB1201,2021,,"Sen. Martin M. Looney, 11th Dist. Rep. Matthew Ritter, 1st Dist.",2021-06-22,chamber or committee,other action,Signed by Governor in Original,,,SOURCE_0014,"Bill History row, 2021-06-22"
BILL_2021_SB1201_A023,BILL_2021_SB1201,SB1201,2021,,"Sen. Martin M. Looney, 11th Dist. Rep. Matthew Ritter, 1st Dist.",2021-06-30,LCO,public act assigned,Public Act 21-1,,,SOURCE_0014,"Bill History row, 2021-06-30"
BILL_2021_SB1201_A024,BILL_2021_SB1201,SB1201,2021,,"Sen. Martin M. Looney, 11th Dist. Rep. Matthew Ritter, 1st Dist.",2021-07-02,chamber or committee,transmittal,Transmitted to the Secretary of State,,,SOURCE_0014,"Bill History row, 2021-07-02"
BILL_2022_HB5329_A001,BILL_2022_HB5329,HB5329,2022,General Law Committee,General Law Committee,2022-03-03,chamber or committee,committee referral,Referred to Joint Committee on General Law,,,SOURCE_0014,"Bill History row, 2022-03-03"
BILL_2022_HB5329_A002,BILL_2022_HB5329,HB5329,2022,General Law Committee,General Law Committee,2022-03-04,chamber or committee,public hearing,Public Hearing 03/08,,,SOURCE_0014,"Bill History row, 2022-03-04"
BILL_2022_HB5329_A003,BILL_2022_HB5329,HB5329,2022,General Law Committee,General Law Committee,2022-03-15,GL,committee report,Joint Favorable Substitute,,,SOURCE_0014,"Bill History row, 2022-03-15"
BILL_2022_HB5329_A004,BILL_2022_HB5329,HB5329,2022,General Law Committee,General Law Committee,2022-03-16,LCO,LCO drafting,Filed with Legislative Commissioners' Office,,,SOURCE_0014,"Bill History row, 2022-03-16"
BILL_2022_HB5329_A005,BILL_2022_HB5329,HB5329,2022,General Law Committee,General Law Committee,2022-03-24,LCO,other action,Referred to Office of Legislative Research and Office of Fiscal Analysis 03/29/22 5:00 PM,,,SOURCE_0014,"Bill History row, 2022-03-24"
BILL_2022_HB5329_A006,BILL_2022_HB5329,HB5329,2022,General Law Committee,General Law Committee,2022-03-30,LCO,calendared,File Number 202,,,SOURCE_0014,"Bill History row, 2022-03-30"
BILL_2022_HB5329_A007,BILL_2022_HB5329,HB5329,2022,General Law Committee,General Law Committee,2022-03-30,chamber or committee,calendared,House Calendar Number 183,,,SOURCE_0014,"Bill History row, 2022-03-30"
BILL_2022_HB5329_A008,BILL_2022_HB5329,HB5329,2022,General Law Committee,General Law Committee,2022-03-30,chamber or committee,committee report,"Favorable Report, Tabled for the Calendar, House",,,SOURCE_0014,"Bill History row, 2022-03-30"
BILL_2022_HB5329_A009,BILL_2022_HB5329,HB5329,2022,General Law Committee,General Law Committee,2022-03-30,LCO,LCO drafting,Reported Out of Legislative Commissioners' Office,,,SOURCE_0014,"Bill History row, 2022-03-30"
BILL_2022_HB5329_A010,BILL_2022_HB5329,HB5329,2022,General Law Committee,General Law Committee,2022-04-26,chamber or committee,chamber passage,House Passed as Amended by House Amendment Schedule A,,,SOURCE_0014,"Bill History row, 2022-04-26"
BILL_2022_HB5329_A011,BILL_2022_HB5329,HB5329,2022,General Law Committee,General Law Committee,2022-04-26,chamber or committee,amendment vote,House Adopted House Amendment Schedule A 5358,5358,,SOURCE_0014,"Bill History row, 2022-04-26"
BILL_2022_HB5329_A012,BILL_2022_HB5329,HB5329,2022,General Law Committee,General Law Committee,2022-04-27,LCO,calendared,File Number 672,,,SOURCE_0014,"Bill History row, 2022-04-27"
BILL_2022_HB5329_A013,BILL_2022_HB5329,HB5329,2022,General Law Committee,General Law Committee,2022-04-27,chamber or committee,calendared,Senate Calendar Number 495,,,SOURCE_0014,"Bill History row, 2022-04-27"
BILL_2022_HB5329_A014,BILL_2022_HB5329,HB5329,2022,General Law Committee,General Law Committee,2022-04-27,chamber or committee,committee report,"Favorable Report, Tabled for the Calendar, Senate",,,SOURCE_0014,"Bill History row, 2022-04-27"
BILL_2022_HB5329_A015,BILL_2022_HB5329,HB5329,2022,General Law Committee,General Law Committee,2022-04-27,chamber or committee,other action,Immediate Transmittal to the Senate,,,SOURCE_0014,"Bill History row, 2022-04-27"
BILL_2022_HB5329_A016,BILL_2022_HB5329,HB5329,2022,General Law Committee,General Law Committee,2022-05-04,chamber or committee,concurrence,In Concurrence,,,SOURCE_0014,"Bill History row, 2022-05-04"
BILL_2022_HB5329_A017,BILL_2022_HB5329,HB5329,2022,General Law Committee,General Law Committee,2022-05-04,chamber or committee,chamber passage,Senate Passed as Amended by House Amendment Schedule A,,,SOURCE_0014,"Bill History row, 2022-05-04"
BILL_2022_HB5329_A018,BILL_2022_HB5329,HB5329,2022,General Law Committee,General Law Committee,2022-05-04,chamber or committee,amendment vote,Senate Adopted House Amendment Schedule A,,,SOURCE_0014,"Bill History row, 2022-05-04"
BILL_2022_HB5329_A019,BILL_2022_HB5329,HB5329,2022,General Law Committee,General Law Committee,2022-05-13,LCO,public act assigned,Public Act 22-103,,,SOURCE_0014,"Bill History row, 2022-05-13"
BILL_2022_HB5329_A020,BILL_2022_HB5329,HB5329,2022,General Law Committee,General Law Committee,2022-05-17,chamber or committee,transmittal,Transmitted by Secretary of the State to Governor,,,SOURCE_0014,"Bill History row, 2022-05-17"
BILL_2022_HB5329_A021,BILL_2022_HB5329,HB5329,2022,General Law Committee,General Law Committee,2022-05-17,chamber or committee,transmittal,Transmitted to the Secretary of State,,,SOURCE_0014,"Bill History row, 2022-05-17"
BILL_2022_HB5329_A022,BILL_2022_HB5329,HB5329,2022,General Law Committee,General Law Committee,2022-05-24,chamber or committee,signed,Signed by the Governor,,,SOURCE_0014,"Bill History row, 2022-05-24"
BILL_2023_HB6699_A001,BILL_2023_HB6699,HB6699,2023,General Law Committee,General Law Committee,2023-02-16,chamber or committee,committee referral,Referred to Joint Committee on General Law,,,SOURCE_0014,"Bill History row, 2023-02-16"
BILL_2023_HB6699_A002,BILL_2023_HB6699,HB6699,2023,General Law Committee,General Law Committee,2023-02-17,chamber or committee,public hearing,Public Hearing 02/23,,,SOURCE_0014,"Bill History row, 2023-02-17"
BILL_2023_HB6699_A003,BILL_2023_HB6699,HB6699,2023,General Law Committee,General Law Committee,2023-03-07,GL,committee report,Joint Favorable Substitute,,,SOURCE_0014,"Bill History row, 2023-03-07"
BILL_2023_HB6699_A004,BILL_2023_HB6699,HB6699,2023,General Law Committee,General Law Committee,2023-03-08,LCO,LCO drafting,Filed with Legislative Commissioners' Office,,,SOURCE_0014,"Bill History row, 2023-03-08"
BILL_2023_HB6699_A005,BILL_2023_HB6699,HB6699,2023,General Law Committee,General Law Committee,2023-03-17,LCO,other action,Referred to Office of Legislative Research and Office of Fiscal Analysis 03/22/23 5:00 PM,,,SOURCE_0014,"Bill History row, 2023-03-17"
BILL_2023_HB6699_A006,BILL_2023_HB6699,HB6699,2023,General Law Committee,General Law Committee,2023-03-23,LCO,calendared,File Number 201,,,SOURCE_0014,"Bill History row, 2023-03-23"
BILL_2023_HB6699_A007,BILL_2023_HB6699,HB6699,2023,General Law Committee,General Law Committee,2023-03-23,chamber or committee,calendared,House Calendar Number 150,,,SOURCE_0014,"Bill History row, 2023-03-23"
BILL_2023_HB6699_A008,BILL_2023_HB6699,HB6699,2023,General Law Committee,General Law Committee,2023-03-23,chamber or committee,committee report,"Favorable Report, Tabled for the Calendar, House",,,SOURCE_0014,"Bill History row, 2023-03-23"
BILL_2023_HB6699_A009,BILL_2023_HB6699,HB6699,2023,General Law Committee,General Law Committee,2023-03-23,LCO,LCO drafting,Reported Out of Legislative Commissioners' Office,,,SOURCE_0014,"Bill History row, 2023-03-23"
BILL_2023_HB6699_A010,BILL_2023_HB6699,HB6699,2023,General Law Committee,General Law Committee,2023-05-09,chamber or committee,chamber passage,House Passed as Amended by House Amendment Schedule A,,,SOURCE_0014,"Bill History row, 2023-05-09"
BILL_2023_HB6699_A011,BILL_2023_HB6699,HB6699,2023,General Law Committee,General Law Committee,2023-05-09,chamber or committee,amendment vote,House Rejected House Amendment Schedule B 7520,7520,,SOURCE_0014,"Bill History row, 2023-05-09"
BILL_2023_HB6699_A012,BILL_2023_HB6699,HB6699,2023,General Law Committee,General Law Committee,2023-05-09,chamber or committee,amendment vote,House Adopted House Amendment Schedule A 7505,7505,,SOURCE_0014,"Bill History row, 2023-05-09"
BILL_2023_HB6699_A013,BILL_2023_HB6699,HB6699,2023,General Law Committee,General Law Committee,2023-05-11,LCO,calendared,File Number 764,,,SOURCE_0014,"Bill History row, 2023-05-11"
BILL_2023_HB6699_A014,BILL_2023_HB6699,HB6699,2023,General Law Committee,General Law Committee,2023-05-11,chamber or committee,calendared,Senate Calendar Number 485,,,SOURCE_0014,"Bill History row, 2023-05-11"
BILL_2023_HB6699_A015,BILL_2023_HB6699,HB6699,2023,General Law Committee,General Law Committee,2023-05-11,chamber or committee,committee report,"Favorable Report, Tabled for the Calendar, Senate",,,SOURCE_0014,"Bill History row, 2023-05-11"
BILL_2023_HB6699_A016,BILL_2023_HB6699,HB6699,2023,General Law Committee,General Law Committee,2023-06-05,chamber or committee,concurrence,In Concurrence,,,SOURCE_0014,"Bill History row, 2023-06-05"
BILL_2023_HB6699_A017,BILL_2023_HB6699,HB6699,2023,General Law Committee,General Law Committee,2023-06-05,chamber or committee,chamber passage,Senate Passed as Amended by House Amendment Schedule A,,,SOURCE_0014,"Bill History row, 2023-06-05"
BILL_2023_HB6699_A018,BILL_2023_HB6699,HB6699,2023,General Law Committee,General Law Committee,2023-06-05,chamber or committee,amendment vote,Senate Rejected Senate Amendment Schedule A 9161,9161,,SOURCE_0014,"Bill History row, 2023-06-05"
BILL_2023_HB6699_A019,BILL_2023_HB6699,HB6699,2023,General Law Committee,General Law Committee,2023-06-05,chamber or committee,amendment vote,Senate Adopted House Amendment Schedule A,,,SOURCE_0014,"Bill History row, 2023-06-05"
BILL_2023_HB6699_A020,BILL_2023_HB6699,HB6699,2023,General Law Committee,General Law Committee,2023-06-12,LCO,public act assigned,Public Act 23-79,,,SOURCE_0014,"Bill History row, 2023-06-12"
BILL_2023_HB6699_A021,BILL_2023_HB6699,HB6699,2023,General Law Committee,General Law Committee,2023-06-15,chamber or committee,transmittal,Transmitted by Secretary of the State to Governor,,,SOURCE_0014,"Bill History row, 2023-06-15"
BILL_2023_HB6699_A022,BILL_2023_HB6699,HB6699,2023,General Law Committee,General Law Committee,2023-06-15,chamber or committee,transmittal,Transmitted to the Secretary of State,,,SOURCE_0014,"Bill History row, 2023-06-15"
BILL_2023_HB6699_A023,BILL_2023_HB6699,HB6699,2023,General Law Committee,General Law Committee,2023-06-26,chamber or committee,signed,Signed by the Governor,,,SOURCE_0014,"Bill History row, 2023-06-26"
BILL_2024_HB5150_A001,BILL_2024_HB5150,HB5150,2024,General Law Committee,General Law Committee,2024-02-15,chamber or committee,committee referral,Referred to Joint Committee on General Law,,,SOURCE_0014,"Bill History row, 2024-02-15"
BILL_2024_HB5150_A002,BILL_2024_HB5150,HB5150,2024,General Law Committee,General Law Committee,2024-02-16,chamber or committee,public hearing,Public Hearing 02/22,,,SOURCE_0014,"Bill History row, 2024-02-16"
BILL_2024_HB5150_A003,BILL_2024_HB5150,HB5150,2024,General Law Committee,General Law Committee,2024-03-12,GL,committee report,Joint Favorable Substitute,,,SOURCE_0014,"Bill History row, 2024-03-12"
BILL_2024_HB5150_A004,BILL_2024_HB5150,HB5150,2024,General Law Committee,General Law Committee,2024-03-14,LCO,LCO drafting,Filed with Legislative Commissioners' Office,,,SOURCE_0014,"Bill History row, 2024-03-14"
BILL_2024_HB5150_A005,BILL_2024_HB5150,HB5150,2024,General Law Committee,General Law Committee,2024-03-25,LCO,other action,Referred to Office of Legislative Research and Office of Fiscal Analysis 04/02/24 12:00 PM,,,SOURCE_0014,"Bill History row, 2024-03-25"
BILL_2024_HB5150_A006,BILL_2024_HB5150,HB5150,2024,General Law Committee,General Law Committee,2024-04-02,LCO,calendared,File Number 199,,,SOURCE_0014,"Bill History row, 2024-04-02"
BILL_2024_HB5150_A007,BILL_2024_HB5150,HB5150,2024,General Law Committee,General Law Committee,2024-04-02,chamber or committee,calendared,House Calendar Number 152,,,SOURCE_0014,"Bill History row, 2024-04-02"
BILL_2024_HB5150_A008,BILL_2024_HB5150,HB5150,2024,General Law Committee,General Law Committee,2024-04-02,chamber or committee,committee report,"Favorable Report, Tabled for the Calendar, House",,,SOURCE_0014,"Bill History row, 2024-04-02"
BILL_2024_HB5150_A009,BILL_2024_HB5150,HB5150,2024,General Law Committee,General Law Committee,2024-04-02,LCO,LCO drafting,Reported Out of Legislative Commissioners' Office,,,SOURCE_0014,"Bill History row, 2024-04-02"
BILL_2024_HB5150_A010,BILL_2024_HB5150,HB5150,2024,General Law Committee,General Law Committee,2024-04-23,chamber or committee,other action,"Referred by House to Committee on Finance, Revenue and Bonding",,,SOURCE_0014,"Bill History row, 2024-04-23"
BILL_2024_HB5150_A011,BILL_2024_HB5150,HB5150,2024,General Law Committee,General Law Committee,2024-04-29,chamber or committee,tabled,"Tabled for the Calendar, House",,,SOURCE_0014,"Bill History row, 2024-04-29"
BILL_2024_HB5150_A012,BILL_2024_HB5150,HB5150,2024,General Law Committee,General Law Committee,2024-04-29,chamber or committee,other action,"No New File by Committee on Finance, Revenue and Bonding",,,SOURCE_0014,"Bill History row, 2024-04-29"
BILL_2024_HB5150_A013,BILL_2024_HB5150,HB5150,2024,General Law Committee,General Law Committee,2024-04-29,LCO,LCO drafting,Reported Out of Legislative Commissioners' Office,,,SOURCE_0014,"Bill History row, 2024-04-29"
BILL_2024_HB5150_A014,BILL_2024_HB5150,HB5150,2024,General Law Committee,General Law Committee,2024-04-29,LCO,LCO drafting,Filed with Legislative Commissioners' Office,,,SOURCE_0014,"Bill History row, 2024-04-29"
BILL_2024_HB5150_A015,BILL_2024_HB5150,HB5150,2024,General Law Committee,General Law Committee,2024-04-29,FIN,committee report,Joint Favorable,,,SOURCE_0014,"Bill History row, 2024-04-29"
BILL_2024_HB5150_A016,BILL_2024_HB5150,HB5150,2024,General Law Committee,General Law Committee,2024-04-30,chamber or committee,chamber passage,House Passed as Amended by House Amendment Schedule A,,,SOURCE_0014,"Bill History row, 2024-04-30"
BILL_2024_HB5150_A017,BILL_2024_HB5150,HB5150,2024,General Law Committee,General Law Committee,2024-04-30,chamber or committee,amendment vote,House Adopted House Amendment Schedule A 4912,4912,,SOURCE_0014,"Bill History row, 2024-04-30"
BILL_2024_HB5150_A018,BILL_2024_HB5150,HB5150,2024,General Law Committee,General Law Committee,2024-05-02,LCO,calendared,File Number 646,,,SOURCE_0014,"Bill History row, 2024-05-02"
BILL_2024_HB5150_A019,BILL_2024_HB5150,HB5150,2024,General Law Committee,General Law Committee,2024-05-02,chamber or committee,calendared,Senate Calendar Number 414,,,SOURCE_0014,"Bill History row, 2024-05-02"
BILL_2024_HB5150_A020,BILL_2024_HB5150,HB5150,2024,General Law Committee,General Law Committee,2024-05-02,chamber or committee,committee report,"Favorable Report, Tabled for the Calendar, Senate",,,SOURCE_0014,"Bill History row, 2024-05-02"
BILL_2024_HB5150_A021,BILL_2024_HB5150,HB5150,2024,General Law Committee,General Law Committee,2024-05-08,chamber or committee,other action,Immediate Transmittal to the Governor,,,SOURCE_0014,"Bill History row, 2024-05-08"
BILL_2024_HB5150_A022,BILL_2024_HB5150,HB5150,2024,General Law Committee,General Law Committee,2024-05-08,chamber or committee,concurrence,In Concurrence,,,SOURCE_0014,"Bill History row, 2024-05-08"
BILL_2024_HB5150_A023,BILL_2024_HB5150,HB5150,2024,General Law Committee,General Law Committee,2024-05-08,chamber or committee,chamber passage,Senate Passed as Amended by House Amendment Schedule A,,,SOURCE_0014,"Bill History row, 2024-05-08"
BILL_2024_HB5150_A024,BILL_2024_HB5150,HB5150,2024,General Law Committee,General Law Committee,2024-05-08,chamber or committee,amendment vote,Senate Adopted House Amendment Schedule A,,,SOURCE_0014,"Bill History row, 2024-05-08"
BILL_2024_HB5150_A025,BILL_2024_HB5150,HB5150,2024,General Law Committee,General Law Committee,2024-05-11,chamber or committee,other action,Signed by Governor in Original,,,SOURCE_0014,"Bill History row, 2024-05-11"
BILL_2024_HB5150_A026,BILL_2024_HB5150,HB5150,2024,General Law Committee,General Law Committee,2024-05-17,LCO,public act assigned,Public Act 24-76,,,SOURCE_0014,"Bill History row, 2024-05-17"
BILL_2024_HB5150_A027,BILL_2024_HB5150,HB5150,2024,General Law Committee,General Law Committee,2024-05-22,chamber or committee,transmittal,Transmitted to the Secretary of State,,,SOURCE_0014,"Bill History row, 2024-05-22"
BILL_2025_HB6855_A001,BILL_2025_HB6855,HB6855,2025,General Law Committee,General Law Committee,2025-02-05,chamber or committee,committee referral,Referred to Joint Committee on General Law,,,SOURCE_0014,"Bill History row, 2025-02-05"
BILL_2025_HB6855_A002,BILL_2025_HB6855,HB6855,2025,General Law Committee,General Law Committee,2025-02-07,chamber or committee,public hearing,Public Hearing 02/14,,,SOURCE_0014,"Bill History row, 2025-02-07"
BILL_2025_HB6855_A003,BILL_2025_HB6855,HB6855,2025,General Law Committee,General Law Committee,2025-03-24,LCO,LCO drafting,Filed with Legislative Commissioners' Office,,,SOURCE_0014,"Bill History row, 2025-03-24"
BILL_2025_HB6855_A004,BILL_2025_HB6855,HB6855,2025,General Law Committee,General Law Committee,2025-03-24,GL,committee report,Joint Favorable Substitute,,,SOURCE_0014,"Bill History row, 2025-03-24"
BILL_2025_HB6855_A005,BILL_2025_HB6855,HB6855,2025,General Law Committee,General Law Committee,2025-04-03,LCO,other action,Referred to Office of Legislative Research and Office of Fiscal Analysis 04/08/25 5:00 PM,,,SOURCE_0014,"Bill History row, 2025-04-03"
BILL_2025_HB6855_A006,BILL_2025_HB6855,HB6855,2025,General Law Committee,General Law Committee,2025-04-09,LCO,calendared,File Number 618,,,SOURCE_0014,"Bill History row, 2025-04-09"
BILL_2025_HB6855_A007,BILL_2025_HB6855,HB6855,2025,General Law Committee,General Law Committee,2025-04-09,chamber or committee,calendared,House Calendar Number 379,,,SOURCE_0014,"Bill History row, 2025-04-09"
BILL_2025_HB6855_A008,BILL_2025_HB6855,HB6855,2025,General Law Committee,General Law Committee,2025-04-09,chamber or committee,committee report,"Favorable Report, Tabled for the Calendar, House",,,SOURCE_0014,"Bill History row, 2025-04-09"
BILL_2025_HB6855_A009,BILL_2025_HB6855,HB6855,2025,General Law Committee,General Law Committee,2025-04-09,LCO,LCO drafting,Reported Out of Legislative Commissioners' Office,,,SOURCE_0014,"Bill History row, 2025-04-09"
BILL_2025_HB6855_A010,BILL_2025_HB6855,HB6855,2025,General Law Committee,General Law Committee,2025-06-02,chamber or committee,transmittal,Transmitted Pursuant To Joint Rule 17,,,SOURCE_0014,"Bill History row, 2025-06-02"
BILL_2025_HB6855_A011,BILL_2025_HB6855,HB6855,2025,General Law Committee,General Law Committee,2025-06-02,chamber or committee,chamber passage,House Passed as Amended by House Amendment Schedule A,,,SOURCE_0014,"Bill History row, 2025-06-02"
BILL_2025_HB6855_A012,BILL_2025_HB6855,HB6855,2025,General Law Committee,General Law Committee,2025-06-02,chamber or committee,amendment vote,House Adopted House Amendment Schedule A 9665,9665,,SOURCE_0014,"Bill History row, 2025-06-02"
BILL_2025_HB6855_A013,BILL_2025_HB6855,HB6855,2025,General Law Committee,General Law Committee,2025-06-03,chamber or committee,concurrence,On Consent Calendar / In Concurrence,,,SOURCE_0014,"Bill History row, 2025-06-03"
BILL_2025_HB6855_A014,BILL_2025_HB6855,HB6855,2025,General Law Committee,General Law Committee,2025-06-03,chamber or committee,chamber passage,Senate Passed as Amended by House Amendment Schedule A,,,SOURCE_0014,"Bill History row, 2025-06-03"
BILL_2025_HB6855_A015,BILL_2025_HB6855,HB6855,2025,General Law Committee,General Law Committee,2025-06-03,chamber or committee,amendment vote,Senate Adopted House Amendment Schedule A,,,SOURCE_0014,"Bill History row, 2025-06-03"
BILL_2025_HB6855_A016,BILL_2025_HB6855,HB6855,2025,General Law Committee,General Law Committee,2025-06-03,chamber or committee,other action,Rules Suspended,,,SOURCE_0014,"Bill History row, 2025-06-03"
BILL_2025_HB6855_A017,BILL_2025_HB6855,HB6855,2025,General Law Committee,General Law Committee,2025-06-03,chamber or committee,calendared,Senate Calendar Number 595,,,SOURCE_0014,"Bill History row, 2025-06-03"
BILL_2025_HB6855_A018,BILL_2025_HB6855,HB6855,2025,General Law Committee,General Law Committee,2025-06-03,chamber or committee,committee report,"Favorable Report, Tabled for the Calendar, Senate",,,SOURCE_0014,"Bill History row, 2025-06-03"
BILL_2025_HB6855_A019,BILL_2025_HB6855,HB6855,2025,General Law Committee,General Law Committee,2025-06-11,LCO,public act assigned,Public Act 25-101,,,SOURCE_0014,"Bill History row, 2025-06-11"
BILL_2025_HB6855_A020,BILL_2025_HB6855,HB6855,2025,General Law Committee,General Law Committee,2025-06-23,chamber or committee,transmittal,Transmitted by Secretary of the State to Governor,,,SOURCE_0014,"Bill History row, 2025-06-23"
BILL_2025_HB6855_A021,BILL_2025_HB6855,HB6855,2025,General Law Committee,General Law Committee,2025-06-23,chamber or committee,transmittal,Transmitted to the Secretary of State,,,SOURCE_0014,"Bill History row, 2025-06-23"
BILL_2025_HB6855_A022,BILL_2025_HB6855,HB6855,2025,General Law Committee,General Law Committee,2025-06-24,chamber or committee,signed,Signed by the Governor,,,SOURCE_0014,"Bill History row, 2025-06-24"
BILL_2025_HB7181_A001,BILL_2025_HB7181,HB7181,2025,General Law Committee,General Law Committee,2025-03-06,chamber or committee,committee referral,Referred to Joint Committee on General Law,,,SOURCE_0014,"Bill History row, 2025-03-06"
BILL_2025_HB7181_A002,BILL_2025_HB7181,HB7181,2025,General Law Committee,General Law Committee,2025-03-14,chamber or committee,public hearing,Public Hearing 03/19,,,SOURCE_0014,"Bill History row, 2025-03-14"
BILL_2025_HB7181_A003,BILL_2025_HB7181,HB7181,2025,General Law Committee,General Law Committee,2025-03-24,LCO,LCO drafting,Filed with Legislative Commissioners' Office,,,SOURCE_0014,"Bill History row, 2025-03-24"
BILL_2025_HB7181_A004,BILL_2025_HB7181,HB7181,2025,General Law Committee,General Law Committee,2025-03-24,GL,committee report,Joint Favorable,,,SOURCE_0014,"Bill History row, 2025-03-24"
BILL_2025_HB7181_A005,BILL_2025_HB7181,HB7181,2025,General Law Committee,General Law Committee,2025-04-03,LCO,other action,Referred to Office of Legislative Research and Office of Fiscal Analysis 04/08/25 5:00 PM,,,SOURCE_0014,"Bill History row, 2025-04-03"
BILL_2025_HB7181_A006,BILL_2025_HB7181,HB7181,2025,General Law Committee,General Law Committee,2025-04-09,LCO,calendared,File Number 632,,,SOURCE_0014,"Bill History row, 2025-04-09"
BILL_2025_HB7181_A007,BILL_2025_HB7181,HB7181,2025,General Law Committee,General Law Committee,2025-04-09,chamber or committee,calendared,House Calendar Number 397,,,SOURCE_0014,"Bill History row, 2025-04-09"
BILL_2025_HB7181_A008,BILL_2025_HB7181,HB7181,2025,General Law Committee,General Law Committee,2025-04-09,chamber or committee,committee report,"Favorable Report, Tabled for the Calendar, House",,,SOURCE_0014,"Bill History row, 2025-04-09"
BILL_2025_HB7181_A009,BILL_2025_HB7181,HB7181,2025,General Law Committee,General Law Committee,2025-04-09,LCO,LCO drafting,Reported Out of Legislative Commissioners' Office,,,SOURCE_0014,"Bill History row, 2025-04-09"
BILL_2025_HB7181_A010,BILL_2025_HB7181,HB7181,2025,General Law Committee,General Law Committee,2025-04-22,chamber or committee,other action,Referred by House to Committee on Judiciary,,,SOURCE_0014,"Bill History row, 2025-04-22"
BILL_2025_HB7181_A011,BILL_2025_HB7181,HB7181,2025,General Law Committee,General Law Committee,2025-04-25,JUD,committee report,Joint Favorable Substitute,,,SOURCE_0014,"Bill History row, 2025-04-25"
BILL_2025_HB7181_A012,BILL_2025_HB7181,HB7181,2025,General Law Committee,General Law Committee,2025-04-28,LCO,LCO drafting,Filed with Legislative Commissioners' Office,,,SOURCE_0014,"Bill History row, 2025-04-28"
BILL_2025_HB7181_A013,BILL_2025_HB7181,HB7181,2025,General Law Committee,General Law Committee,2025-04-29,LCO,other action,Referred to Office of Legislative Research and Office of Fiscal Analysis 05/05/25 5:00 PM,,,SOURCE_0014,"Bill History row, 2025-04-29"
BILL_2025_HB7181_A014,BILL_2025_HB7181,HB7181,2025,General Law Committee,General Law Committee,2025-05-06,LCO,calendared,File Number 835,,,SOURCE_0014,"Bill History row, 2025-05-06"
BILL_2025_HB7181_A015,BILL_2025_HB7181,HB7181,2025,General Law Committee,General Law Committee,2025-05-06,chamber or committee,tabled,"Tabled for the Calendar, House",,,SOURCE_0014,"Bill History row, 2025-05-06"
BILL_2025_HB7181_A016,BILL_2025_HB7181,HB7181,2025,General Law Committee,General Law Committee,2025-05-06,chamber or committee,other action,New File by Committee on Judiciary,,,SOURCE_0014,"Bill History row, 2025-05-06"
BILL_2025_HB7181_A017,BILL_2025_HB7181,HB7181,2025,General Law Committee,General Law Committee,2025-05-06,LCO,LCO drafting,Reported Out of Legislative Commissioners' Office,,,SOURCE_0014,"Bill History row, 2025-05-06"
BILL_2025_HB7181_A018,BILL_2025_HB7181,HB7181,2025,General Law Committee,General Law Committee,2025-05-09,chamber or committee,other action,Referred by House to Committee on Appropriations,,,SOURCE_0014,"Bill History row, 2025-05-09"
BILL_2025_HB7181_A019,BILL_2025_HB7181,HB7181,2025,General Law Committee,General Law Committee,2025-05-12,APP,committee report,Joint Favorable,,,SOURCE_0014,"Bill History row, 2025-05-12"
BILL_2025_HB7181_A020,BILL_2025_HB7181,HB7181,2025,General Law Committee,General Law Committee,2025-05-13,chamber or committee,tabled,"Tabled for the Calendar, House",,,SOURCE_0014,"Bill History row, 2025-05-13"
BILL_2025_HB7181_A021,BILL_2025_HB7181,HB7181,2025,General Law Committee,General Law Committee,2025-05-13,chamber or committee,other action,No New File by Committee on Appropriations,,,SOURCE_0014,"Bill History row, 2025-05-13"
BILL_2025_HB7181_A022,BILL_2025_HB7181,HB7181,2025,General Law Committee,General Law Committee,2025-05-13,LCO,LCO drafting,Reported Out of Legislative Commissioners' Office,,,SOURCE_0014,"Bill History row, 2025-05-13"
BILL_2025_HB7181_A023,BILL_2025_HB7181,HB7181,2025,General Law Committee,General Law Committee,2025-05-13,LCO,LCO drafting,Filed with Legislative Commissioners' Office,,,SOURCE_0014,"Bill History row, 2025-05-13"
BILL_2025_HB7181_A024,BILL_2025_HB7181,HB7181,2025,General Law Committee,General Law Committee,2025-06-03,chamber or committee,calendared,Senate Calendar Number 603,,,SOURCE_0014,"Bill History row, 2025-06-03"
BILL_2025_HB7181_A025,BILL_2025_HB7181,HB7181,2025,General Law Committee,General Law Committee,2025-06-03,chamber or committee,committee report,"Favorable Report, Tabled for the Calendar, Senate",,,SOURCE_0014,"Bill History row, 2025-06-03"
BILL_2025_HB7181_A026,BILL_2025_HB7181,HB7181,2025,General Law Committee,General Law Committee,2025-06-03,chamber or committee,transmittal,Transmitted Pursuant To Joint Rule 17,,,SOURCE_0014,"Bill History row, 2025-06-03"
BILL_2025_HB7181_A027,BILL_2025_HB7181,HB7181,2025,General Law Committee,General Law Committee,2025-06-03,chamber or committee,chamber passage,House Passed as Amended by House Amendment Schedule A,,,SOURCE_0014,"Bill History row, 2025-06-03"
BILL_2025_HB7181_A028,BILL_2025_HB7181,HB7181,2025,General Law Committee,General Law Committee,2025-06-03,chamber or committee,amendment vote,House Adopted House Amendment Schedule A 10422,10422,,SOURCE_0014,"Bill History row, 2025-06-03"
BILL_2025_HB7181_A029,BILL_2025_HB7181,HB7181,2025,General Law Committee,General Law Committee,2025-06-04,chamber or committee,concurrence,In Concurrence,,,SOURCE_0014,"Bill History row, 2025-06-04"
BILL_2025_HB7181_A030,BILL_2025_HB7181,HB7181,2025,General Law Committee,General Law Committee,2025-06-04,chamber or committee,chamber passage,Senate Passed as Amended by House Amendment Schedule A,,,SOURCE_0014,"Bill History row, 2025-06-04"
BILL_2025_HB7181_A031,BILL_2025_HB7181,HB7181,2025,General Law Committee,General Law Committee,2025-06-04,chamber or committee,amendment vote,Senate Adopted House Amendment Schedule A,,,SOURCE_0014,"Bill History row, 2025-06-04"
BILL_2025_HB7181_A032,BILL_2025_HB7181,HB7181,2025,General Law Committee,General Law Committee,2025-06-04,chamber or committee,other action,Rules Suspended,,,SOURCE_0014,"Bill History row, 2025-06-04"
BILL_2025_HB7181_A033,BILL_2025_HB7181,HB7181,2025,General Law Committee,General Law Committee,2025-06-23,LCO,public act assigned,Public Act 25-166,,,SOURCE_0014,"Bill History row, 2025-06-23"
BILL_2025_HB7181_A034,BILL_2025_HB7181,HB7181,2025,General Law Committee,General Law Committee,2025-06-27,chamber or committee,transmittal,Transmitted by Secretary of the State to Governor,,,SOURCE_0014,"Bill History row, 2025-06-27"
BILL_2025_HB7181_A035,BILL_2025_HB7181,HB7181,2025,General Law Committee,General Law Committee,2025-06-27,chamber or committee,transmittal,Transmitted to the Secretary of State,,,SOURCE_0014,"Bill History row, 2025-06-27"
BILL_2025_HB7181_A036,BILL_2025_HB7181,HB7181,2025,General Law Committee,General Law Committee,2025-07-01,chamber or committee,signed,Signed by the Governor,,,SOURCE_0014,"Bill History row, 2025-07-01"
BILL_2025_HB7287_A001,BILL_2025_HB7287,HB7287,2025,,"Rep. Matthew Ritter, 1st Dist. Sen. Martin M. Looney, 11th Dist. Rep. Jason Rojas, 9th Dist. Sen. Bob Duff, 25th Dist.",2025-06-02,chamber or committee,transmittal,Transmitted Pursuant To Joint Rule 17,,,SOURCE_0014,"Bill History row, 2025-06-02"
BILL_2025_HB7287_A002,BILL_2025_HB7287,HB7287,2025,,"Rep. Matthew Ritter, 1st Dist. Sen. Martin M. Looney, 11th Dist. Rep. Jason Rojas, 9th Dist. Sen. Bob Duff, 25th Dist.",2025-06-02,chamber or committee,chamber passage,House Passed as Amended by House Amendment Schedule A,,,SOURCE_0014,"Bill History row, 2025-06-02"
BILL_2025_HB7287_A003,BILL_2025_HB7287,HB7287,2025,,"Rep. Matthew Ritter, 1st Dist. Sen. Martin M. Looney, 11th Dist. Rep. Jason Rojas, 9th Dist. Sen. Bob Duff, 25th Dist.",2025-06-02,chamber or committee,amendment vote,House Rejected House Amendment Schedule F 10410,10410,,SOURCE_0014,"Bill History row, 2025-06-02"
BILL_2025_HB7287_A004,BILL_2025_HB7287,HB7287,2025,,"Rep. Matthew Ritter, 1st Dist. Sen. Martin M. Looney, 11th Dist. Rep. Jason Rojas, 9th Dist. Sen. Bob Duff, 25th Dist.",2025-06-02,chamber or committee,amendment vote,House Rejected House Amendment Schedule E 10424,10424,,SOURCE_0014,"Bill History row, 2025-06-02"
BILL_2025_HB7287_A005,BILL_2025_HB7287,HB7287,2025,,"Rep. Matthew Ritter, 1st Dist. Sen. Martin M. Looney, 11th Dist. Rep. Jason Rojas, 9th Dist. Sen. Bob Duff, 25th Dist.",2025-06-02,chamber or committee,amendment vote,House Rejected House Amendment Schedule D 10394,10394,,SOURCE_0014,"Bill History row, 2025-06-02"
BILL_2025_HB7287_A006,BILL_2025_HB7287,HB7287,2025,,"Rep. Matthew Ritter, 1st Dist. Sen. Martin M. Looney, 11th Dist. Rep. Jason Rojas, 9th Dist. Sen. Bob Duff, 25th Dist.",2025-06-02,chamber or committee,amendment vote,House Rejected House Amendment Schedule C 10409,10409,,SOURCE_0014,"Bill History row, 2025-06-02"
BILL_2025_HB7287_A007,BILL_2025_HB7287,HB7287,2025,,"Rep. Matthew Ritter, 1st Dist. Sen. Martin M. Looney, 11th Dist. Rep. Jason Rojas, 9th Dist. Sen. Bob Duff, 25th Dist.",2025-06-02,chamber or committee,amendment vote,House Rejected House Amendment Schedule B 10413,10413,,SOURCE_0014,"Bill History row, 2025-06-02"
BILL_2025_HB7287_A008,BILL_2025_HB7287,HB7287,2025,,"Rep. Matthew Ritter, 1st Dist. Sen. Martin M. Looney, 11th Dist. Rep. Jason Rojas, 9th Dist. Sen. Bob Duff, 25th Dist.",2025-06-02,chamber or committee,amendment vote,House Adopted House Amendment Schedule A 10255,10255,,SOURCE_0014,"Bill History row, 2025-06-02"
BILL_2025_HB7287_A009,BILL_2025_HB7287,HB7287,2025,,"Rep. Matthew Ritter, 1st Dist. Sen. Martin M. Looney, 11th Dist. Rep. Jason Rojas, 9th Dist. Sen. Bob Duff, 25th Dist.",2025-06-02,chamber or committee,other action,Emergency Certification,,,SOURCE_0014,"Bill History row, 2025-06-02"
BILL_2025_HB7287_A010,BILL_2025_HB7287,HB7287,2025,,"Rep. Matthew Ritter, 1st Dist. Sen. Martin M. Looney, 11th Dist. Rep. Jason Rojas, 9th Dist. Sen. Bob Duff, 25th Dist.",2025-06-03,chamber or committee,concurrence,In Concurrence,,,SOURCE_0014,"Bill History row, 2025-06-03"
BILL_2025_HB7287_A011,BILL_2025_HB7287,HB7287,2025,,"Rep. Matthew Ritter, 1st Dist. Sen. Martin M. Looney, 11th Dist. Rep. Jason Rojas, 9th Dist. Sen. Bob Duff, 25th Dist.",2025-06-03,chamber or committee,chamber passage,Senate Passed as Amended by House Amendment Schedule A,,,SOURCE_0014,"Bill History row, 2025-06-03"
BILL_2025_HB7287_A012,BILL_2025_HB7287,HB7287,2025,,"Rep. Matthew Ritter, 1st Dist. Sen. Martin M. Looney, 11th Dist. Rep. Jason Rojas, 9th Dist. Sen. Bob Duff, 25th Dist.",2025-06-03,chamber or committee,amendment vote,Senate Rejected Senate Amendment Schedule F 10529,10529,,SOURCE_0014,"Bill History row, 2025-06-03"
BILL_2025_HB7287_A013,BILL_2025_HB7287,HB7287,2025,,"Rep. Matthew Ritter, 1st Dist. Sen. Martin M. Looney, 11th Dist. Rep. Jason Rojas, 9th Dist. Sen. Bob Duff, 25th Dist.",2025-06-03,chamber or committee,amendment vote,Senate Rejected Senate Amendment Schedule E 10582,10582,,SOURCE_0014,"Bill History row, 2025-06-03"
BILL_2025_HB7287_A014,BILL_2025_HB7287,HB7287,2025,,"Rep. Matthew Ritter, 1st Dist. Sen. Martin M. Looney, 11th Dist. Rep. Jason Rojas, 9th Dist. Sen. Bob Duff, 25th Dist.",2025-06-03,chamber or committee,amendment vote,Senate Rejected Senate Amendment Schedule D 10580,10580,,SOURCE_0014,"Bill History row, 2025-06-03"
BILL_2025_HB7287_A015,BILL_2025_HB7287,HB7287,2025,,"Rep. Matthew Ritter, 1st Dist. Sen. Martin M. Looney, 11th Dist. Rep. Jason Rojas, 9th Dist. Sen. Bob Duff, 25th Dist.",2025-06-03,chamber or committee,amendment vote,Senate Rejected Senate Amendment Schedule C 10587,10587,,SOURCE_0014,"Bill History row, 2025-06-03"
BILL_2025_HB7287_A016,BILL_2025_HB7287,HB7287,2025,,"Rep. Matthew Ritter, 1st Dist. Sen. Martin M. Looney, 11th Dist. Rep. Jason Rojas, 9th Dist. Sen. Bob Duff, 25th Dist.",2025-06-03,chamber or committee,amendment vote,Senate Rejected Senate Amendment Schedule B 10553,10553,,SOURCE_0014,"Bill History row, 2025-06-03"
BILL_2025_HB7287_A017,BILL_2025_HB7287,HB7287,2025,,"Rep. Matthew Ritter, 1st Dist. Sen. Martin M. Looney, 11th Dist. Rep. Jason Rojas, 9th Dist. Sen. Bob Duff, 25th Dist.",2025-06-03,chamber or committee,amendment vote,Senate Rejected Senate Amendment Schedule A 10544,10544,,SOURCE_0014,"Bill History row, 2025-06-03"
BILL_2025_HB7287_A018,BILL_2025_HB7287,HB7287,2025,,"Rep. Matthew Ritter, 1st Dist. Sen. Martin M. Looney, 11th Dist. Rep. Jason Rojas, 9th Dist. Sen. Bob Duff, 25th Dist.",2025-06-03,chamber or committee,amendment vote,Senate Adopted House Amendment Schedule A,,,SOURCE_0014,"Bill History row, 2025-06-03"
BILL_2025_HB7287_A019,BILL_2025_HB7287,HB7287,2025,,"Rep. Matthew Ritter, 1st Dist. Sen. Martin M. Looney, 11th Dist. Rep. Jason Rojas, 9th Dist. Sen. Bob Duff, 25th Dist.",2025-06-03,chamber or committee,calendared,Senate Calendar Number 602,,,SOURCE_0014,"Bill History row, 2025-06-03"
BILL_2025_HB7287_A020,BILL_2025_HB7287,HB7287,2025,,"Rep. Matthew Ritter, 1st Dist. Sen. Martin M. Looney, 11th Dist. Rep. Jason Rojas, 9th Dist. Sen. Bob Duff, 25th Dist.",2025-06-03,chamber or committee,committee report,"Favorable Report, Tabled for the Calendar, Senate",,,SOURCE_0014,"Bill History row, 2025-06-03"
BILL_2025_HB7287_A021,BILL_2025_HB7287,HB7287,2025,,"Rep. Matthew Ritter, 1st Dist. Sen. Martin M. Looney, 11th Dist. Rep. Jason Rojas, 9th Dist. Sen. Bob Duff, 25th Dist.",2025-06-23,LCO,public act assigned,Public Act 25-168,,,SOURCE_0014,"Bill History row, 2025-06-23"
BILL_2025_HB7287_A022,BILL_2025_HB7287,HB7287,2025,,"Rep. Matthew Ritter, 1st Dist. Sen. Martin M. Looney, 11th Dist. Rep. Jason Rojas, 9th Dist. Sen. Bob Duff, 25th Dist.",2025-06-27,chamber or committee,transmittal,Transmitted by Secretary of the State to Governor,,,SOURCE_0014,"Bill History row, 2025-06-27"
BILL_2025_HB7287_A023,BILL_2025_HB7287,HB7287,2025,,"Rep. Matthew Ritter, 1st Dist. Sen. Martin M. Looney, 11th Dist. Rep. Jason Rojas, 9th Dist. Sen. Bob Duff, 25th Dist.",2025-06-27,chamber or committee,transmittal,Transmitted to the Secretary of State,,,SOURCE_0014,"Bill History row, 2025-06-27"
BILL_2025_HB7287_A024,BILL_2025_HB7287,HB7287,2025,,"Rep. Matthew Ritter, 1st Dist. Sen. Martin M. Looney, 11th Dist. Rep. Jason Rojas, 9th Dist. Sen. Bob Duff, 25th Dist.",2025-06-30,chamber or committee,signed,Signed by the Governor,,,SOURCE_0014,"Bill History row, 2025-06-30"
BILL_2026_HB5350_A001,BILL_2026_HB5350,HB5350,2026,General Law Committee,General Law Committee,2026-02-26,chamber or committee,committee referral,Referred to Joint Committee on General Law,,,SOURCE_0014,"Bill History row, 2026-02-26"
BILL_2026_HB5350_A002,BILL_2026_HB5350,HB5350,2026,General Law Committee,General Law Committee,2026-02-27,chamber or committee,public hearing,Public Hearing 03/04,,,SOURCE_0014,"Bill History row, 2026-02-27"
BILL_2026_HB5350_A003,BILL_2026_HB5350,HB5350,2026,General Law Committee,General Law Committee,2026-03-16,GL,committee report,Joint Favorable Substitute,,,SOURCE_0014,"Bill History row, 2026-03-16"
BILL_2026_HB5350_A004,BILL_2026_HB5350,HB5350,2026,General Law Committee,General Law Committee,2026-03-17,LCO,LCO drafting,Filed with Legislative Commissioners' Office,,,SOURCE_0014,"Bill History row, 2026-03-17"
BILL_2026_HB5350_A005,BILL_2026_HB5350,HB5350,2026,General Law Committee,General Law Committee,2026-03-27,LCO,other action,Referred to Office of Legislative Research and Office of Fiscal Analysis 04/01/26 5:00 PM,,,SOURCE_0014,"Bill History row, 2026-03-27"
BILL_2026_HB5350_A006,BILL_2026_HB5350,HB5350,2026,General Law Committee,General Law Committee,2026-04-02,LCO,calendared,File Number 401,,,SOURCE_0014,"Bill History row, 2026-04-02"
BILL_2026_HB5350_A007,BILL_2026_HB5350,HB5350,2026,General Law Committee,General Law Committee,2026-04-02,chamber or committee,calendared,House Calendar Number 272,,,SOURCE_0014,"Bill History row, 2026-04-02"
BILL_2026_HB5350_A008,BILL_2026_HB5350,HB5350,2026,General Law Committee,General Law Committee,2026-04-02,chamber or committee,committee report,"Favorable Report, Tabled for the Calendar, House",,,SOURCE_0014,"Bill History row, 2026-04-02"
BILL_2026_HB5350_A009,BILL_2026_HB5350,HB5350,2026,General Law Committee,General Law Committee,2026-04-02,LCO,LCO drafting,Reported Out of Legislative Commissioners' Office,,,SOURCE_0014,"Bill History row, 2026-04-02"
BILL_2026_HB5350_A010,BILL_2026_HB5350,HB5350,2026,General Law Committee,General Law Committee,2026-04-20,chamber or committee,chamber passage,"House Passed as Amended by House Amendment Schedule A,D",,,SOURCE_0014,"Bill History row, 2026-04-20"
BILL_2026_HB5350_A011,BILL_2026_HB5350,HB5350,2026,General Law Committee,General Law Committee,2026-04-20,chamber or committee,amendment vote,House Rejected House Amendment Schedule E 4294,4294,,SOURCE_0014,"Bill History row, 2026-04-20"
BILL_2026_HB5350_A012,BILL_2026_HB5350,HB5350,2026,General Law Committee,General Law Committee,2026-04-20,chamber or committee,amendment vote,House Adopted House Amendment Schedule D 4345,4345,,SOURCE_0014,"Bill History row, 2026-04-20"
BILL_2026_HB5350_A013,BILL_2026_HB5350,HB5350,2026,General Law Committee,General Law Committee,2026-04-20,chamber or committee,amendment vote,House Rejected House Amendment Schedule C 4340,4340,,SOURCE_0014,"Bill History row, 2026-04-20"
BILL_2026_HB5350_A014,BILL_2026_HB5350,HB5350,2026,General Law Committee,General Law Committee,2026-04-20,chamber or committee,amendment vote,House Rejected House Amendment Schedule B 4339,4339,,SOURCE_0014,"Bill History row, 2026-04-20"
BILL_2026_HB5350_A015,BILL_2026_HB5350,HB5350,2026,General Law Committee,General Law Committee,2026-04-20,chamber or committee,amendment vote,House Adopted House Amendment Schedule A 4259,4259,,SOURCE_0014,"Bill History row, 2026-04-20"
BILL_2026_HB5350_A016,BILL_2026_HB5350,HB5350,2026,General Law Committee,General Law Committee,2026-04-22,LCO,calendared,File Number 716,,,SOURCE_0014,"Bill History row, 2026-04-22"
BILL_2026_HB5350_A017,BILL_2026_HB5350,HB5350,2026,General Law Committee,General Law Committee,2026-04-22,chamber or committee,calendared,Senate Calendar Number 450,,,SOURCE_0014,"Bill History row, 2026-04-22"
BILL_2026_HB5350_A018,BILL_2026_HB5350,HB5350,2026,General Law Committee,General Law Committee,2026-04-22,chamber or committee,committee report,"Favorable Report, Tabled for the Calendar, Senate",,,SOURCE_0014,"Bill History row, 2026-04-22"
BILL_2026_HB5350_A019,BILL_2026_HB5350,HB5350,2026,General Law Committee,General Law Committee,2026-04-30,chamber or committee,concurrence,In Concurrence,,,SOURCE_0014,"Bill History row, 2026-04-30"
BILL_2026_HB5350_A020,BILL_2026_HB5350,HB5350,2026,General Law Committee,General Law Committee,2026-04-30,chamber or committee,chamber passage,"Senate Passed as Amended by House Amendment Schedule A,D",,,SOURCE_0014,"Bill History row, 2026-04-30"
BILL_2026_HB5350_A021,BILL_2026_HB5350,HB5350,2026,General Law Committee,General Law Committee,2026-04-30,chamber or committee,amendment vote,Senate Rejected Senate Amendment Schedule B 5269,5269,,SOURCE_0014,"Bill History row, 2026-04-30"
BILL_2026_HB5350_A022,BILL_2026_HB5350,HB5350,2026,General Law Committee,General Law Committee,2026-04-30,chamber or committee,amendment vote,Senate Rejected Senate Amendment Schedule A 5403,5403,,SOURCE_0014,"Bill History row, 2026-04-30"
BILL_2026_HB5350_A023,BILL_2026_HB5350,HB5350,2026,General Law Committee,General Law Committee,2026-04-30,chamber or committee,amendment vote,"Senate Adopted House Amendment Schedule A,D",,,SOURCE_0014,"Bill History row, 2026-04-30"
BILL_2026_HB5350_A024,BILL_2026_HB5350,HB5350,2026,General Law Committee,General Law Committee,2026-05-04,LCO,public act assigned,Public Act 26-8,,,SOURCE_0014,"Bill History row, 2026-05-04"
BILL_2026_HB5350_A025,BILL_2026_HB5350,HB5350,2026,General Law Committee,General Law Committee,2026-05-06,chamber or committee,transmittal,Transmitted by Secretary of the State to Governor,,,SOURCE_0014,"Bill History row, 2026-05-06"
BILL_2026_HB5350_A026,BILL_2026_HB5350,HB5350,2026,General Law Committee,General Law Committee,2026-05-06,chamber or committee,transmittal,Transmitted to the Secretary of State,,,SOURCE_0014,"Bill History row, 2026-05-06"
BILL_2026_HB5350_A027,BILL_2026_HB5350,HB5350,2026,General Law Committee,General Law Committee,2026-05-20,chamber or committee,signed,Signed by the Governor,,,SOURCE_0014,"Bill History row, 2026-05-20"
BILL_2026_HB5222_A001,BILL_2026_HB5222,HB5222,2026,General Law Committee,General Law Committee,2026-02-18,chamber or committee,committee referral,Referred to Joint Committee on General Law,,,SOURCE_0014,"Bill History row, 2026-02-18"
BILL_2026_HB5222_A002,BILL_2026_HB5222,HB5222,2026,General Law Committee,General Law Committee,2026-02-19,chamber or committee,public hearing,Public Hearing 02/23,,,SOURCE_0014,"Bill History row, 2026-02-19"
BILL_2026_HB5222_A003,BILL_2026_HB5222,HB5222,2026,General Law Committee,General Law Committee,2026-03-11,GL,committee report,Joint Favorable Substitute,,,SOURCE_0014,"Bill History row, 2026-03-11"
BILL_2026_HB5222_A004,BILL_2026_HB5222,HB5222,2026,General Law Committee,General Law Committee,2026-03-12,LCO,LCO drafting,Filed with Legislative Commissioners' Office,,,SOURCE_0014,"Bill History row, 2026-03-12"
BILL_2026_HB5222_A005,BILL_2026_HB5222,HB5222,2026,General Law Committee,General Law Committee,2026-03-20,LCO,other action,Referred to Office of Legislative Research and Office of Fiscal Analysis 03/25/26 5:00 PM,,,SOURCE_0014,"Bill History row, 2026-03-20"
BILL_2026_HB5222_A006,BILL_2026_HB5222,HB5222,2026,General Law Committee,General Law Committee,2026-03-26,LCO,calendared,File Number 183,,,SOURCE_0014,"Bill History row, 2026-03-26"
BILL_2026_HB5222_A007,BILL_2026_HB5222,HB5222,2026,General Law Committee,General Law Committee,2026-03-26,chamber or committee,calendared,House Calendar Number 149,,,SOURCE_0014,"Bill History row, 2026-03-26"
BILL_2026_HB5222_A008,BILL_2026_HB5222,HB5222,2026,General Law Committee,General Law Committee,2026-03-26,chamber or committee,committee report,"Favorable Report, Tabled for the Calendar, House",,,SOURCE_0014,"Bill History row, 2026-03-26"
BILL_2026_HB5222_A009,BILL_2026_HB5222,HB5222,2026,General Law Committee,General Law Committee,2026-03-26,LCO,LCO drafting,Reported Out of Legislative Commissioners' Office,,,SOURCE_0014,"Bill History row, 2026-03-26"
BILL_2026_HB5222_A010,BILL_2026_HB5222,HB5222,2026,General Law Committee,General Law Committee,2026-04-14,chamber or committee,other action,Referred by House to Committee on Judiciary,,,SOURCE_0014,"Bill History row, 2026-04-14"
BILL_2026_HB5222_A011,BILL_2026_HB5222,HB5222,2026,General Law Committee,General Law Committee,2026-04-17,LCO,LCO drafting,Filed with Legislative Commissioners' Office,,,SOURCE_0014,"Bill History row, 2026-04-17"
BILL_2026_HB5222_A012,BILL_2026_HB5222,HB5222,2026,General Law Committee,General Law Committee,2026-04-17,JUD,committee report,Joint Favorable,,,SOURCE_0014,"Bill History row, 2026-04-17"
BILL_2026_HB5222_A013,BILL_2026_HB5222,HB5222,2026,General Law Committee,General Law Committee,2026-04-20,chamber or committee,tabled,"Tabled for the Calendar, House",,,SOURCE_0014,"Bill History row, 2026-04-20"
BILL_2026_HB5222_A014,BILL_2026_HB5222,HB5222,2026,General Law Committee,General Law Committee,2026-04-20,chamber or committee,other action,No New File by Committee on Judiciary,,,SOURCE_0014,"Bill History row, 2026-04-20"
BILL_2026_HB5222_A015,BILL_2026_HB5222,HB5222,2026,General Law Committee,General Law Committee,2026-04-20,LCO,LCO drafting,Reported Out of Legislative Commissioners' Office,,,SOURCE_0014,"Bill History row, 2026-04-20"
BILL_2026_HB5222_A016,BILL_2026_HB5222,HB5222,2026,General Law Committee,General Law Committee,2026-05-05,chamber or committee,concurrence,In Concurrence,,,SOURCE_0014,"Bill History row, 2026-05-05"
BILL_2026_HB5222_A017,BILL_2026_HB5222,HB5222,2026,General Law Committee,General Law Committee,2026-05-05,chamber or committee,chamber passage,Senate Passed as Amended by House Amendment Schedule A,,,SOURCE_0014,"Bill History row, 2026-05-05"
BILL_2026_HB5222_A018,BILL_2026_HB5222,HB5222,2026,General Law Committee,General Law Committee,2026-05-05,chamber or committee,amendment vote,Senate Adopted House Amendment Schedule A,,,SOURCE_0014,"Bill History row, 2026-05-05"
BILL_2026_HB5222_A019,BILL_2026_HB5222,HB5222,2026,General Law Committee,General Law Committee,2026-05-05,chamber or committee,calendared,Senate Calendar Number 551,,,SOURCE_0014,"Bill History row, 2026-05-05"
BILL_2026_HB5222_A020,BILL_2026_HB5222,HB5222,2026,General Law Committee,General Law Committee,2026-05-05,chamber or committee,committee report,"Favorable Report, Tabled for the Calendar, Senate",,,SOURCE_0014,"Bill History row, 2026-05-05"
BILL_2026_HB5222_A021,BILL_2026_HB5222,HB5222,2026,General Law Committee,General Law Committee,2026-05-05,chamber or committee,transmittal,Transmitted Pursuant To Joint Rule 17,,,SOURCE_0014,"Bill History row, 2026-05-05"
BILL_2026_HB5222_A022,BILL_2026_HB5222,HB5222,2026,General Law Committee,General Law Committee,2026-05-05,chamber or committee,chamber passage,House Passed as Amended by House Amendment Schedule A,,,SOURCE_0014,"Bill History row, 2026-05-05"
BILL_2026_HB5222_A023,BILL_2026_HB5222,HB5222,2026,General Law Committee,General Law Committee,2026-05-05,chamber or committee,amendment vote,House Adopted House Amendment Schedule A 6124,6124,,SOURCE_0014,"Bill History row, 2026-05-05"
BILL_2026_HB5222_A024,BILL_2026_HB5222,HB5222,2026,General Law Committee,General Law Committee,2026-05-19,LCO,public act assigned,Public Act 26-100,,,SOURCE_0014,"Bill History row, 2026-05-19"
BILL_2026_HB5222_A025,BILL_2026_HB5222,HB5222,2026,General Law Committee,General Law Committee,2026-05-26,chamber or committee,transmittal,Transmitted by Secretary of the State to Governor,,,SOURCE_0014,"Bill History row, 2026-05-26"
BILL_2026_HB5222_A026,BILL_2026_HB5222,HB5222,2026,General Law Committee,General Law Committee,2026-05-26,chamber or committee,transmittal,Transmitted to the Secretary of State,,,SOURCE_0014,"Bill History row, 2026-05-26"
BILL_2026_HB5222_A027,BILL_2026_HB5222,HB5222,2026,General Law Committee,General Law Committee,2026-06-02,chamber or committee,signed,Signed by the Governor,,,SOURCE_0014,"Bill History row, 2026-06-02"
BILL_2012_HB5389_A001,BILL_2012_HB5389,HB5389,2012,Judiciary Committee,Judiciary Committee,2012-03-01,chamber or committee,committee referral,Referred to Joint Committee on Judiciary,,,SOURCE_0014,"Bill History row, 2012-03-01"
BILL_2012_HB5389_A002,BILL_2012_HB5389,HB5389,2012,Judiciary Committee,Judiciary Committee,2012-03-02,chamber or committee,public hearing,Public Hearing 03/07,,,SOURCE_0014,"Bill History row, 2012-03-02"
BILL_2012_HB5389_A003,BILL_2012_HB5389,HB5389,2012,Judiciary Committee,Judiciary Committee,2012-03-21,JUD,committee report,Joint Favorable,,,SOURCE_0014,"Bill History row, 2012-03-21"
BILL_2012_HB5389_A004,BILL_2012_HB5389,HB5389,2012,Judiciary Committee,Judiciary Committee,2012-03-22,LCO,LCO drafting,Filed with Legislative Commissioners' Office,,,SOURCE_0014,"Bill History row, 2012-03-22"
BILL_2012_HB5389_A005,BILL_2012_HB5389,HB5389,2012,Judiciary Committee,Judiciary Committee,2012-04-02,LCO,other action,Referred to Office of Legislative Research and Office of Fiscal Analysis 04/10/12 10:00 AM,,,SOURCE_0014,"Bill History row, 2012-04-02"
BILL_2012_HB5389_A006,BILL_2012_HB5389,HB5389,2012,Judiciary Committee,Judiciary Committee,2012-04-10,LCO,calendared,File Number 313,,,SOURCE_0014,"Bill History row, 2012-04-10"
BILL_2012_HB5389_A007,BILL_2012_HB5389,HB5389,2012,Judiciary Committee,Judiciary Committee,2012-04-10,chamber or committee,calendared,House Calendar Number 254,,,SOURCE_0014,"Bill History row, 2012-04-10"
BILL_2012_HB5389_A008,BILL_2012_HB5389,HB5389,2012,Judiciary Committee,Judiciary Committee,2012-04-10,chamber or committee,committee report,"Favorable Report, Tabled for the Calendar, House",,,SOURCE_0014,"Bill History row, 2012-04-10"
BILL_2012_HB5389_A009,BILL_2012_HB5389,HB5389,2012,Judiciary Committee,Judiciary Committee,2012-04-10,LCO,LCO drafting,Reported Out of Legislative Commissioners' Office,,,SOURCE_0014,"Bill History row, 2012-04-10"
BILL_2012_HB5389_A010,BILL_2012_HB5389,HB5389,2012,Judiciary Committee,Judiciary Committee,2012-04-17,chamber or committee,other action,"Referred by House to Committee on Finance, Revenue and Bonding",,,SOURCE_0014,"Bill History row, 2012-04-17"
BILL_2012_HB5389_A011,BILL_2012_HB5389,HB5389,2012,Judiciary Committee,Judiciary Committee,2012-04-20,chamber or committee,tabled,"Tabled for the Calendar, House +",,,SOURCE_0014,"Bill History row, 2012-04-20"
BILL_2012_HB5389_A012,BILL_2012_HB5389,HB5389,2012,Judiciary Committee,Judiciary Committee,2012-04-20,chamber or committee,other action,"No New File by Committee on Finance, Revenue and Bonding",,,SOURCE_0014,"Bill History row, 2012-04-20"
BILL_2012_HB5389_A013,BILL_2012_HB5389,HB5389,2012,Judiciary Committee,Judiciary Committee,2012-04-20,LCO,LCO drafting,Reported Out of Legislative Commissioners' Office,,,SOURCE_0014,"Bill History row, 2012-04-20"
BILL_2012_HB5389_A014,BILL_2012_HB5389,HB5389,2012,Judiciary Committee,Judiciary Committee,2012-04-20,LCO,LCO drafting,Filed with Legislative Commissioners' Office,,,SOURCE_0014,"Bill History row, 2012-04-20"
BILL_2012_HB5389_A015,BILL_2012_HB5389,HB5389,2012,Judiciary Committee,Judiciary Committee,2012-04-20,FIN,committee report,Joint Favorable,,,SOURCE_0014,"Bill History row, 2012-04-20"
BILL_2012_HB5389_A016,BILL_2012_HB5389,HB5389,2012,Judiciary Committee,Judiciary Committee,2012-04-23,chamber or committee,other action,Referred by House to Committee on Public Health,,,SOURCE_0014,"Bill History row, 2012-04-23"
BILL_2012_HB5389_A017,BILL_2012_HB5389,HB5389,2012,Judiciary Committee,Judiciary Committee,2012-04-24,chamber or committee,tabled,"Tabled for the Calendar, House",,,SOURCE_0014,"Bill History row, 2012-04-24"
BILL_2012_HB5389_A018,BILL_2012_HB5389,HB5389,2012,Judiciary Committee,Judiciary Committee,2012-04-24,chamber or committee,other action,No New File by Committee on Public Health,,,SOURCE_0014,"Bill History row, 2012-04-24"
BILL_2012_HB5389_A019,BILL_2012_HB5389,HB5389,2012,Judiciary Committee,Judiciary Committee,2012-04-24,LCO,LCO drafting,Reported Out of Legislative Commissioners' Office,,,SOURCE_0014,"Bill History row, 2012-04-24"
BILL_2012_HB5389_A020,BILL_2012_HB5389,HB5389,2012,Judiciary Committee,Judiciary Committee,2012-04-24,LCO,LCO drafting,Filed with Legislative Commissioners' Office,,,SOURCE_0014,"Bill History row, 2012-04-24"
BILL_2012_HB5389_A021,BILL_2012_HB5389,HB5389,2012,Judiciary Committee,Judiciary Committee,2012-04-24,PH,committee report,Joint Favorable,,,SOURCE_0014,"Bill History row, 2012-04-24"
BILL_2012_HB5389_A022,BILL_2012_HB5389,HB5389,2012,Judiciary Committee,Judiciary Committee,2012-04-25,chamber or committee,chamber passage,House Passed as Amended by House Amendment Schedule A,,,SOURCE_0014,"Bill History row, 2012-04-25"
BILL_2012_HB5389_A023,BILL_2012_HB5389,HB5389,2012,Judiciary Committee,Judiciary Committee,2012-04-25,chamber or committee,amendment vote,House Rejected House Amendment Schedule C 3972,3972,,SOURCE_0014,"Bill History row, 2012-04-25"
BILL_2012_HB5389_A024,BILL_2012_HB5389,HB5389,2012,Judiciary Committee,Judiciary Committee,2012-04-25,chamber or committee,amendment vote,House Rejected House Amendment Schedule B 3426,3426,,SOURCE_0014,"Bill History row, 2012-04-25"
BILL_2012_HB5389_A025,BILL_2012_HB5389,HB5389,2012,Judiciary Committee,Judiciary Committee,2012-04-25,chamber or committee,amendment vote,House Adopted House Amendment Schedule A 3891,3891,,SOURCE_0014,"Bill History row, 2012-04-25"
BILL_2012_HB5389_A026,BILL_2012_HB5389,HB5389,2012,Judiciary Committee,Judiciary Committee,2012-04-27,LCO,calendared,File Number 597,,,SOURCE_0014,"Bill History row, 2012-04-27"
BILL_2012_HB5389_A027,BILL_2012_HB5389,HB5389,2012,Judiciary Committee,Judiciary Committee,2012-04-27,chamber or committee,calendared,Senate Calendar Number 430,,,SOURCE_0014,"Bill History row, 2012-04-27"
BILL_2012_HB5389_A028,BILL_2012_HB5389,HB5389,2012,Judiciary Committee,Judiciary Committee,2012-04-27,chamber or committee,committee report,"Favorable Report, Tabled for the Calendar, Senate",,,SOURCE_0014,"Bill History row, 2012-04-27"
BILL_2012_HB5389_A029,BILL_2012_HB5389,HB5389,2012,Judiciary Committee,Judiciary Committee,2012-05-04,chamber or committee,concurrence,In Concurrence,,,SOURCE_0014,"Bill History row, 2012-05-04"
BILL_2012_HB5389_A030,BILL_2012_HB5389,HB5389,2012,Judiciary Committee,Judiciary Committee,2012-05-04,chamber or committee,chamber passage,Senate Passed as Amended by House Amendment Schedule A,,,SOURCE_0014,"Bill History row, 2012-05-04"
BILL_2012_HB5389_A031,BILL_2012_HB5389,HB5389,2012,Judiciary Committee,Judiciary Committee,2012-05-04,chamber or committee,amendment vote,Senate Rejected Senate Amendment Schedule G 5048,5048,,SOURCE_0014,"Bill History row, 2012-05-04"
BILL_2012_HB5389_A032,BILL_2012_HB5389,HB5389,2012,Judiciary Committee,Judiciary Committee,2012-05-04,chamber or committee,amendment vote,Senate Rejected Senate Amendment Schedule F 4815,4815,,SOURCE_0014,"Bill History row, 2012-05-04"
BILL_2012_HB5389_A033,BILL_2012_HB5389,HB5389,2012,Judiciary Committee,Judiciary Committee,2012-05-04,chamber or committee,amendment vote,Senate Rejected Senate Amendment Schedule E 4750,4750,,SOURCE_0014,"Bill History row, 2012-05-04"
BILL_2012_HB5389_A034,BILL_2012_HB5389,HB5389,2012,Judiciary Committee,Judiciary Committee,2012-05-04,chamber or committee,amendment vote,Senate Rejected Senate Amendment Schedule D 4523,4523,,SOURCE_0014,"Bill History row, 2012-05-04"
BILL_2012_HB5389_A035,BILL_2012_HB5389,HB5389,2012,Judiciary Committee,Judiciary Committee,2012-05-04,chamber or committee,amendment vote,Senate Rejected Senate Amendment Schedule C 4182,4182,,SOURCE_0014,"Bill History row, 2012-05-04"
BILL_2012_HB5389_A036,BILL_2012_HB5389,HB5389,2012,Judiciary Committee,Judiciary Committee,2012-05-04,chamber or committee,amendment vote,Senate Rejected Senate Amendment Schedule B 4184,4184,,SOURCE_0014,"Bill History row, 2012-05-04"
BILL_2012_HB5389_A037,BILL_2012_HB5389,HB5389,2012,Judiciary Committee,Judiciary Committee,2012-05-04,chamber or committee,amendment vote,Senate Rejected Senate Amendment Schedule A 4520,4520,,SOURCE_0014,"Bill History row, 2012-05-04"
BILL_2012_HB5389_A038,BILL_2012_HB5389,HB5389,2012,Judiciary Committee,Judiciary Committee,2012-05-04,chamber or committee,amendment vote,Senate Adopted House Amendment Schedule A,,,SOURCE_0014,"Bill History row, 2012-05-04"
BILL_2012_HB5389_A039,BILL_2012_HB5389,HB5389,2012,Judiciary Committee,Judiciary Committee,2012-05-11,LCO,public act assigned,Public Act 12-55,,,SOURCE_0014,"Bill History row, 2012-05-11"
BILL_2012_HB5389_A040,BILL_2012_HB5389,HB5389,2012,Judiciary Committee,Judiciary Committee,2012-05-18,chamber or committee,transmittal,Transmitted to the Secretary of State,,,SOURCE_0014,"Bill History row, 2012-05-18"
BILL_2012_HB5389_A041,BILL_2012_HB5389,HB5389,2012,Judiciary Committee,Judiciary Committee,2012-05-31,chamber or committee,signed,Signed by the Governor,,,SOURCE_0014,"Bill History row, 2012-05-31"
BILL_2016_HB5450_A001,BILL_2016_HB5450,HB5450,2016,Public Health Committee,Public Health Committee,2016-02-25,chamber or committee,committee referral,Referred to Joint Committee on Public Health,,,SOURCE_0014,"Bill History row, 2016-02-25"
BILL_2016_HB5450_A002,BILL_2016_HB5450,HB5450,2016,Public Health Committee,Public Health Committee,2016-02-26,chamber or committee,public hearing,Public Hearing 03/02,,,SOURCE_0014,"Bill History row, 2016-02-26"
BILL_2016_HB5450_A003,BILL_2016_HB5450,HB5450,2016,Public Health Committee,Public Health Committee,2016-03-21,PH,committee report,Joint Favorable Substitute,,,SOURCE_0014,"Bill History row, 2016-03-21"
BILL_2016_HB5450_A004,BILL_2016_HB5450,HB5450,2016,Public Health Committee,Public Health Committee,2016-03-22,LCO,LCO drafting,Filed with Legislative Commissioners' Office,,,SOURCE_0014,"Bill History row, 2016-03-22"
BILL_2016_HB5450_A005,BILL_2016_HB5450,HB5450,2016,Public Health Committee,Public Health Committee,2016-03-31,LCO,other action,Referred to Office of Legislative Research and Office of Fiscal Analysis 04/05/16 5:00 PM,,,SOURCE_0014,"Bill History row, 2016-03-31"
BILL_2016_HB5450_A006,BILL_2016_HB5450,HB5450,2016,Public Health Committee,Public Health Committee,2016-04-06,LCO,calendared,File Number 486,,,SOURCE_0014,"Bill History row, 2016-04-06"
BILL_2016_HB5450_A007,BILL_2016_HB5450,HB5450,2016,Public Health Committee,Public Health Committee,2016-04-06,chamber or committee,calendared,House Calendar Number 307,,,SOURCE_0014,"Bill History row, 2016-04-06"
BILL_2016_HB5450_A008,BILL_2016_HB5450,HB5450,2016,Public Health Committee,Public Health Committee,2016-04-06,chamber or committee,committee report,"Favorable Report, Tabled for the Calendar, House",,,SOURCE_0014,"Bill History row, 2016-04-06"
BILL_2016_HB5450_A009,BILL_2016_HB5450,HB5450,2016,Public Health Committee,Public Health Committee,2016-04-06,LCO,LCO drafting,Reported Out of Legislative Commissioners' Office,,,SOURCE_0014,"Bill History row, 2016-04-06"
BILL_2016_HB5450_A010,BILL_2016_HB5450,HB5450,2016,Public Health Committee,Public Health Committee,2016-04-12,chamber or committee,other action,Referred by House to Committee on General Law,,,SOURCE_0014,"Bill History row, 2016-04-12"
BILL_2016_HB5450_A011,BILL_2016_HB5450,HB5450,2016,Public Health Committee,Public Health Committee,2016-04-15,GL,committee report,Joint Favorable,,,SOURCE_0014,"Bill History row, 2016-04-15"
BILL_2016_HB5450_A012,BILL_2016_HB5450,HB5450,2016,Public Health Committee,Public Health Committee,2016-04-19,chamber or committee,tabled,"Tabled for the Calendar, House",,,SOURCE_0014,"Bill History row, 2016-04-19"
BILL_2016_HB5450_A013,BILL_2016_HB5450,HB5450,2016,Public Health Committee,Public Health Committee,2016-04-19,chamber or committee,other action,No New File by Committee on General Law,,,SOURCE_0014,"Bill History row, 2016-04-19"
BILL_2016_HB5450_A014,BILL_2016_HB5450,HB5450,2016,Public Health Committee,Public Health Committee,2016-04-19,LCO,LCO drafting,Reported Out of Legislative Commissioners' Office,,,SOURCE_0014,"Bill History row, 2016-04-19"
BILL_2016_HB5450_A015,BILL_2016_HB5450,HB5450,2016,Public Health Committee,Public Health Committee,2016-04-19,LCO,LCO drafting,Filed with Legislative Commissioners' Office,,,SOURCE_0014,"Bill History row, 2016-04-19"
BILL_2016_HB5450_A016,BILL_2016_HB5450,HB5450,2016,Public Health Committee,Public Health Committee,2016-04-20,chamber or committee,transmittal,"Rules Suspended, Transmitted to the Senate",,,SOURCE_0014,"Bill History row, 2016-04-20"
BILL_2016_HB5450_A017,BILL_2016_HB5450,HB5450,2016,Public Health Committee,Public Health Committee,2016-04-20,chamber or committee,chamber passage,House Passed as Amended by House Amendment Schedule A,,,SOURCE_0014,"Bill History row, 2016-04-20"
BILL_2016_HB5450_A018,BILL_2016_HB5450,HB5450,2016,Public Health Committee,Public Health Committee,2016-04-20,chamber or committee,other action,"Amendment Withdrawn, House Amendment Schedule C 4348",4348,,SOURCE_0014,"Bill History row, 2016-04-20"
BILL_2016_HB5450_A019,BILL_2016_HB5450,HB5450,2016,Public Health Committee,Public Health Committee,2016-04-20,chamber or committee,other action,"Amendment Withdrawn, House Amendment Schedule B 4425",4425,,SOURCE_0014,"Bill History row, 2016-04-20"
BILL_2016_HB5450_A020,BILL_2016_HB5450,HB5450,2016,Public Health Committee,Public Health Committee,2016-04-20,chamber or committee,amendment vote,House Adopted House Amendment Schedule A 4338,4338,,SOURCE_0014,"Bill History row, 2016-04-20"
BILL_2016_HB5450_A021,BILL_2016_HB5450,HB5450,2016,Public Health Committee,Public Health Committee,2016-04-21,LCO,calendared,File Number 700,,,SOURCE_0014,"Bill History row, 2016-04-21"
BILL_2016_HB5450_A022,BILL_2016_HB5450,HB5450,2016,Public Health Committee,Public Health Committee,2016-04-21,chamber or committee,calendared,Senate Calendar Number 447,,,SOURCE_0014,"Bill History row, 2016-04-21"
BILL_2016_HB5450_A023,BILL_2016_HB5450,HB5450,2016,Public Health Committee,Public Health Committee,2016-04-21,chamber or committee,committee report,"Favorable Report, Tabled for the Calendar, Senate",,,SOURCE_0014,"Bill History row, 2016-04-21"
BILL_2016_HB5450_A024,BILL_2016_HB5450,HB5450,2016,Public Health Committee,Public Health Committee,2016-04-29,chamber or committee,concurrence,In Concurrence,,,SOURCE_0014,"Bill History row, 2016-04-29"
BILL_2016_HB5450_A025,BILL_2016_HB5450,HB5450,2016,Public Health Committee,Public Health Committee,2016-04-29,chamber or committee,chamber passage,Senate Passed as Amended by House Amendment Schedule A,,,SOURCE_0014,"Bill History row, 2016-04-29"
BILL_2016_HB5450_A026,BILL_2016_HB5450,HB5450,2016,Public Health Committee,Public Health Committee,2016-04-29,chamber or committee,amendment vote,Senate Rejected Senate Amendment Schedule I 5463,5463,,SOURCE_0014,"Bill History row, 2016-04-29"
BILL_2016_HB5450_A027,BILL_2016_HB5450,HB5450,2016,Public Health Committee,Public Health Committee,2016-04-29,chamber or committee,amendment vote,Senate Rejected Senate Amendment Schedule H 5551,5551,,SOURCE_0014,"Bill History row, 2016-04-29"
BILL_2016_HB5450_A028,BILL_2016_HB5450,HB5450,2016,Public Health Committee,Public Health Committee,2016-04-29,chamber or committee,amendment vote,Senate Rejected Senate Amendment Schedule G 5480,5480,,SOURCE_0014,"Bill History row, 2016-04-29"
BILL_2016_HB5450_A029,BILL_2016_HB5450,HB5450,2016,Public Health Committee,Public Health Committee,2016-04-29,chamber or committee,amendment vote,Senate Rejected Senate Amendment Schedule F 5486,5486,,SOURCE_0014,"Bill History row, 2016-04-29"
BILL_2016_HB5450_A030,BILL_2016_HB5450,HB5450,2016,Public Health Committee,Public Health Committee,2016-04-29,chamber or committee,amendment vote,Senate Rejected Senate Amendment Schedule E 5498,5498,,SOURCE_0014,"Bill History row, 2016-04-29"
BILL_2016_HB5450_A031,BILL_2016_HB5450,HB5450,2016,Public Health Committee,Public Health Committee,2016-04-29,chamber or committee,amendment vote,Senate Rejected Senate Amendment Schedule D 5497,5497,,SOURCE_0014,"Bill History row, 2016-04-29"
BILL_2016_HB5450_A032,BILL_2016_HB5450,HB5450,2016,Public Health Committee,Public Health Committee,2016-04-29,chamber or committee,amendment vote,Senate Rejected Senate Amendment Schedule C 5544,5544,,SOURCE_0014,"Bill History row, 2016-04-29"
BILL_2016_HB5450_A033,BILL_2016_HB5450,HB5450,2016,Public Health Committee,Public Health Committee,2016-04-29,chamber or committee,amendment vote,Senate Rejected Senate Amendment Schedule B 5500,5500,,SOURCE_0014,"Bill History row, 2016-04-29"
BILL_2016_HB5450_A034,BILL_2016_HB5450,HB5450,2016,Public Health Committee,Public Health Committee,2016-04-29,chamber or committee,amendment vote,Senate Rejected Senate Amendment Schedule A 5448,5448,,SOURCE_0014,"Bill History row, 2016-04-29"
BILL_2016_HB5450_A035,BILL_2016_HB5450,HB5450,2016,Public Health Committee,Public Health Committee,2016-04-29,chamber or committee,amendment vote,Senate Adopted House Amendment Schedule A,,,SOURCE_0014,"Bill History row, 2016-04-29"
BILL_2016_HB5450_A036,BILL_2016_HB5450,HB5450,2016,Public Health Committee,Public Health Committee,2016-05-04,LCO,public act assigned,Public Act 16-23,,,SOURCE_0014,"Bill History row, 2016-05-04"
BILL_2016_HB5450_A037,BILL_2016_HB5450,HB5450,2016,Public Health Committee,Public Health Committee,2016-05-09,chamber or committee,transmittal,Transmitted by Secretary of the State to Governor,,,SOURCE_0014,"Bill History row, 2016-05-09"
BILL_2016_HB5450_A038,BILL_2016_HB5450,HB5450,2016,Public Health Committee,Public Health Committee,2016-05-09,chamber or committee,transmittal,Transmitted to the Secretary of State,,,SOURCE_0014,"Bill History row, 2016-05-09"
BILL_2016_HB5450_A039,BILL_2016_HB5450,HB5450,2016,Public Health Committee,Public Health Committee,2016-05-17,chamber or committee,signed,Signed by the Governor,,,SOURCE_0014,"Bill History row, 2016-05-17"
BILL_2021_HB6377_A001,BILL_2021_HB6377,HB6377,2021,Labor and Public Employees Committee,Labor and Public Employees Committee,2021-02-03,chamber or committee,committee referral,Referred to Joint Committee on Labor and Public Employees,,,SOURCE_0014,"Bill History row, 2021-02-03"
BILL_2021_HB6377_A002,BILL_2021_HB6377,HB6377,2021,Labor and Public Employees Committee,Labor and Public Employees Committee,2021-02-04,chamber or committee,public hearing,Public Hearing 02/09,,,SOURCE_0014,"Bill History row, 2021-02-04"
BILL_2021_HB6377_A003,BILL_2021_HB6377,HB6377,2021,Labor and Public Employees Committee,Labor and Public Employees Committee,2021-03-25,LAB,committee report,Joint Favorable Substitute,,,SOURCE_0014,"Bill History row, 2021-03-25"
BILL_2021_HB6377_A004,BILL_2021_HB6377,HB6377,2021,Labor and Public Employees Committee,Labor and Public Employees Committee,2021-03-29,LCO,LCO drafting,Filed with Legislative Commissioners' Office,,,SOURCE_0014,"Bill History row, 2021-03-29"
BILL_2021_HB6377_A005,BILL_2021_HB6377,HB6377,2021,Labor and Public Employees Committee,Labor and Public Employees Committee,2021-04-09,LCO,other action,Referred to Office of Legislative Research and Office of Fiscal Analysis 04/14/21 5:00 PM,,,SOURCE_0014,"Bill History row, 2021-04-09"
BILL_2021_HB6377_A006,BILL_2021_HB6377,HB6377,2021,Labor and Public Employees Committee,Labor and Public Employees Committee,2021-04-15,LCO,calendared,File Number 462,,,SOURCE_0014,"Bill History row, 2021-04-15"
BILL_2021_HB6377_A007,BILL_2021_HB6377,HB6377,2021,Labor and Public Employees Committee,Labor and Public Employees Committee,2021-04-15,chamber or committee,calendared,House Calendar Number 338,,,SOURCE_0014,"Bill History row, 2021-04-15"
BILL_2021_HB6377_A008,BILL_2021_HB6377,HB6377,2021,Labor and Public Employees Committee,Labor and Public Employees Committee,2021-04-15,chamber or committee,committee report,"Favorable Report, Tabled for the Calendar, House",,,SOURCE_0014,"Bill History row, 2021-04-15"
BILL_2021_HB6377_A009,BILL_2021_HB6377,HB6377,2021,Labor and Public Employees Committee,Labor and Public Employees Committee,2021-04-15,LCO,LCO drafting,Reported Out of Legislative Commissioners' Office,,,SOURCE_0014,"Bill History row, 2021-04-15"
BILL_2021_HB6377_A010,BILL_2021_HB6377,HB6377,2021,Labor and Public Employees Committee,Labor and Public Employees Committee,2021-05-11,chamber or committee,other action,Referred by House to Committee on Judiciary,,,SOURCE_0014,"Bill History row, 2021-05-11"
BILL_2021_HB6377_A011,BILL_2021_HB6377,HB6377,2021,Labor and Public Employees Committee,Labor and Public Employees Committee,2021-05-17,chamber or committee,other action,Referred by House to Committee on General Law,,,SOURCE_0014,"Bill History row, 2021-05-17"
BILL_2021_HB6377_A012,BILL_2021_HB6377,HB6377,2021,Labor and Public Employees Committee,Labor and Public Employees Committee,2021-05-17,chamber or committee,other action,Rules Suspended,,,SOURCE_0014,"Bill History row, 2021-05-17"
BILL_2021_HB6377_A013,BILL_2021_HB6377,HB6377,2021,Labor and Public Employees Committee,Labor and Public Employees Committee,2021-05-17,chamber or committee,other action,House Reconsidered and Retained,,,SOURCE_0014,"Bill History row, 2021-05-17"
BILL_2021_HB6377_A014,BILL_2021_HB6377,HB6377,2021,Labor and Public Employees Committee,Labor and Public Employees Committee,2021-05-17,chamber or committee,other action,Rules Suspended,,,SOURCE_0014,"Bill History row, 2021-05-17"
BILL_2026_HB5242_A001,BILL_2026_HB5242,HB5242,2026,Public Health Committee,Public Health Committee,2026-02-18,chamber or committee,committee referral,Referred to Joint Committee on Public Health,,,SOURCE_0014,"Bill History row, 2026-02-18"
BILL_2026_HB5242_A002,BILL_2026_HB5242,HB5242,2026,Public Health Committee,Public Health Committee,2026-02-19,chamber or committee,public hearing,Public Hearing 02/23,,,SOURCE_0014,"Bill History row, 2026-02-19"
BILL_2023_HB6698_A001,BILL_2023_HB6698,HB6698,2023,General Law Committee,General Law Committee,2023-02-16,chamber or committee,committee referral,Referred to Joint Committee on General Law,,,SOURCE_0014,"Bill History row, 2023-02-16"
BILL_2023_HB6698_A002,BILL_2023_HB6698,HB6698,2023,General Law Committee,General Law Committee,2023-02-17,chamber or committee,public hearing,Public Hearing 02/21,,,SOURCE_0014,"Bill History row, 2023-02-17"
BILL_2023_HB6698_A003,BILL_2023_HB6698,HB6698,2023,General Law Committee,General Law Committee,2023-03-07,GL,committee report,Joint Favorable Substitute,,,SOURCE_0014,"Bill History row, 2023-03-07"
BILL_2023_HB6698_A004,BILL_2023_HB6698,HB6698,2023,General Law Committee,General Law Committee,2023-03-08,LCO,LCO drafting,Filed with Legislative Commissioners' Office,,,SOURCE_0014,"Bill History row, 2023-03-08"
BILL_2023_HB6698_A005,BILL_2023_HB6698,HB6698,2023,General Law Committee,General Law Committee,2023-03-17,LCO,other action,Referred to Office of Legislative Research and Office of Fiscal Analysis 03/22/23 5:00 PM,,,SOURCE_0014,"Bill History row, 2023-03-17"
BILL_2023_HB6698_A006,BILL_2023_HB6698,HB6698,2023,General Law Committee,General Law Committee,2023-03-23,LCO,calendared,File Number 187,,,SOURCE_0014,"Bill History row, 2023-03-23"
BILL_2023_HB6698_A007,BILL_2023_HB6698,HB6698,2023,General Law Committee,General Law Committee,2023-03-23,chamber or committee,calendared,House Calendar Number 149,,,SOURCE_0014,"Bill History row, 2023-03-23"
BILL_2023_HB6698_A008,BILL_2023_HB6698,HB6698,2023,General Law Committee,General Law Committee,2023-03-23,chamber or committee,committee report,"Favorable Report, Tabled for the Calendar, House",,,SOURCE_0014,"Bill History row, 2023-03-23"
BILL_2023_HB6698_A009,BILL_2023_HB6698,HB6698,2023,General Law Committee,General Law Committee,2023-03-23,LCO,LCO drafting,Reported Out of Legislative Commissioners' Office,,,SOURCE_0014,"Bill History row, 2023-03-23"
BILL_2023_HB6698_A010,BILL_2023_HB6698,HB6698,2023,General Law Committee,General Law Committee,2023-04-25,chamber or committee,other action,Referred by House to Committee on Appropriations,,,SOURCE_0014,"Bill History row, 2023-04-25"
BILL_2023_HB6698_A011,BILL_2023_HB6698,HB6698,2023,General Law Committee,General Law Committee,2023-05-01,APP,committee report,Joint Favorable,,,SOURCE_0014,"Bill History row, 2023-05-01"
BILL_2023_HB6698_A012,BILL_2023_HB6698,HB6698,2023,General Law Committee,General Law Committee,2023-05-02,chamber or committee,tabled,"Tabled for the Calendar, House",,,SOURCE_0014,"Bill History row, 2023-05-02"
BILL_2023_HB6698_A013,BILL_2023_HB6698,HB6698,2023,General Law Committee,General Law Committee,2023-05-02,chamber or committee,other action,No New File by Committee on Appropriations,,,SOURCE_0014,"Bill History row, 2023-05-02"
BILL_2023_HB6698_A014,BILL_2023_HB6698,HB6698,2023,General Law Committee,General Law Committee,2023-05-02,LCO,LCO drafting,Reported Out of Legislative Commissioners' Office,,,SOURCE_0014,"Bill History row, 2023-05-02"
BILL_2023_HB6698_A015,BILL_2023_HB6698,HB6698,2023,General Law Committee,General Law Committee,2023-05-02,LCO,LCO drafting,Filed with Legislative Commissioners' Office,,,SOURCE_0014,"Bill History row, 2023-05-02"
BILL_2023_SB0009_A001,BILL_2023_SB0009,SB0009,2023,Public Health Committee,Public Health Committee,2023-01-04,chamber or committee,committee referral,Referred to Joint Committee on Public Health,,,SOURCE_0014,"Bill History row, 2023-01-04"
BILL_2023_SB0009_A002,BILL_2023_SB0009,SB0009,2023,Public Health Committee,Public Health Committee,2023-01-13,PH,other action,Vote to Draft,,,SOURCE_0014,"Bill History row, 2023-01-13"
BILL_2023_SB0009_A003,BILL_2023_SB0009,SB0009,2023,Public Health Committee,Public Health Committee,2023-03-14,chamber or committee,other action,Drafted by Committee,,,SOURCE_0014,"Bill History row, 2023-03-14"
BILL_2023_SB0009_A004,BILL_2023_SB0009,SB0009,2023,Public Health Committee,Public Health Committee,2023-03-15,chamber or committee,committee referral,Referred to Joint Committee on Public Health,,,SOURCE_0014,"Bill History row, 2023-03-15"
BILL_2023_SB0009_A005,BILL_2023_SB0009,SB0009,2023,Public Health Committee,Public Health Committee,2023-03-17,chamber or committee,public hearing,Public Hearing 03/22,,,SOURCE_0014,"Bill History row, 2023-03-17"
BILL_2023_SB0009_A006,BILL_2023_SB0009,SB0009,2023,Public Health Committee,Public Health Committee,2023-03-27,PH,committee report,Joint Favorable Substitute,,,SOURCE_0014,"Bill History row, 2023-03-27"
BILL_2023_SB0009_A007,BILL_2023_SB0009,SB0009,2023,Public Health Committee,Public Health Committee,2023-03-28,LCO,LCO drafting,Filed with Legislative Commissioners' Office,,,SOURCE_0014,"Bill History row, 2023-03-28"
BILL_2023_SB0009_A008,BILL_2023_SB0009,SB0009,2023,Public Health Committee,Public Health Committee,2023-04-04,LCO,other action,Referred to Office of Legislative Research and Office of Fiscal Analysis 04/11/23 5:00 PM,,,SOURCE_0014,"Bill History row, 2023-04-04"
BILL_2023_SB0009_A009,BILL_2023_SB0009,SB0009,2023,Public Health Committee,Public Health Committee,2023-04-12,LCO,calendared,File Number 507,,,SOURCE_0014,"Bill History row, 2023-04-12"
BILL_2023_SB0009_A010,BILL_2023_SB0009,SB0009,2023,Public Health Committee,Public Health Committee,2023-04-12,chamber or committee,calendared,Senate Calendar Number 303,,,SOURCE_0014,"Bill History row, 2023-04-12"
BILL_2023_SB0009_A011,BILL_2023_SB0009,SB0009,2023,Public Health Committee,Public Health Committee,2023-04-12,chamber or committee,committee report,"Favorable Report, Tabled for the Calendar, Senate",,,SOURCE_0014,"Bill History row, 2023-04-12"
BILL_2023_SB0009_A012,BILL_2023_SB0009,SB0009,2023,Public Health Committee,Public Health Committee,2023-04-12,LCO,LCO drafting,Reported Out of Legislative Commissioners' Office,,,SOURCE_0014,"Bill History row, 2023-04-12"
BILL_2023_SB0009_A013,BILL_2023_SB0009,SB0009,2023,Public Health Committee,Public Health Committee,2023-05-03,chamber or committee,other action,Referred by Senate to Committee on Appropriations,,,SOURCE_0014,"Bill History row, 2023-05-03"
BILL_2023_SB0009_A014,BILL_2023_SB0009,SB0009,2023,Public Health Committee,Public Health Committee,2023-05-08,LCO,LCO drafting,Filed with Legislative Commissioners' Office,,,SOURCE_0014,"Bill History row, 2023-05-08"
BILL_2023_SB0009_A015,BILL_2023_SB0009,SB0009,2023,Public Health Committee,Public Health Committee,2023-05-08,APP,committee report,Joint Favorable,,,SOURCE_0014,"Bill History row, 2023-05-08"
BILL_2023_SB0009_A016,BILL_2023_SB0009,SB0009,2023,Public Health Committee,Public Health Committee,2023-05-09,chamber or committee,committee report,"Favorable Report, Tabled for the Calendar, Senate",,,SOURCE_0014,"Bill History row, 2023-05-09"
BILL_2023_SB0009_A017,BILL_2023_SB0009,SB0009,2023,Public Health Committee,Public Health Committee,2023-05-09,chamber or committee,other action,No New File by Committee on Appropriations,,,SOURCE_0014,"Bill History row, 2023-05-09"
BILL_2023_SB0009_A018,BILL_2023_SB0009,SB0009,2023,Public Health Committee,Public Health Committee,2023-05-09,LCO,LCO drafting,Reported Out of Legislative Commissioners' Office,,,SOURCE_0014,"Bill History row, 2023-05-09"
BILL_2023_SB0009_A019,BILL_2023_SB0009,SB0009,2023,Public Health Committee,Public Health Committee,2023-05-25,chamber or committee,transmittal,"Rules Suspended, Transmitted to the House",,,SOURCE_0014,"Bill History row, 2023-05-25"
BILL_2023_SB0009_A020,BILL_2023_SB0009,SB0009,2023,Public Health Committee,Public Health Committee,2023-05-25,chamber or committee,chamber passage,"Senate Passed as Amended by Senate Amendment Schedule A,C",,,SOURCE_0014,"Bill History row, 2023-05-25"
BILL_2023_SB0009_A021,BILL_2023_SB0009,SB0009,2023,Public Health Committee,Public Health Committee,2023-05-25,chamber or committee,amendment vote,Senate Adopted Senate Amendment Schedule C 8777,8777,,SOURCE_0014,"Bill History row, 2023-05-25"
BILL_2023_SB0009_A022,BILL_2023_SB0009,SB0009,2023,Public Health Committee,Public Health Committee,2023-05-25,chamber or committee,other action,"Amendment Withdrawn, Senate Amendment Schedule B 8759",8759,,SOURCE_0014,"Bill History row, 2023-05-25"
BILL_2023_SB0009_A023,BILL_2023_SB0009,SB0009,2023,Public Health Committee,Public Health Committee,2023-05-25,chamber or committee,amendment vote,Senate Adopted Senate Amendment Schedule A 8735,8735,,SOURCE_0014,"Bill History row, 2023-05-25"
BILL_2023_SB0009_A024,BILL_2023_SB0009,SB0009,2023,Public Health Committee,Public Health Committee,2023-05-26,chamber or committee,calendared,House Calendar Number 598,,,SOURCE_0014,"Bill History row, 2023-05-26"
BILL_2023_SB0009_A025,BILL_2023_SB0009,SB0009,2023,Public Health Committee,Public Health Committee,2023-05-26,chamber or committee,committee report,"Favorable Report, Tabled for the Calendar, House",,,SOURCE_0014,"Bill History row, 2023-05-26"
BILL_2023_SB0009_A026,BILL_2023_SB0009,SB0009,2023,Public Health Committee,Public Health Committee,2023-06-02,chamber or committee,tabled,"Disagreeing Action, Tabled for Calendar, Senate",,,SOURCE_0014,"Bill History row, 2023-06-02"
BILL_2023_SB0009_A027,BILL_2023_SB0009,SB0009,2023,Public Health Committee,Public Health Committee,2023-06-02,chamber or committee,other action,Immediate Transmittal to the Senate,,,SOURCE_0014,"Bill History row, 2023-06-02"
BILL_2023_SB0009_A028,BILL_2023_SB0009,SB0009,2023,Public Health Committee,Public Health Committee,2023-06-02,chamber or committee,chamber passage,House Passed as Amended by House Amendment Schedule A,,,SOURCE_0014,"Bill History row, 2023-06-02"
BILL_2023_SB0009_A029,BILL_2023_SB0009,SB0009,2023,Public Health Committee,Public Health Committee,2023-06-02,chamber or committee,chamber passage,"House Passed as Amended by Senate Amendment Schedule A,C",,,SOURCE_0014,"Bill History row, 2023-06-02"
BILL_2023_SB0009_A030,BILL_2023_SB0009,SB0009,2023,Public Health Committee,Public Health Committee,2023-06-02,chamber or committee,amendment vote,House Adopted House Amendment Schedule A 9444,9444,,SOURCE_0014,"Bill History row, 2023-06-02"
BILL_2023_SB0009_A031,BILL_2023_SB0009,SB0009,2023,Public Health Committee,Public Health Committee,2023-06-02,chamber or committee,amendment vote,House Adopted Senate Amendment Schedule C,,,SOURCE_0014,"Bill History row, 2023-06-02"
BILL_2023_SB0009_A032,BILL_2023_SB0009,SB0009,2023,Public Health Committee,Public Health Committee,2023-06-02,chamber or committee,amendment vote,House Adopted Senate Amendment Schedule A,,,SOURCE_0014,"Bill History row, 2023-06-02"
BILL_2023_SB0009_A033,BILL_2023_SB0009,SB0009,2023,Public Health Committee,Public Health Committee,2023-06-05,chamber or committee,concurrence,In Concurrence,,,SOURCE_0014,"Bill History row, 2023-06-05"
BILL_2023_SB0009_A034,BILL_2023_SB0009,SB0009,2023,Public Health Committee,Public Health Committee,2023-06-05,chamber or committee,chamber passage,Senate Passed as Amended by House Amendment Schedule A,,,SOURCE_0014,"Bill History row, 2023-06-05"
BILL_2023_SB0009_A035,BILL_2023_SB0009,SB0009,2023,Public Health Committee,Public Health Committee,2023-06-05,chamber or committee,chamber passage,"Senate Passed as Amended by Senate Amendment Schedule A,C",,,SOURCE_0014,"Bill History row, 2023-06-05"
BILL_2023_SB0009_A036,BILL_2023_SB0009,SB0009,2023,Public Health Committee,Public Health Committee,2023-06-05,chamber or committee,amendment vote,Senate Adopted House Amendment Schedule A,,,SOURCE_0014,"Bill History row, 2023-06-05"
BILL_2023_SB0009_A037,BILL_2023_SB0009,SB0009,2023,Public Health Committee,Public Health Committee,2023-06-12,LCO,public act assigned,Public Act 23-97,,,SOURCE_0014,"Bill History row, 2023-06-12"
BILL_2023_SB0009_A038,BILL_2023_SB0009,SB0009,2023,Public Health Committee,Public Health Committee,2023-06-15,chamber or committee,transmittal,Transmitted by Secretary of the State to Governor,,,SOURCE_0014,"Bill History row, 2023-06-15"
BILL_2023_SB0009_A039,BILL_2023_SB0009,SB0009,2023,Public Health Committee,Public Health Committee,2023-06-15,chamber or committee,transmittal,Transmitted to the Secretary of State,,,SOURCE_0014,"Bill History row, 2023-06-15"
BILL_2023_SB0009_A040,BILL_2023_SB0009,SB0009,2023,Public Health Committee,Public Health Committee,2023-06-28,chamber or committee,signed,Signed by the Governor,,,SOURCE_0014,"Bill History row, 2023-06-28"
BILL_2025_SB0970_A001,BILL_2025_SB0970,SB0970,2025,General Law Committee,General Law Committee,2025-01-22,chamber or committee,committee referral,Referred to Joint Committee on General Law,,,SOURCE_0014,"Bill History row, 2025-01-22"
BILL_2025_SB0970_A002,BILL_2025_SB0970,SB0970,2025,General Law Committee,General Law Committee,2025-02-03,GL,other action,Vote to Draft,,,SOURCE_0014,"Bill History row, 2025-02-03"
BILL_2025_SB0970_A003,BILL_2025_SB0970,SB0970,2025,General Law Committee,General Law Committee,2025-03-05,chamber or committee,other action,Drafted by Committee,,,SOURCE_0014,"Bill History row, 2025-03-05"
BILL_2025_SB0970_A004,BILL_2025_SB0970,SB0970,2025,General Law Committee,General Law Committee,2025-03-06,chamber or committee,committee referral,Referred to Joint Committee on General Law,,,SOURCE_0014,"Bill History row, 2025-03-06"
BILL_2025_SB0970_A005,BILL_2025_SB0970,SB0970,2025,General Law Committee,General Law Committee,2025-03-14,chamber or committee,public hearing,Public Hearing 03/19,,,SOURCE_0014,"Bill History row, 2025-03-14"
BILL_2025_SB0970_A006,BILL_2025_SB0970,SB0970,2025,General Law Committee,General Law Committee,2025-03-24,LCO,LCO drafting,Filed with Legislative Commissioners' Office,,,SOURCE_0014,"Bill History row, 2025-03-24"
BILL_2025_SB0970_A007,BILL_2025_SB0970,SB0970,2025,General Law Committee,General Law Committee,2025-03-24,GL,committee report,Joint Favorable,,,SOURCE_0014,"Bill History row, 2025-03-24"
BILL_2025_SB0970_A008,BILL_2025_SB0970,SB0970,2025,General Law Committee,General Law Committee,2025-04-03,LCO,other action,Referred to Office of Legislative Research and Office of Fiscal Analysis 04/08/25 5:00 PM,,,SOURCE_0014,"Bill History row, 2025-04-03"
BILL_2025_SB0970_A009,BILL_2025_SB0970,SB0970,2025,General Law Committee,General Law Committee,2025-04-09,LCO,calendared,File Number 605,,,SOURCE_0014,"Bill History row, 2025-04-09"
BILL_2025_SB0970_A010,BILL_2025_SB0970,SB0970,2025,General Law Committee,General Law Committee,2025-04-09,chamber or committee,calendared,Senate Calendar Number 330,,,SOURCE_0014,"Bill History row, 2025-04-09"
BILL_2025_SB0970_A011,BILL_2025_SB0970,SB0970,2025,General Law Committee,General Law Committee,2025-04-09,chamber or committee,committee report,"Favorable Report, Tabled for the Calendar, Senate",,,SOURCE_0014,"Bill History row, 2025-04-09"
BILL_2025_SB0970_A012,BILL_2025_SB0970,SB0970,2025,General Law Committee,General Law Committee,2025-04-09,LCO,LCO drafting,Reported Out of Legislative Commissioners' Office,,,SOURCE_0014,"Bill History row, 2025-04-09"
BILL_2025_SB0970_A013,BILL_2025_SB0970,SB0970,2025,General Law Committee,General Law Committee,2025-05-01,chamber or committee,other action,Referred by Senate to Committee on Appropriations,,,SOURCE_0014,"Bill History row, 2025-05-01"
BILL_2025_SB0970_A014,BILL_2025_SB0970,SB0970,2025,General Law Committee,General Law Committee,2025-05-05,APP,committee report,Joint Favorable,,,SOURCE_0014,"Bill History row, 2025-05-05"
BILL_2025_SB0970_A015,BILL_2025_SB0970,SB0970,2025,General Law Committee,General Law Committee,2025-05-06,LCO,LCO drafting,Filed with Legislative Commissioners' Office,,,SOURCE_0014,"Bill History row, 2025-05-06"
BILL_2025_SB0970_A016,BILL_2025_SB0970,SB0970,2025,General Law Committee,General Law Committee,2025-05-07,chamber or committee,committee report,"Favorable Report, Tabled for the Calendar, Senate",,,SOURCE_0014,"Bill History row, 2025-05-07"
BILL_2025_SB0970_A017,BILL_2025_SB0970,SB0970,2025,General Law Committee,General Law Committee,2025-05-07,chamber or committee,other action,No New File by Committee on Appropriations,,,SOURCE_0014,"Bill History row, 2025-05-07"
BILL_2025_SB0970_A018,BILL_2025_SB0970,SB0970,2025,General Law Committee,General Law Committee,2025-05-07,LCO,LCO drafting,Reported Out of Legislative Commissioners' Office,,,SOURCE_0014,"Bill History row, 2025-05-07"
BILL_2025_HB7178_A001,BILL_2025_HB7178,HB7178,2025,General Law Committee,General Law Committee,2025-03-06,chamber or committee,committee referral,Referred to Joint Committee on General Law,,,SOURCE_0014,"Bill History row, 2025-03-06"
BILL_2025_HB7178_A002,BILL_2025_HB7178,HB7178,2025,General Law Committee,General Law Committee,2025-03-14,chamber or committee,public hearing,Public Hearing 03/19,,,SOURCE_0014,"Bill History row, 2025-03-14"
BILL_2025_HB7178_A003,BILL_2025_HB7178,HB7178,2025,General Law Committee,General Law Committee,2025-03-24,LCO,LCO drafting,Filed with Legislative Commissioners' Office,,,SOURCE_0014,"Bill History row, 2025-03-24"
BILL_2025_HB7178_A004,BILL_2025_HB7178,HB7178,2025,General Law Committee,General Law Committee,2025-03-24,GL,committee report,Joint Favorable Substitute,,,SOURCE_0014,"Bill History row, 2025-03-24"
BILL_2025_HB7178_A005,BILL_2025_HB7178,HB7178,2025,General Law Committee,General Law Committee,2025-04-03,LCO,other action,Referred to Office of Legislative Research and Office of Fiscal Analysis 04/08/25 5:00 PM,,,SOURCE_0014,"Bill History row, 2025-04-03"
BILL_2025_HB7178_A006,BILL_2025_HB7178,HB7178,2025,General Law Committee,General Law Committee,2025-04-09,LCO,calendared,File Number 631,,,SOURCE_0014,"Bill History row, 2025-04-09"
BILL_2025_HB7178_A007,BILL_2025_HB7178,HB7178,2025,General Law Committee,General Law Committee,2025-04-09,chamber or committee,calendared,House Calendar Number 392,,,SOURCE_0014,"Bill History row, 2025-04-09"
BILL_2025_HB7178_A008,BILL_2025_HB7178,HB7178,2025,General Law Committee,General Law Committee,2025-04-09,chamber or committee,committee report,"Favorable Report, Tabled for the Calendar, House",,,SOURCE_0014,"Bill History row, 2025-04-09"
BILL_2025_HB7178_A009,BILL_2025_HB7178,HB7178,2025,General Law Committee,General Law Committee,2025-04-09,LCO,LCO drafting,Reported Out of Legislative Commissioners' Office,,,SOURCE_0014,"Bill History row, 2025-04-09"
BILL_2025_HB7178_A010,BILL_2025_HB7178,HB7178,2025,General Law Committee,General Law Committee,2025-04-29,chamber or committee,other action,Referred by House to Committee on Appropriations,,,SOURCE_0014,"Bill History row, 2025-04-29"
BILL_2025_HB7178_A011,BILL_2025_HB7178,HB7178,2025,General Law Committee,General Law Committee,2025-05-05,APP,committee report,Joint Favorable,,,SOURCE_0014,"Bill History row, 2025-05-05"
BILL_2025_HB7178_A012,BILL_2025_HB7178,HB7178,2025,General Law Committee,General Law Committee,2025-05-06,LCO,LCO drafting,Filed with Legislative Commissioners' Office,,,SOURCE_0014,"Bill History row, 2025-05-06"
BILL_2025_HB7178_A013,BILL_2025_HB7178,HB7178,2025,General Law Committee,General Law Committee,2025-05-07,chamber or committee,tabled,"Tabled for the Calendar, House",,,SOURCE_0014,"Bill History row, 2025-05-07"
BILL_2025_HB7178_A014,BILL_2025_HB7178,HB7178,2025,General Law Committee,General Law Committee,2025-05-07,chamber or committee,other action,No New File by Committee on Appropriations,,,SOURCE_0014,"Bill History row, 2025-05-07"
BILL_2025_HB7178_A015,BILL_2025_HB7178,HB7178,2025,General Law Committee,General Law Committee,2025-05-07,LCO,LCO drafting,Reported Out of Legislative Commissioners' Office,,,SOURCE_0014,"Bill History row, 2025-05-07"
BILL_2025_HB7178_A016,BILL_2025_HB7178,HB7178,2025,General Law Committee,General Law Committee,2025-06-04,chamber or committee,calendared,Senate Calendar Number 632,,,SOURCE_0014,"Bill History row, 2025-06-04"
BILL_2025_HB7178_A017,BILL_2025_HB7178,HB7178,2025,General Law Committee,General Law Committee,2025-06-04,chamber or committee,committee report,"Favorable Report, Tabled for the Calendar, Senate",,,SOURCE_0014,"Bill History row, 2025-06-04"
BILL_2025_HB7178_A018,BILL_2025_HB7178,HB7178,2025,General Law Committee,General Law Committee,2025-06-04,chamber or committee,transmittal,Transmitted Pursuant To Joint Rule 17,,,SOURCE_0014,"Bill History row, 2025-06-04"
BILL_2025_HB7178_A019,BILL_2025_HB7178,HB7178,2025,General Law Committee,General Law Committee,2025-06-04,chamber or committee,chamber passage,House Passed as Amended by House Amendment Schedule A,,,SOURCE_0014,"Bill History row, 2025-06-04"
BILL_2025_HB7178_A020,BILL_2025_HB7178,HB7178,2025,General Law Committee,General Law Committee,2025-06-04,chamber or committee,amendment vote,House Adopted House Amendment Schedule A 10720,10720,,SOURCE_0014,"Bill History row, 2025-06-04"
BILL_2026_SB0231_A001,BILL_2026_SB0231,SB0231,2026,General Law Committee,General Law Committee,2026-02-18,chamber or committee,committee referral,Referred to Joint Committee on General Law,,,SOURCE_0014,"Bill History row, 2026-02-18"
BILL_2026_SB0231_A002,BILL_2026_SB0231,SB0231,2026,General Law Committee,General Law Committee,2026-02-19,chamber or committee,public hearing,Public Hearing 02/23,,,SOURCE_0014,"Bill History row, 2026-02-19"
BILL_2026_SB0231_A003,BILL_2026_SB0231,SB0231,2026,General Law Committee,General Law Committee,2026-03-11,GL,committee report,Joint Favorable Substitute,,,SOURCE_0014,"Bill History row, 2026-03-11"
BILL_2026_SB0231_A004,BILL_2026_SB0231,SB0231,2026,General Law Committee,General Law Committee,2026-03-12,LCO,LCO drafting,Filed with Legislative Commissioners' Office,,,SOURCE_0014,"Bill History row, 2026-03-12"
BILL_2026_SB0231_A005,BILL_2026_SB0231,SB0231,2026,General Law Committee,General Law Committee,2026-03-19,LCO,other action,Referred to Office of Legislative Research and Office of Fiscal Analysis 03/24/26 5:00 PM,,,SOURCE_0014,"Bill History row, 2026-03-19"
BILL_2026_SB0231_A006,BILL_2026_SB0231,SB0231,2026,General Law Committee,General Law Committee,2026-03-25,LCO,calendared,File Number 174,,,SOURCE_0014,"Bill History row, 2026-03-25"
BILL_2026_SB0231_A007,BILL_2026_SB0231,SB0231,2026,General Law Committee,General Law Committee,2026-03-25,chamber or committee,calendared,Senate Calendar Number 117,,,SOURCE_0014,"Bill History row, 2026-03-25"
BILL_2026_SB0231_A008,BILL_2026_SB0231,SB0231,2026,General Law Committee,General Law Committee,2026-03-25,chamber or committee,committee report,"Favorable Report, Tabled for the Calendar, Senate",,,SOURCE_0014,"Bill History row, 2026-03-25"
BILL_2026_SB0231_A009,BILL_2026_SB0231,SB0231,2026,General Law Committee,General Law Committee,2026-03-25,LCO,LCO drafting,Reported Out of Legislative Commissioners' Office,,,SOURCE_0014,"Bill History row, 2026-03-25"
BILL_2024_HB5235_A001,BILL_2024_HB5235,HB5235,2024,General Law Committee,General Law Committee,2024-02-22,chamber or committee,committee referral,Referred to Joint Committee on General Law,,,SOURCE_0014,"Bill History row, 2024-02-22"
BILL_2024_HB5235_A002,BILL_2024_HB5235,HB5235,2024,General Law Committee,General Law Committee,2024-02-23,chamber or committee,public hearing,Public Hearing 02/27,,,SOURCE_0014,"Bill History row, 2024-02-23"
BILL_2024_HB5235_A003,BILL_2024_HB5235,HB5235,2024,General Law Committee,General Law Committee,2024-03-07,LCO,LCO drafting,Filed with Legislative Commissioners' Office,,,SOURCE_0014,"Bill History row, 2024-03-07"
BILL_2024_HB5235_A004,BILL_2024_HB5235,HB5235,2024,General Law Committee,General Law Committee,2024-03-07,GL,committee report,Joint Favorable Substitute,,,SOURCE_0014,"Bill History row, 2024-03-07"
BILL_2024_HB5235_A005,BILL_2024_HB5235,HB5235,2024,General Law Committee,General Law Committee,2024-03-18,LCO,other action,Referred to Office of Legislative Research and Office of Fiscal Analysis 03/25/24 12:00 PM,,,SOURCE_0014,"Bill History row, 2024-03-18"
BILL_2024_HB5235_A006,BILL_2024_HB5235,HB5235,2024,General Law Committee,General Law Committee,2024-03-25,LCO,calendared,File Number 102,,,SOURCE_0014,"Bill History row, 2024-03-25"
BILL_2024_HB5235_A007,BILL_2024_HB5235,HB5235,2024,General Law Committee,General Law Committee,2024-03-25,chamber or committee,calendared,House Calendar Number 98,,,SOURCE_0014,"Bill History row, 2024-03-25"
BILL_2024_HB5235_A008,BILL_2024_HB5235,HB5235,2024,General Law Committee,General Law Committee,2024-03-25,chamber or committee,committee report,"Favorable Report, Tabled for the Calendar, House",,,SOURCE_0014,"Bill History row, 2024-03-25"
BILL_2024_HB5235_A009,BILL_2024_HB5235,HB5235,2024,General Law Committee,General Law Committee,2024-03-25,LCO,LCO drafting,Reported Out of Legislative Commissioners' Office,,,SOURCE_0014,"Bill History row, 2024-03-25"
BILL_2024_HB5235_A010,BILL_2024_HB5235,HB5235,2024,General Law Committee,General Law Committee,2024-04-30,chamber or committee,chamber passage,House Passed as Amended by House Amendment Schedule A,,,SOURCE_0014,"Bill History row, 2024-04-30"
BILL_2024_HB5235_A011,BILL_2024_HB5235,HB5235,2024,General Law Committee,General Law Committee,2024-04-30,chamber or committee,amendment vote,House Adopted House Amendment Schedule A 4874,4874,,SOURCE_0014,"Bill History row, 2024-04-30"
BILL_2024_HB5235_A012,BILL_2024_HB5235,HB5235,2024,General Law Committee,General Law Committee,2024-05-02,LCO,calendared,File Number 649,,,SOURCE_0014,"Bill History row, 2024-05-02"
BILL_2024_HB5235_A013,BILL_2024_HB5235,HB5235,2024,General Law Committee,General Law Committee,2024-05-02,chamber or committee,calendared,Senate Calendar Number 415,,,SOURCE_0014,"Bill History row, 2024-05-02"
BILL_2024_HB5235_A014,BILL_2024_HB5235,HB5235,2024,General Law Committee,General Law Committee,2024-05-02,chamber or committee,committee report,"Favorable Report, Tabled for the Calendar, Senate",,,SOURCE_0014,"Bill History row, 2024-05-02"
BILL_2024_HB5235_A015,BILL_2024_HB5235,HB5235,2024,General Law Committee,General Law Committee,2024-05-08,chamber or committee,concurrence,In Concurrence,,,SOURCE_0014,"Bill History row, 2024-05-08"
BILL_2024_HB5235_A016,BILL_2024_HB5235,HB5235,2024,General Law Committee,General Law Committee,2024-05-08,chamber or committee,chamber passage,Senate Passed as Amended by House Amendment Schedule A,,,SOURCE_0014,"Bill History row, 2024-05-08"
BILL_2024_HB5235_A017,BILL_2024_HB5235,HB5235,2024,General Law Committee,General Law Committee,2024-05-08,chamber or committee,amendment vote,Senate Adopted House Amendment Schedule A,,,SOURCE_0014,"Bill History row, 2024-05-08"
BILL_2024_HB5235_A018,BILL_2024_HB5235,HB5235,2024,General Law Committee,General Law Committee,2024-05-21,LCO,public act assigned,Public Act 24-115,,,SOURCE_0014,"Bill History row, 2024-05-21"
BILL_2024_HB5235_A019,BILL_2024_HB5235,HB5235,2024,General Law Committee,General Law Committee,2024-05-28,chamber or committee,transmittal,Transmitted by Secretary of the State to Governor,,,SOURCE_0014,"Bill History row, 2024-05-28"
BILL_2024_HB5235_A020,BILL_2024_HB5235,HB5235,2024,General Law Committee,General Law Committee,2024-05-28,chamber or committee,transmittal,Transmitted to the Secretary of State,,,SOURCE_0014,"Bill History row, 2024-05-28"
BILL_2024_HB5235_A021,BILL_2024_HB5235,HB5235,2024,General Law Committee,General Law Committee,2024-06-04,chamber or committee,signed,Signed by the Governor,,,SOURCE_0014,"Bill History row, 2024-06-04"
BILL_2026_HB5351_A001,BILL_2026_HB5351,HB5351,2026,General Law Committee,General Law Committee,2026-02-26,chamber or committee,committee referral,Referred to Joint Committee on General Law,,,SOURCE_0014,"Bill History row, 2026-02-26"
BILL_2026_HB5351_A002,BILL_2026_HB5351,HB5351,2026,General Law Committee,General Law Committee,2026-02-27,chamber or committee,public hearing,Public Hearing 03/04,,,SOURCE_0014,"Bill History row, 2026-02-27"
BILL_2026_HB5351_A003,BILL_2026_HB5351,HB5351,2026,General Law Committee,General Law Committee,2026-03-16,GL,committee report,Joint Favorable,,,SOURCE_0014,"Bill History row, 2026-03-16"
BILL_2026_HB5351_A004,BILL_2026_HB5351,HB5351,2026,General Law Committee,General Law Committee,2026-03-17,LCO,LCO drafting,Filed with Legislative Commissioners' Office,,,SOURCE_0014,"Bill History row, 2026-03-17"
BILL_2026_HB5351_A005,BILL_2026_HB5351,HB5351,2026,General Law Committee,General Law Committee,2026-03-27,LCO,other action,Referred to Office of Legislative Research and Office of Fiscal Analysis 04/01/26 5:00 PM,,,SOURCE_0014,"Bill History row, 2026-03-27"
BILL_2026_HB5351_A006,BILL_2026_HB5351,HB5351,2026,General Law Committee,General Law Committee,2026-04-02,LCO,calendared,File Number 386,,,SOURCE_0014,"Bill History row, 2026-04-02"
BILL_2026_HB5351_A007,BILL_2026_HB5351,HB5351,2026,General Law Committee,General Law Committee,2026-04-02,chamber or committee,calendared,House Calendar Number 273,,,SOURCE_0014,"Bill History row, 2026-04-02"
BILL_2026_HB5351_A008,BILL_2026_HB5351,HB5351,2026,General Law Committee,General Law Committee,2026-04-02,chamber or committee,committee report,"Favorable Report, Tabled for the Calendar, House",,,SOURCE_0014,"Bill History row, 2026-04-02"
BILL_2026_HB5351_A009,BILL_2026_HB5351,HB5351,2026,General Law Committee,General Law Committee,2026-04-02,LCO,LCO drafting,Reported Out of Legislative Commissioners' Office,,,SOURCE_0014,"Bill History row, 2026-04-02"
BILL_2023_SB1058_A001,BILL_2023_SB1058,SB1058,2023,General Law Committee,General Law Committee,2023-02-16,chamber or committee,committee referral,Referred to Joint Committee on General Law,,,SOURCE_0014,"Bill History row, 2023-02-16"
BILL_2023_SB1058_A002,BILL_2023_SB1058,SB1058,2023,General Law Committee,General Law Committee,2023-02-17,chamber or committee,public hearing,Public Hearing 02/21,,,SOURCE_0014,"Bill History row, 2023-02-17"
BILL_2023_SB1058_A003,BILL_2023_SB1058,SB1058,2023,General Law Committee,General Law Committee,2023-03-07,GL,committee report,Joint Favorable,,,SOURCE_0014,"Bill History row, 2023-03-07"
BILL_2023_SB1058_A004,BILL_2023_SB1058,SB1058,2023,General Law Committee,General Law Committee,2023-03-08,LCO,LCO drafting,Filed with Legislative Commissioners' Office,,,SOURCE_0014,"Bill History row, 2023-03-08"
BILL_2023_SB1058_A005,BILL_2023_SB1058,SB1058,2023,General Law Committee,General Law Committee,2023-03-17,LCO,other action,Referred to Office of Legislative Research and Office of Fiscal Analysis 03/22/23 5:00 PM,,,SOURCE_0014,"Bill History row, 2023-03-17"
BILL_2023_SB1058_A006,BILL_2023_SB1058,SB1058,2023,General Law Committee,General Law Committee,2023-03-23,LCO,calendared,File Number 204,,,SOURCE_0014,"Bill History row, 2023-03-23"
BILL_2023_SB1058_A007,BILL_2023_SB1058,SB1058,2023,General Law Committee,General Law Committee,2023-03-23,chamber or committee,calendared,Senate Calendar Number 139,,,SOURCE_0014,"Bill History row, 2023-03-23"
BILL_2023_SB1058_A008,BILL_2023_SB1058,SB1058,2023,General Law Committee,General Law Committee,2023-03-23,chamber or committee,committee report,"Favorable Report, Tabled for the Calendar, Senate",,,SOURCE_0014,"Bill History row, 2023-03-23"
BILL_2023_SB1058_A009,BILL_2023_SB1058,SB1058,2023,General Law Committee,General Law Committee,2023-03-23,LCO,LCO drafting,Reported Out of Legislative Commissioners' Office,,,SOURCE_0014,"Bill History row, 2023-03-23"
BILL_2023_SB1058_A010,BILL_2023_SB1058,SB1058,2023,General Law Committee,General Law Committee,2023-04-12,chamber or committee,other action,Referred by Senate to Committee on Judiciary,,,SOURCE_0014,"Bill History row, 2023-04-12"
BILL_2023_SB1058_A011,BILL_2023_SB1058,SB1058,2023,General Law Committee,General Law Committee,2023-04-19,JUD,committee report,Joint Favorable Substitute,,,SOURCE_0014,"Bill History row, 2023-04-19"
BILL_2023_SB1058_A012,BILL_2023_SB1058,SB1058,2023,General Law Committee,General Law Committee,2023-04-20,LCO,LCO drafting,Filed with Legislative Commissioners' Office,,,SOURCE_0014,"Bill History row, 2023-04-20"
BILL_2023_SB1058_A013,BILL_2023_SB1058,SB1058,2023,General Law Committee,General Law Committee,2023-04-26,LCO,other action,Referred to Office of Legislative Research and Office of Fiscal Analysis 05/01/23 5:00 PM,,,SOURCE_0014,"Bill History row, 2023-04-26"
BILL_2023_SB1058_A014,BILL_2023_SB1058,SB1058,2023,General Law Committee,General Law Committee,2023-05-02,LCO,calendared,File Number 676,,,SOURCE_0014,"Bill History row, 2023-05-02"
BILL_2023_SB1058_A015,BILL_2023_SB1058,SB1058,2023,General Law Committee,General Law Committee,2023-05-02,chamber or committee,committee report,"Favorable Report, Tabled for the Calendar, Senate",,,SOURCE_0014,"Bill History row, 2023-05-02"
BILL_2023_SB1058_A016,BILL_2023_SB1058,SB1058,2023,General Law Committee,General Law Committee,2023-05-02,chamber or committee,other action,New File by Committee on Judiciary,,,SOURCE_0014,"Bill History row, 2023-05-02"
BILL_2023_SB1058_A017,BILL_2023_SB1058,SB1058,2023,General Law Committee,General Law Committee,2023-05-02,LCO,LCO drafting,Reported Out of Legislative Commissioners' Office,,,SOURCE_0014,"Bill History row, 2023-05-02"
BILL_2023_SB1058_A018,BILL_2023_SB1058,SB1058,2023,General Law Committee,General Law Committee,2023-05-04,chamber or committee,other action,Referred by Senate to Committee on Appropriations,,,SOURCE_0014,"Bill History row, 2023-05-04"
BILL_2023_SB1058_A019,BILL_2023_SB1058,SB1058,2023,General Law Committee,General Law Committee,2023-05-08,LCO,LCO drafting,Filed with Legislative Commissioners' Office,,,SOURCE_0014,"Bill History row, 2023-05-08"
BILL_2023_SB1058_A020,BILL_2023_SB1058,SB1058,2023,General Law Committee,General Law Committee,2023-05-08,APP,committee report,Joint Favorable,,,SOURCE_0014,"Bill History row, 2023-05-08"
BILL_2023_SB1058_A021,BILL_2023_SB1058,SB1058,2023,General Law Committee,General Law Committee,2023-05-09,chamber or committee,committee report,"Favorable Report, Tabled for the Calendar, Senate",,,SOURCE_0014,"Bill History row, 2023-05-09"
BILL_2023_SB1058_A022,BILL_2023_SB1058,SB1058,2023,General Law Committee,General Law Committee,2023-05-09,chamber or committee,other action,No New File by Committee on Appropriations,,,SOURCE_0014,"Bill History row, 2023-05-09"
BILL_2023_SB1058_A023,BILL_2023_SB1058,SB1058,2023,General Law Committee,General Law Committee,2023-05-09,LCO,LCO drafting,Reported Out of Legislative Commissioners' Office,,,SOURCE_0014,"Bill History row, 2023-05-09"
BILL_2023_SB1058_A024,BILL_2023_SB1058,SB1058,2023,General Law Committee,General Law Committee,2023-05-11,chamber or committee,other action,On Consent Calendar,,,SOURCE_0014,"Bill History row, 2023-05-11"
BILL_2023_SB1058_A025,BILL_2023_SB1058,SB1058,2023,General Law Committee,General Law Committee,2023-05-11,chamber or committee,chamber passage,Senate Passed as Amended by Senate Amendment Schedule A,,,SOURCE_0014,"Bill History row, 2023-05-11"
BILL_2023_SB1058_A026,BILL_2023_SB1058,SB1058,2023,General Law Committee,General Law Committee,2023-05-11,chamber or committee,amendment vote,Senate Adopted Senate Amendment Schedule A 7553,7553,,SOURCE_0014,"Bill History row, 2023-05-11"
BILL_2023_SB1058_A027,BILL_2023_SB1058,SB1058,2023,General Law Committee,General Law Committee,2023-05-12,chamber or committee,calendared,House Calendar Number 527,,,SOURCE_0014,"Bill History row, 2023-05-12"
BILL_2023_SB1058_A028,BILL_2023_SB1058,SB1058,2023,General Law Committee,General Law Committee,2023-05-12,chamber or committee,committee report,"Favorable Report, Tabled for the Calendar, House",,,SOURCE_0014,"Bill History row, 2023-05-12"
BILL_2023_SB1058_A029,BILL_2023_SB1058,SB1058,2023,General Law Committee,General Law Committee,2023-06-06,chamber or committee,concurrence,In Concurrence,,,SOURCE_0014,"Bill History row, 2023-06-06"
BILL_2023_SB1058_A030,BILL_2023_SB1058,SB1058,2023,General Law Committee,General Law Committee,2023-06-06,chamber or committee,chamber passage,House Passed as Amended by Senate Amendment Schedule A,,,SOURCE_0014,"Bill History row, 2023-06-06"
BILL_2023_SB1058_A031,BILL_2023_SB1058,SB1058,2023,General Law Committee,General Law Committee,2023-06-06,chamber or committee,amendment vote,House Adopted Senate Amendment Schedule A,,,SOURCE_0014,"Bill History row, 2023-06-06"
BILL_2023_SB1058_A032,BILL_2023_SB1058,SB1058,2023,General Law Committee,General Law Committee,2023-06-14,LCO,public act assigned,Public Act 23-98,,,SOURCE_0014,"Bill History row, 2023-06-14"
BILL_2023_SB1058_A033,BILL_2023_SB1058,SB1058,2023,General Law Committee,General Law Committee,2023-06-20,chamber or committee,transmittal,Transmitted by Secretary of the State to Governor,,,SOURCE_0014,"Bill History row, 2023-06-20"
BILL_2023_SB1058_A034,BILL_2023_SB1058,SB1058,2023,General Law Committee,General Law Committee,2023-06-20,chamber or committee,transmittal,Transmitted to the Secretary of State,,,SOURCE_0014,"Bill History row, 2023-06-20"
BILL_2023_SB1058_A035,BILL_2023_SB1058,SB1058,2023,General Law Committee,General Law Committee,2023-06-26,chamber or committee,signed,Signed by the Governor,,,SOURCE_0014,"Bill History row, 2023-06-26"
BILL_2024_HB5236_A001,BILL_2024_HB5236,HB5236,2024,General Law Committee,General Law Committee,2024-02-22,chamber or committee,committee referral,Referred to Joint Committee on General Law,,,SOURCE_0014,"Bill History row, 2024-02-22"
BILL_2024_HB5236_A002,BILL_2024_HB5236,HB5236,2024,General Law Committee,General Law Committee,2024-02-23,chamber or committee,public hearing,Public Hearing 02/27,,,SOURCE_0014,"Bill History row, 2024-02-23"
BILL_2024_HB5236_A003,BILL_2024_HB5236,HB5236,2024,General Law Committee,General Law Committee,2024-03-07,LCO,LCO drafting,Filed with Legislative Commissioners' Office,,,SOURCE_0014,"Bill History row, 2024-03-07"
BILL_2024_HB5236_A004,BILL_2024_HB5236,HB5236,2024,General Law Committee,General Law Committee,2024-03-07,GL,committee report,Joint Favorable Substitute,,,SOURCE_0014,"Bill History row, 2024-03-07"
BILL_2024_HB5236_A005,BILL_2024_HB5236,HB5236,2024,General Law Committee,General Law Committee,2024-03-18,LCO,other action,Referred to Office of Legislative Research and Office of Fiscal Analysis 03/25/24 12:00 PM,,,SOURCE_0014,"Bill History row, 2024-03-18"
BILL_2024_HB5236_A006,BILL_2024_HB5236,HB5236,2024,General Law Committee,General Law Committee,2024-03-25,LCO,calendared,File Number 103,,,SOURCE_0014,"Bill History row, 2024-03-25"
BILL_2024_HB5236_A007,BILL_2024_HB5236,HB5236,2024,General Law Committee,General Law Committee,2024-03-25,chamber or committee,calendared,House Calendar Number 99,,,SOURCE_0014,"Bill History row, 2024-03-25"
BILL_2024_HB5236_A008,BILL_2024_HB5236,HB5236,2024,General Law Committee,General Law Committee,2024-03-25,chamber or committee,committee report,"Favorable Report, Tabled for the Calendar, House",,,SOURCE_0014,"Bill History row, 2024-03-25"
BILL_2024_HB5236_A009,BILL_2024_HB5236,HB5236,2024,General Law Committee,General Law Committee,2024-03-25,LCO,LCO drafting,Reported Out of Legislative Commissioners' Office,,,SOURCE_0014,"Bill History row, 2024-03-25"
BILL_2024_HB5236_A010,BILL_2024_HB5236,HB5236,2024,General Law Committee,General Law Committee,2024-04-02,chamber or committee,other action,Referred by House to Committee on Banking,,,SOURCE_0014,"Bill History row, 2024-04-02"
BILL_2024_HB5236_A011,BILL_2024_HB5236,HB5236,2024,General Law Committee,General Law Committee,2024-04-05,chamber or committee,tabled,"Tabled for the Calendar, House",,,SOURCE_0014,"Bill History row, 2024-04-05"
BILL_2024_HB5236_A012,BILL_2024_HB5236,HB5236,2024,General Law Committee,General Law Committee,2024-04-05,chamber or committee,other action,No New File by Committee on Banking,,,SOURCE_0014,"Bill History row, 2024-04-05"
BILL_2024_HB5236_A013,BILL_2024_HB5236,HB5236,2024,General Law Committee,General Law Committee,2024-04-05,LCO,LCO drafting,Reported Out of Legislative Commissioners' Office,,,SOURCE_0014,"Bill History row, 2024-04-05"
BILL_2024_HB5236_A014,BILL_2024_HB5236,HB5236,2024,General Law Committee,General Law Committee,2024-04-05,LCO,LCO drafting,Filed with Legislative Commissioners' Office,,,SOURCE_0014,"Bill History row, 2024-04-05"
BILL_2024_HB5236_A015,BILL_2024_HB5236,HB5236,2024,General Law Committee,General Law Committee,2024-04-05,BA,committee report,Joint Favorable,,,SOURCE_0014,"Bill History row, 2024-04-05"
BILL_2024_HB5236_A016,BILL_2024_HB5236,HB5236,2024,General Law Committee,General Law Committee,2024-05-06,chamber or committee,calendared,Senate Calendar Number 465,,,SOURCE_0014,"Bill History row, 2024-05-06"
BILL_2024_HB5236_A017,BILL_2024_HB5236,HB5236,2024,General Law Committee,General Law Committee,2024-05-06,chamber or committee,committee report,"Favorable Report, Tabled for the Calendar, Senate",,,SOURCE_0014,"Bill History row, 2024-05-06"
BILL_2024_HB5236_A018,BILL_2024_HB5236,HB5236,2024,General Law Committee,General Law Committee,2024-05-06,chamber or committee,transmittal,Transmitted Pursuant To Joint Rule 17,,,SOURCE_0014,"Bill History row, 2024-05-06"
BILL_2024_HB5236_A019,BILL_2024_HB5236,HB5236,2024,General Law Committee,General Law Committee,2024-05-06,chamber or committee,chamber passage,House Passed as Amended by House Amendment Schedule A,,,SOURCE_0014,"Bill History row, 2024-05-06"
BILL_2024_HB5236_A020,BILL_2024_HB5236,HB5236,2024,General Law Committee,General Law Committee,2024-05-06,chamber or committee,amendment vote,House Adopted House Amendment Schedule A 5357,5357,,SOURCE_0014,"Bill History row, 2024-05-06"
BILL_2024_HB5236_A021,BILL_2024_HB5236,HB5236,2024,General Law Committee,General Law Committee,2024-05-08,chamber or committee,concurrence,In Concurrence,,,SOURCE_0014,"Bill History row, 2024-05-08"
BILL_2024_HB5236_A022,BILL_2024_HB5236,HB5236,2024,General Law Committee,General Law Committee,2024-05-08,chamber or committee,chamber passage,Senate Passed as Amended by House Amendment Schedule A,,,SOURCE_0014,"Bill History row, 2024-05-08"
BILL_2024_HB5236_A023,BILL_2024_HB5236,HB5236,2024,General Law Committee,General Law Committee,2024-05-08,chamber or committee,amendment vote,Senate Adopted House Amendment Schedule A,,,SOURCE_0014,"Bill History row, 2024-05-08"
BILL_2024_HB5236_A024,BILL_2024_HB5236,HB5236,2024,General Law Committee,General Law Committee,2024-05-22,LCO,public act assigned,Public Act 24-142,,,SOURCE_0014,"Bill History row, 2024-05-22"
BILL_2024_HB5236_A025,BILL_2024_HB5236,HB5236,2024,General Law Committee,General Law Committee,2024-05-30,chamber or committee,transmittal,Transmitted by Secretary of the State to Governor,,,SOURCE_0014,"Bill History row, 2024-05-30"
BILL_2024_HB5236_A026,BILL_2024_HB5236,HB5236,2024,General Law Committee,General Law Committee,2024-05-30,chamber or committee,transmittal,Transmitted to the Secretary of State,,,SOURCE_0014,"Bill History row, 2024-05-30"
BILL_2024_HB5236_A027,BILL_2024_HB5236,HB5236,2024,General Law Committee,General Law Committee,2024-06-06,chamber or committee,signed,Signed by the Governor,,,SOURCE_0014,"Bill History row, 2024-06-06"
BILL_2025_HB6930_A001,BILL_2025_HB6930,HB6930,2025,General Law Committee,General Law Committee,2025-02-13,chamber or committee,committee referral,Referred to Joint Committee on General Law,,,SOURCE_0014,"Bill History row, 2025-02-13"
BILL_2025_HB6930_A002,BILL_2025_HB6930,HB6930,2025,General Law Committee,General Law Committee,2025-02-14,chamber or committee,public hearing,Public Hearing 02/19,,,SOURCE_0014,"Bill History row, 2025-02-14"
BILL_2025_HB6930_A003,BILL_2025_HB6930,HB6930,2025,General Law Committee,General Law Committee,2025-03-21,GL,committee report,Joint Favorable,,,SOURCE_0014,"Bill History row, 2025-03-21"
BILL_2025_HB6930_A004,BILL_2025_HB6930,HB6930,2025,General Law Committee,General Law Committee,2025-03-24,LCO,LCO drafting,Filed with Legislative Commissioners' Office,,,SOURCE_0014,"Bill History row, 2025-03-24"
BILL_2025_HB6930_A005,BILL_2025_HB6930,HB6930,2025,General Law Committee,General Law Committee,2025-04-02,LCO,other action,Referred to Office of Legislative Research and Office of Fiscal Analysis 04/07/25 5:00 PM,,,SOURCE_0014,"Bill History row, 2025-04-02"
BILL_2025_HB6930_A006,BILL_2025_HB6930,HB6930,2025,General Law Committee,General Law Committee,2025-04-08,LCO,calendared,File Number 592,,,SOURCE_0014,"Bill History row, 2025-04-08"
BILL_2025_HB6930_A007,BILL_2025_HB6930,HB6930,2025,General Law Committee,General Law Committee,2025-04-08,chamber or committee,calendared,House Calendar Number 366,,,SOURCE_0014,"Bill History row, 2025-04-08"
BILL_2025_HB6930_A008,BILL_2025_HB6930,HB6930,2025,General Law Committee,General Law Committee,2025-04-08,chamber or committee,committee report,"Favorable Report, Tabled for the Calendar, House",,,SOURCE_0014,"Bill History row, 2025-04-08"
BILL_2025_HB6930_A009,BILL_2025_HB6930,HB6930,2025,General Law Committee,General Law Committee,2025-04-08,LCO,LCO drafting,Reported Out of Legislative Commissioners' Office,,,SOURCE_0014,"Bill History row, 2025-04-08"
BILL_2025_HB6930_A010,BILL_2025_HB6930,HB6930,2025,General Law Committee,General Law Committee,2025-04-28,chamber or committee,chamber passage,House Passed as Amended by House Amendment Schedule A,,,SOURCE_0014,"Bill History row, 2025-04-28"
BILL_2025_HB6930_A011,BILL_2025_HB6930,HB6930,2025,General Law Committee,General Law Committee,2025-04-28,chamber or committee,amendment vote,House Adopted House Amendment Schedule A 7494,7494,,SOURCE_0014,"Bill History row, 2025-04-28"
BILL_2025_HB6930_A012,BILL_2025_HB6930,HB6930,2025,General Law Committee,General Law Committee,2025-04-30,LCO,calendared,File Number 811,,,SOURCE_0014,"Bill History row, 2025-04-30"
BILL_2025_HB6930_A013,BILL_2025_HB6930,HB6930,2025,General Law Committee,General Law Committee,2025-04-30,chamber or committee,calendared,Senate Calendar Number 422,,,SOURCE_0014,"Bill History row, 2025-04-30"
BILL_2025_HB6930_A014,BILL_2025_HB6930,HB6930,2025,General Law Committee,General Law Committee,2025-04-30,chamber or committee,committee report,"Favorable Report, Tabled for the Calendar, Senate",,,SOURCE_0014,"Bill History row, 2025-04-30"
BILL_2025_HB6930_A015,BILL_2025_HB6930,HB6930,2025,General Law Committee,General Law Committee,2025-06-04,chamber or committee,concurrence,In Concurrence,,,SOURCE_0014,"Bill History row, 2025-06-04"
BILL_2025_HB6930_A016,BILL_2025_HB6930,HB6930,2025,General Law Committee,General Law Committee,2025-06-04,chamber or committee,chamber passage,Senate Passed as Amended by House Amendment Schedule A,,,SOURCE_0014,"Bill History row, 2025-06-04"
BILL_2025_HB6930_A017,BILL_2025_HB6930,HB6930,2025,General Law Committee,General Law Committee,2025-06-04,chamber or committee,amendment vote,Senate Adopted House Amendment Schedule A,,,SOURCE_0014,"Bill History row, 2025-06-04"
BILL_2025_HB6930_A018,BILL_2025_HB6930,HB6930,2025,General Law Committee,General Law Committee,2025-06-16,LCO,public act assigned,Public Act 25-137,,,SOURCE_0014,"Bill History row, 2025-06-16"
BILL_2025_HB6930_A019,BILL_2025_HB6930,HB6930,2025,General Law Committee,General Law Committee,2025-06-25,chamber or committee,transmittal,Transmitted by Secretary of the State to Governor,,,SOURCE_0014,"Bill History row, 2025-06-25"
BILL_2025_HB6930_A020,BILL_2025_HB6930,HB6930,2025,General Law Committee,General Law Committee,2025-06-25,chamber or committee,transmittal,Transmitted to the Secretary of State,,,SOURCE_0014,"Bill History row, 2025-06-25"
BILL_2025_HB6930_A021,BILL_2025_HB6930,HB6930,2025,General Law Committee,General Law Committee,2025-07-08,chamber or committee,signed,Signed by the Governor,,,SOURCE_0014,"Bill History row, 2025-07-08"
