event_id,date,actor,actor_entity_id,target,target_entity_id,action,bill_or_provision_affected,evidence_type,strength,strength_meaning,source_id,exact_locator,alternative_explanation,influence_asserted,note
INFL_0001,2019-2020,DXR Holdings 3 LLC  DBA Theraplant,ORG_DXR_HOLDINGS_3_LLC_DBA_THERAPLANT,Connecticut General Assembly,ORG_CONNECTICUT_GENERAL_ASSEMBLY,registered to lobby; declared 4 issue(s),NOT OBTAINED (issue counts only),lobbying registration,4,strong temporal or documentary support,SOURCE_0019,"OSE client spending and issues report, period 2019-2020","Registering to lobby is lawful, ordinary and disclosed. It establishes that the client sought to influence legislation, not that it succeeded.","NO. This row records visibility, not causation.",Compensation 337213.45; total expenses 345723
INFL_0002,2019-2020,"High Street Capital Partners, LLC.",ORG_HIGH_STREET_CAPITAL_PARTNERS_LLC,Connecticut General Assembly,ORG_CONNECTICUT_GENERAL_ASSEMBLY,registered to lobby; declared 5 issue(s),NOT OBTAINED (issue counts only),lobbying registration,4,strong temporal or documentary support,SOURCE_0019,"OSE client spending and issues report, period 2019-2020","Registering to lobby is lawful, ordinary and disclosed. It establishes that the client sought to influence legislation, not that it succeeded.","NO. This row records visibility, not causation.",Compensation 136096.25; total expenses 136096.25
INFL_0003,2019-2020,"Curaleaf, LLC",ORG_CURALEAF_LLC,Connecticut General Assembly,ORG_CONNECTICUT_GENERAL_ASSEMBLY,registered to lobby; declared 1 issue(s),NOT OBTAINED (issue counts only),lobbying registration,4,strong temporal or documentary support,SOURCE_0019,"OSE client spending and issues report, period 2019-2020","Registering to lobby is lawful, ordinary and disclosed. It establishes that the client sought to influence legislation, not that it succeeded.","NO. This row records visibility, not causation.",Compensation 131060.5; total expenses 131060.5
INFL_0004,2019-2020,"CT Medical Cannabis Council, Inc.",ORG_CT_MEDICAL_CANNABIS_COUNCIL_INC,Connecticut General Assembly,ORG_CONNECTICUT_GENERAL_ASSEMBLY,registered to lobby; declared 13 issue(s),NOT OBTAINED (issue counts only),lobbying registration,4,strong temporal or documentary support,SOURCE_0019,"OSE client spending and issues report, period 2019-2020","Registering to lobby is lawful, ordinary and disclosed. It establishes that the client sought to influence legislation, not that it succeeded.","NO. This row records visibility, not causation.",Compensation 97411.68; total expenses 107443.68
INFL_0005,2019-2020,SI Group Client Services,ORG_SI_GROUP_CLIENT_SERVICES,Connecticut General Assembly,ORG_CONNECTICUT_GENERAL_ASSEMBLY,registered to lobby; declared 1 issue(s),NOT OBTAINED (issue counts only),lobbying registration,4,strong temporal or documentary support,SOURCE_0019,"OSE client spending and issues report, period 2019-2020","Registering to lobby is lawful, ordinary and disclosed. It establishes that the client sought to influence legislation, not that it succeeded.","NO. This row records visibility, not causation.",Compensation 70000; total expenses 70000
INFL_0006,2019-2020,ADH Connecticut,ORG_ADH_CONNECTICUT,Connecticut General Assembly,ORG_CONNECTICUT_GENERAL_ASSEMBLY,registered to lobby; declared 5 issue(s),NOT OBTAINED (issue counts only),lobbying registration,4,strong temporal or documentary support,SOURCE_0019,"OSE client spending and issues report, period 2019-2020","Registering to lobby is lawful, ordinary and disclosed. It establishes that the client sought to influence legislation, not that it succeeded.","NO. This row records visibility, not causation.",Compensation 39756; total expenses 39756
INFL_0007,2019-2020,CT Pharmacists Association Academy of Medical Marijuana Dispensaries,ORG_CT_PHARMACISTS_ASSOCIATION_ACADEMY_OF_MEDICAL_MARIJUANA_DISP,Connecticut General Assembly,ORG_CONNECTICUT_GENERAL_ASSEMBLY,registered to lobby; declared 13 issue(s),NOT OBTAINED (issue counts only),lobbying registration,4,strong temporal or documentary support,SOURCE_0019,"OSE client spending and issues report, period 2019-2020","Registering to lobby is lawful, ordinary and disclosed. It establishes that the client sought to influence legislation, not that it succeeded.","NO. This row records visibility, not causation.",Compensation 37222.5; total expenses 37222.5
INFL_0008,2019-2020,Running Brook Farms,ORG_RUNNING_BROOK_FARMS,Connecticut General Assembly,ORG_CONNECTICUT_GENERAL_ASSEMBLY,registered to lobby; declared 5 issue(s),NOT OBTAINED (issue counts only),lobbying registration,4,strong temporal or documentary support,SOURCE_0019,"OSE client spending and issues report, period 2019-2020","Registering to lobby is lawful, ordinary and disclosed. It establishes that the client sought to influence legislation, not that it succeeded.","NO. This row records visibility, not causation.",Compensation 10806.79; total expenses 10806.79
INFL_0009,2021-2022,DXR Holdings 3 LLC  DBA Theraplant,ORG_DXR_HOLDINGS_3_LLC_DBA_THERAPLANT,Connecticut General Assembly,ORG_CONNECTICUT_GENERAL_ASSEMBLY,registered to lobby; declared 4 issue(s),NOT OBTAINED (issue counts only),lobbying registration,4,strong temporal or documentary support,SOURCE_0019,"OSE client spending and issues report, period 2021-2022","Registering to lobby is lawful, ordinary and disclosed. It establishes that the client sought to influence legislation, not that it succeeded.","NO. This row records visibility, not causation.",Compensation 320974.35; total expenses 320974.35
INFL_0010,2021-2022,"High Street Capital Partners, LLC.",ORG_HIGH_STREET_CAPITAL_PARTNERS_LLC,Connecticut General Assembly,ORG_CONNECTICUT_GENERAL_ASSEMBLY,registered to lobby; declared 6 issue(s),NOT OBTAINED (issue counts only),lobbying registration,4,strong temporal or documentary support,SOURCE_0019,"OSE client spending and issues report, period 2021-2022","Registering to lobby is lawful, ordinary and disclosed. It establishes that the client sought to influence legislation, not that it succeeded.","NO. This row records visibility, not causation.",Compensation 210541.28; total expenses 210541.28
INFL_0011,2021-2022,Trulieve,ORG_TRULIEVE,Connecticut General Assembly,ORG_CONNECTICUT_GENERAL_ASSEMBLY,registered to lobby; declared 6 issue(s),NOT OBTAINED (issue counts only),lobbying registration,4,strong temporal or documentary support,SOURCE_0019,"OSE client spending and issues report, period 2021-2022","Registering to lobby is lawful, ordinary and disclosed. It establishes that the client sought to influence legislation, not that it succeeded.","NO. This row records visibility, not causation.",Compensation 158990.8; total expenses 158990.8
INFL_0012,2021-2022,"Curaleaf, LLC",ORG_CURALEAF_LLC,Connecticut General Assembly,ORG_CONNECTICUT_GENERAL_ASSEMBLY,registered to lobby; declared 1 issue(s),NOT OBTAINED (issue counts only),lobbying registration,4,strong temporal or documentary support,SOURCE_0019,"OSE client spending and issues report, period 2021-2022","Registering to lobby is lawful, ordinary and disclosed. It establishes that the client sought to influence legislation, not that it succeeded.","NO. This row records visibility, not causation.",Compensation 126910.98; total expenses 126910.98
INFL_0013,2021-2022,"CT Medical Cannabis Council, Inc.",ORG_CT_MEDICAL_CANNABIS_COUNCIL_INC,Connecticut General Assembly,ORG_CONNECTICUT_GENERAL_ASSEMBLY,registered to lobby; declared 10 issue(s),NOT OBTAINED (issue counts only),lobbying registration,4,strong temporal or documentary support,SOURCE_0019,"OSE client spending and issues report, period 2021-2022","Registering to lobby is lawful, ordinary and disclosed. It establishes that the client sought to influence legislation, not that it succeeded.","NO. This row records visibility, not causation.",Compensation 115901.24; total expenses 124493.24
INFL_0014,2021-2022,GPM II LLC,ORG_GPM_II_LLC,Connecticut General Assembly,ORG_CONNECTICUT_GENERAL_ASSEMBLY,registered to lobby; declared 3 issue(s),NOT OBTAINED (issue counts only),lobbying registration,4,strong temporal or documentary support,SOURCE_0019,"OSE client spending and issues report, period 2021-2022","Registering to lobby is lawful, ordinary and disclosed. It establishes that the client sought to influence legislation, not that it succeeded.","NO. This row records visibility, not causation.",Compensation 64560; total expenses 64560
INFL_0015,2021-2022,The Connecticut Hemp Industry Association,ORG_THE_CONNECTICUT_HEMP_INDUSTRY_ASSOCIATION,Connecticut General Assembly,ORG_CONNECTICUT_GENERAL_ASSEMBLY,registered to lobby; declared 3 issue(s),NOT OBTAINED (issue counts only),lobbying registration,4,strong temporal or documentary support,SOURCE_0019,"OSE client spending and issues report, period 2021-2022","Registering to lobby is lawful, ordinary and disclosed. It establishes that the client sought to influence legislation, not that it succeeded.","NO. This row records visibility, not causation.",Compensation 61440.5; total expenses 61440.5
INFL_0016,2021-2022,SI Group Client Services,ORG_SI_GROUP_CLIENT_SERVICES,Connecticut General Assembly,ORG_CONNECTICUT_GENERAL_ASSEMBLY,registered to lobby; declared 1 issue(s),NOT OBTAINED (issue counts only),lobbying registration,4,strong temporal or documentary support,SOURCE_0019,"OSE client spending and issues report, period 2021-2022","Registering to lobby is lawful, ordinary and disclosed. It establishes that the client sought to influence legislation, not that it succeeded.","NO. This row records visibility, not causation.",Compensation 61250; total expenses 61250
INFL_0017,2021-2022,Nova Farms LLC,ORG_NOVA_FARMS_LLC,Connecticut General Assembly,ORG_CONNECTICUT_GENERAL_ASSEMBLY,registered to lobby; declared 6 issue(s),NOT OBTAINED (issue counts only),lobbying registration,4,strong temporal or documentary support,SOURCE_0019,"OSE client spending and issues report, period 2021-2022","Registering to lobby is lawful, ordinary and disclosed. It establishes that the client sought to influence legislation, not that it succeeded.","NO. This row records visibility, not causation.",Compensation 54770.25; total expenses 54770.25
INFL_0018,2021-2022,CT Pharmacists Association Academy of Medical Marijuana Dispensaries,ORG_CT_PHARMACISTS_ASSOCIATION_ACADEMY_OF_MEDICAL_MARIJUANA_DISP,Connecticut General Assembly,ORG_CONNECTICUT_GENERAL_ASSEMBLY,registered to lobby; declared 6 issue(s),NOT OBTAINED (issue counts only),lobbying registration,4,strong temporal or documentary support,SOURCE_0019,"OSE client spending and issues report, period 2021-2022","Registering to lobby is lawful, ordinary and disclosed. It establishes that the client sought to influence legislation, not that it succeeded.","NO. This row records visibility, not causation.",Compensation 53175; total expenses 53175
INFL_0019,2021-2022,ADH Connecticut,ORG_ADH_CONNECTICUT,Connecticut General Assembly,ORG_CONNECTICUT_GENERAL_ASSEMBLY,registered to lobby; declared 5 issue(s),NOT OBTAINED (issue counts only),lobbying registration,4,strong temporal or documentary support,SOURCE_0019,"OSE client spending and issues report, period 2021-2022","Registering to lobby is lawful, ordinary and disclosed. It establishes that the client sought to influence legislation, not that it succeeded.","NO. This row records visibility, not causation.",Compensation 40256; total expenses 40256
INFL_0020,2021-2022,Restorative Cannabis,ORG_RESTORATIVE_CANNABIS,Connecticut General Assembly,ORG_CONNECTICUT_GENERAL_ASSEMBLY,registered to lobby; declared 1 issue(s),NOT OBTAINED (issue counts only),lobbying registration,4,strong temporal or documentary support,SOURCE_0019,"OSE client spending and issues report, period 2021-2022","Registering to lobby is lawful, ordinary and disclosed. It establishes that the client sought to influence legislation, not that it succeeded.","NO. This row records visibility, not causation.",Compensation 35000; total expenses 35000
INFL_0021,2021-2022,Lasa Extract LLC,ORG_LASA_EXTRACT_LLC,Connecticut General Assembly,ORG_CONNECTICUT_GENERAL_ASSEMBLY,registered to lobby; declared 7 issue(s),NOT OBTAINED (issue counts only),lobbying registration,4,strong temporal or documentary support,SOURCE_0019,"OSE client spending and issues report, period 2021-2022","Registering to lobby is lawful, ordinary and disclosed. It establishes that the client sought to influence legislation, not that it succeeded.","NO. This row records visibility, not causation.",Compensation 34282; total expenses 34282
INFL_0022,2021-2022,Connecticut Premium Cigar Retailers Association,ORG_CONNECTICUT_PREMIUM_CIGAR_RETAILERS_ASSOCIATION,Connecticut General Assembly,ORG_CONNECTICUT_GENERAL_ASSEMBLY,registered to lobby; declared 2 issue(s),NOT OBTAINED,lobbying registration,4,strong temporal or documentary support,SOURCE_0019,"OSE client spending and issues report, period 2021-2022","Registering to lobby is lawful, ordinary and disclosed. It establishes that the client sought to influence legislation, not that it succeeded.","NO. This row records visibility, not causation.",Compensation 22227.15; total expenses 22227.15
INFL_0023,2021-2022,Still River Wellness,ORG_STILL_RIVER_WELLNESS,Connecticut General Assembly,ORG_CONNECTICUT_GENERAL_ASSEMBLY,registered to lobby; declared 9 issue(s),NOT OBTAINED (issue counts only),lobbying registration,4,strong temporal or documentary support,SOURCE_0019,"OSE client spending and issues report, period 2021-2022","Registering to lobby is lawful, ordinary and disclosed. It establishes that the client sought to influence legislation, not that it succeeded.","NO. This row records visibility, not causation.",Compensation 20472.36; total expenses 20472.36
INFL_0024,2021-2022,Running Brook Farms,ORG_RUNNING_BROOK_FARMS,Connecticut General Assembly,ORG_CONNECTICUT_GENERAL_ASSEMBLY,registered to lobby; declared 7 issue(s),NOT OBTAINED (issue counts only),lobbying registration,4,strong temporal or documentary support,SOURCE_0019,"OSE client spending and issues report, period 2021-2022","Registering to lobby is lawful, ordinary and disclosed. It establishes that the client sought to influence legislation, not that it succeeded.","NO. This row records visibility, not causation.",Compensation 15519.73; total expenses 15519.73
INFL_0025,2023-2024,DXR Holdings 3 LLC  DBA Theraplant,ORG_DXR_HOLDINGS_3_LLC_DBA_THERAPLANT,Connecticut General Assembly,ORG_CONNECTICUT_GENERAL_ASSEMBLY,registered to lobby; declared 2 issue(s),NOT OBTAINED (issue counts only),lobbying registration,4,strong temporal or documentary support,SOURCE_0019,"OSE client spending and issues report, period 2023-2024","Registering to lobby is lawful, ordinary and disclosed. It establishes that the client sought to influence legislation, not that it succeeded.","NO. This row records visibility, not causation.",Compensation 166650.48; total expenses 166650.48
INFL_0026,2023-2024,"High Street Capital Partners, LLC",ORG_HIGH_STREET_CAPITAL_PARTNERS_LLC,Connecticut General Assembly,ORG_CONNECTICUT_GENERAL_ASSEMBLY,registered to lobby; declared 7 issue(s),NOT OBTAINED (issue counts only),lobbying registration,4,strong temporal or documentary support,SOURCE_0019,"OSE client spending and issues report, period 2023-2024","Registering to lobby is lawful, ordinary and disclosed. It establishes that the client sought to influence legislation, not that it succeeded.","NO. This row records visibility, not causation.",Compensation 165874.25; total expenses 165874.25
INFL_0027,2023-2024,"Curaleaf, LLC",ORG_CURALEAF_LLC,Connecticut General Assembly,ORG_CONNECTICUT_GENERAL_ASSEMBLY,registered to lobby; declared 1 issue(s),NOT OBTAINED (issue counts only),lobbying registration,4,strong temporal or documentary support,SOURCE_0019,"OSE client spending and issues report, period 2023-2024","Registering to lobby is lawful, ordinary and disclosed. It establishes that the client sought to influence legislation, not that it succeeded.","NO. This row records visibility, not causation.",Compensation 133187.5; total expenses 133187.5
INFL_0028,2023-2024,"CT Medical Cannabis Council, Inc.",ORG_CT_MEDICAL_CANNABIS_COUNCIL_INC,Connecticut General Assembly,ORG_CONNECTICUT_GENERAL_ASSEMBLY,registered to lobby; declared 8 issue(s),NOT OBTAINED (issue counts only),lobbying registration,4,strong temporal or documentary support,SOURCE_0019,"OSE client spending and issues report, period 2023-2024","Registering to lobby is lawful, ordinary and disclosed. It establishes that the client sought to influence legislation, not that it succeeded.","NO. This row records visibility, not causation.",Compensation 95239; total expenses 95239
INFL_0029,2023-2024,SI Group Client Services,ORG_SI_GROUP_CLIENT_SERVICES,Connecticut General Assembly,ORG_CONNECTICUT_GENERAL_ASSEMBLY,registered to lobby; declared 1 issue(s),NOT OBTAINED (issue counts only),lobbying registration,4,strong temporal or documentary support,SOURCE_0019,"OSE client spending and issues report, period 2023-2024","Registering to lobby is lawful, ordinary and disclosed. It establishes that the client sought to influence legislation, not that it succeeded.","NO. This row records visibility, not causation.",Compensation 70858.71; total expenses 70858.71
INFL_0030,2023-2024,Budr Cannabis,ORG_BUDR_CANNABIS,Connecticut General Assembly,ORG_CONNECTICUT_GENERAL_ASSEMBLY,registered to lobby; declared 1 issue(s),NOT OBTAINED (issue counts only),lobbying registration,4,strong temporal or documentary support,SOURCE_0019,"OSE client spending and issues report, period 2023-2024","Registering to lobby is lawful, ordinary and disclosed. It establishes that the client sought to influence legislation, not that it succeeded.","NO. This row records visibility, not causation.",Compensation 69382.25; total expenses 69407.25
INFL_0031,2023-2024,Connecticut Canna Food and Beverage Alliance Corporation,ORG_CONNECTICUT_CANNA_FOOD_AND_BEVERAGE_ALLIANCE_CORPORATION,Connecticut General Assembly,ORG_CONNECTICUT_GENERAL_ASSEMBLY,registered to lobby; declared 2 issue(s),NOT OBTAINED (issue counts only),lobbying registration,4,strong temporal or documentary support,SOURCE_0019,"OSE client spending and issues report, period 2023-2024","Registering to lobby is lawful, ordinary and disclosed. It establishes that the client sought to influence legislation, not that it succeeded.","NO. This row records visibility, not causation.",Compensation 68043.04; total expenses 68043.04
INFL_0032,2023-2024,Affinty Health and Wellness,ORG_AFFINTY_HEALTH_AND_WELLNESS,Connecticut General Assembly,ORG_CONNECTICUT_GENERAL_ASSEMBLY,registered to lobby; declared 1 issue(s),NOT OBTAINED (issue counts only),lobbying registration,4,strong temporal or documentary support,SOURCE_0019,"OSE client spending and issues report, period 2023-2024","Registering to lobby is lawful, ordinary and disclosed. It establishes that the client sought to influence legislation, not that it succeeded.","NO. This row records visibility, not causation.",Compensation 63992.5; total expenses 63992.5
INFL_0033,2023-2024,"Connecticut Social Equity Holdings, LLC",ORG_CONNECTICUT_SOCIAL_EQUITY_HOLDINGS_LLC,Connecticut General Assembly,ORG_CONNECTICUT_GENERAL_ASSEMBLY,registered to lobby; declared 7 issue(s),NOT OBTAINED (issue counts only),lobbying registration,4,strong temporal or documentary support,SOURCE_0019,"OSE client spending and issues report, period 2023-2024","Registering to lobby is lawful, ordinary and disclosed. It establishes that the client sought to influence legislation, not that it succeeded.","NO. This row records visibility, not causation.",Compensation 63810; total expenses 63810
INFL_0034,2023-2024,Nova Farms LLC,ORG_NOVA_FARMS_LLC,Connecticut General Assembly,ORG_CONNECTICUT_GENERAL_ASSEMBLY,registered to lobby; declared 5 issue(s),NOT OBTAINED (issue counts only),lobbying registration,4,strong temporal or documentary support,SOURCE_0019,"OSE client spending and issues report, period 2023-2024","Registering to lobby is lawful, ordinary and disclosed. It establishes that the client sought to influence legislation, not that it succeeded.","NO. This row records visibility, not causation.",Compensation 63810; total expenses 63810
INFL_0035,2023-2024,GPM II LLC,ORG_GPM_II_LLC,Connecticut General Assembly,ORG_CONNECTICUT_GENERAL_ASSEMBLY,registered to lobby; declared 1 issue(s),NOT OBTAINED (issue counts only),lobbying registration,4,strong temporal or documentary support,SOURCE_0019,"OSE client spending and issues report, period 2023-2024","Registering to lobby is lawful, ordinary and disclosed. It establishes that the client sought to influence legislation, not that it succeeded.","NO. This row records visibility, not causation.",Compensation 60093.3; total expenses 60093.3
INFL_0036,2023-2024,"Mohave CT, LLC.",ORG_MOHAVE_CT_LLC,Connecticut General Assembly,ORG_CONNECTICUT_GENERAL_ASSEMBLY,registered to lobby; declared 0 issue(s),NOT OBTAINED (issue counts only),lobbying registration,4,strong temporal or documentary support,SOURCE_0019,"OSE client spending and issues report, period 2023-2024","Registering to lobby is lawful, ordinary and disclosed. It establishes that the client sought to influence legislation, not that it succeeded.","NO. This row records visibility, not causation.",Compensation 59806; total expenses 59806
INFL_0037,2023-2024,Lets Grow Hartford,ORG_LETS_GROW_HARTFORD,Connecticut General Assembly,ORG_CONNECTICUT_GENERAL_ASSEMBLY,registered to lobby; declared 3 issue(s),NOT OBTAINED (issue counts only),lobbying registration,4,strong temporal or documentary support,SOURCE_0019,"OSE client spending and issues report, period 2023-2024","Registering to lobby is lawful, ordinary and disclosed. It establishes that the client sought to influence legislation, not that it succeeded.","NO. This row records visibility, not causation.",Compensation 49133.7; total expenses 49133.7
INFL_0038,2023-2024,ADH Connecticut,ORG_ADH_CONNECTICUT,Connecticut General Assembly,ORG_CONNECTICUT_GENERAL_ASSEMBLY,registered to lobby; declared 7 issue(s),NOT OBTAINED (issue counts only),lobbying registration,4,strong temporal or documentary support,SOURCE_0019,"OSE client spending and issues report, period 2023-2024","Registering to lobby is lawful, ordinary and disclosed. It establishes that the client sought to influence legislation, not that it succeeded.","NO. This row records visibility, not causation.",Compensation 40256; total expenses 40256
INFL_0039,2023-2024,Vantage Point Edge; LLC,ORG_VANTAGE_POINT_EDGE_LLC,Connecticut General Assembly,ORG_CONNECTICUT_GENERAL_ASSEMBLY,registered to lobby; declared 6 issue(s),NOT OBTAINED (issue counts only),lobbying registration,4,strong temporal or documentary support,SOURCE_0019,"OSE client spending and issues report, period 2023-2024","Registering to lobby is lawful, ordinary and disclosed. It establishes that the client sought to influence legislation, not that it succeeded.","NO. This row records visibility, not causation.",Compensation 33005.04; total expenses 33005.04
INFL_0040,2023-2024,Trulieve,ORG_TRULIEVE,Connecticut General Assembly,ORG_CONNECTICUT_GENERAL_ASSEMBLY,registered to lobby; declared 6 issue(s),NOT OBTAINED (issue counts only),lobbying registration,4,strong temporal or documentary support,SOURCE_0019,"OSE client spending and issues report, period 2023-2024","Registering to lobby is lawful, ordinary and disclosed. It establishes that the client sought to influence legislation, not that it succeeded.","NO. This row records visibility, not causation.",Compensation 31905; total expenses 31905
INFL_0041,2023-2024,The Connecticut Hemp Industry Association,ORG_THE_CONNECTICUT_HEMP_INDUSTRY_ASSOCIATION,Connecticut General Assembly,ORG_CONNECTICUT_GENERAL_ASSEMBLY,registered to lobby; declared 8 issue(s),NOT OBTAINED (issue counts only),lobbying registration,4,strong temporal or documentary support,SOURCE_0019,"OSE client spending and issues report, period 2023-2024","Registering to lobby is lawful, ordinary and disclosed. It establishes that the client sought to influence legislation, not that it succeeded.","NO. This row records visibility, not causation.",Compensation 31645.69; total expenses 31645.69
INFL_0042,2023-2024,Connecticut Hemp Industry Association,ORG_CONNECTICUT_HEMP_INDUSTRY_ASSOCIATION,Connecticut General Assembly,ORG_CONNECTICUT_GENERAL_ASSEMBLY,registered to lobby; declared 3 issue(s),NOT OBTAINED (issue counts only),lobbying registration,4,strong temporal or documentary support,SOURCE_0019,"OSE client spending and issues report, period 2023-2024","Registering to lobby is lawful, ordinary and disclosed. It establishes that the client sought to influence legislation, not that it succeeded.","NO. This row records visibility, not causation.",Compensation 31143; total expenses 31143
INFL_0043,2023-2024,MCEJV d/h/a Affinity Grow,ORG_MCEJV_D_H_A_AFFINITY_GROW,Connecticut General Assembly,ORG_CONNECTICUT_GENERAL_ASSEMBLY,registered to lobby; declared 0 issue(s),NOT OBTAINED (issue counts only),lobbying registration,4,strong temporal or documentary support,SOURCE_0019,"OSE client spending and issues report, period 2023-2024","Registering to lobby is lawful, ordinary and disclosed. It establishes that the client sought to influence legislation, not that it succeeded.","NO. This row records visibility, not causation.",Compensation 30628.8; total expenses 30628.8
INFL_0044,2023-2024,CT Cannabis Chamber of Commerce,ORG_CT_CANNABIS_CHAMBER_OF_COMMERCE,Connecticut General Assembly,ORG_CONNECTICUT_GENERAL_ASSEMBLY,registered to lobby; declared 13 issue(s),NOT OBTAINED (issue counts only),lobbying registration,4,strong temporal or documentary support,SOURCE_0019,"OSE client spending and issues report, period 2023-2024","Registering to lobby is lawful, ordinary and disclosed. It establishes that the client sought to influence legislation, not that it succeeded.","NO. This row records visibility, not causation.",Compensation 30000; total expenses 30000
INFL_0045,2023-2024,Analytics Labs,ORG_ANALYTICS_LABS,Connecticut General Assembly,ORG_CONNECTICUT_GENERAL_ASSEMBLY,registered to lobby; declared 3 issue(s),NOT OBTAINED (issue counts only),lobbying registration,4,strong temporal or documentary support,SOURCE_0019,"OSE client spending and issues report, period 2023-2024","Registering to lobby is lawful, ordinary and disclosed. It establishes that the client sought to influence legislation, not that it succeeded.","NO. This row records visibility, not causation.",Compensation 18327.75; total expenses 18327.75
INFL_0046,2023-2024,"Advanced Grow Labs Technologies, LLC",ORG_ADVANCED_GROW_LABS_TECHNOLOGIES_LLC,Connecticut General Assembly,ORG_CONNECTICUT_GENERAL_ASSEMBLY,registered to lobby; declared 0 issue(s),NOT OBTAINED (issue counts only),lobbying registration,4,strong temporal or documentary support,SOURCE_0019,"OSE client spending and issues report, period 2023-2024","Registering to lobby is lawful, ordinary and disclosed. It establishes that the client sought to influence legislation, not that it succeeded.","NO. This row records visibility, not causation.",Compensation 7976.25; total expenses 7976.25
INFL_0047,2023-2024,Running Brook Farms,ORG_RUNNING_BROOK_FARMS,Connecticut General Assembly,ORG_CONNECTICUT_GENERAL_ASSEMBLY,registered to lobby; declared 6 issue(s),NOT OBTAINED (issue counts only),lobbying registration,4,strong temporal or documentary support,SOURCE_0019,"OSE client spending and issues report, period 2023-2024","Registering to lobby is lawful, ordinary and disclosed. It establishes that the client sought to influence legislation, not that it succeeded.","NO. This row records visibility, not causation.",Compensation 6792.04; total expenses 6792.04
INFL_0048,2023-2024,Still River Wellness,ORG_STILL_RIVER_WELLNESS,Connecticut General Assembly,ORG_CONNECTICUT_GENERAL_ASSEMBLY,registered to lobby; declared 8 issue(s),NOT OBTAINED (issue counts only),lobbying registration,4,strong temporal or documentary support,SOURCE_0019,"OSE client spending and issues report, period 2023-2024","Registering to lobby is lawful, ordinary and disclosed. It establishes that the client sought to influence legislation, not that it succeeded.","NO. This row records visibility, not causation.",Compensation 2611.13; total expenses 2611.13
INFL_0049,2023-2024,Connecticut Cigar Company,ORG_CONNECTICUT_CIGAR_COMPANY,Connecticut General Assembly,ORG_CONNECTICUT_GENERAL_ASSEMBLY,registered to lobby; declared 2 issue(s),NOT OBTAINED (issue counts only),lobbying registration,4,strong temporal or documentary support,SOURCE_0019,"OSE client spending and issues report, period 2023-2024","Registering to lobby is lawful, ordinary and disclosed. It establishes that the client sought to influence legislation, not that it succeeded.","NO. This row records visibility, not causation.",Compensation 1813.5; total expenses 1813.5
INFL_0050,2023-2024,"PHCS, LLC",ORG_PHCS_LLC,Connecticut General Assembly,ORG_CONNECTICUT_GENERAL_ASSEMBLY,registered to lobby; declared 2 issue(s),NOT OBTAINED (issue counts only),lobbying registration,4,strong temporal or documentary support,SOURCE_0019,"OSE client spending and issues report, period 2023-2024","Registering to lobby is lawful, ordinary and disclosed. It establishes that the client sought to influence legislation, not that it succeeded.","NO. This row records visibility, not causation.",Compensation 1250; total expenses 1250
INFL_0051,2023-2024,Nuka Foods,ORG_NUKA_FOODS,Connecticut General Assembly,ORG_CONNECTICUT_GENERAL_ASSEMBLY,registered to lobby; declared 3 issue(s),NOT OBTAINED (issue counts only),lobbying registration,4,strong temporal or documentary support,SOURCE_0019,"OSE client spending and issues report, period 2023-2024","Registering to lobby is lawful, ordinary and disclosed. It establishes that the client sought to influence legislation, not that it succeeded.","NO. This row records visibility, not causation.",Compensation 0; total expenses 0
INFL_0052,2025-2026,Yale University,ORG_YALE_UNIVERSITY,Connecticut General Assembly,ORG_CONNECTICUT_GENERAL_ASSEMBLY,registered to lobby; declared 36 issue(s),NOT OBTAINED (issue counts only),lobbying registration,4,strong temporal or documentary support,SOURCE_0019,"OSE client spending and issues report, period 2025-2026","Registering to lobby is lawful, ordinary and disclosed. It establishes that the client sought to influence legislation, not that it succeeded.","NO. This row records visibility, not causation.",Compensation 161649.81; total expenses 161649.81
INFL_0053,2025-2026,"Mohave CT, LLC.",ORG_MOHAVE_CT_LLC,Connecticut General Assembly,ORG_CONNECTICUT_GENERAL_ASSEMBLY,registered to lobby; declared 4 issue(s),NOT OBTAINED (issue counts only),lobbying registration,4,strong temporal or documentary support,SOURCE_0019,"OSE client spending and issues report, period 2025-2026","Registering to lobby is lawful, ordinary and disclosed. It establishes that the client sought to influence legislation, not that it succeeded.","NO. This row records visibility, not causation.",Compensation 134501; total expenses 134501
INFL_0054,2025-2026,"Curaleaf, LLC",ORG_CURALEAF_LLC,Connecticut General Assembly,ORG_CONNECTICUT_GENERAL_ASSEMBLY,registered to lobby; declared 1 issue(s),NOT OBTAINED (issue counts only),lobbying registration,4,strong temporal or documentary support,SOURCE_0019,"OSE client spending and issues report, period 2025-2026","Registering to lobby is lawful, ordinary and disclosed. It establishes that the client sought to influence legislation, not that it succeeded.","NO. This row records visibility, not causation.",Compensation 95965; total expenses 95965
INFL_0055,2025-2026,"CT Medical Cannabis Council, Inc.",ORG_CT_MEDICAL_CANNABIS_COUNCIL_INC,Connecticut General Assembly,ORG_CONNECTICUT_GENERAL_ASSEMBLY,registered to lobby; declared 7 issue(s),NOT OBTAINED (issue counts only),lobbying registration,4,strong temporal or documentary support,SOURCE_0019,"OSE client spending and issues report, period 2025-2026","Registering to lobby is lawful, ordinary and disclosed. It establishes that the client sought to influence legislation, not that it succeeded.","NO. This row records visibility, not causation.",Compensation 77824.5; total expenses 77824.5
INFL_0056,2025-2026,Wheeler Clinic; Inc,ORG_WHEELER_CLINIC_INC,Connecticut General Assembly,ORG_CONNECTICUT_GENERAL_ASSEMBLY,registered to lobby; declared 7 issue(s),NOT OBTAINED (issue counts only),lobbying registration,4,strong temporal or documentary support,SOURCE_0019,"OSE client spending and issues report, period 2025-2026","Registering to lobby is lawful, ordinary and disclosed. It establishes that the client sought to influence legislation, not that it succeeded.","NO. This row records visibility, not causation.",Compensation 76668; total expenses 76668
INFL_0057,2025-2026,Budr Cannabis,ORG_BUDR_CANNABIS,Connecticut General Assembly,ORG_CONNECTICUT_GENERAL_ASSEMBLY,registered to lobby; declared 1 issue(s),NOT OBTAINED (issue counts only),lobbying registration,4,strong temporal or documentary support,SOURCE_0019,"OSE client spending and issues report, period 2025-2026","Registering to lobby is lawful, ordinary and disclosed. It establishes that the client sought to influence legislation, not that it succeeded.","NO. This row records visibility, not causation.",Compensation 63417.2; total expenses 63417.2
INFL_0058,2025-2026,"Advanced Grow Labs Technologies, LLC",ORG_ADVANCED_GROW_LABS_TECHNOLOGIES_LLC,Connecticut General Assembly,ORG_CONNECTICUT_GENERAL_ASSEMBLY,registered to lobby; declared 7 issue(s),NOT OBTAINED (issue counts only),lobbying registration,4,strong temporal or documentary support,SOURCE_0019,"OSE client spending and issues report, period 2025-2026","Registering to lobby is lawful, ordinary and disclosed. It establishes that the client sought to influence legislation, not that it succeeded.","NO. This row records visibility, not causation.",Compensation 61151.34; total expenses 61151.34
INFL_0059,2025-2026,CT Cannabis Chamber of Commerce,ORG_CT_CANNABIS_CHAMBER_OF_COMMERCE,Connecticut General Assembly,ORG_CONNECTICUT_GENERAL_ASSEMBLY,registered to lobby; declared 12 issue(s),NOT OBTAINED (issue counts only),lobbying registration,4,strong temporal or documentary support,SOURCE_0019,"OSE client spending and issues report, period 2025-2026","Registering to lobby is lawful, ordinary and disclosed. It establishes that the client sought to influence legislation, not that it succeeded.","NO. This row records visibility, not causation.",Compensation 60000; total expenses 60000
INFL_0060,2025-2026,Connecticut Canna Food and Beverage Alliance Corporation,ORG_CONNECTICUT_CANNA_FOOD_AND_BEVERAGE_ALLIANCE_CORPORATION,Connecticut General Assembly,ORG_CONNECTICUT_GENERAL_ASSEMBLY,registered to lobby; declared 2 issue(s),NOT OBTAINED (issue counts only),lobbying registration,4,strong temporal or documentary support,SOURCE_0019,"OSE client spending and issues report, period 2025-2026","Registering to lobby is lawful, ordinary and disclosed. It establishes that the client sought to influence legislation, not that it succeeded.","NO. This row records visibility, not causation.",Compensation 51048; total expenses 51048
INFL_0061,2025-2026,Float House,ORG_FLOAT_HOUSE,Connecticut General Assembly,ORG_CONNECTICUT_GENERAL_ASSEMBLY,registered to lobby; declared 2 issue(s),NOT OBTAINED (issue counts only),lobbying registration,4,strong temporal or documentary support,SOURCE_0019,"OSE client spending and issues report, period 2025-2026","Registering to lobby is lawful, ordinary and disclosed. It establishes that the client sought to influence legislation, not that it succeeded.","NO. This row records visibility, not causation.",Compensation 48750; total expenses 48750
INFL_0062,2025-2026,Nova Farms LLC,ORG_NOVA_FARMS_LLC,Connecticut General Assembly,ORG_CONNECTICUT_GENERAL_ASSEMBLY,registered to lobby; declared 4 issue(s),NOT OBTAINED (issue counts only),lobbying registration,4,strong temporal or documentary support,SOURCE_0019,"OSE client spending and issues report, period 2025-2026","Registering to lobby is lawful, ordinary and disclosed. It establishes that the client sought to influence legislation, not that it succeeded.","NO. This row records visibility, not causation.",Compensation 47976.25; total expenses 47976.25
INFL_0063,2025-2026,"CH MH Services (CT), LLC",ORG_CH_MH_SERVICES_CT_LLC,Connecticut General Assembly,ORG_CONNECTICUT_GENERAL_ASSEMBLY,registered to lobby; declared 45 issue(s),NOT OBTAINED (issue counts only),lobbying registration,4,strong temporal or documentary support,SOURCE_0019,"OSE client spending and issues report, period 2025-2026","Registering to lobby is lawful, ordinary and disclosed. It establishes that the client sought to influence legislation, not that it succeeded.","NO. This row records visibility, not causation.",Compensation 45417; total expenses 45417
INFL_0064,2025-2026,"Affinity Health, LLC",ORG_AFFINITY_HEALTH_LLC,Connecticut General Assembly,ORG_CONNECTICUT_GENERAL_ASSEMBLY,registered to lobby; declared 1 issue(s),NOT OBTAINED (issue counts only),lobbying registration,4,strong temporal or documentary support,SOURCE_0019,"OSE client spending and issues report, period 2025-2026","Registering to lobby is lawful, ordinary and disclosed. It establishes that the client sought to influence legislation, not that it succeeded.","NO. This row records visibility, not causation.",Compensation 42540; total expenses 42540
INFL_0065,2025-2026,Analytics Labs,ORG_ANALYTICS_LABS,Connecticut General Assembly,ORG_CONNECTICUT_GENERAL_ASSEMBLY,registered to lobby; declared 1 issue(s),NOT OBTAINED (issue counts only),lobbying registration,4,strong temporal or documentary support,SOURCE_0019,"OSE client spending and issues report, period 2025-2026","Registering to lobby is lawful, ordinary and disclosed. It establishes that the client sought to influence legislation, not that it succeeded.","NO. This row records visibility, not causation.",Compensation 38286; total expenses 38286
INFL_0066,2025-2026,Southford Park LLC,ORG_SOUTHFORD_PARK_LLC,Connecticut General Assembly,ORG_CONNECTICUT_GENERAL_ASSEMBLY,registered to lobby; declared 45 issue(s),NOT OBTAINED (issue counts only),lobbying registration,4,strong temporal or documentary support,SOURCE_0019,"OSE client spending and issues report, period 2025-2026","Registering to lobby is lawful, ordinary and disclosed. It establishes that the client sought to influence legislation, not that it succeeded.","NO. This row records visibility, not causation.",Compensation 34032; total expenses 34032
INFL_0067,2025-2026,ADH Connecticut,ORG_ADH_CONNECTICUT,Connecticut General Assembly,ORG_CONNECTICUT_GENERAL_ASSEMBLY,registered to lobby; declared 7 issue(s),NOT OBTAINED (issue counts only),lobbying registration,4,strong temporal or documentary support,SOURCE_0019,"OSE client spending and issues report, period 2025-2026","Registering to lobby is lawful, ordinary and disclosed. It establishes that the client sought to influence legislation, not that it succeeded.","NO. This row records visibility, not causation.",Compensation 33130.2; total expenses 33130.2
INFL_0068,2025-2026,MCEJV d/h/a Affinity Grow,ORG_MCEJV_D_H_A_AFFINITY_GROW,Connecticut General Assembly,ORG_CONNECTICUT_GENERAL_ASSEMBLY,registered to lobby; declared 1 issue(s),NOT OBTAINED (issue counts only),lobbying registration,4,strong temporal or documentary support,SOURCE_0019,"OSE client spending and issues report, period 2025-2026","Registering to lobby is lawful, ordinary and disclosed. It establishes that the client sought to influence legislation, not that it succeeded.","NO. This row records visibility, not causation.",Compensation 30628.8; total expenses 30628.8
INFL_0069,2025-2026,The Connecticut Hemp Industry Association,ORG_THE_CONNECTICUT_HEMP_INDUSTRY_ASSOCIATION,Connecticut General Assembly,ORG_CONNECTICUT_GENERAL_ASSEMBLY,registered to lobby; declared 3 issue(s),NOT OBTAINED (issue counts only),lobbying registration,4,strong temporal or documentary support,SOURCE_0019,"OSE client spending and issues report, period 2025-2026","Registering to lobby is lawful, ordinary and disclosed. It establishes that the client sought to influence legislation, not that it succeeded.","NO. This row records visibility, not causation.",Compensation 24000; total expenses 24000
INFL_0070,2025-2026,CBC Solutions,ORG_CBC_SOLUTIONS,Connecticut General Assembly,ORG_CONNECTICUT_GENERAL_ASSEMBLY,registered to lobby; declared 45 issue(s),NOT OBTAINED (issue counts only),lobbying registration,4,strong temporal or documentary support,SOURCE_0019,"OSE client spending and issues report, period 2025-2026","Registering to lobby is lawful, ordinary and disclosed. It establishes that the client sought to influence legislation, not that it succeeded.","NO. This row records visibility, not causation.",Compensation 16702.46; total expenses 16702.46
INFL_0071,2025-2026,DXR Holdings 3 LLC  DBA Theraplant,ORG_DXR_HOLDINGS_3_LLC_DBA_THERAPLANT,Connecticut General Assembly,ORG_CONNECTICUT_GENERAL_ASSEMBLY,registered to lobby; declared 1 issue(s),NOT OBTAINED (issue counts only),lobbying registration,4,strong temporal or documentary support,SOURCE_0019,"OSE client spending and issues report, period 2025-2026","Registering to lobby is lawful, ordinary and disclosed. It establishes that the client sought to influence legislation, not that it succeeded.","NO. This row records visibility, not causation.",Compensation 16590.6; total expenses 16590.6
INFL_0072,2025-2026,Dutch LLC,ORG_DUTCH_LLC,Connecticut General Assembly,ORG_CONNECTICUT_GENERAL_ASSEMBLY,registered to lobby; declared 1 issue(s),NOT OBTAINED (issue counts only),lobbying registration,4,strong temporal or documentary support,SOURCE_0019,"OSE client spending and issues report, period 2025-2026","Registering to lobby is lawful, ordinary and disclosed. It establishes that the client sought to influence legislation, not that it succeeded.","NO. This row records visibility, not causation.",Compensation 11635; total expenses 11635
INFL_0073,2025-2026,GPM II LLC,ORG_GPM_II_LLC,Connecticut General Assembly,ORG_CONNECTICUT_GENERAL_ASSEMBLY,registered to lobby; declared 0 issue(s),NOT OBTAINED (issue counts only),lobbying registration,4,strong temporal or documentary support,SOURCE_0019,"OSE client spending and issues report, period 2025-2026","Registering to lobby is lawful, ordinary and disclosed. It establishes that the client sought to influence legislation, not that it succeeded.","NO. This row records visibility, not causation.",Compensation 10584.7; total expenses 10584.7
INFL_0074,2025-2026,AIR Distribution USA Inc,ORG_AIR_DISTRIBUTION_USA_INC,Connecticut General Assembly,ORG_CONNECTICUT_GENERAL_ASSEMBLY,registered to lobby; declared 1 issue(s),NOT OBTAINED (issue counts only),lobbying registration,4,strong temporal or documentary support,SOURCE_0019,"OSE client spending and issues report, period 2025-2026","Registering to lobby is lawful, ordinary and disclosed. It establishes that the client sought to influence legislation, not that it succeeded.","NO. This row records visibility, not causation.",Compensation 10365; total expenses 10365
INFL_0075,2025-2026,"Connecticut Social Equity Holdings, LLC",ORG_CONNECTICUT_SOCIAL_EQUITY_HOLDINGS_LLC,Connecticut General Assembly,ORG_CONNECTICUT_GENERAL_ASSEMBLY,registered to lobby; declared 7 issue(s),NOT OBTAINED (issue counts only),lobbying registration,4,strong temporal or documentary support,SOURCE_0019,"OSE client spending and issues report, period 2025-2026","Registering to lobby is lawful, ordinary and disclosed. It establishes that the client sought to influence legislation, not that it succeeded.","NO. This row records visibility, not causation.",Compensation 0; total expenses 0
INFL_0076,2025-2026,The Goods THC Co.,ORG_THE_GOODS_THC_CO,Connecticut General Assembly,ORG_CONNECTICUT_GENERAL_ASSEMBLY,registered to lobby; declared 1 issue(s),NOT OBTAINED (issue counts only),lobbying registration,4,strong temporal or documentary support,SOURCE_0019,"OSE client spending and issues report, period 2025-2026","Registering to lobby is lawful, ordinary and disclosed. It establishes that the client sought to influence legislation, not that it succeeded.","NO. This row records visibility, not causation.",Compensation 0; total expenses 0
INFL_0077,2025-2026,Lets Grow Hartford,ORG_LETS_GROW_HARTFORD,Connecticut General Assembly,ORG_CONNECTICUT_GENERAL_ASSEMBLY,registered to lobby; declared 8 issue(s),NOT OBTAINED,lobbying registration,4,strong temporal or documentary support,SOURCE_0019,"OSE client spending and issues report, period 2025-2026","Registering to lobby is lawful, ordinary and disclosed. It establishes that the client sought to influence legislation, not that it succeeded.","NO. This row records visibility, not causation.",Compensation ; total expenses 
INFL_0078,2025-2026,SI Group Client Services,ORG_SI_GROUP_CLIENT_SERVICES,Connecticut General Assembly,ORG_CONNECTICUT_GENERAL_ASSEMBLY,registered to lobby; declared 1 issue(s),NOT OBTAINED,lobbying registration,4,strong temporal or documentary support,SOURCE_0019,"OSE client spending and issues report, period 2025-2026","Registering to lobby is lawful, ordinary and disclosed. It establishes that the client sought to influence legislation, not that it succeeded.","NO. This row records visibility, not causation.",Compensation ; total expenses 
INFL_0079,2018-01-27,Erik Williams,PERSON_ERIK_WILLIAMS,(blank in filing),ORG_BLANK_IN_FILING,campaign contribution of $250,,campaign contribution,4,strong temporal or documentary support,SOURCE_0020,SEEC report E54620,"A lawful disclosed contribution. It is visibility, not causation, and no improper influence is asserted or implied.","NO. This row records visibility, not causation.",identity confidence HIGH; cannabis link at time: Y (filed employer/occupation/name is cannabis)
INFL_0080,2018-01-31,DeVaughn Ward,PERSON_DEVAUGHN_WARD,(blank in filing),ORG_BLANK_IN_FILING,campaign contribution of $20,,campaign contribution,4,strong temporal or documentary support,SOURCE_0020,SEEC report E55137,"A lawful disclosed contribution. It is visibility, not causation, and no improper influence is asserted or implied.","NO. This row records visibility, not causation.",identity confidence HIGH; cannabis link at time: PERSON-LEVEL ONLY (filed employer not cannabis)
INFL_0081,2018-02-13,Arthur Linares,PERSON_ARTHUR_LINARES,(blank in filing),ORG_BLANK_IN_FILING,campaign contribution of $250,,campaign contribution,2,weak lead,SOURCE_0020,SEEC report E53983,"A lawful disclosed contribution. It is visibility, not causation, and no improper influence is asserted or implied.","NO. This row records visibility, not causation.",identity confidence MEDIUM; cannabis link at time: NO - predates Linares Faye LLC (2022-03-30); includes contributions as a sitting senator
INFL_0082,2018-02-15,Arthur Linares,PERSON_ARTHUR_LINARES,(blank in filing),ORG_BLANK_IN_FILING,campaign contribution of $250,,campaign contribution,2,weak lead,SOURCE_0020,SEEC report E55016,"A lawful disclosed contribution. It is visibility, not causation, and no improper influence is asserted or implied.","NO. This row records visibility, not causation.",identity confidence MEDIUM; cannabis link at time: NO - predates Linares Faye LLC (2022-03-30); includes contributions as a sitting senator
INFL_0083,2018-03-01,Nicole Liedke,PERSON_NICOLE_LIEDKE,(blank in filing),ORG_BLANK_IN_FILING,campaign contribution of $10,,campaign contribution,4,strong temporal or documentary support,SOURCE_0020,SEEC report E54082,"A lawful disclosed contribution. It is visibility, not causation, and no improper influence is asserted or implied.","NO. This row records visibility, not causation.",identity confidence HIGH; cannabis link at time: Y (filed employer/occupation/name is cannabis)
INFL_0084,2018-03-26,Art Linares,PERSON_ART_LINARES,(blank in filing),ORG_BLANK_IN_FILING,campaign contribution of $250,,campaign contribution,2,weak lead,SOURCE_0020,SEEC report E54302,"A lawful disclosed contribution. It is visibility, not causation, and no improper influence is asserted or implied.","NO. This row records visibility, not causation.",identity confidence MEDIUM; cannabis link at time: NO - predates Linares Faye LLC (2022-03-30); includes contributions as a sitting senator
INFL_0085,2018-05-15,Kennard Ray,PERSON_KENNARD_RAY,(blank in filing),ORG_BLANK_IN_FILING,campaign contribution of $5,,campaign contribution,2,weak lead,SOURCE_0020,SEEC report E55772,"A lawful disclosed contribution. It is visibility, not causation, and no improper influence is asserted or implied.","NO. This row records visibility, not causation.",identity confidence MEDIUM; cannabis link at time: PERSON-LEVEL ONLY (filed employer not cannabis)
INFL_0086,2018-07-21,James R Day,PERSON_JAMES_R_DAY,(blank in filing),ORG_BLANK_IN_FILING,campaign contribution of $5,,campaign contribution,4,strong temporal or documentary support,SOURCE_0020,SEEC report E58455,"A lawful disclosed contribution. It is visibility, not causation, and no improper influence is asserted or implied.","NO. This row records visibility, not causation.",identity confidence HIGH; cannabis link at time: Y (filed employer/occupation/name is cannabis)
INFL_0087,2018-08-02,DeVaughn Ward,PERSON_DEVAUGHN_WARD,(blank in filing),ORG_BLANK_IN_FILING,campaign contribution of $5,,campaign contribution,4,strong temporal or documentary support,SOURCE_0020,SEEC report E59302,"A lawful disclosed contribution. It is visibility, not causation, and no improper influence is asserted or implied.","NO. This row records visibility, not causation.",identity confidence HIGH; cannabis link at time: PERSON-LEVEL ONLY (filed employer not cannabis)
INFL_0088,2020-02-07,Arthur Linares,PERSON_ARTHUR_LINARES,(blank in filing),ORG_BLANK_IN_FILING,campaign contribution of $100,,campaign contribution,2,weak lead,SOURCE_0020,SEEC report E73009,"A lawful disclosed contribution. It is visibility, not causation, and no improper influence is asserted or implied.","NO. This row records visibility, not causation.",identity confidence MEDIUM; cannabis link at time: NO - predates Linares Faye LLC (2022-03-30); includes contributions as a sitting senator
INFL_0089,2020-02-07,Arthur Linares,PERSON_ARTHUR_LINARES,(blank in filing),ORG_BLANK_IN_FILING,campaign contribution of $100,,campaign contribution,2,weak lead,SOURCE_0020,SEEC report E73138,"A lawful disclosed contribution. It is visibility, not causation, and no improper influence is asserted or implied.","NO. This row records visibility, not causation.",identity confidence MEDIUM; cannabis link at time: NO - predates Linares Faye LLC (2022-03-30); includes contributions as a sitting senator
INFL_0090,2020-02-08,Kebra Smith-Bolden,PERSON_KEBRA_SMITH_BOLDEN,(blank in filing),ORG_BLANK_IN_FILING,campaign contribution of $25,,campaign contribution,4,strong temporal or documentary support,SOURCE_0020,SEEC report E73806,"A lawful disclosed contribution. It is visibility, not causation, and no improper influence is asserted or implied.","NO. This row records visibility, not causation.",identity confidence HIGH; cannabis link at time: PERSON-LEVEL ONLY (filed employer not cannabis)
INFL_0091,2020-02-22,Joseph R Accettullo,PERSON_JOSEPH_R_ACCETTULLO,(blank in filing),ORG_BLANK_IN_FILING,campaign contribution of $5,,campaign contribution,4,strong temporal or documentary support,SOURCE_0020,SEEC report E77145,"A lawful disclosed contribution. It is visibility, not causation, and no improper influence is asserted or implied.","NO. This row records visibility, not causation.",identity confidence HIGH; cannabis link at time: PERSON-LEVEL ONLY (filed employer not cannabis)
INFL_0092,2020-05-11,Esther Witkos,PERSON_ESTHER_WITKOS,(blank in filing),ORG_BLANK_IN_FILING,campaign contribution of $50,,campaign contribution,4,strong temporal or documentary support,SOURCE_0020,SEEC report E75041,"A lawful disclosed contribution. It is visibility, not causation, and no improper influence is asserted or implied.","NO. This row records visibility, not causation.",identity confidence HIGH; cannabis link at time: Y (filed employer/occupation/name is cannabis)
INFL_0093,2020-05-19,DeVaughn Ward,PERSON_DEVAUGHN_WARD,(blank in filing),ORG_BLANK_IN_FILING,campaign contribution of $10,,campaign contribution,4,strong temporal or documentary support,SOURCE_0020,SEEC report E75494,"A lawful disclosed contribution. It is visibility, not causation, and no improper influence is asserted or implied.","NO. This row records visibility, not causation.",identity confidence HIGH; cannabis link at time: Y (filed employer/occupation/name is cannabis)
INFL_0094,2020-05-26,Mark Kaczynski,PERSON_MARK_KACZYNSKI,(blank in filing),ORG_BLANK_IN_FILING,campaign contribution of $10,,campaign contribution,4,strong temporal or documentary support,SOURCE_0020,SEEC report E74614,"A lawful disclosed contribution. It is visibility, not causation, and no improper influence is asserted or implied.","NO. This row records visibility, not causation.",identity confidence HIGH; cannabis link at time: Y (filed employer/occupation/name is cannabis)
INFL_0095,2020-06-02,Kiron williams,PERSON_KIRON_WILLIAMS,(blank in filing),ORG_BLANK_IN_FILING,campaign contribution of $25,,campaign contribution,2,weak lead,SOURCE_0020,SEEC report E74697,"A lawful disclosed contribution. It is visibility, not causation, and no improper influence is asserted or implied.","NO. This row records visibility, not causation.",identity confidence MEDIUM; cannabis link at time: PERSON-LEVEL ONLY (filed employer not cannabis)
INFL_0096,2020-06-02,Kiron Williams,PERSON_KIRON_WILLIAMS,(blank in filing),ORG_BLANK_IN_FILING,campaign contribution of $25,,campaign contribution,2,weak lead,SOURCE_0020,SEEC report E74697,"A lawful disclosed contribution. It is visibility, not causation, and no improper influence is asserted or implied.","NO. This row records visibility, not causation.",identity confidence MEDIUM; cannabis link at time: PERSON-LEVEL ONLY (filed employer not cannabis)
INFL_0097,2020-07-16,Sharaye A Turkvan,PERSON_SHARAYE_A_TURKVAN,(blank in filing),ORG_BLANK_IN_FILING,campaign contribution of $5,,campaign contribution,4,strong temporal or documentary support,SOURCE_0020,SEEC report E75871,"A lawful disclosed contribution. It is visibility, not causation, and no improper influence is asserted or implied.","NO. This row records visibility, not causation.",identity confidence HIGH; cannabis link at time: Y (filed employer/occupation/name is cannabis)
INFL_0098,2020-08-03,DeVaughn Ward,PERSON_DEVAUGHN_WARD,(blank in filing),ORG_BLANK_IN_FILING,campaign contribution of $30,,campaign contribution,4,strong temporal or documentary support,SOURCE_0020,SEEC report E77073,"A lawful disclosed contribution. It is visibility, not causation, and no improper influence is asserted or implied.","NO. This row records visibility, not causation.",identity confidence HIGH; cannabis link at time: Y (filed employer/occupation/name is cannabis)
INFL_0099,2020-08-16,DeVaughn Ward,PERSON_DEVAUGHN_WARD,(blank in filing),ORG_BLANK_IN_FILING,campaign contribution of $250,,campaign contribution,4,strong temporal or documentary support,SOURCE_0020,SEEC report E77129,"A lawful disclosed contribution. It is visibility, not causation, and no improper influence is asserted or implied.","NO. This row records visibility, not causation.",identity confidence HIGH; cannabis link at time: PERSON-LEVEL ONLY (filed employer not cannabis)
INFL_0100,2020-08-17,DEVAUGHN WARD,PERSON_DEVAUGHN_WARD,(blank in filing),ORG_BLANK_IN_FILING,campaign contribution of $250,,campaign contribution,4,strong temporal or documentary support,SOURCE_0020,SEEC report E77704,"A lawful disclosed contribution. It is visibility, not causation, and no improper influence is asserted or implied.","NO. This row records visibility, not causation.",identity confidence HIGH; cannabis link at time: PERSON-LEVEL ONLY (filed employer not cannabis)
INFL_0101,2020-08-17,DeVaughn Ward,PERSON_DEVAUGHN_WARD,(blank in filing),ORG_BLANK_IN_FILING,campaign contribution of $100,,campaign contribution,4,strong temporal or documentary support,SOURCE_0020,SEEC report E77169,"A lawful disclosed contribution. It is visibility, not causation, and no improper influence is asserted or implied.","NO. This row records visibility, not causation.",identity confidence HIGH; cannabis link at time: PERSON-LEVEL ONLY (filed employer not cannabis)
INFL_0102,2020-09-10,DeVaughn Ward,PERSON_DEVAUGHN_WARD,(blank in filing),ORG_BLANK_IN_FILING,campaign contribution of $100,,campaign contribution,4,strong temporal or documentary support,SOURCE_0020,SEEC report E77589,"A lawful disclosed contribution. It is visibility, not causation, and no improper influence is asserted or implied.","NO. This row records visibility, not causation.",identity confidence HIGH; cannabis link at time: Y (filed employer/occupation/name is cannabis)
INFL_0103,2020-09-28,Tiana Hercules,PERSON_TIANA_HERCULES,(blank in filing),ORG_BLANK_IN_FILING,campaign contribution of $10,,campaign contribution,2,weak lead,SOURCE_0020,SEEC report E77813,"A lawful disclosed contribution. It is visibility, not causation, and no improper influence is asserted or implied.","NO. This row records visibility, not causation.",identity confidence MEDIUM; cannabis link at time: PERSON-LEVEL ONLY (filed employer not cannabis)
INFL_0104,2020-10-05,Seth Sholes,PERSON_SETH_SHOLES,(blank in filing),ORG_BLANK_IN_FILING,campaign contribution of $500,,campaign contribution,4,strong temporal or documentary support,SOURCE_0020,SEEC report E79206,"A lawful disclosed contribution. It is visibility, not causation, and no improper influence is asserted or implied.","NO. This row records visibility, not causation.",identity confidence HIGH; cannabis link at time: Y (filed employer/occupation/name is cannabis)
INFL_0105,2020-10-05,David Lipton,PERSON_DAVID_LIPTON,(blank in filing),ORG_BLANK_IN_FILING,campaign contribution of $250,,campaign contribution,4,strong temporal or documentary support,SOURCE_0020,SEEC report E79206,"A lawful disclosed contribution. It is visibility, not causation, and no improper influence is asserted or implied.","NO. This row records visibility, not causation.",identity confidence HIGH; cannabis link at time: Y (filed employer/occupation/name is cannabis)
INFL_0106,2021-10-06,Devaughn Ward,PERSON_DEVAUGHN_WARD,(blank in filing),ORG_BLANK_IN_FILING,campaign contribution of $100,,campaign contribution,4,strong temporal or documentary support,SOURCE_0020,SEEC report E88678,"A lawful disclosed contribution. It is visibility, not causation, and no improper influence is asserted or implied.","NO. This row records visibility, not causation.",identity confidence HIGH; cannabis link at time: PERSON-LEVEL ONLY (filed employer not cannabis)
INFL_0107,2021-10-14,Kebra Smith-Bolden,PERSON_KEBRA_SMITH_BOLDEN,(blank in filing),ORG_BLANK_IN_FILING,campaign contribution of $200,,campaign contribution,4,strong temporal or documentary support,SOURCE_0020,SEEC report E87590,"A lawful disclosed contribution. It is visibility, not causation, and no improper influence is asserted or implied.","NO. This row records visibility, not causation.",identity confidence HIGH; cannabis link at time: PERSON-LEVEL ONLY (filed employer not cannabis)
INFL_0108,2021-11-09,DeVaughn Ward,PERSON_DEVAUGHN_WARD,(blank in filing),ORG_BLANK_IN_FILING,campaign contribution of $60,,campaign contribution,4,strong temporal or documentary support,SOURCE_0020,SEEC report E88584,"A lawful disclosed contribution. It is visibility, not causation, and no improper influence is asserted or implied.","NO. This row records visibility, not causation.",identity confidence HIGH; cannabis link at time: PERSON-LEVEL ONLY (filed employer not cannabis)
INFL_0109,2021-12-06,Paul Travaglino,PERSON_PAUL_TRAVAGLINO,(blank in filing),ORG_BLANK_IN_FILING,campaign contribution of $1000,,campaign contribution,2,weak lead,SOURCE_0020,SEEC report E88689,"A lawful disclosed contribution. It is visibility, not causation, and no improper influence is asserted or implied.","NO. This row records visibility, not causation.",identity confidence MEDIUM; cannabis link at time: PERSON-LEVEL ONLY (filed employer not cannabis)
INFL_0110,2022-01-26,Richard Carbray,PERSON_RICHARD_CARBRAY,Ritter 2022,ORG_RITTER_2022,campaign contribution of $100,,campaign contribution,4,strong temporal or documentary support,SOURCE_0020,SEEC report E89555,"A lawful disclosed contribution. It is visibility, not causation, and no improper influence is asserted or implied.","NO. This row records visibility, not causation.",identity confidence HIGH; cannabis link at time: Y (filed employer/occupation/name is cannabis)
INFL_0111,2022-02-02,Matthew Martino,PERSON_MATTHEW_MARTINO,Polletta For Rep,ORG_POLLETTA_FOR_REP,campaign contribution of $10,,campaign contribution,4,strong temporal or documentary support,SOURCE_0020,SEEC report E89546,"A lawful disclosed contribution. It is visibility, not causation, and no improper influence is asserted or implied.","NO. This row records visibility, not causation.",identity confidence HIGH; cannabis link at time: Y (filed employer/occupation/name is cannabis)
INFL_0112,2022-02-16,Jennifer Fell,PERSON_JENNIFER_FELL,Friends of Kerry,ORG_FRIENDS_OF_KERRY,campaign contribution of $50,,campaign contribution,4,strong temporal or documentary support,SOURCE_0020,SEEC report E90711,"A lawful disclosed contribution. It is visibility, not causation, and no improper influence is asserted or implied.","NO. This row records visibility, not causation.",identity confidence HIGH; cannabis link at time: PERSON-LEVEL ONLY (filed employer not cannabis)
INFL_0113,2022-03-11,Kebra Smith-Bolden,PERSON_KEBRA_SMITH_BOLDEN,Gary 2022,ORG_GARY_2022,campaign contribution of $100,,campaign contribution,4,strong temporal or documentary support,SOURCE_0020,SEEC report E91376,"A lawful disclosed contribution. It is visibility, not causation, and no improper influence is asserted or implied.","NO. This row records visibility, not causation.",identity confidence HIGH; cannabis link at time: PERSON-LEVEL ONLY (filed employer not cannabis)
INFL_0114,2022-03-31,Gerald Farrell,PERSON_GERALD_FARRELL,Fishbein for Connecticut,ORG_FISHBEIN_FOR_CONNECTICUT,campaign contribution of $5,,campaign contribution,2,weak lead,SOURCE_0020,SEEC report E90652,"A lawful disclosed contribution. It is visibility, not causation, and no improper influence is asserted or implied.","NO. This row records visibility, not causation.",identity confidence MEDIUM; cannabis link at time: PERSON-LEVEL ONLY (filed employer not cannabis)
INFL_0115,2022-05-17,Kebra Smith-Bolden,PERSON_KEBRA_SMITH_BOLDEN,Porter 2022,ORG_PORTER_2022,campaign contribution of $100,,campaign contribution,4,strong temporal or documentary support,SOURCE_0020,SEEC report E93521,"A lawful disclosed contribution. It is visibility, not causation, and no improper influence is asserted or implied.","NO. This row records visibility, not causation.",identity confidence HIGH; cannabis link at time: PERSON-LEVEL ONLY (filed employer not cannabis)
INFL_0116,2022-06-01,DeVaughn Ward,PERSON_DEVAUGHN_WARD,Hall2022,ORG_HALL2022,campaign contribution of $100,,campaign contribution,4,strong temporal or documentary support,SOURCE_0020,SEEC report E107023,"A lawful disclosed contribution. It is visibility, not causation, and no improper influence is asserted or implied.","NO. This row records visibility, not causation.",identity confidence HIGH; cannabis link at time: PERSON-LEVEL ONLY (filed employer not cannabis)
INFL_0117,2022-06-09,Seth Sholes,PERSON_SETH_SHOLES,Connecticut Majority Team PAC,ORG_CONNECTICUT_MAJORITY_TEAM_PAC,campaign contribution of $250,,campaign contribution,4,strong temporal or documentary support,SOURCE_0020,SEEC report E92184,"A lawful disclosed contribution. It is visibility, not causation, and no improper influence is asserted or implied.","NO. This row records visibility, not causation.",identity confidence HIGH; cannabis link at time: Y (filed employer/occupation/name is cannabis)
INFL_0118,2022-06-13,Paul Travaglino,PERSON_PAUL_TRAVAGLINO,Matt Blumenthal for State Representative,ORG_MATT_BLUMENTHAL_FOR_STATE_REPRESENTATIVE,campaign contribution of $10,,campaign contribution,2,weak lead,SOURCE_0020,SEEC report E92728,"A lawful disclosed contribution. It is visibility, not causation, and no improper influence is asserted or implied.","NO. This row records visibility, not causation.",identity confidence MEDIUM; cannabis link at time: PERSON-LEVEL ONLY (filed employer not cannabis)
INFL_0119,2022-06-16,Mark Kaczynski,PERSON_MARK_KACZYNSKI,House Republican Campaign Committee,ORG_HOUSE_REPUBLICAN_CAMPAIGN_COMMITTEE,campaign contribution of $100,,campaign contribution,4,strong temporal or documentary support,SOURCE_0020,SEEC report E91756,"A lawful disclosed contribution. It is visibility, not causation, and no improper influence is asserted or implied.","NO. This row records visibility, not causation.",identity confidence HIGH; cannabis link at time: Y (filed employer/occupation/name is cannabis)
INFL_0120,2022-06-29,Daniel Emmans,PERSON_DANIEL_EMMANS,Senate Republican Victory Committee,ORG_SENATE_REPUBLICAN_VICTORY_COMMITTEE,campaign contribution of $2000,,campaign contribution,4,strong temporal or documentary support,SOURCE_0020,SEEC report E93082,"A lawful disclosed contribution. It is visibility, not causation, and no improper influence is asserted or implied.","NO. This row records visibility, not causation.",identity confidence HIGH; cannabis link at time: Y (filed employer/occupation/name is cannabis)
INFL_0121,2022-07-27,Gerald E Farrell,PERSON_GERALD_E_FARRELL,Friends of Quinn,ORG_FRIENDS_OF_QUINN,campaign contribution of $75,,campaign contribution,2,weak lead,SOURCE_0020,SEEC report E94024,"A lawful disclosed contribution. It is visibility, not causation, and no improper influence is asserted or implied.","NO. This row records visibility, not causation.",identity confidence MEDIUM; cannabis link at time: PERSON-LEVEL ONLY (filed employer not cannabis)
INFL_0122,2022-08-01,Erin Kirk,PERSON_ERIN_KIRK,Porter 2022,ORG_PORTER_2022,campaign contribution of $50,,campaign contribution,4,strong temporal or documentary support,SOURCE_0020,SEEC report E97441,"A lawful disclosed contribution. It is visibility, not causation, and no improper influence is asserted or implied.","NO. This row records visibility, not causation.",identity confidence HIGH; cannabis link at time: PERSON-LEVEL ONLY (filed employer not cannabis)
INFL_0123,2022-08-05,Kebra Smith-Bolden,PERSON_KEBRA_SMITH_BOLDEN,Gary 2022,ORG_GARY_2022,campaign contribution of $100,,campaign contribution,4,strong temporal or documentary support,SOURCE_0020,SEEC report E96015,"A lawful disclosed contribution. It is visibility, not causation, and no improper influence is asserted or implied.","NO. This row records visibility, not causation.",identity confidence HIGH; cannabis link at time: PERSON-LEVEL ONLY (filed employer not cannabis)
INFL_0124,2022-09-13,DeVaughn Ward,PERSON_DEVAUGHN_WARD,McCrory for Senate,ORG_MCCRORY_FOR_SENATE,campaign contribution of $100,,campaign contribution,4,strong temporal or documentary support,SOURCE_0020,SEEC report E96417,"A lawful disclosed contribution. It is visibility, not causation, and no improper influence is asserted or implied.","NO. This row records visibility, not causation.",identity confidence HIGH; cannabis link at time: PERSON-LEVEL ONLY (filed employer not cannabis)
INFL_0125,2022-10-03,Ray Pantalena,PERSON_RAY_PANTALENA,House Democrats Campaign Committee,ORG_HOUSE_DEMOCRATS_CAMPAIGN_COMMITTEE,campaign contribution of $500,,campaign contribution,4,strong temporal or documentary support,SOURCE_0020,SEEC report E96980,"A lawful disclosed contribution. It is visibility, not causation, and no improper influence is asserted or implied.","NO. This row records visibility, not causation.",identity confidence HIGH; cannabis link at time: Y (filed employer/occupation/name is cannabis)
INFL_0126,2022-12-18,Becky Goetsch,PERSON_BECKY_GOETSCH,Keep Connecticut Blue,ORG_KEEP_CONNECTICUT_BLUE,campaign contribution of $300,,campaign contribution,4,strong temporal or documentary support,SOURCE_0020,SEEC report E103470,"A lawful disclosed contribution. It is visibility, not causation, and no improper influence is asserted or implied.","NO. This row records visibility, not causation.",identity confidence HIGH; cannabis link at time: Y (filed employer/occupation/name is cannabis)
INFL_0127,2023-06-21,Art Linares,PERSON_ART_LINARES,A New Day PAC,ORG_A_NEW_DAY_PAC,campaign contribution of $1000,,campaign contribution,2,weak lead,SOURCE_0020,SEEC report E107121,"A lawful disclosed contribution. It is visibility, not causation, and no improper influence is asserted or implied.","NO. This row records visibility, not causation.",identity confidence MEDIUM; cannabis link at time: PERSON-LEVEL ONLY (filed employer not cannabis)
INFL_0128,2023-06-21,Jason Teal,PERSON_JASON_TEAL,A New Day PAC,ORG_A_NEW_DAY_PAC,campaign contribution of $100,,campaign contribution,4,strong temporal or documentary support,SOURCE_0020,SEEC report E107121,"A lawful disclosed contribution. It is visibility, not causation, and no improper influence is asserted or implied.","NO. This row records visibility, not causation.",identity confidence HIGH; cannabis link at time: Y (filed employer/occupation/name is cannabis)
INFL_0129,2023-09-07,Paul Travaglino,PERSON_PAUL_TRAVAGLINO,Firewall Fund,ORG_FIREWALL_FUND,campaign contribution of $1000,,campaign contribution,2,weak lead,SOURCE_0020,SEEC report E108396,"A lawful disclosed contribution. It is visibility, not causation, and no improper influence is asserted or implied.","NO. This row records visibility, not causation.",identity confidence MEDIUM; cannabis link at time: PERSON-LEVEL ONLY (filed employer not cannabis)
INFL_0130,2023-09-27,Arthur Linares,PERSON_ARTHUR_LINARES,Firewall Fund,ORG_FIREWALL_FUND,campaign contribution of $1000,,campaign contribution,4,strong temporal or documentary support,SOURCE_0020,SEEC report E108396,"A lawful disclosed contribution. It is visibility, not causation, and no improper influence is asserted or implied.","NO. This row records visibility, not causation.",identity confidence HIGH; cannabis link at time: Y (filed employer/occupation/name is cannabis)
INFL_0131,2023-09-27,Brian Faye,PERSON_BRIAN_FAYE,Firewall Fund,ORG_FIREWALL_FUND,campaign contribution of $1000,,campaign contribution,2,weak lead,SOURCE_0020,SEEC report E108396,"A lawful disclosed contribution. It is visibility, not causation, and no improper influence is asserted or implied.","NO. This row records visibility, not causation.",identity confidence MEDIUM; cannabis link at time: PERSON-LEVEL ONLY (filed employer not cannabis)
INFL_0132,2023-10-05,Arthur Linares,PERSON_ARTHUR_LINARES,Senate Republican Campaign Committee,ORG_SENATE_REPUBLICAN_CAMPAIGN_COMMITTEE,campaign contribution of $100,,campaign contribution,4,strong temporal or documentary support,SOURCE_0020,SEEC report E110095,"A lawful disclosed contribution. It is visibility, not causation, and no improper influence is asserted or implied.","NO. This row records visibility, not causation.",identity confidence HIGH; cannabis link at time: Y (filed employer/occupation/name is cannabis)
INFL_0133,2023-10-05,Arthur S Linares,PERSON_ARTHUR_S_LINARES,Senate Republican Majority Committee,ORG_SENATE_REPUBLICAN_MAJORITY_COMMITTEE,campaign contribution of $100,,campaign contribution,4,strong temporal or documentary support,SOURCE_0020,SEEC report E110549,"A lawful disclosed contribution. It is visibility, not causation, and no improper influence is asserted or implied.","NO. This row records visibility, not causation.",identity confidence HIGH; cannabis link at time: Y (filed employer/occupation/name is cannabis)
INFL_0134,2023-10-05,Arthur Linares,PERSON_ARTHUR_LINARES,Senate Republican Victory Committee,ORG_SENATE_REPUBLICAN_VICTORY_COMMITTEE,campaign contribution of $100,,campaign contribution,4,strong temporal or documentary support,SOURCE_0020,SEEC report E109520,"A lawful disclosed contribution. It is visibility, not causation, and no improper influence is asserted or implied.","NO. This row records visibility, not causation.",identity confidence HIGH; cannabis link at time: Y (filed employer/occupation/name is cannabis)
INFL_0135,2023-10-08,Paul Travaglino,PERSON_PAUL_TRAVAGLINO,A New Day PAC,ORG_A_NEW_DAY_PAC,campaign contribution of $250,,campaign contribution,2,weak lead,SOURCE_0020,SEEC report E109132,"A lawful disclosed contribution. It is visibility, not causation, and no improper influence is asserted or implied.","NO. This row records visibility, not causation.",identity confidence MEDIUM; cannabis link at time: PERSON-LEVEL ONLY (filed employer not cannabis)
INFL_0136,2023-10-17,Kebra Smith-Bolden,PERSON_KEBRA_SMITH_BOLDEN,Connecticut Majority Team PAC,ORG_CONNECTICUT_MAJORITY_TEAM_PAC,campaign contribution of $50,,campaign contribution,4,strong temporal or documentary support,SOURCE_0020,SEEC report E109082,"A lawful disclosed contribution. It is visibility, not causation, and no improper influence is asserted or implied.","NO. This row records visibility, not causation.",identity confidence HIGH; cannabis link at time: Y (filed employer/occupation/name is cannabis)
INFL_0137,2023-11-29,Gerald Farrell,PERSON_GERALD_FARRELL,House Republican Campaign Committee,ORG_HOUSE_REPUBLICAN_CAMPAIGN_COMMITTEE,campaign contribution of $100,,campaign contribution,2,weak lead,SOURCE_0020,SEEC report E108669,"A lawful disclosed contribution. It is visibility, not causation, and no improper influence is asserted or implied.","NO. This row records visibility, not causation.",identity confidence MEDIUM; cannabis link at time: PERSON-LEVEL ONLY (filed employer not cannabis)
INFL_0138,2024-01-06,Branden Block,PERSON_BRANDEN_BLOCK,Farley 2024,ORG_FARLEY_2024,campaign contribution of $5,,campaign contribution,4,strong temporal or documentary support,SOURCE_0020,SEEC report E110591,"A lawful disclosed contribution. It is visibility, not causation, and no improper influence is asserted or implied.","NO. This row records visibility, not causation.",identity confidence HIGH; cannabis link at time: Y (filed employer/occupation/name is cannabis)
INFL_0139,2024-01-15,Kebra Smith-Bolden,PERSON_KEBRA_SMITH_BOLDEN,McCrory For Senate,ORG_MCCRORY_FOR_SENATE,campaign contribution of $250,,campaign contribution,4,strong temporal or documentary support,SOURCE_0020,SEEC report E112378,"A lawful disclosed contribution. It is visibility, not causation, and no improper influence is asserted or implied.","NO. This row records visibility, not causation.",identity confidence HIGH; cannabis link at time: PERSON-LEVEL ONLY (filed employer not cannabis)
INFL_0140,2024-01-22,Becky Goetsch,PERSON_BECKY_GOETSCH,Cohen for Senate,ORG_COHEN_FOR_SENATE,campaign contribution of $25,,campaign contribution,4,strong temporal or documentary support,SOURCE_0020,SEEC report E110802,"A lawful disclosed contribution. It is visibility, not causation, and no improper influence is asserted or implied.","NO. This row records visibility, not causation.",identity confidence HIGH; cannabis link at time: Y (filed employer/occupation/name is cannabis)
INFL_0141,2024-01-24,TIANA HERCULES,PERSON_TIANA_HERCULES,Khan 2024,ORG_KHAN_2024,campaign contribution of $10,,campaign contribution,2,weak lead,SOURCE_0020,SEEC report E110550,"A lawful disclosed contribution. It is visibility, not causation, and no improper influence is asserted or implied.","NO. This row records visibility, not causation.",identity confidence MEDIUM; cannabis link at time: PERSON-LEVEL ONLY (filed employer not cannabis)
INFL_0142,2024-01-25,Jason Teal,PERSON_JASON_TEAL,Rojas2024,ORG_ROJAS2024,campaign contribution of $100,,campaign contribution,4,strong temporal or documentary support,SOURCE_0020,SEEC report E112566,"A lawful disclosed contribution. It is visibility, not causation, and no improper influence is asserted or implied.","NO. This row records visibility, not causation.",identity confidence HIGH; cannabis link at time: Y (filed employer/occupation/name is cannabis)
INFL_0143,2024-02-03,Jason Teal,PERSON_JASON_TEAL,Friends of Derell Wilson,ORG_FRIENDS_OF_DERELL_WILSON,campaign contribution of $30,,campaign contribution,4,strong temporal or documentary support,SOURCE_0020,SEEC report E110726,"A lawful disclosed contribution. It is visibility, not causation, and no improper influence is asserted or implied.","NO. This row records visibility, not causation.",identity confidence HIGH; cannabis link at time: PERSON-LEVEL ONLY (filed employer not cannabis)
INFL_0144,2024-02-05,Bryan Murray,PERSON_BRYAN_MURRAY,Connecticut Majority Team PAC,ORG_CONNECTICUT_MAJORITY_TEAM_PAC,campaign contribution of $250,,campaign contribution,4,strong temporal or documentary support,SOURCE_0020,SEEC report E112067,"A lawful disclosed contribution. It is visibility, not causation, and no improper influence is asserted or implied.","NO. This row records visibility, not causation.",identity confidence HIGH; cannabis link at time: Y (filed employer/occupation/name is cannabis)
INFL_0145,2024-02-05,Bryan Murray,PERSON_BRYAN_MURRAY,House Democrats Campaign Committee,ORG_HOUSE_DEMOCRATS_CAMPAIGN_COMMITTEE,campaign contribution of $250,,campaign contribution,4,strong temporal or documentary support,SOURCE_0020,SEEC report E110627,"A lawful disclosed contribution. It is visibility, not causation, and no improper influence is asserted or implied.","NO. This row records visibility, not causation.",identity confidence HIGH; cannabis link at time: Y (filed employer/occupation/name is cannabis)
INFL_0146,2024-02-05,brian murray,PERSON_BRIAN_MURRAY,House Majority Committee,ORG_HOUSE_MAJORITY_COMMITTEE,campaign contribution of $250,,campaign contribution,4,strong temporal or documentary support,SOURCE_0020,SEEC report E110782,"A lawful disclosed contribution. It is visibility, not causation, and no improper influence is asserted or implied.","NO. This row records visibility, not causation.",identity confidence HIGH; cannabis link at time: Y (filed employer/occupation/name is cannabis)
INFL_0147,2024-02-06,Jennifer Fell,PERSON_JENNIFER_FELL,Friends of Kerry,ORG_FRIENDS_OF_KERRY,campaign contribution of $5,,campaign contribution,4,strong temporal or documentary support,SOURCE_0020,SEEC report E110543,"A lawful disclosed contribution. It is visibility, not causation, and no improper influence is asserted or implied.","NO. This row records visibility, not causation.",identity confidence HIGH; cannabis link at time: PERSON-LEVEL ONLY (filed employer not cannabis)
INFL_0148,2024-02-13,Jacob Honig,PERSON_JACOB_HONIG,Paul Honig For State Senate,ORG_PAUL_HONIG_FOR_STATE_SENATE,campaign contribution of $5,,campaign contribution,4,strong temporal or documentary support,SOURCE_0020,SEEC report E110824,"A lawful disclosed contribution. It is visibility, not causation, and no improper influence is asserted or implied.","NO. This row records visibility, not causation.",identity confidence HIGH; cannabis link at time: PERSON-LEVEL ONLY (filed employer not cannabis)
INFL_0149,2024-02-19,Vincent Lombardi,PERSON_VINCENT_LOMBARDI,Shannon for the 117th,ORG_SHANNON_FOR_THE_117TH,campaign contribution of $5,,campaign contribution,4,strong temporal or documentary support,SOURCE_0020,SEEC report E111467,"A lawful disclosed contribution. It is visibility, not causation, and no improper influence is asserted or implied.","NO. This row records visibility, not causation.",identity confidence HIGH; cannabis link at time: Y (filed employer/occupation/name is cannabis)
INFL_0150,2024-02-22,Kebra Smith-Bolden,PERSON_KEBRA_SMITH_BOLDEN,Porter 2022,ORG_PORTER_2022,campaign contribution of $290,,campaign contribution,4,strong temporal or documentary support,SOURCE_0020,SEEC report E112217,"A lawful disclosed contribution. It is visibility, not causation, and no improper influence is asserted or implied.","NO. This row records visibility, not causation.",identity confidence HIGH; cannabis link at time: PERSON-LEVEL ONLY (filed employer not cannabis)
INFL_0151,2024-03-26,Jason Teal,PERSON_JASON_TEAL,Lopes 2024,ORG_LOPES_2024,campaign contribution of $100,,campaign contribution,4,strong temporal or documentary support,SOURCE_0020,SEEC report E111534,"A lawful disclosed contribution. It is visibility, not causation, and no improper influence is asserted or implied.","NO. This row records visibility, not causation.",identity confidence HIGH; cannabis link at time: Y (filed employer/occupation/name is cannabis)
INFL_0152,2024-03-26,Jason Teal,PERSON_JASON_TEAL,Sanchez 2024,ORG_SANCHEZ_2024,campaign contribution of $100,,campaign contribution,4,strong temporal or documentary support,SOURCE_0020,SEEC report E111543,"A lawful disclosed contribution. It is visibility, not causation, and no improper influence is asserted or implied.","NO. This row records visibility, not causation.",identity confidence HIGH; cannabis link at time: Y (filed employer/occupation/name is cannabis)
INFL_0153,2024-04-29,Ethel Black,PERSON_ETHEL_BLACK,Lopes 2024,ORG_LOPES_2024,campaign contribution of $5,,campaign contribution,4,strong temporal or documentary support,SOURCE_0020,SEEC report E113591,"A lawful disclosed contribution. It is visibility, not causation, and no improper influence is asserted or implied.","NO. This row records visibility, not causation.",identity confidence HIGH; cannabis link at time: Y (filed employer/occupation/name is cannabis)
INFL_0154,2024-04-29,Ethel Black,PERSON_ETHEL_BLACK,Sanchez 2024,ORG_SANCHEZ_2024,campaign contribution of $5,,campaign contribution,4,strong temporal or documentary support,SOURCE_0020,SEEC report E113740,"A lawful disclosed contribution. It is visibility, not causation, and no improper influence is asserted or implied.","NO. This row records visibility, not causation.",identity confidence HIGH; cannabis link at time: Y (filed employer/occupation/name is cannabis)
INFL_0155,2024-05-23,Mark H Kaczynski,PERSON_MARK_H_KACZYNSKI,Donna Veach for State Rep,ORG_DONNA_VEACH_FOR_STATE_REP,campaign contribution of $5,,campaign contribution,4,strong temporal or documentary support,SOURCE_0020,SEEC report E111870,"A lawful disclosed contribution. It is visibility, not causation, and no improper influence is asserted or implied.","NO. This row records visibility, not causation.",identity confidence HIGH; cannabis link at time: Y (filed employer/occupation/name is cannabis)
INFL_0156,2024-06-10,Daniel Emmans,PERSON_DANIEL_EMMANS,Godfrey 24,ORG_GODFREY_24,campaign contribution of $5,,campaign contribution,2,weak lead,SOURCE_0020,SEEC report E112881,"A lawful disclosed contribution. It is visibility, not causation, and no improper influence is asserted or implied.","NO. This row records visibility, not causation.",identity confidence MEDIUM; cannabis link at time: PERSON-LEVEL ONLY (filed employer not cannabis)
INFL_0157,2024-06-30,Ariel Leak,PERSON_ARIEL_LEAK,Walker 2024,ORG_WALKER_2024,campaign contribution of $5,,campaign contribution,4,strong temporal or documentary support,SOURCE_0020,SEEC report E112664,"A lawful disclosed contribution. It is visibility, not causation, and no improper influence is asserted or implied.","NO. This row records visibility, not causation.",identity confidence HIGH; cannabis link at time: Y (filed employer/occupation/name is cannabis)
INFL_0158,2024-08-21,Carl Tirella,PERSON_CARL_TIRELLA,Raghib 2024,ORG_RAGHIB_2024,campaign contribution of $100,,campaign contribution,4,strong temporal or documentary support,SOURCE_0020,SEEC report E115417,"A lawful disclosed contribution. It is visibility, not causation, and no improper influence is asserted or implied.","NO. This row records visibility, not causation.",identity confidence HIGH; cannabis link at time: Y (filed employer/occupation/name is cannabis)
INFL_0159,2024-09-09,Paul Travaglino,PERSON_PAUL_TRAVAGLINO,Democratic Leadership PAC,ORG_DEMOCRATIC_LEADERSHIP_PAC,campaign contribution of $100,,campaign contribution,2,weak lead,SOURCE_0020,SEEC report E115903,"A lawful disclosed contribution. It is visibility, not causation, and no improper influence is asserted or implied.","NO. This row records visibility, not causation.",identity confidence MEDIUM; cannabis link at time: PERSON-LEVEL ONLY (filed employer not cannabis)
INFL_0160,2024-09-09,Paul Travaglino,PERSON_PAUL_TRAVAGLINO,Senate Democrats Victory PAC,ORG_SENATE_DEMOCRATS_VICTORY_PAC,campaign contribution of $100,,campaign contribution,2,weak lead,SOURCE_0020,SEEC report E114800,"A lawful disclosed contribution. It is visibility, not causation, and no improper influence is asserted or implied.","NO. This row records visibility, not causation.",identity confidence MEDIUM; cannabis link at time: PERSON-LEVEL ONLY (filed employer not cannabis)
INFL_0161,2024-09-15,Kebra Smith-Bolden,PERSON_KEBRA_SMITH_BOLDEN,Gary for Senate,ORG_GARY_FOR_SENATE,campaign contribution of $5,,campaign contribution,4,strong temporal or documentary support,SOURCE_0020,SEEC report E115549,"A lawful disclosed contribution. It is visibility, not causation, and no improper influence is asserted or implied.","NO. This row records visibility, not causation.",identity confidence HIGH; cannabis link at time: PERSON-LEVEL ONLY (filed employer not cannabis)
INFL_0162,2024-09-23,Paul Travaglino,PERSON_PAUL_TRAVAGLINO,Democratic Leadership PAC,ORG_DEMOCRATIC_LEADERSHIP_PAC,campaign contribution of $400,,campaign contribution,2,weak lead,SOURCE_0020,SEEC report E115903,"A lawful disclosed contribution. It is visibility, not causation, and no improper influence is asserted or implied.","NO. This row records visibility, not causation.",identity confidence MEDIUM; cannabis link at time: PERSON-LEVEL ONLY (filed employer not cannabis)
INFL_0163,2024-09-23,Paul Travaglino,PERSON_PAUL_TRAVAGLINO,Senate Democrats Victory PAC,ORG_SENATE_DEMOCRATS_VICTORY_PAC,campaign contribution of $400,,campaign contribution,2,weak lead,SOURCE_0020,SEEC report E114800,"A lawful disclosed contribution. It is visibility, not causation, and no improper influence is asserted or implied.","NO. This row records visibility, not causation.",identity confidence MEDIUM; cannabis link at time: PERSON-LEVEL ONLY (filed employer not cannabis)
INFL_0164,2024-09-24,Erin Kirk,PERSON_ERIN_KIRK,Connecticut Majority Team PAC,ORG_CONNECTICUT_MAJORITY_TEAM_PAC,campaign contribution of $100,,campaign contribution,4,strong temporal or documentary support,SOURCE_0020,SEEC report E116303,"A lawful disclosed contribution. It is visibility, not causation, and no improper influence is asserted or implied.","NO. This row records visibility, not causation.",identity confidence HIGH; cannabis link at time: PERSON-LEVEL ONLY (filed employer not cannabis)
INFL_0165,2024-09-24,Derrick Gibbs,PERSON_DERRICK_GIBBS,Democratic Leadership PAC,ORG_DEMOCRATIC_LEADERSHIP_PAC,campaign contribution of $250,,campaign contribution,4,strong temporal or documentary support,SOURCE_0020,SEEC report E115903,"A lawful disclosed contribution. It is visibility, not causation, and no improper influence is asserted or implied.","NO. This row records visibility, not causation.",identity confidence HIGH; cannabis link at time: Y (filed employer/occupation/name is cannabis)
INFL_0166,2024-09-24,Arthur Linares,PERSON_ARTHUR_LINARES,Democratic Leadership PAC,ORG_DEMOCRATIC_LEADERSHIP_PAC,campaign contribution of $2000,,campaign contribution,4,strong temporal or documentary support,SOURCE_0020,SEEC report E115903,"A lawful disclosed contribution. It is visibility, not causation, and no improper influence is asserted or implied.","NO. This row records visibility, not causation.",identity confidence HIGH; cannabis link at time: Y (filed employer/occupation/name is cannabis)
INFL_0167,2024-09-24,Jennifer Fell,PERSON_JENNIFER_FELL,Democratic Leadership PAC,ORG_DEMOCRATIC_LEADERSHIP_PAC,campaign contribution of $100,,campaign contribution,4,strong temporal or documentary support,SOURCE_0020,SEEC report E115903,"A lawful disclosed contribution. It is visibility, not causation, and no improper influence is asserted or implied.","NO. This row records visibility, not causation.",identity confidence HIGH; cannabis link at time: Y (registered cannabis communicator)
INFL_0168,2024-09-24,Affinity Dispensary,PERSON_AFFINITY_DISPENSARY,Democratic Leadership PAC,ORG_DEMOCRATIC_LEADERSHIP_PAC,campaign contribution of $250,,campaign contribution,4,strong temporal or documentary support,SOURCE_0020,SEEC report E115903,"A lawful disclosed contribution. It is visibility, not causation, and no improper influence is asserted or implied.","NO. This row records visibility, not causation.",identity confidence HIGH; cannabis link at time: Y (filed employer/occupation/name is cannabis)
INFL_0169,2024-09-24,PAUL TRAVAGLINO,PERSON_PAUL_TRAVAGLINO,Democratic Senate Majority PAC,ORG_DEMOCRATIC_SENATE_MAJORITY_PAC,campaign contribution of $500,,campaign contribution,2,weak lead,SOURCE_0020,SEEC report E115498,"A lawful disclosed contribution. It is visibility, not causation, and no improper influence is asserted or implied.","NO. This row records visibility, not causation.",identity confidence MEDIUM; cannabis link at time: PERSON-LEVEL ONLY (filed employer not cannabis)
INFL_0170,2024-09-24,CT Cannabis Chamber of Commerce,PERSON_CT_CANNABIS_CHAMBER_OF_COMMERCE,Democratic Senate Majority PAC,ORG_DEMOCRATIC_SENATE_MAJORITY_PAC,campaign contribution of $250,,campaign contribution,4,strong temporal or documentary support,SOURCE_0020,SEEC report E115498,"A lawful disclosed contribution. It is visibility, not causation, and no improper influence is asserted or implied.","NO. This row records visibility, not causation.",identity confidence HIGH; cannabis link at time: Y (filed employer/occupation/name is cannabis)
INFL_0171,2024-10-07,CT Cannabis Chamber of Commerce,PERSON_CT_CANNABIS_CHAMBER_OF_COMMERCE,Democratic Leadership PAC,ORG_DEMOCRATIC_LEADERSHIP_PAC,campaign contribution of $250,,campaign contribution,4,strong temporal or documentary support,SOURCE_0020,SEEC report E117488,"A lawful disclosed contribution. It is visibility, not causation, and no improper influence is asserted or implied.","NO. This row records visibility, not causation.",identity confidence HIGH; cannabis link at time: Y (filed employer/occupation/name is cannabis)
INFL_0172,2024-10-07,CT Cannabis Chamber of Commerce,PERSON_CT_CANNABIS_CHAMBER_OF_COMMERCE,Senate Democrats Victory PAC,ORG_SENATE_DEMOCRATS_VICTORY_PAC,campaign contribution of $250,,campaign contribution,4,strong temporal or documentary support,SOURCE_0020,SEEC report E117305,"A lawful disclosed contribution. It is visibility, not causation, and no improper influence is asserted or implied.","NO. This row records visibility, not causation.",identity confidence HIGH; cannabis link at time: Y (filed employer/occupation/name is cannabis)
INFL_0173,2024-10-14,Jason Teal,PERSON_JASON_TEAL,House Democrats Campaign Committee,ORG_HOUSE_DEMOCRATS_CAMPAIGN_COMMITTEE,campaign contribution of $250,,campaign contribution,4,strong temporal or documentary support,SOURCE_0020,SEEC report E117386,"A lawful disclosed contribution. It is visibility, not causation, and no improper influence is asserted or implied.","NO. This row records visibility, not causation.",identity confidence HIGH; cannabis link at time: PERSON-LEVEL ONLY (filed employer not cannabis)
INFL_0174,2024-10-16,Derrick Gibbs,PERSON_DERRICK_GIBBS,House Democrats Campaign Committee,ORG_HOUSE_DEMOCRATS_CAMPAIGN_COMMITTEE,campaign contribution of $200,,campaign contribution,4,strong temporal or documentary support,SOURCE_0020,SEEC report E117386,"A lawful disclosed contribution. It is visibility, not causation, and no improper influence is asserted or implied.","NO. This row records visibility, not causation.",identity confidence HIGH; cannabis link at time: Y (filed employer/occupation/name is cannabis)
INFL_0175,2024-11-08,Kepal Patel,PERSON_KEPAL_PATEL,Democratic Leadership PAC,ORG_DEMOCRATIC_LEADERSHIP_PAC,campaign contribution of $1500,,campaign contribution,4,strong temporal or documentary support,SOURCE_0020,SEEC report E119829,"A lawful disclosed contribution. It is visibility, not causation, and no improper influence is asserted or implied.","NO. This row records visibility, not causation.",identity confidence HIGH; cannabis link at time: Y (filed employer/occupation/name is cannabis)
INFL_0176,2025-06-30,Paul Travaglino,PERSON_PAUL_TRAVAGLINO,Connecticut Majority Team PAC,ORG_CONNECTICUT_MAJORITY_TEAM_PAC,campaign contribution of $100,,campaign contribution,2,weak lead,SOURCE_0020,SEEC report E125390,"A lawful disclosed contribution. It is visibility, not causation, and no improper influence is asserted or implied.","NO. This row records visibility, not causation.",identity confidence MEDIUM; cannabis link at time: PERSON-LEVEL ONLY (filed employer not cannabis)
INFL_0177,2025-06-30,paul travaglino,PERSON_PAUL_TRAVAGLINO,House Majority Committee,ORG_HOUSE_MAJORITY_COMMITTEE,campaign contribution of $100,,campaign contribution,2,weak lead,SOURCE_0020,SEEC report E124810,"A lawful disclosed contribution. It is visibility, not causation, and no improper influence is asserted or implied.","NO. This row records visibility, not causation.",identity confidence MEDIUM; cannabis link at time: PERSON-LEVEL ONLY (filed employer not cannabis)
INFL_0178,2025-09-10,Paul Travaglino,PERSON_PAUL_TRAVAGLINO,Jason Rojas PAC,ORG_JASON_ROJAS_PAC,campaign contribution of $479.7,,campaign contribution,2,weak lead,SOURCE_0020,SEEC report E126268,"A lawful disclosed contribution. It is visibility, not causation, and no improper influence is asserted or implied.","NO. This row records visibility, not causation.",identity confidence MEDIUM; cannabis link at time: PERSON-LEVEL ONLY (filed employer not cannabis)
INFL_0179,2025-09-10,Carl Tirella,PERSON_CARL_TIRELLA,Jason Rojas PAC,ORG_JASON_ROJAS_PAC,campaign contribution of $95.7,,campaign contribution,4,strong temporal or documentary support,SOURCE_0020,SEEC report E126268,"A lawful disclosed contribution. It is visibility, not causation, and no improper influence is asserted or implied.","NO. This row records visibility, not causation.",identity confidence HIGH; cannabis link at time: Y (filed employer/occupation/name is cannabis)
INFL_0180,2025-12-04,Sara's Dispensary LLC,PERSON_SARA_S_DISPENSARY_LLC,Connecticut Blue Dogs,ORG_CONNECTICUT_BLUE_DOGS,campaign contribution of $250,,campaign contribution,4,strong temporal or documentary support,SOURCE_0020,SEEC report E127549,"A lawful disclosed contribution. It is visibility, not causation, and no improper influence is asserted or implied.","NO. This row records visibility, not causation.",identity confidence HIGH; cannabis link at time: Y (filed employer/occupation/name is cannabis)
INFL_0181,2025-12-04,Debbie's Dispensary LLC,PERSON_DEBBIE_S_DISPENSARY_LLC,Connecticut Blue Dogs,ORG_CONNECTICUT_BLUE_DOGS,campaign contribution of $250,,campaign contribution,4,strong temporal or documentary support,SOURCE_0020,SEEC report E127549,"A lawful disclosed contribution. It is visibility, not causation, and no improper influence is asserted or implied.","NO. This row records visibility, not causation.",identity confidence HIGH; cannabis link at time: Y (filed employer/occupation/name is cannabis)
INFL_0182,2025-12-04,Ty's Dispensary LLC,PERSON_TY_S_DISPENSARY_LLC,Connecticut Blue Dogs,ORG_CONNECTICUT_BLUE_DOGS,campaign contribution of $250,,campaign contribution,4,strong temporal or documentary support,SOURCE_0020,SEEC report E127549,"A lawful disclosed contribution. It is visibility, not causation, and no improper influence is asserted or implied.","NO. This row records visibility, not causation.",identity confidence HIGH; cannabis link at time: Y (filed employer/occupation/name is cannabis)
INFL_0183,2025-12-04,"Sara's Dispensary, LLC",PERSON_SARA_S_DISPENSARY_LLC,Jason Rojas PAC,ORG_JASON_ROJAS_PAC,campaign contribution of $250,,campaign contribution,4,strong temporal or documentary support,SOURCE_0020,SEEC report E128425,"A lawful disclosed contribution. It is visibility, not causation, and no improper influence is asserted or implied.","NO. This row records visibility, not causation.",identity confidence HIGH; cannabis link at time: Y (filed employer/occupation/name is cannabis)
INFL_0184,2025-12-04,Ty's Dispensary LLC,PERSON_TY_S_DISPENSARY_LLC,Jason Rojas PAC,ORG_JASON_ROJAS_PAC,campaign contribution of $250,,campaign contribution,4,strong temporal or documentary support,SOURCE_0020,SEEC report E128425,"A lawful disclosed contribution. It is visibility, not causation, and no improper influence is asserted or implied.","NO. This row records visibility, not causation.",identity confidence HIGH; cannabis link at time: Y (filed employer/occupation/name is cannabis)
INFL_0185,2025-12-04,Debbie's Dispensary LLC,PERSON_DEBBIE_S_DISPENSARY_LLC,Jason Rojas PAC,ORG_JASON_ROJAS_PAC,campaign contribution of $250,,campaign contribution,4,strong temporal or documentary support,SOURCE_0020,SEEC report E128425,"A lawful disclosed contribution. It is visibility, not causation, and no improper influence is asserted or implied.","NO. This row records visibility, not causation.",identity confidence HIGH; cannabis link at time: Y (filed employer/occupation/name is cannabis)
INFL_0186,2025-12-08,Paul Travaglino,PERSON_PAUL_TRAVAGLINO,Democratic Leadership PAC,ORG_DEMOCRATIC_LEADERSHIP_PAC,campaign contribution of $250,,campaign contribution,2,weak lead,SOURCE_0020,SEEC report E127701,"A lawful disclosed contribution. It is visibility, not causation, and no improper influence is asserted or implied.","NO. This row records visibility, not causation.",identity confidence MEDIUM; cannabis link at time: PERSON-LEVEL ONLY (filed employer not cannabis)
INFL_0187,2025-12-08,PAUL TRAVAGLINO,PERSON_PAUL_TRAVAGLINO,Democratic Senate Majority PAC,ORG_DEMOCRATIC_SENATE_MAJORITY_PAC,campaign contribution of $250,,campaign contribution,2,weak lead,SOURCE_0020,SEEC report E126876,"A lawful disclosed contribution. It is visibility, not causation, and no improper influence is asserted or implied.","NO. This row records visibility, not causation.",identity confidence MEDIUM; cannabis link at time: PERSON-LEVEL ONLY (filed employer not cannabis)
INFL_0188,2025-12-08,Paul Travaglino,PERSON_PAUL_TRAVAGLINO,Senate Democrats Victory PAC,ORG_SENATE_DEMOCRATS_VICTORY_PAC,campaign contribution of $250,,campaign contribution,2,weak lead,SOURCE_0020,SEEC report E126650,"A lawful disclosed contribution. It is visibility, not causation, and no improper influence is asserted or implied.","NO. This row records visibility, not causation.",identity confidence MEDIUM; cannabis link at time: PERSON-LEVEL ONLY (filed employer not cannabis)
INFL_0189,2025-12-09,Carl Tirella,PERSON_CARL_TIRELLA,Democratic Leadership PAC,ORG_DEMOCRATIC_LEADERSHIP_PAC,campaign contribution of $250,,campaign contribution,4,strong temporal or documentary support,SOURCE_0020,SEEC report E127701,"A lawful disclosed contribution. It is visibility, not causation, and no improper influence is asserted or implied.","NO. This row records visibility, not causation.",identity confidence HIGH; cannabis link at time: Y (filed employer/occupation/name is cannabis)
INFL_0190,2025-12-10,Arthur Linares,PERSON_ARTHUR_LINARES,Democratic Leadership PAC,ORG_DEMOCRATIC_LEADERSHIP_PAC,campaign contribution of $1000,,campaign contribution,2,weak lead,SOURCE_0020,SEEC report E127701,"A lawful disclosed contribution. It is visibility, not causation, and no improper influence is asserted or implied.","NO. This row records visibility, not causation.",identity confidence MEDIUM; cannabis link at time: PERSON-LEVEL ONLY (filed employer not cannabis)
INFL_0191,2025-12-15,CT Cannabis Chamber of Commerce,PERSON_CT_CANNABIS_CHAMBER_OF_COMMERCE,Democratic Leadership PAC,ORG_DEMOCRATIC_LEADERSHIP_PAC,campaign contribution of $250,,campaign contribution,4,strong temporal or documentary support,SOURCE_0020,SEEC report E127701,"A lawful disclosed contribution. It is visibility, not causation, and no improper influence is asserted or implied.","NO. This row records visibility, not causation.",identity confidence HIGH; cannabis link at time: Y (filed employer/occupation/name is cannabis)
INFL_0192,2025-12-26,Budr,PERSON_BUDR,Democratic Leadership PAC,ORG_DEMOCRATIC_LEADERSHIP_PAC,campaign contribution of $250,,campaign contribution,4,strong temporal or documentary support,SOURCE_0020,SEEC report E127701,"A lawful disclosed contribution. It is visibility, not causation, and no improper influence is asserted or implied.","NO. This row records visibility, not causation.",identity confidence HIGH; cannabis link at time: Y (filed employer/occupation/name is cannabis)
INFL_0193,2025-12-29,CT Cannabis Chamber of Commerce,PERSON_CT_CANNABIS_CHAMBER_OF_COMMERCE,Democratic Senate Majority PAC,ORG_DEMOCRATIC_SENATE_MAJORITY_PAC,campaign contribution of $250,,campaign contribution,4,strong temporal or documentary support,SOURCE_0020,SEEC report E126876,"A lawful disclosed contribution. It is visibility, not causation, and no improper influence is asserted or implied.","NO. This row records visibility, not causation.",identity confidence HIGH; cannabis link at time: Y (filed employer/occupation/name is cannabis)
INFL_0194,2025-12-30,CT Cannabis Chamber of Commerce,PERSON_CT_CANNABIS_CHAMBER_OF_COMMERCE,Senate Democrats Victory PAC,ORG_SENATE_DEMOCRATS_VICTORY_PAC,campaign contribution of $250,,campaign contribution,4,strong temporal or documentary support,SOURCE_0020,SEEC report E126650,"A lawful disclosed contribution. It is visibility, not causation, and no improper influence is asserted or implied.","NO. This row records visibility, not causation.",identity confidence HIGH; cannabis link at time: Y (filed employer/occupation/name is cannabis)
INFL_0195,2026-01-10,Paul Travaglino,PERSON_PAUL_TRAVAGLINO,Friends of Travis Simms,ORG_FRIENDS_OF_TRAVIS_SIMMS,campaign contribution of $340,,campaign contribution,2,weak lead,SOURCE_0020,SEEC report E129867,"A lawful disclosed contribution. It is visibility, not causation, and no improper influence is asserted or implied.","NO. This row records visibility, not causation.",identity confidence MEDIUM; cannabis link at time: PERSON-LEVEL ONLY (filed employer not cannabis)
INFL_0196,2026-01-27,Carl Tirella,PERSON_CARL_TIRELLA,Jason Rojas PAC,ORG_JASON_ROJAS_PAC,campaign contribution of $95.7,,campaign contribution,4,strong temporal or documentary support,SOURCE_0020,SEEC report E130300,"A lawful disclosed contribution. It is visibility, not causation, and no improper influence is asserted or implied.","NO. This row records visibility, not causation.",identity confidence HIGH; cannabis link at time: Y (filed employer/occupation/name is cannabis)
INFL_0197,2026-01-29,CT Cannabis Chamber of Commerce,PERSON_CT_CANNABIS_CHAMBER_OF_COMMERCE,House Republican Campaign Committee,ORG_HOUSE_REPUBLICAN_CAMPAIGN_COMMITTEE,campaign contribution of $150,,campaign contribution,4,strong temporal or documentary support,SOURCE_0020,SEEC report E128760,"A lawful disclosed contribution. It is visibility, not causation, and no improper influence is asserted or implied.","NO. This row records visibility, not causation.",identity confidence HIGH; cannabis link at time: Y (filed employer/occupation/name is cannabis)
INFL_0198,2026-01-29,CT Cannabis Chamber,PERSON_CT_CANNABIS_CHAMBER,Jason Rojas PAC,ORG_JASON_ROJAS_PAC,campaign contribution of $250,,campaign contribution,4,strong temporal or documentary support,SOURCE_0020,SEEC report E130300,"A lawful disclosed contribution. It is visibility, not causation, and no improper influence is asserted or implied.","NO. This row records visibility, not causation.",identity confidence HIGH; cannabis link at time: Y (filed employer/occupation/name is cannabis)
INFL_0199,2026-01-29,Paul Travaglino,PERSON_PAUL_TRAVAGLINO,Jason Rojas PAC,ORG_JASON_ROJAS_PAC,campaign contribution of $479.7,,campaign contribution,2,weak lead,SOURCE_0020,SEEC report E130300,"A lawful disclosed contribution. It is visibility, not causation, and no improper influence is asserted or implied.","NO. This row records visibility, not causation.",identity confidence MEDIUM; cannabis link at time: PERSON-LEVEL ONLY (filed employer not cannabis)
INFL_0200,2026-01-29,Paul Travaglino,PERSON_PAUL_TRAVAGLINO,Friends of Kerry,ORG_FRIENDS_OF_KERRY,campaign contribution of $340,,campaign contribution,2,weak lead,SOURCE_0020,SEEC report E128729,"A lawful disclosed contribution. It is visibility, not causation, and no improper influence is asserted or implied.","NO. This row records visibility, not causation.",identity confidence MEDIUM; cannabis link at time: PERSON-LEVEL ONLY (filed employer not cannabis)
INFL_0201,2026-01-30,CT Cannabis Chamber,PERSON_CT_CANNABIS_CHAMBER,MML PAC,ORG_MML_PAC,campaign contribution of $250,,campaign contribution,4,strong temporal or documentary support,SOURCE_0020,SEEC report E130005,"A lawful disclosed contribution. It is visibility, not causation, and no improper influence is asserted or implied.","NO. This row records visibility, not causation.",identity confidence HIGH; cannabis link at time: Y (filed employer/occupation/name is cannabis)
INFL_0202,2026-01-30,Nikole Burnes,PERSON_NIKOLE_BURNES,Friends of Kerry,ORG_FRIENDS_OF_KERRY,campaign contribution of $100,,campaign contribution,4,strong temporal or documentary support,SOURCE_0020,SEEC report E128729,"A lawful disclosed contribution. It is visibility, not causation, and no improper influence is asserted or implied.","NO. This row records visibility, not causation.",identity confidence HIGH; cannabis link at time: Y (registered cannabis communicator)
INFL_0203,2026-02-04,Gerald Farrell,PERSON_GERALD_FARRELL,Fishbein for Connecticut,ORG_FISHBEIN_FOR_CONNECTICUT,campaign contribution of $5,,campaign contribution,2,weak lead,SOURCE_0020,SEEC report E128720,"A lawful disclosed contribution. It is visibility, not causation, and no improper influence is asserted or implied.","NO. This row records visibility, not causation.",identity confidence MEDIUM; cannabis link at time: PERSON-LEVEL ONLY (filed employer not cannabis)
INFL_0204,2026-02-07,Jennifer Fell,PERSON_JENNIFER_FELL,Amy for State Rep,ORG_AMY_FOR_STATE_REP,campaign contribution of $10,,campaign contribution,4,strong temporal or documentary support,SOURCE_0020,SEEC report E128708,"A lawful disclosed contribution. It is visibility, not causation, and no improper influence is asserted or implied.","NO. This row records visibility, not causation.",identity confidence HIGH; cannabis link at time: PERSON-LEVEL ONLY (filed employer not cannabis)
INFL_0205,2026-02-07,Jennifer Fell,PERSON_JENNIFER_FELL,Friends of Kerry,ORG_FRIENDS_OF_KERRY,campaign contribution of $5,,campaign contribution,4,strong temporal or documentary support,SOURCE_0020,SEEC report E128729,"A lawful disclosed contribution. It is visibility, not causation, and no improper influence is asserted or implied.","NO. This row records visibility, not causation.",identity confidence HIGH; cannabis link at time: Y (filed employer/occupation/name is cannabis)
INFL_0206,2026-04-27,DeVaughn Ward,PERSON_DEVAUGHN_WARD,Roberts For The 137th District,ORG_ROBERTS_FOR_THE_137TH_DISTRICT,campaign contribution of $100,,campaign contribution,4,strong temporal or documentary support,SOURCE_0020,SEEC report E132658,"A lawful disclosed contribution. It is visibility, not causation, and no improper influence is asserted or implied.","NO. This row records visibility, not causation.",identity confidence HIGH; cannabis link at time: PERSON-LEVEL ONLY (filed employer not cannabis)
INFL_0207,2026-05-18,Paul Travaglino,PERSON_PAUL_TRAVAGLINO,LEMAR 2026,ORG_LEMAR_2026,campaign contribution of $250,,campaign contribution,2,weak lead,SOURCE_0020,SEEC report E131697,"A lawful disclosed contribution. It is visibility, not causation, and no improper influence is asserted or implied.","NO. This row records visibility, not causation.",identity confidence MEDIUM; cannabis link at time: PERSON-LEVEL ONLY (filed employer not cannabis)
INFL_0208,2026-05-21,Gerald Farrell,PERSON_GERALD_FARRELL,PaulChic2026,ORG_PAULCHIC2026,campaign contribution of $50,,campaign contribution,2,weak lead,SOURCE_0020,SEEC report E130039,"A lawful disclosed contribution. It is visibility, not causation, and no improper influence is asserted or implied.","NO. This row records visibility, not causation.",identity confidence MEDIUM; cannabis link at time: PERSON-LEVEL ONLY (filed employer not cannabis)
INFL_0209,2026-06-24,Daniel Emmans,PERSON_DANIEL_EMMANS,Godfrey 26,ORG_GODFREY_26,campaign contribution of $5,,campaign contribution,2,weak lead,SOURCE_0020,SEEC report E132653,"A lawful disclosed contribution. It is visibility, not causation, and no improper influence is asserted or implied.","NO. This row records visibility, not causation.",identity confidence MEDIUM; cannabis link at time: PERSON-LEVEL ONLY (filed employer not cannabis)
INFL_0210,2026-06-30,Paul Travaglino,PERSON_PAUL_TRAVAGLINO,Matt Blumenthal for CT,ORG_MATT_BLUMENTHAL_FOR_CT,campaign contribution of $340,,campaign contribution,2,weak lead,SOURCE_0020,SEEC report E131607,"A lawful disclosed contribution. It is visibility, not causation, and no improper influence is asserted or implied.","NO. This row records visibility, not causation.",identity confidence MEDIUM; cannabis link at time: PERSON-LEVEL ONLY (filed employer not cannabis)
INFL_0211,2026-08-07,Kebra Smith-Bolden,PERSON_KEBRA_SMITH_BOLDEN,Walker 2026,ORG_WALKER_2026,campaign contribution of $5,,campaign contribution,4,strong temporal or documentary support,SOURCE_0020,SEEC report E133305,"A lawful disclosed contribution. It is visibility, not causation, and no improper influence is asserted or implied.","NO. This row records visibility, not causation.",identity confidence HIGH; cannabis link at time: PERSON-LEVEL ONLY (filed employer not cannabis)
INFL_0212,2016-12-20,Gerald E Farrell,PERSON_GERALD_E_FARRELL,(blank in filing),ORG_BLANK_IN_FILING,campaign contribution of $100,,campaign contribution,2,weak lead,SOURCE_0020,SEEC report E45477,"A lawful disclosed contribution. It is visibility, not causation, and no improper influence is asserted or implied.","NO. This row records visibility, not causation.",identity confidence MEDIUM; cannabis link at time: PERSON-LEVEL ONLY (filed employer not cannabis)
INFL_0213,2017-04-06,Gerald E Farrell,PERSON_GERALD_E_FARRELL,(blank in filing),ORG_BLANK_IN_FILING,campaign contribution of $100,,campaign contribution,2,weak lead,SOURCE_0020,SEEC report E50354,"A lawful disclosed contribution. It is visibility, not causation, and no improper influence is asserted or implied.","NO. This row records visibility, not causation.",identity confidence MEDIUM; cannabis link at time: PERSON-LEVEL ONLY (filed employer not cannabis)
INFL_0214,2017-04-18,Gerald Farrell,PERSON_GERALD_FARRELL,(blank in filing),ORG_BLANK_IN_FILING,campaign contribution of $100,,campaign contribution,2,weak lead,SOURCE_0020,SEEC report E49329,"A lawful disclosed contribution. It is visibility, not causation, and no improper influence is asserted or implied.","NO. This row records visibility, not causation.",identity confidence MEDIUM; cannabis link at time: PERSON-LEVEL ONLY (filed employer not cannabis)
INFL_0215,2017-05-12,Michelle DeFazio,PERSON_MICHELLE_DEFAZIO,(blank in filing),ORG_BLANK_IN_FILING,campaign contribution of $100,,campaign contribution,4,strong temporal or documentary support,SOURCE_0020,SEEC report E49896,"A lawful disclosed contribution. It is visibility, not causation, and no improper influence is asserted or implied.","NO. This row records visibility, not causation.",identity confidence HIGH; cannabis link at time: Y (filed employer/occupation/name is cannabis)
INFL_0216,2017-05-12,Nick Tamborrino,PERSON_NICK_TAMBORRINO,(blank in filing),ORG_BLANK_IN_FILING,campaign contribution of $100,,campaign contribution,4,strong temporal or documentary support,SOURCE_0020,SEEC report E49896,"A lawful disclosed contribution. It is visibility, not causation, and no improper influence is asserted or implied.","NO. This row records visibility, not causation.",identity confidence HIGH; cannabis link at time: Y (filed employer/occupation/name is cannabis)
INFL_0217,2017-05-30,Kebra Smith-Bolden,PERSON_KEBRA_SMITH_BOLDEN,(blank in filing),ORG_BLANK_IN_FILING,campaign contribution of $25,,campaign contribution,4,strong temporal or documentary support,SOURCE_0020,SEEC report E49896,"A lawful disclosed contribution. It is visibility, not causation, and no improper influence is asserted or implied.","NO. This row records visibility, not causation.",identity confidence HIGH; cannabis link at time: Y (filed employer/occupation/name is cannabis)
INFL_0218,2017-06-29,Kebra Smith-Bolden,PERSON_KEBRA_SMITH_BOLDEN,(blank in filing),ORG_BLANK_IN_FILING,campaign contribution of $25,,campaign contribution,4,strong temporal or documentary support,SOURCE_0020,SEEC report E49896,"A lawful disclosed contribution. It is visibility, not causation, and no improper influence is asserted or implied.","NO. This row records visibility, not causation.",identity confidence HIGH; cannabis link at time: PERSON-LEVEL ONLY (filed employer not cannabis)
INFL_0219,2017-07-31,Erik Williams,PERSON_ERIK_WILLIAMS,(blank in filing),ORG_BLANK_IN_FILING,campaign contribution of $25,,campaign contribution,4,strong temporal or documentary support,SOURCE_0020,SEEC report E51448,"A lawful disclosed contribution. It is visibility, not causation, and no improper influence is asserted or implied.","NO. This row records visibility, not causation.",identity confidence HIGH; cannabis link at time: Y (filed employer/occupation/name is cannabis)
INFL_0220,2017-08-18,Michelle DeFazio,PERSON_MICHELLE_DEFAZIO,(blank in filing),ORG_BLANK_IN_FILING,campaign contribution of $275,,campaign contribution,4,strong temporal or documentary support,SOURCE_0020,SEEC report E51545,"A lawful disclosed contribution. It is visibility, not causation, and no improper influence is asserted or implied.","NO. This row records visibility, not causation.",identity confidence HIGH; cannabis link at time: Y (filed employer/occupation/name is cannabis)
INFL_0221,2017-08-31,Kebra Smith-Bolden,PERSON_KEBRA_SMITH_BOLDEN,(blank in filing),ORG_BLANK_IN_FILING,campaign contribution of $25,,campaign contribution,4,strong temporal or documentary support,SOURCE_0020,SEEC report E51545,"A lawful disclosed contribution. It is visibility, not causation, and no improper influence is asserted or implied.","NO. This row records visibility, not causation.",identity confidence HIGH; cannabis link at time: Y (filed employer/occupation/name is cannabis)
INFL_0222,2017-11-09,Sam Tracy,PERSON_SAM_TRACY,(blank in filing),ORG_BLANK_IN_FILING,campaign contribution of $27,,campaign contribution,4,strong temporal or documentary support,SOURCE_0020,SEEC report E53082,"A lawful disclosed contribution. It is visibility, not causation, and no improper influence is asserted or implied.","NO. This row records visibility, not causation.",identity confidence HIGH; cannabis link at time: Y (filed employer/occupation/name is cannabis)
INFL_0223,2017-11-10,Arthur S Linares,PERSON_ARTHUR_S_LINARES,(blank in filing),ORG_BLANK_IN_FILING,campaign contribution of $100,,campaign contribution,2,weak lead,SOURCE_0020,SEEC report E52668,"A lawful disclosed contribution. It is visibility, not causation, and no improper influence is asserted or implied.","NO. This row records visibility, not causation.",identity confidence MEDIUM; cannabis link at time: NO - predates Linares Faye LLC (2022-03-30); includes contributions as a sitting senator
INFL_0224,2017-11-16,Art Linares,PERSON_ART_LINARES,(blank in filing),ORG_BLANK_IN_FILING,campaign contribution of $351.29,,campaign contribution,2,weak lead,SOURCE_0020,SEEC report E52668,"A lawful disclosed contribution. It is visibility, not causation, and no improper influence is asserted or implied.","NO. This row records visibility, not causation.",identity confidence MEDIUM; cannabis link at time: NO - predates Linares Faye LLC (2022-03-30); includes contributions as a sitting senator
INFL_0225,2017-12-18,Paul Travaglino,PERSON_PAUL_TRAVAGLINO,(blank in filing),ORG_BLANK_IN_FILING,campaign contribution of $375,,campaign contribution,2,weak lead,SOURCE_0020,SEEC report E52878,"A lawful disclosed contribution. It is visibility, not causation, and no improper influence is asserted or implied.","NO. This row records visibility, not causation.",identity confidence MEDIUM; cannabis link at time: PERSON-LEVEL ONLY (filed employer not cannabis)
INFL_0226,2018-01-09,Art Linares,PERSON_ART_LINARES,(blank in filing),ORG_BLANK_IN_FILING,campaign contribution of $1000,,campaign contribution,2,weak lead,SOURCE_0020,SEEC report E53700,"A lawful disclosed contribution. It is visibility, not causation, and no improper influence is asserted or implied.","NO. This row records visibility, not causation.",identity confidence MEDIUM; cannabis link at time: NO - predates Linares Faye LLC (2022-03-30); includes contributions as a sitting senator
INFL_0227,2018-01-11,Art Linares,PERSON_ART_LINARES,(blank in filing),ORG_BLANK_IN_FILING,campaign contribution of $2000,,campaign contribution,2,weak lead,SOURCE_0020,SEEC report E53700,"A lawful disclosed contribution. It is visibility, not causation, and no improper influence is asserted or implied.","NO. This row records visibility, not causation.",identity confidence MEDIUM; cannabis link at time: NO - predates Linares Faye LLC (2022-03-30); includes contributions as a sitting senator
INFL_0228,2018-01-24,Arthur Linares,PERSON_ARTHUR_LINARES,(blank in filing),ORG_BLANK_IN_FILING,campaign contribution of $2000,,campaign contribution,2,weak lead,SOURCE_0020,SEEC report E55186,"A lawful disclosed contribution. It is visibility, not causation, and no improper influence is asserted or implied.","NO. This row records visibility, not causation.",identity confidence MEDIUM; cannabis link at time: NO - predates Linares Faye LLC (2022-03-30); includes contributions as a sitting senator
INFL_0229,2018-02-02,Art Linares,PERSON_ART_LINARES,(blank in filing),ORG_BLANK_IN_FILING,campaign contribution of $90,,campaign contribution,2,weak lead,SOURCE_0020,SEEC report E54199,"A lawful disclosed contribution. It is visibility, not causation, and no improper influence is asserted or implied.","NO. This row records visibility, not causation.",identity confidence MEDIUM; cannabis link at time: NO - predates Linares Faye LLC (2022-03-30); includes contributions as a sitting senator
INFL_0230,2018-02-05,Arthur Linares,PERSON_ARTHUR_LINARES,(blank in filing),ORG_BLANK_IN_FILING,campaign contribution of $250,,campaign contribution,2,weak lead,SOURCE_0020,SEEC report E53993,"A lawful disclosed contribution. It is visibility, not causation, and no improper influence is asserted or implied.","NO. This row records visibility, not causation.",identity confidence MEDIUM; cannabis link at time: NO - predates Linares Faye LLC (2022-03-30); includes contributions as a sitting senator
INFL_0231,2018-02-05,Gerald Farrell,PERSON_GERALD_FARRELL,(blank in filing),ORG_BLANK_IN_FILING,campaign contribution of $100,,campaign contribution,2,weak lead,SOURCE_0020,SEEC report E55446,"A lawful disclosed contribution. It is visibility, not causation, and no improper influence is asserted or implied.","NO. This row records visibility, not causation.",identity confidence MEDIUM; cannabis link at time: PERSON-LEVEL ONLY (filed employer not cannabis)
INFL_0232,2018-02-08,Arthur Linares,PERSON_ARTHUR_LINARES,(blank in filing),ORG_BLANK_IN_FILING,campaign contribution of $100,,campaign contribution,2,weak lead,SOURCE_0020,SEEC report E53836,"A lawful disclosed contribution. It is visibility, not causation, and no improper influence is asserted or implied.","NO. This row records visibility, not causation.",identity confidence MEDIUM; cannabis link at time: NO - predates Linares Faye LLC (2022-03-30); includes contributions as a sitting senator
INFL_0233,2018-02-08,Gerald E Farrell,PERSON_GERALD_E_FARRELL,(blank in filing),ORG_BLANK_IN_FILING,campaign contribution of $100,,campaign contribution,2,weak lead,SOURCE_0020,SEEC report E54041,"A lawful disclosed contribution. It is visibility, not causation, and no improper influence is asserted or implied.","NO. This row records visibility, not causation.",identity confidence MEDIUM; cannabis link at time: PERSON-LEVEL ONLY (filed employer not cannabis)
INFL_0234,2018-02-10,Erik Williams,PERSON_ERIK_WILLIAMS,(blank in filing),ORG_BLANK_IN_FILING,campaign contribution of $275,,campaign contribution,4,strong temporal or documentary support,SOURCE_0020,SEEC report E54176,"A lawful disclosed contribution. It is visibility, not causation, and no improper influence is asserted or implied.","NO. This row records visibility, not causation.",identity confidence HIGH; cannabis link at time: Y (filed employer/occupation/name is cannabis)
INFL_0235,2018-02-12,DeVaughn Ward,PERSON_DEVAUGHN_WARD,(blank in filing),ORG_BLANK_IN_FILING,campaign contribution of $50,,campaign contribution,4,strong temporal or documentary support,SOURCE_0020,SEEC report E55446,"A lawful disclosed contribution. It is visibility, not causation, and no improper influence is asserted or implied.","NO. This row records visibility, not causation.",identity confidence HIGH; cannabis link at time: PERSON-LEVEL ONLY (filed employer not cannabis)
INFL_0236,2018-02-15,Gerald E Farrell,PERSON_GERALD_E_FARRELL,(blank in filing),ORG_BLANK_IN_FILING,campaign contribution of $500,,campaign contribution,2,weak lead,SOURCE_0020,SEEC report E53977,"A lawful disclosed contribution. It is visibility, not causation, and no improper influence is asserted or implied.","NO. This row records visibility, not causation.",identity confidence MEDIUM; cannabis link at time: PERSON-LEVEL ONLY (filed employer not cannabis)
INFL_0237,2018-02-17,Daniel Emmans,PERSON_DANIEL_EMMANS,(blank in filing),ORG_BLANK_IN_FILING,campaign contribution of $250,,campaign contribution,2,weak lead,SOURCE_0020,SEEC report E53993,"A lawful disclosed contribution. It is visibility, not causation, and no improper influence is asserted or implied.","NO. This row records visibility, not causation.",identity confidence MEDIUM; cannabis link at time: PERSON-LEVEL ONLY (filed employer not cannabis)
INFL_0238,2018-02-20,Art Linares,PERSON_ART_LINARES,(blank in filing),ORG_BLANK_IN_FILING,campaign contribution of $100,,campaign contribution,2,weak lead,SOURCE_0020,SEEC report E54146,"A lawful disclosed contribution. It is visibility, not causation, and no improper influence is asserted or implied.","NO. This row records visibility, not causation.",identity confidence MEDIUM; cannabis link at time: NO - predates Linares Faye LLC (2022-03-30); includes contributions as a sitting senator
INFL_0239,2018-02-23,ARTHUR LINARES,PERSON_ARTHUR_LINARES,(blank in filing),ORG_BLANK_IN_FILING,campaign contribution of $50,,campaign contribution,2,weak lead,SOURCE_0020,SEEC report E55187,"A lawful disclosed contribution. It is visibility, not causation, and no improper influence is asserted or implied.","NO. This row records visibility, not causation.",identity confidence MEDIUM; cannabis link at time: NO - predates Linares Faye LLC (2022-03-30); includes contributions as a sitting senator
INFL_0240,2018-02-23,Art LInares,PERSON_ART_LINARES,(blank in filing),ORG_BLANK_IN_FILING,campaign contribution of $100,,campaign contribution,2,weak lead,SOURCE_0020,SEEC report E54474,"A lawful disclosed contribution. It is visibility, not causation, and no improper influence is asserted or implied.","NO. This row records visibility, not causation.",identity confidence MEDIUM; cannabis link at time: NO - predates Linares Faye LLC (2022-03-30); includes contributions as a sitting senator
INFL_0241,2018-03-01,Arthur S Linares,PERSON_ARTHUR_S_LINARES,(blank in filing),ORG_BLANK_IN_FILING,campaign contribution of $100,,campaign contribution,2,weak lead,SOURCE_0020,SEEC report E54868,"A lawful disclosed contribution. It is visibility, not causation, and no improper influence is asserted or implied.","NO. This row records visibility, not causation.",identity confidence MEDIUM; cannabis link at time: NO - predates Linares Faye LLC (2022-03-30); includes contributions as a sitting senator
INFL_0242,2018-03-01,Art Linares,PERSON_ART_LINARES,(blank in filing),ORG_BLANK_IN_FILING,campaign contribution of $20,,campaign contribution,2,weak lead,SOURCE_0020,SEEC report E54128,"A lawful disclosed contribution. It is visibility, not causation, and no improper influence is asserted or implied.","NO. This row records visibility, not causation.",identity confidence MEDIUM; cannabis link at time: NO - predates Linares Faye LLC (2022-03-30); includes contributions as a sitting senator
INFL_0243,2018-03-02,Art Linares,PERSON_ART_LINARES,(blank in filing),ORG_BLANK_IN_FILING,campaign contribution of $50,,campaign contribution,2,weak lead,SOURCE_0020,SEEC report E54717,"A lawful disclosed contribution. It is visibility, not causation, and no improper influence is asserted or implied.","NO. This row records visibility, not causation.",identity confidence MEDIUM; cannabis link at time: NO - predates Linares Faye LLC (2022-03-30); includes contributions as a sitting senator
INFL_0244,2018-03-09,Kebra Smith-Bolden,PERSON_KEBRA_SMITH_BOLDEN,(blank in filing),ORG_BLANK_IN_FILING,campaign contribution of $25,,campaign contribution,4,strong temporal or documentary support,SOURCE_0020,SEEC report E55181,"A lawful disclosed contribution. It is visibility, not causation, and no improper influence is asserted or implied.","NO. This row records visibility, not causation.",identity confidence HIGH; cannabis link at time: PERSON-LEVEL ONLY (filed employer not cannabis)
INFL_0245,2018-03-10,Arthur Linares,PERSON_ARTHUR_LINARES,(blank in filing),ORG_BLANK_IN_FILING,campaign contribution of $50,,campaign contribution,2,weak lead,SOURCE_0020,SEEC report E53690,"A lawful disclosed contribution. It is visibility, not causation, and no improper influence is asserted or implied.","NO. This row records visibility, not causation.",identity confidence MEDIUM; cannabis link at time: NO - predates Linares Faye LLC (2022-03-30); includes contributions as a sitting senator
INFL_0246,2018-03-11,Brian C Faye,PERSON_BRIAN_C_FAYE,(blank in filing),ORG_BLANK_IN_FILING,campaign contribution of $100,,campaign contribution,2,weak lead,SOURCE_0020,SEEC report E53700,"A lawful disclosed contribution. It is visibility, not causation, and no improper influence is asserted or implied.","NO. This row records visibility, not causation.",identity confidence MEDIUM; cannabis link at time: PERSON-LEVEL ONLY (filed employer not cannabis)
INFL_0247,2018-03-12,Art Linares,PERSON_ART_LINARES,(blank in filing),ORG_BLANK_IN_FILING,campaign contribution of $100,,campaign contribution,2,weak lead,SOURCE_0020,SEEC report E54252,"A lawful disclosed contribution. It is visibility, not causation, and no improper influence is asserted or implied.","NO. This row records visibility, not causation.",identity confidence MEDIUM; cannabis link at time: NO - predates Linares Faye LLC (2022-03-30); includes contributions as a sitting senator
INFL_0248,2018-03-13,Daniel Emmans,PERSON_DANIEL_EMMANS,(blank in filing),ORG_BLANK_IN_FILING,campaign contribution of $100,,campaign contribution,2,weak lead,SOURCE_0020,SEEC report E55181,"A lawful disclosed contribution. It is visibility, not causation, and no improper influence is asserted or implied.","NO. This row records visibility, not causation.",identity confidence MEDIUM; cannabis link at time: PERSON-LEVEL ONLY (filed employer not cannabis)
INFL_0249,2018-03-13,ART LINARES,PERSON_ART_LINARES,(blank in filing),ORG_BLANK_IN_FILING,campaign contribution of $250,,campaign contribution,2,weak lead,SOURCE_0020,SEEC report E54073,"A lawful disclosed contribution. It is visibility, not causation, and no improper influence is asserted or implied.","NO. This row records visibility, not causation.",identity confidence MEDIUM; cannabis link at time: NO - predates Linares Faye LLC (2022-03-30); includes contributions as a sitting senator
INFL_0250,2018-03-16,ARTHUR LINARES,PERSON_ARTHUR_LINARES,(blank in filing),ORG_BLANK_IN_FILING,campaign contribution of $40,,campaign contribution,2,weak lead,SOURCE_0020,SEEC report E55187,"A lawful disclosed contribution. It is visibility, not causation, and no improper influence is asserted or implied.","NO. This row records visibility, not causation.",identity confidence MEDIUM; cannabis link at time: NO - predates Linares Faye LLC (2022-03-30); includes contributions as a sitting senator
INFL_0251,2018-03-18,Arthur S Linares,PERSON_ARTHUR_S_LINARES,(blank in filing),ORG_BLANK_IN_FILING,campaign contribution of $50,,campaign contribution,2,weak lead,SOURCE_0020,SEEC report E57668,"A lawful disclosed contribution. It is visibility, not causation, and no improper influence is asserted or implied.","NO. This row records visibility, not causation.",identity confidence MEDIUM; cannabis link at time: NO - predates Linares Faye LLC (2022-03-30); includes contributions as a sitting senator
INFL_0252,2018-03-22,Arthur Linares,PERSON_ARTHUR_LINARES,(blank in filing),ORG_BLANK_IN_FILING,campaign contribution of $200,,campaign contribution,2,weak lead,SOURCE_0020,SEEC report E55331,"A lawful disclosed contribution. It is visibility, not causation, and no improper influence is asserted or implied.","NO. This row records visibility, not causation.",identity confidence MEDIUM; cannabis link at time: NO - predates Linares Faye LLC (2022-03-30); includes contributions as a sitting senator
INFL_0253,2018-03-25,Will Luzier,PERSON_WILL_LUZIER,(blank in filing),ORG_BLANK_IN_FILING,campaign contribution of $50,,campaign contribution,4,strong temporal or documentary support,SOURCE_0020,SEEC report E54423,"A lawful disclosed contribution. It is visibility, not causation, and no improper influence is asserted or implied.","NO. This row records visibility, not causation.",identity confidence HIGH; cannabis link at time: Y (filed employer/occupation/name is cannabis)
INFL_0254,2018-04-02,DeVaughn Ward,PERSON_DEVAUGHN_WARD,(blank in filing),ORG_BLANK_IN_FILING,campaign contribution of $40,,campaign contribution,4,strong temporal or documentary support,SOURCE_0020,SEEC report E55721,"A lawful disclosed contribution. It is visibility, not causation, and no improper influence is asserted or implied.","NO. This row records visibility, not causation.",identity confidence HIGH; cannabis link at time: PERSON-LEVEL ONLY (filed employer not cannabis)
INFL_0255,2018-04-12,Erik Williams,PERSON_ERIK_WILLIAMS,(blank in filing),ORG_BLANK_IN_FILING,campaign contribution of $100,,campaign contribution,4,strong temporal or documentary support,SOURCE_0020,SEEC report E56347,"A lawful disclosed contribution. It is visibility, not causation, and no improper influence is asserted or implied.","NO. This row records visibility, not causation.",identity confidence HIGH; cannabis link at time: Y (filed employer/occupation/name is cannabis)
INFL_0256,2018-04-15,Art Linares,PERSON_ART_LINARES,(blank in filing),ORG_BLANK_IN_FILING,campaign contribution of $45,,campaign contribution,2,weak lead,SOURCE_0020,SEEC report E57509,"A lawful disclosed contribution. It is visibility, not causation, and no improper influence is asserted or implied.","NO. This row records visibility, not causation.",identity confidence MEDIUM; cannabis link at time: NO - predates Linares Faye LLC (2022-03-30); includes contributions as a sitting senator
INFL_0257,2018-04-26,ARTHUR LINARES,PERSON_ARTHUR_LINARES,(blank in filing),ORG_BLANK_IN_FILING,campaign contribution of $250,,campaign contribution,2,weak lead,SOURCE_0020,SEEC report E55970,"A lawful disclosed contribution. It is visibility, not causation, and no improper influence is asserted or implied.","NO. This row records visibility, not causation.",identity confidence MEDIUM; cannabis link at time: NO - predates Linares Faye LLC (2022-03-30); includes contributions as a sitting senator
INFL_0258,2018-04-26,Paul Travaglino,PERSON_PAUL_TRAVAGLINO,(blank in filing),ORG_BLANK_IN_FILING,campaign contribution of $100,,campaign contribution,2,weak lead,SOURCE_0020,SEEC report E55852,"A lawful disclosed contribution. It is visibility, not causation, and no improper influence is asserted or implied.","NO. This row records visibility, not causation.",identity confidence MEDIUM; cannabis link at time: PERSON-LEVEL ONLY (filed employer not cannabis)
INFL_0259,2018-04-28,Arthur Linares,PERSON_ARTHUR_LINARES,(blank in filing),ORG_BLANK_IN_FILING,campaign contribution of $50,,campaign contribution,2,weak lead,SOURCE_0020,SEEC report E56521,"A lawful disclosed contribution. It is visibility, not causation, and no improper influence is asserted or implied.","NO. This row records visibility, not causation.",identity confidence MEDIUM; cannabis link at time: NO - predates Linares Faye LLC (2022-03-30); includes contributions as a sitting senator
INFL_0260,2018-05-04,MICHELLE DEFAZIO,PERSON_MICHELLE_DEFAZIO,(blank in filing),ORG_BLANK_IN_FILING,campaign contribution of $100,,campaign contribution,4,strong temporal or documentary support,SOURCE_0020,SEEC report E55096,"A lawful disclosed contribution. It is visibility, not causation, and no improper influence is asserted or implied.","NO. This row records visibility, not causation.",identity confidence HIGH; cannabis link at time: Y (filed employer/occupation/name is cannabis)
INFL_0261,2018-05-06,Arthur Linares,PERSON_ARTHUR_LINARES,(blank in filing),ORG_BLANK_IN_FILING,campaign contribution of $250,,campaign contribution,2,weak lead,SOURCE_0020,SEEC report E55664,"A lawful disclosed contribution. It is visibility, not causation, and no improper influence is asserted or implied.","NO. This row records visibility, not causation.",identity confidence MEDIUM; cannabis link at time: NO - predates Linares Faye LLC (2022-03-30); includes contributions as a sitting senator
INFL_0262,2018-05-14,JUDY STENGEL,PERSON_JUDY_STENGEL,(blank in filing),ORG_BLANK_IN_FILING,campaign contribution of $20,,campaign contribution,4,strong temporal or documentary support,SOURCE_0020,SEEC report E62384,"A lawful disclosed contribution. It is visibility, not causation, and no improper influence is asserted or implied.","NO. This row records visibility, not causation.",identity confidence HIGH; cannabis link at time: Y (filed employer/occupation/name is cannabis)
INFL_0263,2018-05-15,Tiana Hercules,PERSON_TIANA_HERCULES,(blank in filing),ORG_BLANK_IN_FILING,campaign contribution of $100,,campaign contribution,2,weak lead,SOURCE_0020,SEEC report E56152,"A lawful disclosed contribution. It is visibility, not causation, and no improper influence is asserted or implied.","NO. This row records visibility, not causation.",identity confidence MEDIUM; cannabis link at time: PERSON-LEVEL ONLY (filed employer not cannabis)
INFL_0264,2018-05-20,Art Linares,PERSON_ART_LINARES,(blank in filing),ORG_BLANK_IN_FILING,campaign contribution of $50,,campaign contribution,2,weak lead,SOURCE_0020,SEEC report E55440,"A lawful disclosed contribution. It is visibility, not causation, and no improper influence is asserted or implied.","NO. This row records visibility, not causation.",identity confidence MEDIUM; cannabis link at time: NO - predates Linares Faye LLC (2022-03-30); includes contributions as a sitting senator
INFL_0265,2018-05-24,Art Linares,PERSON_ART_LINARES,(blank in filing),ORG_BLANK_IN_FILING,campaign contribution of $100,,campaign contribution,2,weak lead,SOURCE_0020,SEEC report E56894,"A lawful disclosed contribution. It is visibility, not causation, and no improper influence is asserted or implied.","NO. This row records visibility, not causation.",identity confidence MEDIUM; cannabis link at time: NO - predates Linares Faye LLC (2022-03-30); includes contributions as a sitting senator
INFL_0266,2018-05-26,Arthur Linares,PERSON_ARTHUR_LINARES,(blank in filing),ORG_BLANK_IN_FILING,campaign contribution of $1000,,campaign contribution,2,weak lead,SOURCE_0020,SEEC report E55725,"A lawful disclosed contribution. It is visibility, not causation, and no improper influence is asserted or implied.","NO. This row records visibility, not causation.",identity confidence MEDIUM; cannabis link at time: NO - predates Linares Faye LLC (2022-03-30); includes contributions as a sitting senator
INFL_0267,2018-05-26,Arthur S Linares,PERSON_ARTHUR_S_LINARES,(blank in filing),ORG_BLANK_IN_FILING,campaign contribution of $1000,,campaign contribution,2,weak lead,SOURCE_0020,SEEC report E57688,"A lawful disclosed contribution. It is visibility, not causation, and no improper influence is asserted or implied.","NO. This row records visibility, not causation.",identity confidence MEDIUM; cannabis link at time: NO - predates Linares Faye LLC (2022-03-30); includes contributions as a sitting senator
INFL_0268,2018-06-02,ARTHUR LINARES,PERSON_ARTHUR_LINARES,(blank in filing),ORG_BLANK_IN_FILING,campaign contribution of $250,,campaign contribution,2,weak lead,SOURCE_0020,SEEC report E55146,"A lawful disclosed contribution. It is visibility, not causation, and no improper influence is asserted or implied.","NO. This row records visibility, not causation.",identity confidence MEDIUM; cannabis link at time: NO - predates Linares Faye LLC (2022-03-30); includes contributions as a sitting senator
INFL_0269,2018-06-03,John Zito,PERSON_JOHN_ZITO,(blank in filing),ORG_BLANK_IN_FILING,campaign contribution of $100,,campaign contribution,4,strong temporal or documentary support,SOURCE_0020,SEEC report E57360,"A lawful disclosed contribution. It is visibility, not causation, and no improper influence is asserted or implied.","NO. This row records visibility, not causation.",identity confidence HIGH; cannabis link at time: Y (filed employer/occupation/name is cannabis)
INFL_0270,2018-06-18,Arthur S Linares,PERSON_ARTHUR_S_LINARES,(blank in filing),ORG_BLANK_IN_FILING,campaign contribution of $100,,campaign contribution,2,weak lead,SOURCE_0020,SEEC report E56561,"A lawful disclosed contribution. It is visibility, not causation, and no improper influence is asserted or implied.","NO. This row records visibility, not causation.",identity confidence MEDIUM; cannabis link at time: NO - predates Linares Faye LLC (2022-03-30); includes contributions as a sitting senator
INFL_0271,2018-06-18,Arthur Linares,PERSON_ARTHUR_LINARES,(blank in filing),ORG_BLANK_IN_FILING,campaign contribution of $250,,campaign contribution,2,weak lead,SOURCE_0020,SEEC report E55586,"A lawful disclosed contribution. It is visibility, not causation, and no improper influence is asserted or implied.","NO. This row records visibility, not causation.",identity confidence MEDIUM; cannabis link at time: NO - predates Linares Faye LLC (2022-03-30); includes contributions as a sitting senator
INFL_0272,2018-06-28,Arthur Linares,PERSON_ARTHUR_LINARES,(blank in filing),ORG_BLANK_IN_FILING,campaign contribution of $100,,campaign contribution,2,weak lead,SOURCE_0020,SEEC report E55636,"A lawful disclosed contribution. It is visibility, not causation, and no improper influence is asserted or implied.","NO. This row records visibility, not causation.",identity confidence MEDIUM; cannabis link at time: NO - predates Linares Faye LLC (2022-03-30); includes contributions as a sitting senator
INFL_0273,2018-06-30,Devaughn L Ward,PERSON_DEVAUGHN_L_WARD,(blank in filing),ORG_BLANK_IN_FILING,campaign contribution of $100,,campaign contribution,4,strong temporal or documentary support,SOURCE_0020,SEEC report E56277,"A lawful disclosed contribution. It is visibility, not causation, and no improper influence is asserted or implied.","NO. This row records visibility, not causation.",identity confidence HIGH; cannabis link at time: PERSON-LEVEL ONLY (filed employer not cannabis)
INFL_0274,2018-07-04,Jacob Honig,PERSON_JACOB_HONIG,(blank in filing),ORG_BLANK_IN_FILING,campaign contribution of $5,,campaign contribution,4,strong temporal or documentary support,SOURCE_0020,SEEC report E59435,"A lawful disclosed contribution. It is visibility, not causation, and no improper influence is asserted or implied.","NO. This row records visibility, not causation.",identity confidence HIGH; cannabis link at time: PERSON-LEVEL ONLY (filed employer not cannabis)
INFL_0275,2018-07-04,Jacob Honig,PERSON_JACOB_HONIG,(blank in filing),ORG_BLANK_IN_FILING,campaign contribution of $5,,campaign contribution,4,strong temporal or documentary support,SOURCE_0020,SEEC report E56664,"A lawful disclosed contribution. It is visibility, not causation, and no improper influence is asserted or implied.","NO. This row records visibility, not causation.",identity confidence HIGH; cannabis link at time: PERSON-LEVEL ONLY (filed employer not cannabis)
INFL_0276,2018-07-05,JACOB N HONIG,PERSON_JACOB_N_HONIG,(blank in filing),ORG_BLANK_IN_FILING,campaign contribution of $5,,campaign contribution,4,strong temporal or documentary support,SOURCE_0020,SEEC report E57905,"A lawful disclosed contribution. It is visibility, not causation, and no improper influence is asserted or implied.","NO. This row records visibility, not causation.",identity confidence HIGH; cannabis link at time: PERSON-LEVEL ONLY (filed employer not cannabis)
INFL_0277,2018-07-12,Art Linares,PERSON_ART_LINARES,(blank in filing),ORG_BLANK_IN_FILING,campaign contribution of $450,,campaign contribution,2,weak lead,SOURCE_0020,SEEC report E57908,"A lawful disclosed contribution. It is visibility, not causation, and no improper influence is asserted or implied.","NO. This row records visibility, not causation.",identity confidence MEDIUM; cannabis link at time: NO - predates Linares Faye LLC (2022-03-30); includes contributions as a sitting senator
INFL_0278,2018-07-13,Art Linares,PERSON_ART_LINARES,(blank in filing),ORG_BLANK_IN_FILING,campaign contribution of $15000,,campaign contribution,2,weak lead,SOURCE_0020,SEEC report E57908,"A lawful disclosed contribution. It is visibility, not causation, and no improper influence is asserted or implied.","NO. This row records visibility, not causation.",identity confidence MEDIUM; cannabis link at time: NO - predates Linares Faye LLC (2022-03-30); includes contributions as a sitting senator
INFL_0279,2018-07-14,Art Linares,PERSON_ART_LINARES,(blank in filing),ORG_BLANK_IN_FILING,campaign contribution of $250,,campaign contribution,2,weak lead,SOURCE_0020,SEEC report E57783,"A lawful disclosed contribution. It is visibility, not causation, and no improper influence is asserted or implied.","NO. This row records visibility, not causation.",identity confidence MEDIUM; cannabis link at time: NO - predates Linares Faye LLC (2022-03-30); includes contributions as a sitting senator
INFL_0280,2018-08-07,Eileen Conard,PERSON_EILEEN_CONARD,(blank in filing),ORG_BLANK_IN_FILING,campaign contribution of $5,,campaign contribution,4,strong temporal or documentary support,SOURCE_0020,SEEC report E58377,"A lawful disclosed contribution. It is visibility, not causation, and no improper influence is asserted or implied.","NO. This row records visibility, not causation.",identity confidence HIGH; cannabis link at time: Y (filed employer/occupation/name is cannabis)
INFL_0281,2018-08-16,Art Linares,PERSON_ART_LINARES,(blank in filing),ORG_BLANK_IN_FILING,campaign contribution of $795.18,,campaign contribution,2,weak lead,SOURCE_0020,SEEC report E58914,"A lawful disclosed contribution. It is visibility, not causation, and no improper influence is asserted or implied.","NO. This row records visibility, not causation.",identity confidence MEDIUM; cannabis link at time: NO - predates Linares Faye LLC (2022-03-30); includes contributions as a sitting senator
INFL_0282,2018-08-20,Connecticut Recreational Marijuana Alliance,PERSON_CONNECTICUT_RECREATIONAL_MARIJUANA_ALLIANCE,(blank in filing),ORG_BLANK_IN_FILING,campaign contribution of $250,,campaign contribution,4,strong temporal or documentary support,SOURCE_0020,SEEC report E57849,"A lawful disclosed contribution. It is visibility, not causation, and no improper influence is asserted or implied.","NO. This row records visibility, not causation.",identity confidence HIGH; cannabis link at time: Y (filed employer/occupation/name is cannabis)
INFL_0283,2018-08-26,Tiana U Hercules,PERSON_TIANA_U_HERCULES,(blank in filing),ORG_BLANK_IN_FILING,campaign contribution of $70,,campaign contribution,2,weak lead,SOURCE_0020,SEEC report E59501,"A lawful disclosed contribution. It is visibility, not causation, and no improper influence is asserted or implied.","NO. This row records visibility, not causation.",identity confidence MEDIUM; cannabis link at time: PERSON-LEVEL ONLY (filed employer not cannabis)
INFL_0284,2018-09-18,devaughn ward,PERSON_DEVAUGHN_WARD,(blank in filing),ORG_BLANK_IN_FILING,campaign contribution of $100,,campaign contribution,4,strong temporal or documentary support,SOURCE_0020,SEEC report E60907,"A lawful disclosed contribution. It is visibility, not causation, and no improper influence is asserted or implied.","NO. This row records visibility, not causation.",identity confidence HIGH; cannabis link at time: PERSON-LEVEL ONLY (filed employer not cannabis)
INFL_0285,2018-09-26,Arthur Linares,PERSON_ARTHUR_LINARES,(blank in filing),ORG_BLANK_IN_FILING,campaign contribution of $1000,,campaign contribution,2,weak lead,SOURCE_0020,SEEC report E57698,"A lawful disclosed contribution. It is visibility, not causation, and no improper influence is asserted or implied.","NO. This row records visibility, not causation.",identity confidence MEDIUM; cannabis link at time: NO - predates Linares Faye LLC (2022-03-30); includes contributions as a sitting senator
INFL_0286,2018-10-01,CT Recreational Marijuana Alliance,PERSON_CT_RECREATIONAL_MARIJUANA_ALLIANCE,(blank in filing),ORG_BLANK_IN_FILING,campaign contribution of $250,,campaign contribution,4,strong temporal or documentary support,SOURCE_0020,SEEC report E61663,"A lawful disclosed contribution. It is visibility, not causation, and no improper influence is asserted or implied.","NO. This row records visibility, not causation.",identity confidence HIGH; cannabis link at time: Y (filed employer/occupation/name is cannabis)
INFL_0287,2018-10-09,Gerald Farrell,PERSON_GERALD_FARRELL,(blank in filing),ORG_BLANK_IN_FILING,campaign contribution of $1000,,campaign contribution,2,weak lead,SOURCE_0020,SEEC report E62246,"A lawful disclosed contribution. It is visibility, not causation, and no improper influence is asserted or implied.","NO. This row records visibility, not causation.",identity confidence MEDIUM; cannabis link at time: PERSON-LEVEL ONLY (filed employer not cannabis)
INFL_0288,2018-10-11,Nicholas Tamborrino,PERSON_NICHOLAS_TAMBORRINO,(blank in filing),ORG_BLANK_IN_FILING,campaign contribution of $250,,campaign contribution,4,strong temporal or documentary support,SOURCE_0020,SEEC report E62246,"A lawful disclosed contribution. It is visibility, not causation, and no improper influence is asserted or implied.","NO. This row records visibility, not causation.",identity confidence HIGH; cannabis link at time: Y (filed employer/occupation/name is cannabis)
INFL_0289,2018-10-15,Kevin Murphy,PERSON_KEVIN_MURPHY,(blank in filing),ORG_BLANK_IN_FILING,campaign contribution of $1000,,campaign contribution,4,strong temporal or documentary support,SOURCE_0020,SEEC report E62246,"A lawful disclosed contribution. It is visibility, not causation, and no improper influence is asserted or implied.","NO. This row records visibility, not causation.",identity confidence HIGH; cannabis link at time: Y (filed employer/occupation/name is cannabis)
INFL_0290,2018-10-19,Nicholas Tamborrino,PERSON_NICHOLAS_TAMBORRINO,(blank in filing),ORG_BLANK_IN_FILING,campaign contribution of $250,,campaign contribution,4,strong temporal or documentary support,SOURCE_0020,SEEC report E62246,"A lawful disclosed contribution. It is visibility, not causation, and no improper influence is asserted or implied.","NO. This row records visibility, not causation.",identity confidence HIGH; cannabis link at time: Y (filed employer/occupation/name is cannabis)
INFL_0291,2018-10-24,Kennard Ray,PERSON_KENNARD_RAY,(blank in filing),ORG_BLANK_IN_FILING,campaign contribution of $100,,campaign contribution,2,weak lead,SOURCE_0020,SEEC report E63893,"A lawful disclosed contribution. It is visibility, not causation, and no improper influence is asserted or implied.","NO. This row records visibility, not causation.",identity confidence MEDIUM; cannabis link at time: PERSON-LEVEL ONLY (filed employer not cannabis)
INFL_0292,2018-10-30,Kennard Ray,PERSON_KENNARD_RAY,(blank in filing),ORG_BLANK_IN_FILING,campaign contribution of $200,,campaign contribution,2,weak lead,SOURCE_0020,SEEC report E66737,"A lawful disclosed contribution. It is visibility, not causation, and no improper influence is asserted or implied.","NO. This row records visibility, not causation.",identity confidence MEDIUM; cannabis link at time: PERSON-LEVEL ONLY (filed employer not cannabis)
INFL_0293,2018-10-31,Kennard Ray,PERSON_KENNARD_RAY,(blank in filing),ORG_BLANK_IN_FILING,campaign contribution of $200,,campaign contribution,2,weak lead,SOURCE_0020,SEEC report E65841,"A lawful disclosed contribution. It is visibility, not causation, and no improper influence is asserted or implied.","NO. This row records visibility, not causation.",identity confidence MEDIUM; cannabis link at time: PERSON-LEVEL ONLY (filed employer not cannabis)
INFL_0294,2018-11-02,Gerald Farrell,PERSON_GERALD_FARRELL,(blank in filing),ORG_BLANK_IN_FILING,campaign contribution of $1000,,campaign contribution,2,weak lead,SOURCE_0020,SEEC report E65175,"A lawful disclosed contribution. It is visibility, not causation, and no improper influence is asserted or implied.","NO. This row records visibility, not causation.",identity confidence MEDIUM; cannabis link at time: PERSON-LEVEL ONLY (filed employer not cannabis)
INFL_0295,2018-11-02,Art Linares,PERSON_ART_LINARES,(blank in filing),ORG_BLANK_IN_FILING,campaign contribution of $500,,campaign contribution,2,weak lead,SOURCE_0020,SEEC report E64514,"A lawful disclosed contribution. It is visibility, not causation, and no improper influence is asserted or implied.","NO. This row records visibility, not causation.",identity confidence MEDIUM; cannabis link at time: NO - predates Linares Faye LLC (2022-03-30); includes contributions as a sitting senator
INFL_0296,2019-01-07,Connecticut Recreational Marijuana Alliance,PERSON_CONNECTICUT_RECREATIONAL_MARIJUANA_ALLIANCE,(blank in filing),ORG_BLANK_IN_FILING,campaign contribution of $250,,campaign contribution,4,strong temporal or documentary support,SOURCE_0020,SEEC report E66899,"A lawful disclosed contribution. It is visibility, not causation, and no improper influence is asserted or implied.","NO. This row records visibility, not causation.",identity confidence HIGH; cannabis link at time: Y (filed employer/occupation/name is cannabis)
INFL_0297,2019-07-16,Arthur S Linares,PERSON_ARTHUR_S_LINARES,(blank in filing),ORG_BLANK_IN_FILING,campaign contribution of $500,,campaign contribution,2,weak lead,SOURCE_0020,SEEC report E70642,"A lawful disclosed contribution. It is visibility, not causation, and no improper influence is asserted or implied.","NO. This row records visibility, not causation.",identity confidence MEDIUM; cannabis link at time: NO - predates Linares Faye LLC (2022-03-30); includes contributions as a sitting senator
INFL_0298,2019-09-05,Wesley Jenks,PERSON_WESLEY_JENKS,(blank in filing),ORG_BLANK_IN_FILING,campaign contribution of $100,,campaign contribution,2,weak lead,SOURCE_0020,SEEC report E70682,"A lawful disclosed contribution. It is visibility, not causation, and no improper influence is asserted or implied.","NO. This row records visibility, not causation.",identity confidence MEDIUM; cannabis link at time: PERSON-LEVEL ONLY (filed employer not cannabis)
INFL_0299,2019-09-07,Gerald E Farrell,PERSON_GERALD_E_FARRELL,(blank in filing),ORG_BLANK_IN_FILING,campaign contribution of $100,,campaign contribution,2,weak lead,SOURCE_0020,SEEC report E70087,"A lawful disclosed contribution. It is visibility, not causation, and no improper influence is asserted or implied.","NO. This row records visibility, not causation.",identity confidence MEDIUM; cannabis link at time: PERSON-LEVEL ONLY (filed employer not cannabis)
INFL_0300,2019-09-18,Luis Vega,PERSON_LUIS_VEGA,(blank in filing),ORG_BLANK_IN_FILING,campaign contribution of $100,,campaign contribution,4,strong temporal or documentary support,SOURCE_0020,SEEC report E70829,"A lawful disclosed contribution. It is visibility, not causation, and no improper influence is asserted or implied.","NO. This row records visibility, not causation.",identity confidence HIGH; cannabis link at time: Y (filed employer/occupation/name is cannabis)
INFL_0301,2019-09-26,Sali Barolli,PERSON_SALI_BAROLLI,(blank in filing),ORG_BLANK_IN_FILING,campaign contribution of $50,,campaign contribution,4,strong temporal or documentary support,SOURCE_0020,SEEC report E70363,"A lawful disclosed contribution. It is visibility, not causation, and no improper influence is asserted or implied.","NO. This row records visibility, not causation.",identity confidence HIGH; cannabis link at time: Y (filed employer/occupation/name is cannabis)
INFL_0302,2019-10-10,DeVaughn L Ward,PERSON_DEVAUGHN_L_WARD,(blank in filing),ORG_BLANK_IN_FILING,campaign contribution of $50,,campaign contribution,4,strong temporal or documentary support,SOURCE_0020,SEEC report E70926,"A lawful disclosed contribution. It is visibility, not causation, and no improper influence is asserted or implied.","NO. This row records visibility, not causation.",identity confidence HIGH; cannabis link at time: PERSON-LEVEL ONLY (filed employer not cannabis)
INFL_0303,2019-10-10,DeVaughn Ward,PERSON_DEVAUGHN_WARD,(blank in filing),ORG_BLANK_IN_FILING,campaign contribution of $50,,campaign contribution,4,strong temporal or documentary support,SOURCE_0020,SEEC report E71727,"A lawful disclosed contribution. It is visibility, not causation, and no improper influence is asserted or implied.","NO. This row records visibility, not causation.",identity confidence HIGH; cannabis link at time: PERSON-LEVEL ONLY (filed employer not cannabis)
INFL_0304,2019-10-24,DeVaughn Ward,PERSON_DEVAUGHN_WARD,(blank in filing),ORG_BLANK_IN_FILING,campaign contribution of $100,,campaign contribution,4,strong temporal or documentary support,SOURCE_0020,SEEC report E71007,"A lawful disclosed contribution. It is visibility, not causation, and no improper influence is asserted or implied.","NO. This row records visibility, not causation.",identity confidence HIGH; cannabis link at time: PERSON-LEVEL ONLY (filed employer not cannabis)
INFL_0305,2019-11-19,Seth R Sholes,PERSON_SETH_R_SHOLES,(blank in filing),ORG_BLANK_IN_FILING,campaign contribution of $250,,campaign contribution,4,strong temporal or documentary support,SOURCE_0020,SEEC report E72214,"A lawful disclosed contribution. It is visibility, not causation, and no improper influence is asserted or implied.","NO. This row records visibility, not causation.",identity confidence HIGH; cannabis link at time: Y (filed employer/occupation/name is cannabis)
INFL_0306,2019-12-06,Arthur Linares,PERSON_ARTHUR_LINARES,(blank in filing),ORG_BLANK_IN_FILING,campaign contribution of $100,,campaign contribution,2,weak lead,SOURCE_0020,SEEC report E71341,"A lawful disclosed contribution. It is visibility, not causation, and no improper influence is asserted or implied.","NO. This row records visibility, not causation.",identity confidence MEDIUM; cannabis link at time: NO - predates Linares Faye LLC (2022-03-30); includes contributions as a sitting senator
INFL_0307,2019-12-06,Arthur Linares,PERSON_ARTHUR_LINARES,(blank in filing),ORG_BLANK_IN_FILING,campaign contribution of $100,,campaign contribution,2,weak lead,SOURCE_0020,SEEC report E72096,"A lawful disclosed contribution. It is visibility, not causation, and no improper influence is asserted or implied.","NO. This row records visibility, not causation.",identity confidence MEDIUM; cannabis link at time: NO - predates Linares Faye LLC (2022-03-30); includes contributions as a sitting senator
INFL_0308,2019-12-11,Gerald Farrell,PERSON_GERALD_FARRELL,(blank in filing),ORG_BLANK_IN_FILING,campaign contribution of $100,,campaign contribution,2,weak lead,SOURCE_0020,SEEC report E72096,"A lawful disclosed contribution. It is visibility, not causation, and no improper influence is asserted or implied.","NO. This row records visibility, not causation.",identity confidence MEDIUM; cannabis link at time: PERSON-LEVEL ONLY (filed employer not cannabis)
INFL_0309,2020-02-29,Nicholas B Stein,PERSON_NICHOLAS_B_STEIN,(blank in filing),ORG_BLANK_IN_FILING,campaign contribution of $25,,campaign contribution,4,strong temporal or documentary support,SOURCE_0020,SEEC report E73016,"A lawful disclosed contribution. It is visibility, not causation, and no improper influence is asserted or implied.","NO. This row records visibility, not causation.",identity confidence HIGH; cannabis link at time: Y (filed employer/occupation/name is cannabis)
INFL_0310,2020-04-02,Jacob Honig,PERSON_JACOB_HONIG,(blank in filing),ORG_BLANK_IN_FILING,campaign contribution of $10,,campaign contribution,4,strong temporal or documentary support,SOURCE_0020,SEEC report E74603,"A lawful disclosed contribution. It is visibility, not causation, and no improper influence is asserted or implied.","NO. This row records visibility, not causation.",identity confidence HIGH; cannabis link at time: PERSON-LEVEL ONLY (filed employer not cannabis)
INFL_0311,2020-05-13,Arthur Linares,PERSON_ARTHUR_LINARES,(blank in filing),ORG_BLANK_IN_FILING,campaign contribution of $270,,campaign contribution,2,weak lead,SOURCE_0020,SEEC report E73565,"A lawful disclosed contribution. It is visibility, not causation, and no improper influence is asserted or implied.","NO. This row records visibility, not causation.",identity confidence MEDIUM; cannabis link at time: NO - predates Linares Faye LLC (2022-03-30); includes contributions as a sitting senator
INFL_0312,2020-05-13,Arthur S Linares,PERSON_ARTHUR_S_LINARES,(blank in filing),ORG_BLANK_IN_FILING,campaign contribution of $270,,campaign contribution,2,weak lead,SOURCE_0020,SEEC report E74967,"A lawful disclosed contribution. It is visibility, not causation, and no improper influence is asserted or implied.","NO. This row records visibility, not causation.",identity confidence MEDIUM; cannabis link at time: NO - predates Linares Faye LLC (2022-03-30); includes contributions as a sitting senator
INFL_0313,2020-05-23,Gregory Gourley,PERSON_GREGORY_GOURLEY,(blank in filing),ORG_BLANK_IN_FILING,campaign contribution of $5,,campaign contribution,4,strong temporal or documentary support,SOURCE_0020,SEEC report E74691,"A lawful disclosed contribution. It is visibility, not causation, and no improper influence is asserted or implied.","NO. This row records visibility, not causation.",identity confidence HIGH; cannabis link at time: Y (filed employer/occupation/name is cannabis)
INFL_0314,2020-06-04,Arthur Linares,PERSON_ARTHUR_LINARES,(blank in filing),ORG_BLANK_IN_FILING,campaign contribution of $270,,campaign contribution,2,weak lead,SOURCE_0020,SEEC report E75096,"A lawful disclosed contribution. It is visibility, not causation, and no improper influence is asserted or implied.","NO. This row records visibility, not causation.",identity confidence MEDIUM; cannabis link at time: NO - predates Linares Faye LLC (2022-03-30); includes contributions as a sitting senator
INFL_0315,2020-06-07,Gerald Farrell,PERSON_GERALD_FARRELL,(blank in filing),ORG_BLANK_IN_FILING,campaign contribution of $5,,campaign contribution,2,weak lead,SOURCE_0020,SEEC report E75231,"A lawful disclosed contribution. It is visibility, not causation, and no improper influence is asserted or implied.","NO. This row records visibility, not causation.",identity confidence MEDIUM; cannabis link at time: PERSON-LEVEL ONLY (filed employer not cannabis)
INFL_0316,2020-07-07,Tiana V Hercules,PERSON_TIANA_V_HERCULES,(blank in filing),ORG_BLANK_IN_FILING,campaign contribution of $5,,campaign contribution,2,weak lead,SOURCE_0020,SEEC report E76170,"A lawful disclosed contribution. It is visibility, not causation, and no improper influence is asserted or implied.","NO. This row records visibility, not causation.",identity confidence MEDIUM; cannabis link at time: PERSON-LEVEL ONLY (filed employer not cannabis)
INFL_0317,2020-08-17,John Post,PERSON_JOHN_POST,(blank in filing),ORG_BLANK_IN_FILING,campaign contribution of $25,,campaign contribution,4,strong temporal or documentary support,SOURCE_0020,SEEC report E77186,"A lawful disclosed contribution. It is visibility, not causation, and no improper influence is asserted or implied.","NO. This row records visibility, not causation.",identity confidence HIGH; cannabis link at time: Y (filed employer/occupation/name is cannabis)
INFL_0318,2020-09-23,Felicia N Jordan,PERSON_FELICIA_N_JORDAN,(blank in filing),ORG_BLANK_IN_FILING,campaign contribution of $50,,campaign contribution,4,strong temporal or documentary support,SOURCE_0020,SEEC report E76332,"A lawful disclosed contribution. It is visibility, not causation, and no improper influence is asserted or implied.","NO. This row records visibility, not causation.",identity confidence HIGH; cannabis link at time: Y (filed employer/occupation/name is cannabis)
INFL_0319,2020-10-15,Derrick Gibbs,PERSON_DERRICK_GIBBS,(blank in filing),ORG_BLANK_IN_FILING,campaign contribution of $1000,,campaign contribution,4,strong temporal or documentary support,SOURCE_0020,SEEC report E80589,"A lawful disclosed contribution. It is visibility, not causation, and no improper influence is asserted or implied.","NO. This row records visibility, not causation.",identity confidence HIGH; cannabis link at time: PERSON-LEVEL ONLY (filed employer not cannabis)
INFL_0320,2020-12-22,DeVaughn Ward,PERSON_DEVAUGHN_WARD,(blank in filing),ORG_BLANK_IN_FILING,campaign contribution of $100,,campaign contribution,4,strong temporal or documentary support,SOURCE_0020,SEEC report E83743,"A lawful disclosed contribution. It is visibility, not causation, and no improper influence is asserted or implied.","NO. This row records visibility, not causation.",identity confidence HIGH; cannabis link at time: Y (filed employer/occupation/name is cannabis)
INFL_0321,2021-05-07,Rebekah Fernandez,PERSON_REBEKAH_FERNANDEZ,(blank in filing),ORG_BLANK_IN_FILING,campaign contribution of $110,,campaign contribution,4,strong temporal or documentary support,SOURCE_0020,SEEC report E86016,"A lawful disclosed contribution. It is visibility, not causation, and no improper influence is asserted or implied.","NO. This row records visibility, not causation.",identity confidence HIGH; cannabis link at time: Y (filed employer/occupation/name is cannabis)
INFL_0322,2021-05-20,Wesley Jenks,PERSON_WESLEY_JENKS,(blank in filing),ORG_BLANK_IN_FILING,campaign contribution of $40,,campaign contribution,2,weak lead,SOURCE_0020,SEEC report E86512,"A lawful disclosed contribution. It is visibility, not causation, and no improper influence is asserted or implied.","NO. This row records visibility, not causation.",identity confidence MEDIUM; cannabis link at time: PERSON-LEVEL ONLY (filed employer not cannabis)
INFL_0323,2021-07-11,Kebra Smith-Bolden,PERSON_KEBRA_SMITH_BOLDEN,(blank in filing),ORG_BLANK_IN_FILING,campaign contribution of $100,,campaign contribution,4,strong temporal or documentary support,SOURCE_0020,SEEC report E86753,"A lawful disclosed contribution. It is visibility, not causation, and no improper influence is asserted or implied.","NO. This row records visibility, not causation.",identity confidence HIGH; cannabis link at time: PERSON-LEVEL ONLY (filed employer not cannabis)
INFL_0324,2021-08-13,Bernard Thomas,PERSON_BERNARD_THOMAS,(blank in filing),ORG_BLANK_IN_FILING,campaign contribution of $100,,campaign contribution,2,weak lead,SOURCE_0020,SEEC report E87611,"A lawful disclosed contribution. It is visibility, not causation, and no improper influence is asserted or implied.","NO. This row records visibility, not causation.",identity confidence MEDIUM; cannabis link at time: PERSON-LEVEL ONLY (filed employer not cannabis)
INFL_0325,2021-09-04,Jennifer Fell,PERSON_JENNIFER_FELL,(blank in filing),ORG_BLANK_IN_FILING,campaign contribution of $95.7,,campaign contribution,4,strong temporal or documentary support,SOURCE_0020,SEEC report E86930,"A lawful disclosed contribution. It is visibility, not causation, and no improper influence is asserted or implied.","NO. This row records visibility, not causation.",identity confidence HIGH; cannabis link at time: PERSON-LEVEL ONLY (filed employer not cannabis)
INFL_0326,2021-09-04,DeVaughn Ward,PERSON_DEVAUGHN_WARD,(blank in filing),ORG_BLANK_IN_FILING,campaign contribution of $239.7,,campaign contribution,4,strong temporal or documentary support,SOURCE_0020,SEEC report E86930,"A lawful disclosed contribution. It is visibility, not causation, and no improper influence is asserted or implied.","NO. This row records visibility, not causation.",identity confidence HIGH; cannabis link at time: PERSON-LEVEL ONLY (filed employer not cannabis)
INFL_0327,2021-09-07,Gerald Farrell,PERSON_GERALD_FARRELL,(blank in filing),ORG_BLANK_IN_FILING,campaign contribution of $900,,campaign contribution,2,weak lead,SOURCE_0020,SEEC report E86800,"A lawful disclosed contribution. It is visibility, not causation, and no improper influence is asserted or implied.","NO. This row records visibility, not causation.",identity confidence MEDIUM; cannabis link at time: PERSON-LEVEL ONLY (filed employer not cannabis)
INFL_0328,2021-10-05,Joseph Accettullo,PERSON_JOSEPH_ACCETTULLO,(blank in filing),ORG_BLANK_IN_FILING,campaign contribution of $100,,campaign contribution,4,strong temporal or documentary support,SOURCE_0020,SEEC report E88195,"A lawful disclosed contribution. It is visibility, not causation, and no improper influence is asserted or implied.","NO. This row records visibility, not causation.",identity confidence HIGH; cannabis link at time: PERSON-LEVEL ONLY (filed employer not cannabis)
INFL_0329,2021-10-22,Arthur Linares,PERSON_ARTHUR_LINARES,(blank in filing),ORG_BLANK_IN_FILING,campaign contribution of $2000,,campaign contribution,2,weak lead,SOURCE_0020,SEEC report E88122,"A lawful disclosed contribution. It is visibility, not causation, and no improper influence is asserted or implied.","NO. This row records visibility, not causation.",identity confidence MEDIUM; cannabis link at time: NO - predates Linares Faye LLC (2022-03-30); includes contributions as a sitting senator
INFL_0330,2021-10-25,Carl Tirella,PERSON_CARL_TIRELLA,(blank in filing),ORG_BLANK_IN_FILING,campaign contribution of $500,,campaign contribution,4,strong temporal or documentary support,SOURCE_0020,SEEC report E89332,"A lawful disclosed contribution. It is visibility, not causation, and no improper influence is asserted or implied.","NO. This row records visibility, not causation.",identity confidence HIGH; cannabis link at time: Y (filed employer/occupation/name is cannabis)
INFL_0331,2021-11-02,Arthur Linares,PERSON_ARTHUR_LINARES,Santiago for CT,ORG_SANTIAGO_FOR_CT,campaign contribution of $375,,campaign contribution,2,weak lead,SOURCE_0020,SEEC report E88822,"A lawful disclosed contribution. It is visibility, not causation, and no improper influence is asserted or implied.","NO. This row records visibility, not causation.",identity confidence MEDIUM; cannabis link at time: NO - predates Linares Faye LLC (2022-03-30); includes contributions as a sitting senator
INFL_0332,2021-12-01,DeVaughn Ward,PERSON_DEVAUGHN_WARD,Finizio for Senate,ORG_FINIZIO_FOR_SENATE,campaign contribution of $100,,campaign contribution,4,strong temporal or documentary support,SOURCE_0020,SEEC report E88565,"A lawful disclosed contribution. It is visibility, not causation, and no improper influence is asserted or implied.","NO. This row records visibility, not causation.",identity confidence HIGH; cannabis link at time: PERSON-LEVEL ONLY (filed employer not cannabis)
INFL_0333,2021-12-12,JOSEPH R Accettullo,PERSON_JOSEPH_R_ACCETTULLO,Friends of Susan,ORG_FRIENDS_OF_SUSAN,campaign contribution of $100,,campaign contribution,4,strong temporal or documentary support,SOURCE_0020,SEEC report E88634,"A lawful disclosed contribution. It is visibility, not causation, and no improper influence is asserted or implied.","NO. This row records visibility, not causation.",identity confidence HIGH; cannabis link at time: Y (filed employer/occupation/name is cannabis)
INFL_0334,2021-12-30,Jason Teal,PERSON_JASON_TEAL,Santiago for Connecticut,ORG_SANTIAGO_FOR_CONNECTICUT,campaign contribution of $100,,campaign contribution,4,strong temporal or documentary support,SOURCE_0020,SEEC report E89129,"A lawful disclosed contribution. It is visibility, not causation, and no improper influence is asserted or implied.","NO. This row records visibility, not causation.",identity confidence HIGH; cannabis link at time: PERSON-LEVEL ONLY (filed employer not cannabis)
INFL_0335,2022-01-17,Bernard Thomas,PERSON_BERNARD_THOMAS,Erica Evans for State Representative,ORG_ERICA_EVANS_FOR_STATE_REPRESENTATIVE,campaign contribution of $270,,campaign contribution,2,weak lead,SOURCE_0020,SEEC report E89507,"A lawful disclosed contribution. It is visibility, not causation, and no improper influence is asserted or implied.","NO. This row records visibility, not causation.",identity confidence MEDIUM; cannabis link at time: PERSON-LEVEL ONLY (filed employer not cannabis)
INFL_0336,2022-01-18,Rebekah Fernandez,PERSON_REBEKAH_FERNANDEZ,South Windsor Democratic Town Committee,ORG_SOUTH_WINDSOR_DEMOCRATIC_TOWN_COMMITTEE,campaign contribution of $10,,campaign contribution,4,strong temporal or documentary support,SOURCE_0020,SEEC report E91694,"A lawful disclosed contribution. It is visibility, not causation, and no improper influence is asserted or implied.","NO. This row records visibility, not causation.",identity confidence HIGH; cannabis link at time: Y (filed employer/occupation/name is cannabis)
INFL_0337,2022-02-07,DeVaughn L Ward,PERSON_DEVAUGHN_L_WARD,Stafstrom PAC,ORG_STAFSTROM_PAC,campaign contribution of $25,,campaign contribution,4,strong temporal or documentary support,SOURCE_0020,SEEC report E91264,"A lawful disclosed contribution. It is visibility, not causation, and no improper influence is asserted or implied.","NO. This row records visibility, not causation.",identity confidence HIGH; cannabis link at time: PERSON-LEVEL ONLY (filed employer not cannabis)
INFL_0338,2022-02-08,DeVaughn Ward,PERSON_DEVAUGHN_WARD,MATT LESSER FOR CONNECTICUT,ORG_MATT_LESSER_FOR_CONNECTICUT,campaign contribution of $100,,campaign contribution,4,strong temporal or documentary support,SOURCE_0020,SEEC report E89547,"A lawful disclosed contribution. It is visibility, not causation, and no improper influence is asserted or implied.","NO. This row records visibility, not causation.",identity confidence HIGH; cannabis link at time: PERSON-LEVEL ONLY (filed employer not cannabis)
INFL_0339,2022-02-22,Arthur Linares,PERSON_ARTHUR_LINARES,Scanlon 2022,ORG_SCANLON_2022,campaign contribution of $250,,campaign contribution,2,weak lead,SOURCE_0020,SEEC report E91455,"A lawful disclosed contribution. It is visibility, not causation, and no improper influence is asserted or implied.","NO. This row records visibility, not causation.",identity confidence MEDIUM; cannabis link at time: NO - predates Linares Faye LLC (2022-03-30); includes contributions as a sitting senator
INFL_0340,2022-03-03,Gregory R Gourley,PERSON_GREGORY_R_GOURLEY,Sujata for Connecticut,ORG_SUJATA_FOR_CONNECTICUT,campaign contribution of $5,,campaign contribution,4,strong temporal or documentary support,SOURCE_0020,SEEC report E90995,"A lawful disclosed contribution. It is visibility, not causation, and no improper influence is asserted or implied.","NO. This row records visibility, not causation.",identity confidence HIGH; cannabis link at time: Y (filed employer/occupation/name is cannabis)
INFL_0341,2022-03-24,Sedrick Acosta,PERSON_SEDRICK_ACOSTA,Re-elect Ferraro 2022,ORG_RE_ELECT_FERRARO_2022,campaign contribution of $5,,campaign contribution,4,strong temporal or documentary support,SOURCE_0020,SEEC report E90782,"A lawful disclosed contribution. It is visibility, not causation, and no improper influence is asserted or implied.","NO. This row records visibility, not causation.",identity confidence HIGH; cannabis link at time: Y (filed employer/occupation/name is cannabis)
INFL_0342,2022-03-27,Jason Teal,PERSON_JASON_TEAL,Santiago for Connecticut,ORG_SANTIAGO_FOR_CONNECTICUT,campaign contribution of $290,,campaign contribution,4,strong temporal or documentary support,SOURCE_0020,SEEC report E90920,"A lawful disclosed contribution. It is visibility, not causation, and no improper influence is asserted or implied.","NO. This row records visibility, not causation.",identity confidence HIGH; cannabis link at time: PERSON-LEVEL ONLY (filed employer not cannabis)
INFL_0343,2022-03-31,Bernard Thomas,PERSON_BERNARD_THOMAS,MATT LESSER FOR CONNECTICUT,ORG_MATT_LESSER_FOR_CONNECTICUT,campaign contribution of $50,,campaign contribution,2,weak lead,SOURCE_0020,SEEC report E92077,"A lawful disclosed contribution. It is visibility, not causation, and no improper influence is asserted or implied.","NO. This row records visibility, not causation.",identity confidence MEDIUM; cannabis link at time: PERSON-LEVEL ONLY (filed employer not cannabis)
INFL_0344,2022-04-03,Paul Travaglino,PERSON_PAUL_TRAVAGLINO,Team Tong,ORG_TEAM_TONG,campaign contribution of $290,,campaign contribution,2,weak lead,SOURCE_0020,SEEC report E92206,"A lawful disclosed contribution. It is visibility, not causation, and no improper influence is asserted or implied.","NO. This row records visibility, not causation.",identity confidence MEDIUM; cannabis link at time: PERSON-LEVEL ONLY (filed employer not cannabis)
INFL_0345,2022-04-14,Paul Travaglino,PERSON_PAUL_TRAVAGLINO,Rachel for CT149,ORG_RACHEL_FOR_CT149,campaign contribution of $290,,campaign contribution,2,weak lead,SOURCE_0020,SEEC report E92027,"A lawful disclosed contribution. It is visibility, not causation, and no improper influence is asserted or implied.","NO. This row records visibility, not causation.",identity confidence MEDIUM; cannabis link at time: PERSON-LEVEL ONLY (filed employer not cannabis)
INFL_0346,2022-04-28,Jerry Farrell,PERSON_JERRY_FARRELL,Farrell 2022,ORG_FARRELL_2022,campaign contribution of $0.5,,campaign contribution,2,weak lead,SOURCE_0020,SEEC report E92120,"A lawful disclosed contribution. It is visibility, not causation, and no improper influence is asserted or implied.","NO. This row records visibility, not causation.",identity confidence MEDIUM; cannabis link at time: PERSON-LEVEL ONLY (filed employer not cannabis)
INFL_0347,2022-05-06,Diana Shaw,PERSON_DIANA_SHAW,Committee 4KEN2022,ORG_COMMITTEE_4KEN2022,campaign contribution of $20,,campaign contribution,4,strong temporal or documentary support,SOURCE_0020,SEEC report E92493,"A lawful disclosed contribution. It is visibility, not causation, and no improper influence is asserted or implied.","NO. This row records visibility, not causation.",identity confidence HIGH; cannabis link at time: Y (filed employer/occupation/name is cannabis)
INFL_0348,2022-05-09,Erin Kirk,PERSON_ERIN_KIRK,CGreen4Senate,ORG_CGREEN4SENATE,campaign contribution of $10,,campaign contribution,4,strong temporal or documentary support,SOURCE_0020,SEEC report E92053,"A lawful disclosed contribution. It is visibility, not causation, and no improper influence is asserted or implied.","NO. This row records visibility, not causation.",identity confidence HIGH; cannabis link at time: PERSON-LEVEL ONLY (filed employer not cannabis)
INFL_0349,2022-05-21,Algis Domeika,PERSON_ALGIS_DOMEIKA,RiversForCT48,ORG_RIVERSFORCT48,campaign contribution of $5,,campaign contribution,4,strong temporal or documentary support,SOURCE_0020,SEEC report E91823,"A lawful disclosed contribution. It is visibility, not causation, and no improper influence is asserted or implied.","NO. This row records visibility, not causation.",identity confidence HIGH; cannabis link at time: Y (filed employer/occupation/name is cannabis)
INFL_0350,2022-05-26,DeVaughn Ward,PERSON_DEVAUGHN_WARD,Erick Russell for State Treasurer,ORG_ERICK_RUSSELL_FOR_STATE_TREASURER,campaign contribution of $100,,campaign contribution,4,strong temporal or documentary support,SOURCE_0020,SEEC report E92657,"A lawful disclosed contribution. It is visibility, not causation, and no improper influence is asserted or implied.","NO. This row records visibility, not causation.",identity confidence HIGH; cannabis link at time: PERSON-LEVEL ONLY (filed employer not cannabis)
INFL_0351,2022-06-02,Arthur Linares,PERSON_ARTHUR_LINARES,Fairfield Republican Town Committee,ORG_FAIRFIELD_REPUBLICAN_TOWN_COMMITTEE,campaign contribution of $250,,campaign contribution,2,weak lead,SOURCE_0020,SEEC report E92134,"A lawful disclosed contribution. It is visibility, not causation, and no improper influence is asserted or implied.","NO. This row records visibility, not causation.",identity confidence MEDIUM; cannabis link at time: PERSON-LEVEL ONLY (filed employer not cannabis)
INFL_0352,2022-06-03,Morhammed K Manzoor,PERSON_MORHAMMED_K_MANZOOR,Robertson For State Senate,ORG_ROBERTSON_FOR_STATE_SENATE,campaign contribution of $25,,campaign contribution,4,strong temporal or documentary support,SOURCE_0020,SEEC report E93059,"A lawful disclosed contribution. It is visibility, not causation, and no improper influence is asserted or implied.","NO. This row records visibility, not causation.",identity confidence HIGH; cannabis link at time: Y (filed employer/occupation/name is cannabis)
INFL_0353,2022-06-06,Arthur Linares,PERSON_ARTHUR_LINARES,DitaCT22,ORG_DITACT22,campaign contribution of $290,,campaign contribution,2,weak lead,SOURCE_0020,SEEC report E92372,"A lawful disclosed contribution. It is visibility, not causation, and no improper influence is asserted or implied.","NO. This row records visibility, not causation.",identity confidence MEDIUM; cannabis link at time: PERSON-LEVEL ONLY (filed employer not cannabis)
INFL_0354,2022-06-07,Arthur Linares,PERSON_ARTHUR_LINARES,Labriola for Senate,ORG_LABRIOLA_FOR_SENATE,campaign contribution of $290,,campaign contribution,2,weak lead,SOURCE_0020,SEEC report E92876,"A lawful disclosed contribution. It is visibility, not causation, and no improper influence is asserted or implied.","NO. This row records visibility, not causation.",identity confidence MEDIUM; cannabis link at time: PERSON-LEVEL ONLY (filed employer not cannabis)
INFL_0355,2022-06-12,Erin G Kirk,PERSON_ERIN_G_KIRK,DitaCT22,ORG_DITACT22,campaign contribution of $50,,campaign contribution,4,strong temporal or documentary support,SOURCE_0020,SEEC report E92372,"A lawful disclosed contribution. It is visibility, not causation, and no improper influence is asserted or implied.","NO. This row records visibility, not causation.",identity confidence HIGH; cannabis link at time: PERSON-LEVEL ONLY (filed employer not cannabis)
INFL_0356,2022-06-12,Jennifer Fell,PERSON_JENNIFER_FELL,DitaCT22,ORG_DITACT22,campaign contribution of $25,,campaign contribution,4,strong temporal or documentary support,SOURCE_0020,SEEC report E92372,"A lawful disclosed contribution. It is visibility, not causation, and no improper influence is asserted or implied.","NO. This row records visibility, not causation.",identity confidence HIGH; cannabis link at time: PERSON-LEVEL ONLY (filed employer not cannabis)
INFL_0357,2022-06-16,DeVaughn Ward,PERSON_DEVAUGHN_WARD,Collins for Senate 2022,ORG_COLLINS_FOR_SENATE_2022,campaign contribution of $290,,campaign contribution,4,strong temporal or documentary support,SOURCE_0020,SEEC report E92929,"A lawful disclosed contribution. It is visibility, not causation, and no improper influence is asserted or implied.","NO. This row records visibility, not causation.",identity confidence HIGH; cannabis link at time: Y (filed employer/occupation/name is cannabis)
INFL_0358,2022-06-20,Sali Barolli,PERSON_SALI_BAROLLI,Friends of Susan,ORG_FRIENDS_OF_SUSAN,campaign contribution of $200,,campaign contribution,4,strong temporal or documentary support,SOURCE_0020,SEEC report E92223,"A lawful disclosed contribution. It is visibility, not causation, and no improper influence is asserted or implied.","NO. This row records visibility, not causation.",identity confidence HIGH; cannabis link at time: Y (filed employer/occupation/name is cannabis)
INFL_0359,2022-06-24,Renee L Messier,PERSON_RENEE_L_MESSIER,Vollano For Senate 2022,ORG_VOLLANO_FOR_SENATE_2022,campaign contribution of $5,,campaign contribution,4,strong temporal or documentary support,SOURCE_0020,SEEC report E92135,"A lawful disclosed contribution. It is visibility, not causation, and no improper influence is asserted or implied.","NO. This row records visibility, not causation.",identity confidence HIGH; cannabis link at time: Y (filed employer/occupation/name is cannabis)
INFL_0360,2022-07-10,Jacob Honig,PERSON_JACOB_HONIG,Farmer 2022,ORG_FARMER_2022,campaign contribution of $25,,campaign contribution,4,strong temporal or documentary support,SOURCE_0020,SEEC report E92922,"A lawful disclosed contribution. It is visibility, not causation, and no improper influence is asserted or implied.","NO. This row records visibility, not causation.",identity confidence HIGH; cannabis link at time: Y (filed employer/occupation/name is cannabis)
INFL_0361,2022-07-19,Art Linares,PERSON_ART_LINARES,Stamford Democratic City Committee,ORG_STAMFORD_DEMOCRATIC_CITY_COMMITTEE,campaign contribution of $2000,,campaign contribution,2,weak lead,SOURCE_0020,SEEC report E97024,"A lawful disclosed contribution. It is visibility, not causation, and no improper influence is asserted or implied.","NO. This row records visibility, not causation.",identity confidence MEDIUM; cannabis link at time: PERSON-LEVEL ONLY (filed employer not cannabis)
INFL_0362,2022-08-04,Jason Teal,PERSON_JASON_TEAL,Collins for Senate 2022,ORG_COLLINS_FOR_SENATE_2022,campaign contribution of $290,,campaign contribution,4,strong temporal or documentary support,SOURCE_0020,SEEC report E97496,"A lawful disclosed contribution. It is visibility, not causation, and no improper influence is asserted or implied.","NO. This row records visibility, not causation.",identity confidence HIGH; cannabis link at time: PERSON-LEVEL ONLY (filed employer not cannabis)
INFL_0363,2022-08-13,Wesley Jenks,PERSON_WESLEY_JENKS,Elect Brandon Goff 2022,ORG_ELECT_BRANDON_GOFF_2022,campaign contribution of $5,,campaign contribution,2,weak lead,SOURCE_0020,SEEC report E93486,"A lawful disclosed contribution. It is visibility, not causation, and no improper influence is asserted or implied.","NO. This row records visibility, not causation.",identity confidence MEDIUM; cannabis link at time: PERSON-LEVEL ONLY (filed employer not cannabis)
INFL_0364,2022-09-23,Richard Carbray,PERSON_RICHARD_CARBRAY,Ned for CT,ORG_NED_FOR_CT,campaign contribution of $100,,campaign contribution,4,strong temporal or documentary support,SOURCE_0020,SEEC report E97303,"A lawful disclosed contribution. It is visibility, not causation, and no improper influence is asserted or implied.","NO. This row records visibility, not causation.",identity confidence HIGH; cannabis link at time: Y (filed employer/occupation/name is cannabis)
INFL_0365,2023-03-24,Becky Goetsch,PERSON_BECKY_GOETSCH,Killingworth Democratic Town Committee,ORG_KILLINGWORTH_DEMOCRATIC_TOWN_COMMITTEE,campaign contribution of $250,,campaign contribution,4,strong temporal or documentary support,SOURCE_0020,SEEC report E104474,"A lawful disclosed contribution. It is visibility, not causation, and no improper influence is asserted or implied.","NO. This row records visibility, not causation.",identity confidence HIGH; cannabis link at time: Y (filed employer/occupation/name is cannabis)
INFL_0366,2023-03-28,Rino Ferrarese,PERSON_RINO_FERRARESE,Elicker 2023,ORG_ELICKER_2023,campaign contribution of $445,,campaign contribution,2,weak lead,SOURCE_0020,SEEC report E105088,"A lawful disclosed contribution. It is visibility, not causation, and no improper influence is asserted or implied.","NO. This row records visibility, not causation.",identity confidence MEDIUM; cannabis link at time: PERSON-LEVEL ONLY (filed employer not cannabis)
INFL_0367,2023-03-28,Ray Pantalena,PERSON_RAY_PANTALENA,Elicker 2023,ORG_ELICKER_2023,campaign contribution of $445,,campaign contribution,4,strong temporal or documentary support,SOURCE_0020,SEEC report E105088,"A lawful disclosed contribution. It is visibility, not causation, and no improper influence is asserted or implied.","NO. This row records visibility, not causation.",identity confidence HIGH; cannabis link at time: Y (filed employer/occupation/name is cannabis)
INFL_0368,2023-06-04,Erin G Kirk,PERSON_ERIN_G_KIRK,Weston Democratic Town Committee,ORG_WESTON_DEMOCRATIC_TOWN_COMMITTEE,campaign contribution of $50,,campaign contribution,4,strong temporal or documentary support,SOURCE_0020,SEEC report E105454,"A lawful disclosed contribution. It is visibility, not causation, and no improper influence is asserted or implied.","NO. This row records visibility, not causation.",identity confidence HIGH; cannabis link at time: PERSON-LEVEL ONLY (filed employer not cannabis)
INFL_0369,2023-07-19,Jason Teal,PERSON_JASON_TEAL,Third Street PAC,ORG_THIRD_STREET_PAC,campaign contribution of $250,,campaign contribution,4,strong temporal or documentary support,SOURCE_0020,SEEC report E108273,"A lawful disclosed contribution. It is visibility, not causation, and no improper influence is asserted or implied.","NO. This row records visibility, not causation.",identity confidence HIGH; cannabis link at time: PERSON-LEVEL ONLY (filed employer not cannabis)
INFL_0370,2023-08-04,Gerald Farrell,PERSON_GERALD_FARRELL,Wolcott Republican Town Committee,ORG_WOLCOTT_REPUBLICAN_TOWN_COMMITTEE,campaign contribution of $150,,campaign contribution,2,weak lead,SOURCE_0020,SEEC report E108218,"A lawful disclosed contribution. It is visibility, not causation, and no improper influence is asserted or implied.","NO. This row records visibility, not causation.",identity confidence MEDIUM; cannabis link at time: PERSON-LEVEL ONLY (filed employer not cannabis)
INFL_0371,2023-08-17,Nathan Tinker,PERSON_NATHAN_TINKER,Trumbull Democratic Town Committee,ORG_TRUMBULL_DEMOCRATIC_TOWN_COMMITTEE,campaign contribution of $300,,campaign contribution,4,strong temporal or documentary support,SOURCE_0020,SEEC report E107488,"A lawful disclosed contribution. It is visibility, not causation, and no improper influence is asserted or implied.","NO. This row records visibility, not causation.",identity confidence HIGH; cannabis link at time: PERSON-LEVEL ONLY (filed employer not cannabis)
INFL_0372,2023-08-21,Bernard Thomas,PERSON_BERNARD_THOMAS,South Windsor Democratic Town Committee,ORG_SOUTH_WINDSOR_DEMOCRATIC_TOWN_COMMITTEE,campaign contribution of $200,,campaign contribution,2,weak lead,SOURCE_0020,SEEC report E108003,"A lawful disclosed contribution. It is visibility, not causation, and no improper influence is asserted or implied.","NO. This row records visibility, not causation.",identity confidence MEDIUM; cannabis link at time: PERSON-LEVEL ONLY (filed employer not cannabis)
INFL_0373,2023-09-21,Mary Beth Pantalena,PERSON_MARY_BETH_PANTALENA,Madison Republican Town Committee,ORG_MADISON_REPUBLICAN_TOWN_COMMITTEE,campaign contribution of $100,,campaign contribution,4,strong temporal or documentary support,SOURCE_0020,SEEC report E107430,"A lawful disclosed contribution. It is visibility, not causation, and no improper influence is asserted or implied.","NO. This row records visibility, not causation.",identity confidence HIGH; cannabis link at time: Y (filed employer/occupation/name is cannabis)
INFL_0374,2023-09-30,Tiana Hercules,PERSON_TIANA_HERCULES,New London Greens,ORG_NEW_LONDON_GREENS,campaign contribution of $250,,campaign contribution,2,weak lead,SOURCE_0020,SEEC report E107990,"A lawful disclosed contribution. It is visibility, not causation, and no improper influence is asserted or implied.","NO. This row records visibility, not causation.",identity confidence MEDIUM; cannabis link at time: PERSON-LEVEL ONLY (filed employer not cannabis)
INFL_0375,2023-10-05,Rino Ferrarese,PERSON_RINO_FERRARESE,Elicker 2023,ORG_ELICKER_2023,campaign contribution of $200,,campaign contribution,2,weak lead,SOURCE_0020,SEEC report E108939,"A lawful disclosed contribution. It is visibility, not causation, and no improper influence is asserted or implied.","NO. This row records visibility, not causation.",identity confidence MEDIUM; cannabis link at time: PERSON-LEVEL ONLY (filed employer not cannabis)
INFL_0376,2023-10-05,Ray Pantalena,PERSON_RAY_PANTALENA,Elicker 2023,ORG_ELICKER_2023,campaign contribution of $200,,campaign contribution,4,strong temporal or documentary support,SOURCE_0020,SEEC report E108939,"A lawful disclosed contribution. It is visibility, not causation, and no improper influence is asserted or implied.","NO. This row records visibility, not causation.",identity confidence HIGH; cannabis link at time: PERSON-LEVEL ONLY (filed employer not cannabis)
INFL_0377,2023-10-08,Paul Travaglino,PERSON_PAUL_TRAVAGLINO,Together for Tomorrow PAC,ORG_TOGETHER_FOR_TOMORROW_PAC,campaign contribution of $250,,campaign contribution,2,weak lead,SOURCE_0020,SEEC report E108610,"A lawful disclosed contribution. It is visibility, not causation, and no improper influence is asserted or implied.","NO. This row records visibility, not causation.",identity confidence MEDIUM; cannabis link at time: PERSON-LEVEL ONLY (filed employer not cannabis)
INFL_0378,2023-10-11,DeVaughn L Ward,PERSON_DEVAUGHN_L_WARD,Seat At The Table PAC,ORG_SEAT_AT_THE_TABLE_PAC,campaign contribution of $150,,campaign contribution,4,strong temporal or documentary support,SOURCE_0020,SEEC report E109460,"A lawful disclosed contribution. It is visibility, not causation, and no improper influence is asserted or implied.","NO. This row records visibility, not causation.",identity confidence HIGH; cannabis link at time: PERSON-LEVEL ONLY (filed employer not cannabis)
INFL_0379,2023-10-16,Erin G Kirk,PERSON_ERIN_G_KIRK,Power of Women PAC,ORG_POWER_OF_WOMEN_PAC,campaign contribution of $100,,campaign contribution,4,strong temporal or documentary support,SOURCE_0020,SEEC report E108663,"A lawful disclosed contribution. It is visibility, not causation, and no improper influence is asserted or implied.","NO. This row records visibility, not causation.",identity confidence HIGH; cannabis link at time: PERSON-LEVEL ONLY (filed employer not cannabis)
INFL_0380,2023-12-20,Jerry Farrell,PERSON_JERRY_FARRELL,Farrell 2024,ORG_FARRELL_2024,campaign contribution of $175,,campaign contribution,2,weak lead,SOURCE_0020,SEEC report E112712,"A lawful disclosed contribution. It is visibility, not causation, and no improper influence is asserted or implied.","NO. This row records visibility, not causation.",identity confidence MEDIUM; cannabis link at time: PERSON-LEVEL ONLY (filed employer not cannabis)
INFL_0381,2023-12-20,Jerry Farrell,PERSON_JERRY_FARRELL,Farrell 2024,ORG_FARRELL_2024,campaign contribution of $325,,campaign contribution,2,weak lead,SOURCE_0020,SEEC report E112712,"A lawful disclosed contribution. It is visibility, not causation, and no improper influence is asserted or implied.","NO. This row records visibility, not causation.",identity confidence MEDIUM; cannabis link at time: PERSON-LEVEL ONLY (filed employer not cannabis)
INFL_0382,2023-12-21,Jerry Farrell,PERSON_JERRY_FARRELL,Farrell 2024,ORG_FARRELL_2024,campaign contribution of $5000,,campaign contribution,2,weak lead,SOURCE_0020,SEEC report E110368,"A lawful disclosed contribution. It is visibility, not causation, and no improper influence is asserted or implied.","NO. This row records visibility, not causation.",identity confidence MEDIUM; cannabis link at time: PERSON-LEVEL ONLY (filed employer not cannabis)
INFL_0383,2024-01-23,Jerry Farrell,PERSON_JERRY_FARRELL,Farrell 2024,ORG_FARRELL_2024,campaign contribution of $425,,campaign contribution,2,weak lead,SOURCE_0020,SEEC report E110570,"A lawful disclosed contribution. It is visibility, not causation, and no improper influence is asserted or implied.","NO. This row records visibility, not causation.",identity confidence MEDIUM; cannabis link at time: PERSON-LEVEL ONLY (filed employer not cannabis)
INFL_0384,2024-01-25,Nikole Burnes,PERSON_NIKOLE_BURNES,Rosario2024,ORG_ROSARIO2024,campaign contribution of $5,,campaign contribution,4,strong temporal or documentary support,SOURCE_0020,SEEC report E110526,"A lawful disclosed contribution. It is visibility, not causation, and no improper influence is asserted or implied.","NO. This row records visibility, not causation.",identity confidence HIGH; cannabis link at time: PERSON-LEVEL ONLY (filed employer not cannabis)
INFL_0385,2024-02-03,Paul Travaglino,PERSON_PAUL_TRAVAGLINO,The Peacemakers,ORG_THE_PEACEMAKERS,campaign contribution of $250,,campaign contribution,2,weak lead,SOURCE_0020,SEEC report E112035,"A lawful disclosed contribution. It is visibility, not causation, and no improper influence is asserted or implied.","NO. This row records visibility, not causation.",identity confidence MEDIUM; cannabis link at time: PERSON-LEVEL ONLY (filed employer not cannabis)
INFL_0386,2024-02-05,Philip Lauderdale,PERSON_PHILIP_LAUDERDALE,The Peacemakers,ORG_THE_PEACEMAKERS,campaign contribution of $100,,campaign contribution,4,strong temporal or documentary support,SOURCE_0020,SEEC report E112035,"A lawful disclosed contribution. It is visibility, not causation, and no improper influence is asserted or implied.","NO. This row records visibility, not causation.",identity confidence HIGH; cannabis link at time: Y (filed employer/occupation/name is cannabis)
INFL_0387,2024-02-28,Steve Kardys,PERSON_STEVE_KARDYS,Rivers for Rep48,ORG_RIVERS_FOR_REP48,campaign contribution of $5,,campaign contribution,4,strong temporal or documentary support,SOURCE_0020,SEEC report E110925,"A lawful disclosed contribution. It is visibility, not causation, and no improper influence is asserted or implied.","NO. This row records visibility, not causation.",identity confidence HIGH; cannabis link at time: Y (filed employer/occupation/name is cannabis)
INFL_0388,2024-03-01,J Gabriel,PERSON_J_GABRIEL,Reyes 2024,ORG_REYES_2024,campaign contribution of $19,,campaign contribution,4,strong temporal or documentary support,SOURCE_0020,SEEC report E110728,"A lawful disclosed contribution. It is visibility, not causation, and no improper influence is asserted or implied.","NO. This row records visibility, not causation.",identity confidence HIGH; cannabis link at time: Y (filed employer/occupation/name is cannabis)
INFL_0389,2024-03-02,Erin Kirk,PERSON_ERIN_KIRK,Rep Anne Hughes 2024,ORG_REP_ANNE_HUGHES_2024,campaign contribution of $5,,campaign contribution,4,strong temporal or documentary support,SOURCE_0020,SEEC report E111663,"A lawful disclosed contribution. It is visibility, not causation, and no improper influence is asserted or implied.","NO. This row records visibility, not causation.",identity confidence HIGH; cannabis link at time: PERSON-LEVEL ONLY (filed employer not cannabis)
INFL_0390,2024-03-06,Vincent M Lombardi,PERSON_VINCENT_M_LOMBARDI,Etan Hirsch for the 119th,ORG_ETAN_HIRSCH_FOR_THE_119TH,campaign contribution of $5,,campaign contribution,4,strong temporal or documentary support,SOURCE_0020,SEEC report E111466,"A lawful disclosed contribution. It is visibility, not causation, and no improper influence is asserted or implied.","NO. This row records visibility, not causation.",identity confidence HIGH; cannabis link at time: Y (filed employer/occupation/name is cannabis)
INFL_0391,2024-03-08,Jerry Farrell,PERSON_JERRY_FARRELL,Farrell 2024,ORG_FARRELL_2024,campaign contribution of $26.05,,campaign contribution,2,weak lead,SOURCE_0020,SEEC report E110570,"A lawful disclosed contribution. It is visibility, not causation, and no improper influence is asserted or implied.","NO. This row records visibility, not causation.",identity confidence MEDIUM; cannabis link at time: PERSON-LEVEL ONLY (filed employer not cannabis)
INFL_0392,2024-03-16,Timothy Wang,PERSON_TIMOTHY_WANG,Mary for the 79th,ORG_MARY_FOR_THE_79TH,campaign contribution of $10,,campaign contribution,4,strong temporal or documentary support,SOURCE_0020,SEEC report E110554,"A lawful disclosed contribution. It is visibility, not causation, and no improper influence is asserted or implied.","NO. This row records visibility, not causation.",identity confidence HIGH; cannabis link at time: Y (filed employer/occupation/name is cannabis)
INFL_0393,2024-03-26,Jason Teal,PERSON_JASON_TEAL,Manny 2024,ORG_MANNY_2024,campaign contribution of $100,,campaign contribution,4,strong temporal or documentary support,SOURCE_0020,SEEC report E111539,"A lawful disclosed contribution. It is visibility, not causation, and no improper influence is asserted or implied.","NO. This row records visibility, not causation.",identity confidence HIGH; cannabis link at time: Y (filed employer/occupation/name is cannabis)
INFL_0394,2024-03-29,De'Anna Ferriolo,PERSON_DE_ANNA_FERRIOLO,Eric Berthel for Senate,ORG_ERIC_BERTHEL_FOR_SENATE,campaign contribution of $5,,campaign contribution,4,strong temporal or documentary support,SOURCE_0020,SEEC report E110523,"A lawful disclosed contribution. It is visibility, not causation, and no improper influence is asserted or implied.","NO. This row records visibility, not causation.",identity confidence HIGH; cannabis link at time: Y (filed employer/occupation/name is cannabis)
INFL_0395,2024-03-31,Jerry Farrell,PERSON_JERRY_FARRELL,Farrell 2024,ORG_FARRELL_2024,campaign contribution of $1560,,campaign contribution,2,weak lead,SOURCE_0020,SEEC report E110570,"A lawful disclosed contribution. It is visibility, not causation, and no improper influence is asserted or implied.","NO. This row records visibility, not causation.",identity confidence MEDIUM; cannabis link at time: PERSON-LEVEL ONLY (filed employer not cannabis)
INFL_0396,2024-04-05,Jaime E Vinick,PERSON_JAIME_E_VINICK,Stephanie for Senate 24,ORG_STEPHANIE_FOR_SENATE_24,campaign contribution of $10,,campaign contribution,4,strong temporal or documentary support,SOURCE_0020,SEEC report E112357,"A lawful disclosed contribution. It is visibility, not causation, and no improper influence is asserted or implied.","NO. This row records visibility, not causation.",identity confidence HIGH; cannabis link at time: Y (filed employer/occupation/name is cannabis)
INFL_0397,2024-04-10,ANDREW THOMAS,PERSON_ANDREW_THOMAS,Alexandra4Rep,ORG_ALEXANDRA4REP,campaign contribution of $50,,campaign contribution,4,strong temporal or documentary support,SOURCE_0020,SEEC report E113763,"A lawful disclosed contribution. It is visibility, not causation, and no improper influence is asserted or implied.","NO. This row records visibility, not causation.",identity confidence HIGH; cannabis link at time: Y (filed employer/occupation/name is cannabis)
INFL_0398,2024-04-17,Jerry Farrell,PERSON_JERRY_FARRELL,Farrell 2024,ORG_FARRELL_2024,campaign contribution of $133.55,,campaign contribution,2,weak lead,SOURCE_0020,SEEC report E112379,"A lawful disclosed contribution. It is visibility, not causation, and no improper influence is asserted or implied.","NO. This row records visibility, not causation.",identity confidence MEDIUM; cannabis link at time: PERSON-LEVEL ONLY (filed employer not cannabis)
INFL_0399,2024-04-17,Jerry Farrell,PERSON_JERRY_FARRELL,Farrell 2024,ORG_FARRELL_2024,campaign contribution of $28.88,,campaign contribution,2,weak lead,SOURCE_0020,SEEC report E112379,"A lawful disclosed contribution. It is visibility, not causation, and no improper influence is asserted or implied.","NO. This row records visibility, not causation.",identity confidence MEDIUM; cannabis link at time: PERSON-LEVEL ONLY (filed employer not cannabis)
INFL_0400,2024-04-21,Jerry Farrell,PERSON_JERRY_FARRELL,Farrell 2024,ORG_FARRELL_2024,campaign contribution of $101,,campaign contribution,2,weak lead,SOURCE_0020,SEEC report E112379,"A lawful disclosed contribution. It is visibility, not causation, and no improper influence is asserted or implied.","NO. This row records visibility, not causation.",identity confidence MEDIUM; cannabis link at time: PERSON-LEVEL ONLY (filed employer not cannabis)
INFL_0401,2024-04-26,Jerry Farrell,PERSON_JERRY_FARRELL,Farrell 2024,ORG_FARRELL_2024,campaign contribution of $10.57,,campaign contribution,2,weak lead,SOURCE_0020,SEEC report E112379,"A lawful disclosed contribution. It is visibility, not causation, and no improper influence is asserted or implied.","NO. This row records visibility, not causation.",identity confidence MEDIUM; cannabis link at time: PERSON-LEVEL ONLY (filed employer not cannabis)
INFL_0402,2024-04-26,Jerry Farrell,PERSON_JERRY_FARRELL,Farrell 2024,ORG_FARRELL_2024,campaign contribution of $160.92,,campaign contribution,2,weak lead,SOURCE_0020,SEEC report E112379,"A lawful disclosed contribution. It is visibility, not causation, and no improper influence is asserted or implied.","NO. This row records visibility, not causation.",identity confidence MEDIUM; cannabis link at time: PERSON-LEVEL ONLY (filed employer not cannabis)
INFL_0403,2024-04-26,Jerry Farrell,PERSON_JERRY_FARRELL,Farrell 2024,ORG_FARRELL_2024,campaign contribution of $3.69,,campaign contribution,2,weak lead,SOURCE_0020,SEEC report E112379,"A lawful disclosed contribution. It is visibility, not causation, and no improper influence is asserted or implied.","NO. This row records visibility, not causation.",identity confidence MEDIUM; cannabis link at time: PERSON-LEVEL ONLY (filed employer not cannabis)
INFL_0404,2024-04-28,Joshua Colletta,PERSON_JOSHUA_COLLETTA,Collins 2024,ORG_COLLINS_2024,campaign contribution of $5,,campaign contribution,4,strong temporal or documentary support,SOURCE_0020,SEEC report E113417,"A lawful disclosed contribution. It is visibility, not causation, and no improper influence is asserted or implied.","NO. This row records visibility, not causation.",identity confidence HIGH; cannabis link at time: Y (filed employer/occupation/name is cannabis)
INFL_0405,2024-04-29,Ethel Black,PERSON_ETHEL_BLACK,Manny 2024,ORG_MANNY_2024,campaign contribution of $5,,campaign contribution,4,strong temporal or documentary support,SOURCE_0020,SEEC report E112946,"A lawful disclosed contribution. It is visibility, not causation, and no improper influence is asserted or implied.","NO. This row records visibility, not causation.",identity confidence HIGH; cannabis link at time: Y (filed employer/occupation/name is cannabis)
INFL_0406,2024-05-21,Jerry Farrell,PERSON_JERRY_FARRELL,Farrell 2024,ORG_FARRELL_2024,campaign contribution of $101,,campaign contribution,2,weak lead,SOURCE_0020,SEEC report E112379,"A lawful disclosed contribution. It is visibility, not causation, and no improper influence is asserted or implied.","NO. This row records visibility, not causation.",identity confidence MEDIUM; cannabis link at time: PERSON-LEVEL ONLY (filed employer not cannabis)
INFL_0407,2024-06-12,Nikole Burnes,PERSON_NIKOLE_BURNES,Finch For Senate,ORG_FINCH_FOR_SENATE,campaign contribution of $5,,campaign contribution,4,strong temporal or documentary support,SOURCE_0020,SEEC report E113301,"A lawful disclosed contribution. It is visibility, not causation, and no improper influence is asserted or implied.","NO. This row records visibility, not causation.",identity confidence HIGH; cannabis link at time: PERSON-LEVEL ONLY (filed employer not cannabis)
INFL_0408,2024-06-21,Jerry Farrell,PERSON_JERRY_FARRELL,Farrell 2024,ORG_FARRELL_2024,campaign contribution of $101,,campaign contribution,2,weak lead,SOURCE_0020,SEEC report E112379,"A lawful disclosed contribution. It is visibility, not causation, and no improper influence is asserted or implied.","NO. This row records visibility, not causation.",identity confidence MEDIUM; cannabis link at time: PERSON-LEVEL ONLY (filed employer not cannabis)
INFL_0409,2024-06-30,Jerry Farrell,PERSON_JERRY_FARRELL,Farrell 2024,ORG_FARRELL_2024,campaign contribution of $1560,,campaign contribution,2,weak lead,SOURCE_0020,SEEC report E112379,"A lawful disclosed contribution. It is visibility, not causation, and no improper influence is asserted or implied.","NO. This row records visibility, not causation.",identity confidence MEDIUM; cannabis link at time: PERSON-LEVEL ONLY (filed employer not cannabis)
INFL_0410,2024-07-04,Joseph Robidoux,PERSON_JOSEPH_ROBIDOUX,Elect Cynthia Mangini,ORG_ELECT_CYNTHIA_MANGINI,campaign contribution of $50,,campaign contribution,4,strong temporal or documentary support,SOURCE_0020,SEEC report E114270,"A lawful disclosed contribution. It is visibility, not causation, and no improper influence is asserted or implied.","NO. This row records visibility, not causation.",identity confidence HIGH; cannabis link at time: Y (filed employer/occupation/name is cannabis)
INFL_0411,2024-07-24,Jerry Farrell,PERSON_JERRY_FARRELL,Farrell 2024,ORG_FARRELL_2024,campaign contribution of $101,,campaign contribution,2,weak lead,SOURCE_0020,SEEC report E114387,"A lawful disclosed contribution. It is visibility, not causation, and no improper influence is asserted or implied.","NO. This row records visibility, not causation.",identity confidence MEDIUM; cannabis link at time: PERSON-LEVEL ONLY (filed employer not cannabis)
INFL_0412,2024-08-14,Erin G Kirk,PERSON_ERIN_G_KIRK,The Peacemakers,ORG_THE_PEACEMAKERS,campaign contribution of $100,,campaign contribution,4,strong temporal or documentary support,SOURCE_0020,SEEC report E115566,"A lawful disclosed contribution. It is visibility, not causation, and no improper influence is asserted or implied.","NO. This row records visibility, not causation.",identity confidence HIGH; cannabis link at time: PERSON-LEVEL ONLY (filed employer not cannabis)
INFL_0413,2024-08-21,Brendan Held,PERSON_BRENDAN_HELD,CHARAMUT 2024,ORG_CHARAMUT_2024,campaign contribution of $5,,campaign contribution,4,strong temporal or documentary support,SOURCE_0020,SEEC report E114483,"A lawful disclosed contribution. It is visibility, not causation, and no improper influence is asserted or implied.","NO. This row records visibility, not causation.",identity confidence HIGH; cannabis link at time: Y (filed employer/occupation/name is cannabis)
INFL_0414,2024-08-21,Jerry Farrell,PERSON_JERRY_FARRELL,Farrell 2024,ORG_FARRELL_2024,campaign contribution of $101,,campaign contribution,2,weak lead,SOURCE_0020,SEEC report E114387,"A lawful disclosed contribution. It is visibility, not causation, and no improper influence is asserted or implied.","NO. This row records visibility, not causation.",identity confidence MEDIUM; cannabis link at time: PERSON-LEVEL ONLY (filed employer not cannabis)
INFL_0415,2024-08-24,Erik Sarango,PERSON_ERIK_SARANGO,Orosco 2024,ORG_OROSCO_2024,campaign contribution of $5,,campaign contribution,4,strong temporal or documentary support,SOURCE_0020,SEEC report E115328,"A lawful disclosed contribution. It is visibility, not causation, and no improper influence is asserted or implied.","NO. This row records visibility, not causation.",identity confidence HIGH; cannabis link at time: Y (filed employer/occupation/name is cannabis)
INFL_0416,2024-09-05,Paul Travaglino,PERSON_PAUL_TRAVAGLINO,Matt Blumenthal PAC,ORG_MATT_BLUMENTHAL_PAC,campaign contribution of $250,,campaign contribution,2,weak lead,SOURCE_0020,SEEC report E115904,"A lawful disclosed contribution. It is visibility, not causation, and no improper influence is asserted or implied.","NO. This row records visibility, not causation.",identity confidence MEDIUM; cannabis link at time: PERSON-LEVEL ONLY (filed employer not cannabis)
INFL_0417,2024-09-05,Paul Travaglino,PERSON_PAUL_TRAVAGLINO,Stafstrom PAC,ORG_STAFSTROM_PAC,campaign contribution of $250,,campaign contribution,2,weak lead,SOURCE_0020,SEEC report E116620,"A lawful disclosed contribution. It is visibility, not causation, and no improper influence is asserted or implied.","NO. This row records visibility, not causation.",identity confidence MEDIUM; cannabis link at time: PERSON-LEVEL ONLY (filed employer not cannabis)
INFL_0418,2024-09-05,Jerry Farrell,PERSON_JERRY_FARRELL,Farrell 2024,ORG_FARRELL_2024,campaign contribution of $2300,,campaign contribution,2,weak lead,SOURCE_0020,SEEC report E114387,"A lawful disclosed contribution. It is visibility, not causation, and no improper influence is asserted or implied.","NO. This row records visibility, not causation.",identity confidence MEDIUM; cannabis link at time: PERSON-LEVEL ONLY (filed employer not cannabis)
INFL_0419,2024-09-09,Jerry Farrell,PERSON_JERRY_FARRELL,Farrell 2024,ORG_FARRELL_2024,campaign contribution of $110.18,,campaign contribution,2,weak lead,SOURCE_0020,SEEC report E114387,"A lawful disclosed contribution. It is visibility, not causation, and no improper influence is asserted or implied.","NO. This row records visibility, not causation.",identity confidence MEDIUM; cannabis link at time: PERSON-LEVEL ONLY (filed employer not cannabis)
INFL_0420,2024-09-09,Jerry Farrell,PERSON_JERRY_FARRELL,Farrell 2024,ORG_FARRELL_2024,campaign contribution of $96.29,,campaign contribution,2,weak lead,SOURCE_0020,SEEC report E114387,"A lawful disclosed contribution. It is visibility, not causation, and no improper influence is asserted or implied.","NO. This row records visibility, not causation.",identity confidence MEDIUM; cannabis link at time: PERSON-LEVEL ONLY (filed employer not cannabis)
INFL_0421,2024-09-13,Jerry Farrell,PERSON_JERRY_FARRELL,Farrell 2024,ORG_FARRELL_2024,campaign contribution of $526.56,,campaign contribution,2,weak lead,SOURCE_0020,SEEC report E114387,"A lawful disclosed contribution. It is visibility, not causation, and no improper influence is asserted or implied.","NO. This row records visibility, not causation.",identity confidence MEDIUM; cannabis link at time: PERSON-LEVEL ONLY (filed employer not cannabis)
INFL_0422,2024-09-21,Jerry Farrell,PERSON_JERRY_FARRELL,Farrell 2024,ORG_FARRELL_2024,campaign contribution of $101,,campaign contribution,2,weak lead,SOURCE_0020,SEEC report E114387,"A lawful disclosed contribution. It is visibility, not causation, and no improper influence is asserted or implied.","NO. This row records visibility, not causation.",identity confidence MEDIUM; cannabis link at time: PERSON-LEVEL ONLY (filed employer not cannabis)
INFL_0423,2024-09-23,Paul Travaglino,PERSON_PAUL_TRAVAGLINO,Together for Tomorrow PAC,ORG_TOGETHER_FOR_TOMORROW_PAC,campaign contribution of $250,,campaign contribution,2,weak lead,SOURCE_0020,SEEC report E116512,"A lawful disclosed contribution. It is visibility, not causation, and no improper influence is asserted or implied.","NO. This row records visibility, not causation.",identity confidence MEDIUM; cannabis link at time: PERSON-LEVEL ONLY (filed employer not cannabis)
INFL_0424,2024-09-27,Jerry Farrell,PERSON_JERRY_FARRELL,Farrell 2024,ORG_FARRELL_2024,campaign contribution of $10000,,campaign contribution,2,weak lead,SOURCE_0020,SEEC report E114387,"A lawful disclosed contribution. It is visibility, not causation, and no improper influence is asserted or implied.","NO. This row records visibility, not causation.",identity confidence MEDIUM; cannabis link at time: PERSON-LEVEL ONLY (filed employer not cannabis)
INFL_0425,2024-09-30,Jerry Farrell,PERSON_JERRY_FARRELL,Farrell 2024,ORG_FARRELL_2024,campaign contribution of $248.9,,campaign contribution,2,weak lead,SOURCE_0020,SEEC report E114387,"A lawful disclosed contribution. It is visibility, not causation, and no improper influence is asserted or implied.","NO. This row records visibility, not causation.",identity confidence MEDIUM; cannabis link at time: PERSON-LEVEL ONLY (filed employer not cannabis)
INFL_0426,2024-09-30,Jerry Farrell,PERSON_JERRY_FARRELL,Farrell 2024,ORG_FARRELL_2024,campaign contribution of $3900,,campaign contribution,2,weak lead,SOURCE_0020,SEEC report E114387,"A lawful disclosed contribution. It is visibility, not causation, and no improper influence is asserted or implied.","NO. This row records visibility, not causation.",identity confidence MEDIUM; cannabis link at time: PERSON-LEVEL ONLY (filed employer not cannabis)
INFL_0427,2024-09-30,Jerry Farrell,PERSON_JERRY_FARRELL,Farrell 2024,ORG_FARRELL_2024,campaign contribution of $5200,,campaign contribution,2,weak lead,SOURCE_0020,SEEC report E114387,"A lawful disclosed contribution. It is visibility, not causation, and no improper influence is asserted or implied.","NO. This row records visibility, not causation.",identity confidence MEDIUM; cannabis link at time: PERSON-LEVEL ONLY (filed employer not cannabis)
INFL_0428,2024-10-01,Jerry Farrell,PERSON_JERRY_FARRELL,Farrell 2024,ORG_FARRELL_2024,campaign contribution of $15.94,,campaign contribution,2,weak lead,SOURCE_0020,SEEC report E117944,"A lawful disclosed contribution. It is visibility, not causation, and no improper influence is asserted or implied.","NO. This row records visibility, not causation.",identity confidence MEDIUM; cannabis link at time: PERSON-LEVEL ONLY (filed employer not cannabis)
INFL_0429,2024-10-01,Jerry Farrell,PERSON_JERRY_FARRELL,Farrell 2024,ORG_FARRELL_2024,campaign contribution of $10000,,campaign contribution,2,weak lead,SOURCE_0020,SEEC report E117944,"A lawful disclosed contribution. It is visibility, not causation, and no improper influence is asserted or implied.","NO. This row records visibility, not causation.",identity confidence MEDIUM; cannabis link at time: PERSON-LEVEL ONLY (filed employer not cannabis)
INFL_0430,2024-10-17,Gerald Farrell,PERSON_GERALD_FARRELL,Farrell 2024,ORG_FARRELL_2024,campaign contribution of $250,,campaign contribution,2,weak lead,SOURCE_0020,SEEC report E117944,"A lawful disclosed contribution. It is visibility, not causation, and no improper influence is asserted or implied.","NO. This row records visibility, not causation.",identity confidence MEDIUM; cannabis link at time: PERSON-LEVEL ONLY (filed employer not cannabis)
INFL_0431,2024-10-18,Erin G Kirk,PERSON_ERIN_G_KIRK,Power of Women PAC,ORG_POWER_OF_WOMEN_PAC,campaign contribution of $100,,campaign contribution,4,strong temporal or documentary support,SOURCE_0020,SEEC report E117843,"A lawful disclosed contribution. It is visibility, not causation, and no improper influence is asserted or implied.","NO. This row records visibility, not causation.",identity confidence HIGH; cannabis link at time: PERSON-LEVEL ONLY (filed employer not cannabis)
INFL_0432,2024-10-19,Paul Travaglino,PERSON_PAUL_TRAVAGLINO,Power of Women PAC,ORG_POWER_OF_WOMEN_PAC,campaign contribution of $500,,campaign contribution,2,weak lead,SOURCE_0020,SEEC report E117843,"A lawful disclosed contribution. It is visibility, not causation, and no improper influence is asserted or implied.","NO. This row records visibility, not causation.",identity confidence MEDIUM; cannabis link at time: PERSON-LEVEL ONLY (filed employer not cannabis)
INFL_0433,2024-10-21,Jerry Farrell,PERSON_JERRY_FARRELL,Farrell 2024,ORG_FARRELL_2024,campaign contribution of $101,,campaign contribution,2,weak lead,SOURCE_0020,SEEC report E117944,"A lawful disclosed contribution. It is visibility, not causation, and no improper influence is asserted or implied.","NO. This row records visibility, not causation.",identity confidence MEDIUM; cannabis link at time: PERSON-LEVEL ONLY (filed employer not cannabis)
INFL_0434,2024-10-22,Jerry Farrell,PERSON_JERRY_FARRELL,Farrell 2024,ORG_FARRELL_2024,campaign contribution of $1200,,campaign contribution,2,weak lead,SOURCE_0020,SEEC report E117944,"A lawful disclosed contribution. It is visibility, not causation, and no improper influence is asserted or implied.","NO. This row records visibility, not causation.",identity confidence MEDIUM; cannabis link at time: PERSON-LEVEL ONLY (filed employer not cannabis)
INFL_0435,2024-10-22,Jerry Farrell,PERSON_JERRY_FARRELL,Farrell 2024,ORG_FARRELL_2024,campaign contribution of $900,,campaign contribution,2,weak lead,SOURCE_0020,SEEC report E117944,"A lawful disclosed contribution. It is visibility, not causation, and no improper influence is asserted or implied.","NO. This row records visibility, not causation.",identity confidence MEDIUM; cannabis link at time: PERSON-LEVEL ONLY (filed employer not cannabis)
INFL_0436,2024-10-29,Jerry Farrell,PERSON_JERRY_FARRELL,Farrell 2024,ORG_FARRELL_2024,campaign contribution of $300,,campaign contribution,2,weak lead,SOURCE_0020,SEEC report E119189,"A lawful disclosed contribution. It is visibility, not causation, and no improper influence is asserted or implied.","NO. This row records visibility, not causation.",identity confidence MEDIUM; cannabis link at time: PERSON-LEVEL ONLY (filed employer not cannabis)
INFL_0437,2024-10-29,Jerry Farrell,PERSON_JERRY_FARRELL,Farrell 2024,ORG_FARRELL_2024,campaign contribution of $400,,campaign contribution,2,weak lead,SOURCE_0020,SEEC report E119189,"A lawful disclosed contribution. It is visibility, not causation, and no improper influence is asserted or implied.","NO. This row records visibility, not causation.",identity confidence MEDIUM; cannabis link at time: PERSON-LEVEL ONLY (filed employer not cannabis)
INFL_0438,2024-11-29,Jerry Farrell,PERSON_JERRY_FARRELL,Farrell 2024,ORG_FARRELL_2024,campaign contribution of $1200,,campaign contribution,2,weak lead,SOURCE_0020,SEEC report E121125,"A lawful disclosed contribution. It is visibility, not causation, and no improper influence is asserted or implied.","NO. This row records visibility, not causation.",identity confidence MEDIUM; cannabis link at time: PERSON-LEVEL ONLY (filed employer not cannabis)
INFL_0439,2024-11-29,Jerry Farrell,PERSON_JERRY_FARRELL,Farrell 2024,ORG_FARRELL_2024,campaign contribution of $1600,,campaign contribution,2,weak lead,SOURCE_0020,SEEC report E121125,"A lawful disclosed contribution. It is visibility, not causation, and no improper influence is asserted or implied.","NO. This row records visibility, not causation.",identity confidence MEDIUM; cannabis link at time: PERSON-LEVEL ONLY (filed employer not cannabis)
INFL_0440,2024-12-30,Jerry Farrell,PERSON_JERRY_FARRELL,Farrell 2024,ORG_FARRELL_2024,campaign contribution of $7.26,,campaign contribution,2,weak lead,SOURCE_0020,SEEC report E121125,"A lawful disclosed contribution. It is visibility, not causation, and no improper influence is asserted or implied.","NO. This row records visibility, not causation.",identity confidence MEDIUM; cannabis link at time: PERSON-LEVEL ONLY (filed employer not cannabis)
INFL_0441,2025-03-03,Justin frytz,PERSON_JUSTIN_FRYTZ,ERIN26,ORG_ERIN26,campaign contribution of $100,,campaign contribution,2,weak lead,SOURCE_0020,SEEC report E121678,"A lawful disclosed contribution. It is visibility, not causation, and no improper influence is asserted or implied.","NO. This row records visibility, not causation.",identity confidence MEDIUM; cannabis link at time: PERSON-LEVEL ONLY (filed employer not cannabis)
INFL_0442,2025-03-19,Ray Pantalena,PERSON_RAY_PANTALENA,Elicker 2025,ORG_ELICKER_2025,campaign contribution of $250,,campaign contribution,4,strong temporal or documentary support,SOURCE_0020,SEEC report E123757,"A lawful disclosed contribution. It is visibility, not causation, and no improper influence is asserted or implied.","NO. This row records visibility, not causation.",identity confidence HIGH; cannabis link at time: PERSON-LEVEL ONLY (filed employer not cannabis)
INFL_0443,2025-04-11,Jennifer Fell,PERSON_JENNIFER_FELL,Wethersfield Democratic Town Committee,ORG_WETHERSFIELD_DEMOCRATIC_TOWN_COMMITTEE,campaign contribution of $62.1,,campaign contribution,4,strong temporal or documentary support,SOURCE_0020,SEEC report E124572,"A lawful disclosed contribution. It is visibility, not causation, and no improper influence is asserted or implied.","NO. This row records visibility, not causation.",identity confidence HIGH; cannabis link at time: PERSON-LEVEL ONLY (filed employer not cannabis)
INFL_0444,2025-05-08,Ted S Madru,PERSON_TED_S_MADRU,ERIN26,ORG_ERIN26,campaign contribution of $250,,campaign contribution,4,strong temporal or documentary support,SOURCE_0020,SEEC report E124065,"A lawful disclosed contribution. It is visibility, not causation, and no improper influence is asserted or implied.","NO. This row records visibility, not causation.",identity confidence HIGH; cannabis link at time: Y (filed employer/occupation/name is cannabis)
INFL_0445,2025-05-09,Esther Witkos,PERSON_ESTHER_WITKOS,ERIN26,ORG_ERIN26,campaign contribution of $100,,campaign contribution,4,strong temporal or documentary support,SOURCE_0020,SEEC report E124065,"A lawful disclosed contribution. It is visibility, not causation, and no improper influence is asserted or implied.","NO. This row records visibility, not causation.",identity confidence HIGH; cannabis link at time: Y (filed employer/occupation/name is cannabis)
INFL_0446,2025-05-28,Kyra Witkos,PERSON_KYRA_WITKOS,ERIN26,ORG_ERIN26,campaign contribution of $100,,campaign contribution,4,strong temporal or documentary support,SOURCE_0020,SEEC report E124065,"A lawful disclosed contribution. It is visibility, not causation, and no improper influence is asserted or implied.","NO. This row records visibility, not causation.",identity confidence HIGH; cannabis link at time: Y (filed employer/occupation/name is cannabis)
INFL_0447,2025-06-27,Paul Travaglino,PERSON_PAUL_TRAVAGLINO,Elicker 2025,ORG_ELICKER_2025,campaign contribution of $10,,campaign contribution,2,weak lead,SOURCE_0020,SEEC report E124789,"A lawful disclosed contribution. It is visibility, not causation, and no improper influence is asserted or implied.","NO. This row records visibility, not causation.",identity confidence MEDIUM; cannabis link at time: PERSON-LEVEL ONLY (filed employer not cannabis)
INFL_0448,2025-08-08,Katie Covett,PERSON_KATIE_COVETT,Josh for CT,ORG_JOSH_FOR_CT,campaign contribution of $50,,campaign contribution,4,strong temporal or documentary support,SOURCE_0020,SEEC report E131049,"A lawful disclosed contribution. It is visibility, not causation, and no improper influence is asserted or implied.","NO. This row records visibility, not causation.",identity confidence HIGH; cannabis link at time: Y (filed employer/occupation/name is cannabis)
INFL_0449,2025-08-12,Nikole Burnes,PERSON_NIKOLE_BURNES,Rocky Hill Democratic Town Committee,ORG_ROCKY_HILL_DEMOCRATIC_TOWN_COMMITTEE,campaign contribution of $9.3,,campaign contribution,4,strong temporal or documentary support,SOURCE_0020,SEEC report E126484,"A lawful disclosed contribution. It is visibility, not causation, and no improper influence is asserted or implied.","NO. This row records visibility, not causation.",identity confidence HIGH; cannabis link at time: PERSON-LEVEL ONLY (filed employer not cannabis)
INFL_0450,2025-08-13,Gerald Farrell,PERSON_GERALD_FARRELL,North Haven Republican Town Committee,ORG_NORTH_HAVEN_REPUBLICAN_TOWN_COMMITTEE,campaign contribution of $60,,campaign contribution,2,weak lead,SOURCE_0020,SEEC report E125712,"A lawful disclosed contribution. It is visibility, not causation, and no improper influence is asserted or implied.","NO. This row records visibility, not causation.",identity confidence MEDIUM; cannabis link at time: PERSON-LEVEL ONLY (filed employer not cannabis)
INFL_0451,2025-09-04,Paul Travaglino,PERSON_PAUL_TRAVAGLINO,Rocky Hill Democratic Town Committee,ORG_ROCKY_HILL_DEMOCRATIC_TOWN_COMMITTEE,campaign contribution of $239.7,,campaign contribution,2,weak lead,SOURCE_0020,SEEC report E126484,"A lawful disclosed contribution. It is visibility, not causation, and no improper influence is asserted or implied.","NO. This row records visibility, not causation.",identity confidence MEDIUM; cannabis link at time: PERSON-LEVEL ONLY (filed employer not cannabis)
INFL_0452,2025-09-05,Nathan Tinker,PERSON_NATHAN_TINKER,Trumbull Democratic Town Committee,ORG_TRUMBULL_DEMOCRATIC_TOWN_COMMITTEE,campaign contribution of $300,,campaign contribution,4,strong temporal or documentary support,SOURCE_0020,SEEC report E125293,"A lawful disclosed contribution. It is visibility, not causation, and no improper influence is asserted or implied.","NO. This row records visibility, not causation.",identity confidence HIGH; cannabis link at time: PERSON-LEVEL ONLY (filed employer not cannabis)
INFL_0453,2025-09-10,DeVaughn Ward,PERSON_DEVAUGHN_WARD,Rocky Hill Democratic Town Committee,ORG_ROCKY_HILL_DEMOCRATIC_TOWN_COMMITTEE,campaign contribution of $95.7,,campaign contribution,4,strong temporal or documentary support,SOURCE_0020,SEEC report E126484,"A lawful disclosed contribution. It is visibility, not causation, and no improper influence is asserted or implied.","NO. This row records visibility, not causation.",identity confidence HIGH; cannabis link at time: PERSON-LEVEL ONLY (filed employer not cannabis)
INFL_0454,2025-09-23,Katie Covett,PERSON_KATIE_COVETT,Josh for CT,ORG_JOSH_FOR_CT,campaign contribution of $25,,campaign contribution,4,strong temporal or documentary support,SOURCE_0020,SEEC report E131049,"A lawful disclosed contribution. It is visibility, not causation, and no improper influence is asserted or implied.","NO. This row records visibility, not causation.",identity confidence HIGH; cannabis link at time: Y (filed employer/occupation/name is cannabis)
INFL_0455,2025-09-24,Jerry Farrell,PERSON_JERRY_FARRELL,Old Saybrook Republican Women's Club,ORG_OLD_SAYBROOK_REPUBLICAN_WOMEN_S_CLUB,campaign contribution of $45,,campaign contribution,2,weak lead,SOURCE_0020,SEEC report E126740,"A lawful disclosed contribution. It is visibility, not causation, and no improper influence is asserted or implied.","NO. This row records visibility, not causation.",identity confidence MEDIUM; cannabis link at time: PERSON-LEVEL ONLY (filed employer not cannabis)
INFL_0456,2025-09-27,Michael Catalano,PERSON_MICHAEL_CATALANO,Virgulto 2025,ORG_VIRGULTO_2025,campaign contribution of $80,,campaign contribution,4,strong temporal or documentary support,SOURCE_0020,SEEC report E126368,"A lawful disclosed contribution. It is visibility, not causation, and no improper influence is asserted or implied.","NO. This row records visibility, not causation.",identity confidence HIGH; cannabis link at time: Y (filed employer/occupation/name is cannabis)
INFL_0457,2025-09-28,Nathan Tinker,PERSON_NATHAN_TINKER,Trumbull Democratic Town Committee,ORG_TRUMBULL_DEMOCRATIC_TOWN_COMMITTEE,campaign contribution of $50,,campaign contribution,4,strong temporal or documentary support,SOURCE_0020,SEEC report E125293,"A lawful disclosed contribution. It is visibility, not causation, and no improper influence is asserted or implied.","NO. This row records visibility, not causation.",identity confidence HIGH; cannabis link at time: PERSON-LEVEL ONLY (filed employer not cannabis)
INFL_0458,2025-10-23,paul travaglino,PERSON_PAUL_TRAVAGLINO,Matt Ritter PAC,ORG_MATT_RITTER_PAC,campaign contribution of $250,,campaign contribution,2,weak lead,SOURCE_0020,SEEC report E126879,"A lawful disclosed contribution. It is visibility, not causation, and no improper influence is asserted or implied.","NO. This row records visibility, not causation.",identity confidence MEDIUM; cannabis link at time: PERSON-LEVEL ONLY (filed employer not cannabis)
INFL_0459,2025-11-10,Carl Tirella,PERSON_CARL_TIRELLA,Josh for CT,ORG_JOSH_FOR_CT,campaign contribution of $320,,campaign contribution,4,strong temporal or documentary support,SOURCE_0020,SEEC report E126528,"A lawful disclosed contribution. It is visibility, not causation, and no improper influence is asserted or implied.","NO. This row records visibility, not causation.",identity confidence HIGH; cannabis link at time: Y (filed employer/occupation/name is cannabis)
INFL_0460,2025-12-31,Kebra Smith-Bolden,PERSON_KEBRA_SMITH_BOLDEN,Josh for CT,ORG_JOSH_FOR_CT,campaign contribution of $25,,campaign contribution,4,strong temporal or documentary support,SOURCE_0020,SEEC report E126528,"A lawful disclosed contribution. It is visibility, not causation, and no improper influence is asserted or implied.","NO. This row records visibility, not causation.",identity confidence HIGH; cannabis link at time: PERSON-LEVEL ONLY (filed employer not cannabis)
INFL_0461,2026-01-23,Guermero Zelezte,PERSON_GUERMERO_ZELEZTE,Reyes 2026,ORG_REYES_2026,campaign contribution of $5,,campaign contribution,4,strong temporal or documentary support,SOURCE_0020,SEEC report E128130,"A lawful disclosed contribution. It is visibility, not causation, and no improper influence is asserted or implied.","NO. This row records visibility, not causation.",identity confidence HIGH; cannabis link at time: Y (filed employer/occupation/name is cannabis)
INFL_0462,2026-01-29,Erin G Kirk,PERSON_ERIN_G_KIRK,The Peacemakers,ORG_THE_PEACEMAKERS,campaign contribution of $100,,campaign contribution,4,strong temporal or documentary support,SOURCE_0020,SEEC report E130075,"A lawful disclosed contribution. It is visibility, not causation, and no improper influence is asserted or implied.","NO. This row records visibility, not causation.",identity confidence HIGH; cannabis link at time: PERSON-LEVEL ONLY (filed employer not cannabis)
INFL_0463,2026-01-29,Nikole Burnes,PERSON_NIKOLE_BURNES,Rosario 2026,ORG_ROSARIO_2026,campaign contribution of $25,,campaign contribution,4,strong temporal or documentary support,SOURCE_0020,SEEC report E128129,"A lawful disclosed contribution. It is visibility, not causation, and no improper influence is asserted or implied.","NO. This row records visibility, not causation.",identity confidence HIGH; cannabis link at time: Y (filed employer/occupation/name is cannabis)
INFL_0464,2026-02-01,Erin Kirk,PERSON_ERIN_KIRK,Bysiewicz for CT,ORG_BYSIEWICZ_FOR_CT,campaign contribution of $100,,campaign contribution,4,strong temporal or documentary support,SOURCE_0020,SEEC report E128628,"A lawful disclosed contribution. It is visibility, not causation, and no improper influence is asserted or implied.","NO. This row records visibility, not causation.",identity confidence HIGH; cannabis link at time: Y (filed employer/occupation/name is cannabis)
INFL_0465,2026-02-07,Jason Whiteloon-Keating,PERSON_JASON_WHITELOON_KEATING,Foster 2026,ORG_FOSTER_2026,campaign contribution of $5,,campaign contribution,4,strong temporal or documentary support,SOURCE_0020,SEEC report E130066,"A lawful disclosed contribution. It is visibility, not causation, and no improper influence is asserted or implied.","NO. This row records visibility, not causation.",identity confidence HIGH; cannabis link at time: Y (filed employer/occupation/name is cannabis)
INFL_0466,2026-02-16,Angela Cartier,PERSON_ANGELA_CARTIER,Josh for CT,ORG_JOSH_FOR_CT,campaign contribution of $5,,campaign contribution,4,strong temporal or documentary support,SOURCE_0020,SEEC report E130862,"A lawful disclosed contribution. It is visibility, not causation, and no improper influence is asserted or implied.","NO. This row records visibility, not causation.",identity confidence HIGH; cannabis link at time: Y (filed employer/occupation/name is cannabis)
INFL_0467,2026-03-04,Angela Cartier,PERSON_ANGELA_CARTIER,Josh for CT,ORG_JOSH_FOR_CT,campaign contribution of $5,,campaign contribution,4,strong temporal or documentary support,SOURCE_0020,SEEC report E131043,"A lawful disclosed contribution. It is visibility, not causation, and no improper influence is asserted or implied.","NO. This row records visibility, not causation.",identity confidence HIGH; cannabis link at time: Y (filed employer/occupation/name is cannabis)
INFL_0468,2026-03-13,Gerald E Farrell,PERSON_GERALD_E_FARRELL,Laffin for CT,ORG_LAFFIN_FOR_CT,campaign contribution of $50,,campaign contribution,2,weak lead,SOURCE_0020,SEEC report E128984,"A lawful disclosed contribution. It is visibility, not causation, and no improper influence is asserted or implied.","NO. This row records visibility, not causation.",identity confidence MEDIUM; cannabis link at time: PERSON-LEVEL ONLY (filed employer not cannabis)
INFL_0469,2026-03-15,Vincent M Lombardi,PERSON_VINCENT_M_LOMBARDI,Lombardi 2026,ORG_LOMBARDI_2026,campaign contribution of $5,,campaign contribution,4,strong temporal or documentary support,SOURCE_0020,SEEC report E129941,"A lawful disclosed contribution. It is visibility, not causation, and no improper influence is asserted or implied.","NO. This row records visibility, not causation.",identity confidence HIGH; cannabis link at time: Y (filed employer/occupation/name is cannabis)
INFL_0470,2026-03-19,Erin Kirk,PERSON_ERIN_KIRK,Sam in 26,ORG_SAM_IN_26,campaign contribution of $100,,campaign contribution,4,strong temporal or documentary support,SOURCE_0020,SEEC report E129379,"A lawful disclosed contribution. It is visibility, not causation, and no improper influence is asserted or implied.","NO. This row records visibility, not causation.",identity confidence HIGH; cannabis link at time: Y (filed employer/occupation/name is cannabis)
INFL_0471,2026-03-19,Erin Kirk,PERSON_ERIN_KIRK,Sam in 26,ORG_SAM_IN_26,campaign contribution of $100,,campaign contribution,4,strong temporal or documentary support,SOURCE_0020,SEEC report E129379,"A lawful disclosed contribution. It is visibility, not causation, and no improper influence is asserted or implied.","NO. This row records visibility, not causation.",identity confidence HIGH; cannabis link at time: PERSON-LEVEL ONLY (filed employer not cannabis)
INFL_0472,2026-03-31,Erin Kirk,PERSON_ERIN_KIRK,Josh for CT,ORG_JOSH_FOR_CT,campaign contribution of $25,,campaign contribution,4,strong temporal or documentary support,SOURCE_0020,SEEC report E128638,"A lawful disclosed contribution. It is visibility, not causation, and no improper influence is asserted or implied.","NO. This row records visibility, not causation.",identity confidence HIGH; cannabis link at time: PERSON-LEVEL ONLY (filed employer not cannabis)
INFL_0473,2026-04-01,Gerald Farrell,PERSON_GERALD_FARRELL,Barbara for Connecticut,ORG_BARBARA_FOR_CONNECTICUT,campaign contribution of $25,,campaign contribution,2,weak lead,SOURCE_0020,SEEC report E130866,"A lawful disclosed contribution. It is visibility, not causation, and no improper influence is asserted or implied.","NO. This row records visibility, not causation.",identity confidence MEDIUM; cannabis link at time: PERSON-LEVEL ONLY (filed employer not cannabis)
INFL_0474,2026-04-20,Nathan Tinker,PERSON_NATHAN_TINKER,Kilmartin For 122,ORG_KILMARTIN_FOR_122,campaign contribution of $5,,campaign contribution,4,strong temporal or documentary support,SOURCE_0020,SEEC report E131233,"A lawful disclosed contribution. It is visibility, not causation, and no improper influence is asserted or implied.","NO. This row records visibility, not causation.",identity confidence HIGH; cannabis link at time: PERSON-LEVEL ONLY (filed employer not cannabis)
INFL_0475,2026-04-20,Nathan Tinker,PERSON_NATHAN_TINKER,Kilmartin For 122,ORG_KILMARTIN_FOR_122,campaign contribution of $5,,campaign contribution,4,strong temporal or documentary support,SOURCE_0020,SEEC report E131233,"A lawful disclosed contribution. It is visibility, not causation, and no improper influence is asserted or implied.","NO. This row records visibility, not causation.",identity confidence HIGH; cannabis link at time: PERSON-LEVEL ONLY (filed employer not cannabis)
INFL_0476,2026-04-22,Angela Cartier,PERSON_ANGELA_CARTIER,Josh for CT,ORG_JOSH_FOR_CT,campaign contribution of $10,,campaign contribution,4,strong temporal or documentary support,SOURCE_0020,SEEC report E130403,"A lawful disclosed contribution. It is visibility, not causation, and no improper influence is asserted or implied.","NO. This row records visibility, not causation.",identity confidence HIGH; cannabis link at time: Y (filed employer/occupation/name is cannabis)
INFL_0477,2026-05-04,Stephen Hieber,PERSON_STEPHEN_HIEBER,Kim Becker for CT,ORG_KIM_BECKER_FOR_CT,campaign contribution of $25,,campaign contribution,4,strong temporal or documentary support,SOURCE_0020,SEEC report E130876,"A lawful disclosed contribution. It is visibility, not causation, and no improper influence is asserted or implied.","NO. This row records visibility, not causation.",identity confidence HIGH; cannabis link at time: Y (filed employer/occupation/name is cannabis)
INFL_0478,2026-05-12,Erin Kirk,PERSON_ERIN_KIRK,Josh for CT,ORG_JOSH_FOR_CT,campaign contribution of $25,,campaign contribution,4,strong temporal or documentary support,SOURCE_0020,SEEC report E130403,"A lawful disclosed contribution. It is visibility, not causation, and no improper influence is asserted or implied.","NO. This row records visibility, not causation.",identity confidence HIGH; cannabis link at time: PERSON-LEVEL ONLY (filed employer not cannabis)
INFL_0479,2026-05-25,Gabriel Soucy,PERSON_GABRIEL_SOUCY,Mary for the 79th,ORG_MARY_FOR_THE_79TH,campaign contribution of $5,,campaign contribution,4,strong temporal or documentary support,SOURCE_0020,SEEC report E130980,"A lawful disclosed contribution. It is visibility, not causation, and no improper influence is asserted or implied.","NO. This row records visibility, not causation.",identity confidence HIGH; cannabis link at time: Y (filed employer/occupation/name is cannabis)
INFL_0480,2026-05-26,Nathan Tinker,PERSON_NATHAN_TINKER,Mecca for State Rep 123,ORG_MECCA_FOR_STATE_REP_123,campaign contribution of $25,,campaign contribution,4,strong temporal or documentary support,SOURCE_0020,SEEC report E130776,"A lawful disclosed contribution. It is visibility, not causation, and no improper influence is asserted or implied.","NO. This row records visibility, not causation.",identity confidence HIGH; cannabis link at time: PERSON-LEVEL ONLY (filed employer not cannabis)
INFL_0481,2026-05-29,Angela Cartier,PERSON_ANGELA_CARTIER,Josh for CT,ORG_JOSH_FOR_CT,campaign contribution of $10,,campaign contribution,4,strong temporal or documentary support,SOURCE_0020,SEEC report E130403,"A lawful disclosed contribution. It is visibility, not causation, and no improper influence is asserted or implied.","NO. This row records visibility, not causation.",identity confidence HIGH; cannabis link at time: Y (filed employer/occupation/name is cannabis)
INFL_0482,2026-06-03,Latoya Hopkins,PERSON_LATOYA_HOPKINS,Fox 2026,ORG_FOX_2026,campaign contribution of $5,,campaign contribution,4,strong temporal or documentary support,SOURCE_0020,SEEC report E131252,"A lawful disclosed contribution. It is visibility, not causation, and no improper influence is asserted or implied.","NO. This row records visibility, not causation.",identity confidence HIGH; cannabis link at time: Y (filed employer/occupation/name is cannabis)
INFL_0483,2026-06-09,Riley Hodson,PERSON_RILEY_HODSON,Josh for CT,ORG_JOSH_FOR_CT,campaign contribution of $5,,campaign contribution,4,strong temporal or documentary support,SOURCE_0020,SEEC report E130403,"A lawful disclosed contribution. It is visibility, not causation, and no improper influence is asserted or implied.","NO. This row records visibility, not causation.",identity confidence HIGH; cannabis link at time: Y (filed employer/occupation/name is cannabis)
INFL_0484,2026-06-15,Gerald Farrell,PERSON_GERALD_FARRELL,Really Nice People,ORG_REALLY_NICE_PEOPLE,campaign contribution of $25,,campaign contribution,2,weak lead,SOURCE_0020,SEEC report E131170,"A lawful disclosed contribution. It is visibility, not causation, and no improper influence is asserted or implied.","NO. This row records visibility, not causation.",identity confidence MEDIUM; cannabis link at time: PERSON-LEVEL ONLY (filed employer not cannabis)
INFL_0485,2026-06-25,Gerald Farrell,PERSON_GERALD_FARRELL,Jen Tooker for Comptroller,ORG_JEN_TOOKER_FOR_COMPTROLLER,campaign contribution of $25,,campaign contribution,2,weak lead,SOURCE_0020,SEEC report E132002,"A lawful disclosed contribution. It is visibility, not causation, and no improper influence is asserted or implied.","NO. This row records visibility, not causation.",identity confidence MEDIUM; cannabis link at time: PERSON-LEVEL ONLY (filed employer not cannabis)
INFL_0486,2026-06-30,Joseph Accettullo,PERSON_JOSEPH_ACCETTULLO,ReState Sweet,ORG_RESTATE_SWEET,campaign contribution of $5,,campaign contribution,4,strong temporal or documentary support,SOURCE_0020,SEEC report E131870,"A lawful disclosed contribution. It is visibility, not causation, and no improper influence is asserted or implied.","NO. This row records visibility, not causation.",identity confidence HIGH; cannabis link at time: PERSON-LEVEL ONLY (filed employer not cannabis)
INFL_0487,2026-07-12,Ray Pantalena,PERSON_RAY_PANTALENA,DEANE 2026,ORG_DEANE_2026,campaign contribution of $340,,campaign contribution,4,strong temporal or documentary support,SOURCE_0020,SEEC report E132770,"A lawful disclosed contribution. It is visibility, not causation, and no improper influence is asserted or implied.","NO. This row records visibility, not causation.",identity confidence HIGH; cannabis link at time: Y (filed employer/occupation/name is cannabis)
INFL_0488,2026-07-13,Mary Pantalena,PERSON_MARY_PANTALENA,Connelly101,ORG_CONNELLY101,campaign contribution of $5,,campaign contribution,4,strong temporal or documentary support,SOURCE_0020,SEEC report E132856,"A lawful disclosed contribution. It is visibility, not causation, and no improper influence is asserted or implied.","NO. This row records visibility, not causation.",identity confidence HIGH; cannabis link at time: Y (filed employer/occupation/name is cannabis)
INFL_0489,2026-07-13,Ray Pantalena,PERSON_RAY_PANTALENA,Connelly101,ORG_CONNELLY101,campaign contribution of $5,,campaign contribution,4,strong temporal or documentary support,SOURCE_0020,SEEC report E132856,"A lawful disclosed contribution. It is visibility, not causation, and no improper influence is asserted or implied.","NO. This row records visibility, not causation.",identity confidence HIGH; cannabis link at time: PERSON-LEVEL ONLY (filed employer not cannabis)
INFL_0490,2026-07-13,Angela Lewis,PERSON_ANGELA_LEWIS,Russell for the 39th,ORG_RUSSELL_FOR_THE_39TH,campaign contribution of $10,,campaign contribution,2,weak lead,SOURCE_0020,SEEC report E132512,"A lawful disclosed contribution. It is visibility, not causation, and no improper influence is asserted or implied.","NO. This row records visibility, not causation.",identity confidence MEDIUM; cannabis link at time: PERSON-LEVEL ONLY (filed employer not cannabis)
INFL_0491,2026-07-28,Ann M Gauthier,PERSON_ANN_M_GAUTHIER,Thaler Hefel for the 41st,ORG_THALER_HEFEL_FOR_THE_41ST,campaign contribution of $5,,campaign contribution,4,strong temporal or documentary support,SOURCE_0020,SEEC report E133527,"A lawful disclosed contribution. It is visibility, not causation, and no improper influence is asserted or implied.","NO. This row records visibility, not causation.",identity confidence HIGH; cannabis link at time: Y (filed employer/occupation/name is cannabis)
INFL_0492,2026-08-11,Angela Lewis,PERSON_ANGELA_LEWIS,LEE ELCI 2026,ORG_LEE_ELCI_2026,campaign contribution of $5,,campaign contribution,2,weak lead,SOURCE_0020,SEEC report E133605,"A lawful disclosed contribution. It is visibility, not causation, and no improper influence is asserted or implied.","NO. This row records visibility, not causation.",identity confidence MEDIUM; cannabis link at time: PERSON-LEVEL ONLY (filed employer not cannabis)
INFL_0493,2026-08-21,Edward P Courchesie,PERSON_EDWARD_P_COURCHESIE,EliottHughesforSenate,ORG_ELIOTTHUGHESFORSENATE,campaign contribution of $5,,campaign contribution,4,strong temporal or documentary support,SOURCE_0020,SEEC report E133902,"A lawful disclosed contribution. It is visibility, not causation, and no improper influence is asserted or implied.","NO. This row records visibility, not causation.",identity confidence HIGH; cannabis link at time: Y (filed employer/occupation/name is cannabis)
INFL_0494,2023-12-06,CT Cannabis Chamber of Commerce,ORG_CT_CANNABIS_CHAMBER_OF_COMMERCE,Rep. Jason Rojas (House Majority Leader) - Legislator of the Year,PERSON_REP_JASON_ROJAS_HOUSE_MAJORITY_LEADER,EVENT/AWARD (public event),"HB 5350 (2026) JFR names Rojas ""chief proponent""; P.A. 26-8",meeting or event record,3,plausible supported inference,SOURCE_0027,INFLUENCE_WORKBOOK.xlsx!Political_Access_Log row 2,Trade associations routinely honour legislative leaders; Rojas also asked in writing for remediation labelling (consumer-protection ask),"NO. This row records visibility, not causation.",Interval to the linked decision: 838 days. Calendar record: NOT PUBLISHED (official's calendar entry / attendance sheet)
INFL_0495,2023-12-06,CT Cannabis Chamber of Commerce,ORG_CT_CANNABIS_CHAMBER_OF_COMMERCE,Rodeo Cannabis Co. (Connecticut Social Equity LLC) - Cultivator of the Year,PERSON_RODEO_CANNABIS_CO_CONNECTICUT_SOCIAL_EQUITY_LLC,EVENT/AWARD (public event),CBRLF loan 1 executed (SEC/DECD staff action),meeting or event record,3,plausible supported inference,SOURCE_0027,INFLUENCE_WORKBOOK.xlsx!Political_Access_Log row 3,Award from private trade group; loan decided under published criteria,"NO. This row records visibility, not causation.",Interval to the linked decision: 370 days. Calendar record: NOT PUBLISHED (official's calendar entry / attendance sheet)
INFL_0496,2024-09-12,CT Cannabis Chamber of Commerce,ORG_CT_CANNABIS_CHAMBER_OF_COMMERCE,"Sen. James Maroney - Legislator of the Year; DCP Director Rod Marriott - Regulator of the Year; DCP Commissioner, SEC Chair and ED attend",PERSON_SEN_JAMES_MARONEY,EVENT/AWARD (public event),Affinity Grow (Cultivator of the Year) unannounced DCP inspection,meeting or event record,3,plausible supported inference,SOURCE_0027,INFLUENCE_WORKBOOK.xlsx!Political_Access_Log row 4,Awards are access facts; no link to inspection asserted,"NO. This row records visibility, not causation.",Interval to the linked decision: . Calendar record: NOT PUBLISHED (official's calendar entry / attendance sheet)
INFL_0497,2024-09-12,CT Cannabis Chamber of Commerce,ORG_CT_CANNABIS_CHAMBER_OF_COMMERCE,Budr - Dispensary of the Year; SEC Chair/ED roundtable with licensees,PERSON_BUDR,EVENT/AWARD (public event),Budr Holding 6 LLC CBRLF loan executed,meeting or event record,3,plausible supported inference,SOURCE_0027,INFLUENCE_WORKBOOK.xlsx!Political_Access_Log row 5,As above,"NO. This row records visibility, not causation.",Interval to the linked decision: 540 days. Calendar record: NOT PUBLISHED (official's calendar entry / attendance sheet)
INFL_0498,2025-07-30,CT Cannabis Chamber of Commerce,ORG_CT_CANNABIS_CHAMBER_OF_COMMERCE,DCP Director of Cannabis Lila McKinley - End-of-Session Recap,PERSON_DCP_DIRECTOR_OF_CANNABIS_LILA_MCKINLEY,MEETING (listed event) (members event (attendance not public)),SB 231 raised with s.1 testing deletion (DCP says bill came from post-2025-session stakeholder meetings),meeting or event record,3,plausible supported inference,SOURCE_0027,INFLUENCE_WORKBOOK.xlsx!Political_Access_Log row 6,Routine regulator briefing to an industry body,"NO. This row records visibility, not causation.",Interval to the linked decision: . Calendar record: NOT PUBLISHED (official's calendar entry / attendance sheet)
INFL_0499,2025-08-20,CT Cannabis Chamber of Commerce,ORG_CT_CANNABIS_CHAMBER_OF_COMMERCE,SEC Executive Director Brandon McGee - Roundtable & Happy Hour,PERSON_SEC_EXECUTIVE_DIRECTOR_BRANDON_MCGEE,MEETING (listed event) (members event),Budr loan executed; CSE loan 2 executed,meeting or event record,3,plausible supported inference,SOURCE_0027,INFLUENCE_WORKBOOK.xlsx!Political_Access_Log row 7,Routine outreach,"NO. This row records visibility, not causation.",Interval to the linked decision: 198 days. Calendar record: NOT PUBLISHED (official's calendar entry / attendance sheet)
INFL_0500,2026-03-03,"CT Cannabis Chamber of Commerce (in-house communicators Burnes, Fell registered 2025-01-15)",ORG_CT_CANNABIS_CHAMBER_OF_COMMERCE_IN_HOUSE_COMMUNICATORS_BURNE,Legislators (not named),PERSON_LEGISLATORS_NOT_NAMED,LOBBY DAY (private meetings at LOB),HB 5350 GL substitute vote 13-8,meeting or event record,3,plausible supported inference,SOURCE_0027,INFLUENCE_WORKBOOK.xlsx!Political_Access_Log row 8,Lawful registered lobbying,"NO. This row records visibility, not causation.",Interval to the linked decision: 13 days. Calendar record: NOT PUBLISHED (official's calendar entry / attendance sheet)
INFL_0501,2023-06-21,Art Linares (Linares Land Capital; CEO Connecticut Social Equity LLC per other filings),ORG_ART_LINARES_LINARES_LAND_CAPITAL_CEO_CONNECTICUT_SOCIAL_EQUI,A New Day PAC (chair of record Sen. James Maroney) - event 06222023A,PERSON_A_NEW_DAY_PAC_CHAIR_OF_RECORD_SEN_JAMES_MARONEY,CONTRIBUTION (disclosed campaign finance),Rodeo = 2023 Cultivator of the Year (Dec 2023); CSE loan 1,meeting or event record,3,plausible supported inference,SOURCE_0027,INFLUENCE_WORKBOOK.xlsx!Political_Access_Log row 9,"MEDIUM identity; the event raised $14,630 from 87 receipts, mostly $100 lobbyist gifts; Linares $1,000 = 6.8%","NO. This row records visibility, not causation.",Interval to the linked decision: 538 days. Calendar record: NOT PUBLISHED (official's calendar entry / attendance sheet)
INFL_0502,2023-06-21,Jason Teal (Nova Farms),ORG_JASON_TEAL_NOVA_FARMS,A New Day PAC (Maroney) - event 06222023A,PERSON_A_NEW_DAY_PAC_MARONEY,CONTRIBUTION (disclosed campaign finance),"Nova Farms registered OSE client ($63,810 2023-24)",meeting or event record,3,plausible supported inference,SOURCE_0027,INFLUENCE_WORKBOOK.xlsx!Political_Access_Log row 10,"Lawful, disclosed, small relative to committee receipts; CEP limits apply to candidates, not PACs","NO. This row records visibility, not causation.",Interval to the linked decision: . Calendar record: NOT PUBLISHED (official's calendar entry / attendance sheet)
INFL_0503,2024-09-24,"Arthur Linares (Rodeo Cannabis Co, CEO)",ORG_ARTHUR_LINARES_RODEO_CANNABIS_CO_CEO,Democratic Leadership PAC (Senate Democratic caucus) - event 09242024V,PERSON_DEMOCRATIC_LEADERSHIP_PAC_SENATE_DEMOCRATIC_CAUCUS,CONTRIBUTION (disclosed campaign finance),CSE loan 1 executed,meeting or event record,3,plausible supported inference,SOURCE_0027,INFLUENCE_WORKBOOK.xlsx!Political_Access_Log row 11,"Event 09242024V: 9 receipts, $3,950; cannabis-linked donors $3,250 (82%) incl. MEDIUM Travaglino $400","NO. This row records visibility, not causation.",Interval to the linked decision: 77 days. Calendar record: NOT PUBLISHED (official's calendar entry / attendance sheet)
INFL_0504,2024-09-24,"Derrick Gibbs (Budr Cannabis, founder; OSE in-house communicator 2025-26)",ORG_DERRICK_GIBBS_BUDR_CANNABIS_FOUNDER_OSE_IN_HOUSE_COMMUNICATO,Democratic Leadership PAC - event 09242024V,PERSON_DEMOCRATIC_LEADERSHIP_PAC,CONTRIBUTION (disclosed campaign finance),Budr loan executed,meeting or event record,3,plausible supported inference,SOURCE_0027,INFLUENCE_WORKBOOK.xlsx!Political_Access_Log row 12,"Lawful, disclosed, small relative to committee receipts; CEP limits apply to candidates, not PACs","NO. This row records visibility, not causation.",Interval to the linked decision: 528 days. Calendar record: NOT PUBLISHED (official's calendar entry / attendance sheet)
INFL_0505,2024-09-24,Affinity Dispensary (entity),ORG_AFFINITY_DISPENSARY_ENTITY,Democratic Leadership PAC - event 09242024V,PERSON_DEMOCRATIC_LEADERSHIP_PAC,CONTRIBUTION (disclosed campaign finance),Affinity Grow inspection,meeting or event record,3,plausible supported inference,SOURCE_0027,INFLUENCE_WORKBOOK.xlsx!Political_Access_Log row 13,Business-entity contribution; permissibility not assessed,"NO. This row records visibility, not causation.",Interval to the linked decision: . Calendar record: NOT PUBLISHED (official's calendar entry / attendance sheet)
INFL_0506,2024-09-24,Jennifer Fell (Root & Pivot; Chamber director in 2025 testimony),ORG_JENNIFER_FELL_ROOT_PIVOT_CHAMBER_DIRECTOR_IN_2025_TESTIMONY,Democratic Leadership PAC - event 09242024V,PERSON_DEMOCRATIC_LEADERSHIP_PAC,CONTRIBUTION (disclosed campaign finance),Chamber five-point list -> sHB 7178 s.21,meeting or event record,3,plausible supported inference,SOURCE_0027,INFLUENCE_WORKBOOK.xlsx!Political_Access_Log row 14,"Lawful, disclosed, small relative to committee receipts; CEP limits apply to candidates, not PACs","NO. This row records visibility, not causation.",Interval to the linked decision: 181 days. Calendar record: NOT PUBLISHED (official's calendar entry / attendance sheet)
INFL_0507,2024-10-07,CT Cannabis Chamber of Commerce (entity),ORG_CT_CANNABIS_CHAMBER_OF_COMMERCE_ENTITY,Democratic Leadership PAC - attributed to event 09242024V,PERSON_DEMOCRATIC_LEADERSHIP_PAC,CONTRIBUTION (disclosed campaign finance),—,meeting or event record,3,plausible supported inference,SOURCE_0027,INFLUENCE_WORKBOOK.xlsx!Political_Access_Log row 15,"Lawful, disclosed, small relative to committee receipts; CEP limits apply to candidates, not PACs","NO. This row records visibility, not causation.",Interval to the linked decision: . Calendar record: NOT PUBLISHED (official's calendar entry / attendance sheet)
INFL_0508,2024-11-08,"Kepal Patel (Shangri-La, owner)",ORG_KEPAL_PATEL_SHANGRI_LA_OWNER,Democratic Leadership PAC,PERSON_DEMOCRATIC_LEADERSHIP_PAC,CONTRIBUTION (disclosed campaign finance),—,meeting or event record,3,plausible supported inference,SOURCE_0027,INFLUENCE_WORKBOOK.xlsx!Political_Access_Log row 16,"Lawful, disclosed, small relative to committee receipts; CEP limits apply to candidates, not PACs","NO. This row records visibility, not causation.",Interval to the linked decision: . Calendar record: NOT PUBLISHED (official's calendar entry / attendance sheet)
INFL_0509,2025-09-10,Carl Tirella (Budr; registered in-house communicator),ORG_CARL_TIRELLA_BUDR_REGISTERED_IN_HOUSE_COMMUNICATOR,Jason Rojas PAC (Rep. Rojas) - event 09102025A,PERSON_JASON_ROJAS_PAC_REP_ROJAS,CONTRIBUTION (disclosed campaign finance),HB 5350 chief proponent (Rojas),meeting or event record,3,plausible supported inference,SOURCE_0027,INFLUENCE_WORKBOOK.xlsx!Political_Access_Log row 17,"Event 09102025A: 156 receipts, $27,118.50; cannabis-linked $1,575.40 (5.8%)","NO. This row records visibility, not causation.",Interval to the linked decision: 194 days. Calendar record: NOT PUBLISHED (official's calendar entry / attendance sheet)
INFL_0510,2025-12-04,Sara's Dispensary LLC; Ty's Dispensary LLC; Debbie's Dispensary LLC (Crisp Cannabis retail licensees; Mohave CT notice of acquisition to AG 2025-05-06),ORG_SARA_S_DISPENSARY_LLC_TY_S_DISPENSARY_LLC_DEBBIE_S_DISPENSAR,Jason Rojas PAC (attributed to event 09102025A) and Connecticut Blue Dogs (Rep. Pat Boyd; event 09082025A),PERSON_JASON_ROJAS_PAC_ATTRIBUTED_TO_EVENT_09102025A_AND_CONNECTICU,CONTRIBUTION (disclosed campaign finance),AG antitrust settlement with Mohave/Crisp respondents executed,meeting or event record,3,plausible supported inference,SOURCE_0027,INFLUENCE_WORKBOOK.xlsx!Political_Access_Log row 18,Entities under AG review gave to legislative PACs 36 days before settlement; the AG is an independent constitutional officer; no link to the settlement asserted. Permissibility of entity gifts not assessed,"NO. This row records visibility, not causation.",Interval to the linked decision: 36 days. Calendar record: NOT PUBLISHED (official's calendar entry / attendance sheet)
INFL_0511,2025-12-09,Carl Tirella (Budr),ORG_CARL_TIRELLA_BUDR,Democratic Leadership PAC - event 12102025J,PERSON_DEMOCRATIC_LEADERSHIP_PAC,CONTRIBUTION (disclosed campaign finance),Budr loan executed,meeting or event record,3,plausible supported inference,SOURCE_0027,INFLUENCE_WORKBOOK.xlsx!Political_Access_Log row 19,"Refund reason not stated in filing; ""Budr"" entity then gave $250 on 2025-12-26 (event 12182025M)","NO. This row records visibility, not causation.",Interval to the linked decision: 87 days. Calendar record: NOT PUBLISHED (official's calendar entry / attendance sheet)
INFL_0512,2025-12-10,Arthur Linares (Linares Land Capital),ORG_ARTHUR_LINARES_LINARES_LAND_CAPITAL,Democratic Leadership PAC - event 12102025J,PERSON_DEMOCRATIC_LEADERSHIP_PAC,CONTRIBUTION (disclosed campaign finance),CSE loan 2 executed,meeting or event record,3,plausible supported inference,SOURCE_0027,INFLUENCE_WORKBOOK.xlsx!Political_Access_Log row 20,"Event 12102025J: 12 receipts, $5,350; cannabis-linked $1,750 (33%)","NO. This row records visibility, not causation.",Interval to the linked decision: 128 days. Calendar record: NOT PUBLISHED (official's calendar entry / attendance sheet)
INFL_0513,2025-12-15 to 2026-01-30,CT Cannabis Chamber of Commerce (entity),ORG_CT_CANNABIS_CHAMBER_OF_COMMERCE_ENTITY,DLPAC $250 (12-15); Democratic Senate Majority PAC (Looney) $250 (12-29); Senate Democrats Victory PAC (Duff) $250 (12-30); HRCC $150 (01-29); Jason Rojas PAC $250 (01-29); MML PAC (Looney) $250 (01-30),PERSON_DLPAC_250_12,CONTRIBUTION (disclosed campaign finance),2026 session opened; Chamber Lobby Day 2026-03-03; HB 5350 GL vote,meeting or event record,3,plausible supported inference,SOURCE_0027,INFLUENCE_WORKBOOK.xlsx!Political_Access_Log row 21,Pre-session giving to both caucuses; lawful and disclosed,"NO. This row records visibility, not causation.",Interval to the linked decision: . Calendar record: NOT PUBLISHED (official's calendar entry / attendance sheet)
INFL_0514,2026-01-29,Paul Travaglino (Radius Holdings; 2023 Chamber Industry Collaborator; registered Canna F&B Alliance communicator 2025-01-07 to 01-13),ORG_PAUL_TRAVAGLINO_RADIUS_HOLDINGS_2023_CHAMBER_INDUSTRY_COLLAB,Jason Rojas PAC - event 01292026Z,PERSON_JASON_ROJAS_PAC,CONTRIBUTION (disclosed campaign finance),—,meeting or event record,3,plausible supported inference,SOURCE_0027,INFLUENCE_WORKBOOK.xlsx!Political_Access_Log row 22,"MEDIUM identity (town Stamford matches OSE record). Total 2021-2026 to key/leadership committees: $6,939.40 of $10,244.10 found; 2023 Firewall Fund gift refunded 2024-01-09","NO. This row records visibility, not causation.",Interval to the linked decision: . Calendar record: NOT PUBLISHED (official's calendar entry / attendance sheet)
INFL_0515,2023-2024 period,"Budr Cannabis - $69,382.25 compensation (cannabis issue declared)",ORG_BUDR_CANNABIS_69_382_25_COMPENSATION_CANNABIS_ISSUE_DECLARED,General Assembly / agencies,PERSON_GENERAL_ASSEMBLY_AGENCIES,LOBBYING (client compensation) (registered lobbying (OSE)),"Budr Holding 6 LLC loan $500,000",meeting or event record,3,plausible supported inference,SOURCE_0027,INFLUENCE_WORKBOOK.xlsx!Political_Access_Log row 23,Lawful registered lobbying; firm and issue text not obtained,"NO. This row records visibility, not causation.",Interval to the linked decision: . Calendar record: NOT PUBLISHED (official's calendar entry / attendance sheet)
INFL_0516,2023-2024 period,"Connecticut Social Equity Holdings (Rodeo parent) - $63,810; $0 reported 2025-26",ORG_CONNECTICUT_SOCIAL_EQUITY_HOLDINGS_RODEO_PARENT_63_810_0_REP,General Assembly / agencies,PERSON_GENERAL_ASSEMBLY_AGENCIES,LOBBYING (client compensation) (registered lobbying (OSE)),"CSE loans $500,000 x2",meeting or event record,3,plausible supported inference,SOURCE_0027,INFLUENCE_WORKBOOK.xlsx!Political_Access_Log row 24,Lawful registered lobbying; firm and issue text not obtained,"NO. This row records visibility, not causation.",Interval to the linked decision: . Calendar record: NOT PUBLISHED (official's calendar entry / attendance sheet)
INFL_0517,2025-2026 period,"Mohave CT, LLC - $134,501 (largest cannabis-client figure in 2025-26; $59,806 in 2023-24 with ZERO issues declared)",ORG_MOHAVE_CT_LLC_134_501_LARGEST_CANNABIS_CLIENT_FIGURE_IN_2025,General Assembly / agencies,PERSON_GENERAL_ASSEMBLY_AGENCIES,LOBBYING (client compensation) (registered lobbying (OSE)),AG settlement; Crisp licensee LLC contributions 2025-12-04,meeting or event record,3,plausible supported inference,SOURCE_0027,INFLUENCE_WORKBOOK.xlsx!Political_Access_Log row 25,Lawful registered lobbying; firm and issue text not obtained,"NO. This row records visibility, not causation.",Interval to the linked decision: . Calendar record: NOT PUBLISHED (official's calendar entry / attendance sheet)
INFL_0518,2025-2026 period,"Float House - $48,750",ORG_FLOAT_HOUSE_48_750,General Law Committee,PERSON_GENERAL_LAW_COMMITTEE,LOBBYING (client compensation) (registered lobbying (OSE)),Child-resistant cap language struck from sHB 6855 in committee (Float House asked),meeting or event record,3,plausible supported inference,SOURCE_0027,INFLUENCE_WORKBOOK.xlsx!Political_Access_Log row 26,Lawful registered lobbying; firm and issue text not obtained,"NO. This row records visibility, not causation.",Interval to the linked decision: . Calendar record: NOT PUBLISHED (official's calendar entry / attendance sheet)
INFL_0519,2023-2026 periods,"Affinity entities - $63,992.50 (2023-24), $42,540 + MCEJV $30,628.80 (2025-26)",ORG_AFFINITY_ENTITIES_63_992_50_2023_24_42_540_MCEJV_30_628_80_2,General Law Committee,PERSON_GENERAL_LAW_COMMITTEE,LOBBYING (client compensation) (registered lobbying (OSE)),20-mile repeal opposed by Affinity Dispensary; enacted anyway,meeting or event record,3,plausible supported inference,SOURCE_0027,INFLUENCE_WORKBOOK.xlsx!Political_Access_Log row 27,Lawful registered lobbying; firm and issue text not obtained,"NO. This row records visibility, not causation.",Interval to the linked decision: . Calendar record: NOT PUBLISHED (official's calendar entry / attendance sheet)
INFL_0520,2025-03-04,Unnamed elected officials (per Councilor Avery Gaddis),ORG_UNNAMED_ELECTED_OFFICIALS_PER_COUNCILOR_AVERY_GADDIS,Social Equity Council loan staff,PERSON_SOCIAL_EQUITY_COUNCIL_LOAN_STAFF,CONTACT (reported) (calls and emails on behalf of denied/adjusted loan applicants),Loan decisions,meeting or event record,3,plausible supported inference,SOURCE_0027,INFLUENCE_WORKBOOK.xlsx!Political_Access_Log row 28,Constituent service,"NO. This row records visibility, not causation.",Interval to the linked decision: . Calendar record: NOT PUBLISHED (official's calendar entry / attendance sheet)
INFL_0521,2026-08-26,"Melvin Medina (declaration list spells ""Melvin Media"")",ORG_MELVIN_MEDINA_DECLARATION_LIST_SPELLS_MELVIN_MEDIA,SEC member (R&W Committee special meeting),PERSON_SEC_MEMBER_R_W_COMMITTEE_SPECIAL_MEETING,RECUSAL/CONFLICT DECLARATION (imported from L31) (conflict declaration on the record),Committee roster approvals 2026-08-26; council final approval 2026-09-08,meeting or event record,3,plausible supported inference,SOURCE_0027,INFLUENCE_WORKBOOK.xlsx!Political_Access_Log row 29,Declarations may reflect board service or employment with applicant organisations; nature not recorded,"NO. This row records visibility, not causation.",Interval to the linked decision: . Calendar record: NOT PUBLISHED (official's calendar entry / attendance sheet)
INFL_0522,2026-08-26,Avery Gaddis,ORG_AVERY_GADDIS,SEC member (R&W Committee special meeting),PERSON_SEC_MEMBER_R_W_COMMITTEE_SPECIAL_MEETING,RECUSAL/CONFLICT DECLARATION (imported from L31) (conflict declaration on the record),Committee roster approvals 2026-08-26; council final approval 2026-09-08,meeting or event record,3,plausible supported inference,SOURCE_0027,INFLUENCE_WORKBOOK.xlsx!Political_Access_Log row 30,Declarations may reflect board service or employment with applicant organisations; nature not recorded,"NO. This row records visibility, not causation.",Interval to the linked decision: . Calendar record: NOT PUBLISHED (official's calendar entry / attendance sheet)
INFL_0523,2026-08-26,Andréa Comer,ORG_ANDR_A_COMER,SEC member (R&W Committee special meeting),PERSON_SEC_MEMBER_R_W_COMMITTEE_SPECIAL_MEETING,RECUSAL/CONFLICT DECLARATION (imported from L31) (conflict declaration on the record),Committee roster approvals 2026-08-26; council final approval 2026-09-08,meeting or event record,3,plausible supported inference,SOURCE_0027,INFLUENCE_WORKBOOK.xlsx!Political_Access_Log row 31,Declarations may reflect board service or employment with applicant organisations; nature not recorded,"NO. This row records visibility, not causation.",Interval to the linked decision: . Calendar record: NOT PUBLISHED (official's calendar entry / attendance sheet)
INFL_0524,2026-08-26,Andréa Hawkins,ORG_ANDR_A_HAWKINS,SEC member (R&W Committee special meeting),PERSON_SEC_MEMBER_R_W_COMMITTEE_SPECIAL_MEETING,RECUSAL/CONFLICT DECLARATION (imported from L31) (conflict declaration on the record),Committee roster approvals 2026-08-26; council final approval 2026-09-08,meeting or event record,3,plausible supported inference,SOURCE_0027,INFLUENCE_WORKBOOK.xlsx!Political_Access_Log row 32,Declarations may reflect board service or employment with applicant organisations; nature not recorded,"NO. This row records visibility, not causation.",Interval to the linked decision: . Calendar record: NOT PUBLISHED (official's calendar entry / attendance sheet)
INFL_0525,2026-08-26,Grace Suh (designee for Kelli Vallieres),ORG_GRACE_SUH_DESIGNEE_FOR_KELLI_VALLIERES,SEC member (R&W Committee special meeting),PERSON_SEC_MEMBER_R_W_COMMITTEE_SPECIAL_MEETING,RECUSAL/CONFLICT DECLARATION (imported from L31) (conflict declaration on the record),Committee roster approvals 2026-08-26; council final approval 2026-09-08,meeting or event record,3,plausible supported inference,SOURCE_0027,INFLUENCE_WORKBOOK.xlsx!Political_Access_Log row 33,Declarations may reflect board service or employment with applicant organisations; nature not recorded,"NO. This row records visibility, not causation.",Interval to the linked decision: . Calendar record: NOT PUBLISHED (official's calendar entry / attendance sheet)
INFL_0526,2026-08-26,Charles Venator-Santiago,ORG_CHARLES_VENATOR_SANTIAGO,SEC member (R&W Committee special meeting),PERSON_SEC_MEMBER_R_W_COMMITTEE_SPECIAL_MEETING,RECUSAL/CONFLICT DECLARATION (imported from L31) (conflict declaration on the record),Committee roster approvals 2026-08-26; council final approval 2026-09-08,meeting or event record,3,plausible supported inference,SOURCE_0027,INFLUENCE_WORKBOOK.xlsx!Political_Access_Log row 34,Declarations may reflect board service or employment with applicant organisations; nature not recorded,"NO. This row records visibility, not causation.",Interval to the linked decision: . Calendar record: NOT PUBLISHED (official's calendar entry / attendance sheet)
INFL_0527,2026-08-26,Shirley Skyers-Thomas,ORG_SHIRLEY_SKYERS_THOMAS,SEC member (R&W Committee special meeting),PERSON_SEC_MEMBER_R_W_COMMITTEE_SPECIAL_MEETING,RECUSAL/CONFLICT DECLARATION (imported from L31) (conflict declaration on the record),Committee roster approvals 2026-08-26; council final approval 2026-09-08,meeting or event record,3,plausible supported inference,SOURCE_0027,INFLUENCE_WORKBOOK.xlsx!Political_Access_Log row 35,Declarations may reflect board service or employment with applicant organisations; nature not recorded,"NO. This row records visibility, not causation.",Interval to the linked decision: . Calendar record: NOT PUBLISHED (official's calendar entry / attendance sheet)
INFL_0528,2026-08-26,Corrie Betts,ORG_CORRIE_BETTS,SEC member (R&W Committee special meeting),PERSON_SEC_MEMBER_R_W_COMMITTEE_SPECIAL_MEETING,RECUSAL/CONFLICT DECLARATION (imported from L31) (conflict declaration on the record),Committee roster approvals 2026-08-26; council final approval 2026-09-08,meeting or event record,3,plausible supported inference,SOURCE_0027,INFLUENCE_WORKBOOK.xlsx!Political_Access_Log row 36,Declarations may reflect board service or employment with applicant organisations; nature not recorded,"NO. This row records visibility, not causation.",Interval to the linked decision: . Calendar record: NOT PUBLISHED (official's calendar entry / attendance sheet)
INFL_0529,2026-08-26,Ojala Naeem,ORG_OJALA_NAEEM,SEC member (R&W Committee special meeting),PERSON_SEC_MEMBER_R_W_COMMITTEE_SPECIAL_MEETING,RECUSAL/CONFLICT DECLARATION (imported from L31) (conflict declaration on the record),Committee roster approvals 2026-08-26; council final approval 2026-09-08,meeting or event record,3,plausible supported inference,SOURCE_0027,INFLUENCE_WORKBOOK.xlsx!Political_Access_Log row 37,Declarations may reflect board service or employment with applicant organisations; nature not recorded,"NO. This row records visibility, not causation.",Interval to the linked decision: . Calendar record: NOT PUBLISHED (official's calendar entry / attendance sheet)
INFL_0530,2023-04-26,Andréa Comer,ORG_ANDR_A_COMER,SEC Reinvestment Committee member,PERSON_SEC_REINVESTMENT_COMMITTEE_MEMBER,RECUSAL/CONFLICT DECLARATION (imported from L31) (abstention (no reason recorded)),Four $1M recommendations to the council,meeting or event record,3,plausible supported inference,SOURCE_0027,INFLUENCE_WORKBOOK.xlsx!Political_Access_Log row 38,Reason not recorded; may be a policy or conflict abstention,"NO. This row records visibility, not causation.",Interval to the linked decision: . Calendar record: NOT PUBLISHED (official's calendar entry / attendance sheet)
INFL_0531,2023-04-26,Paul O. Robertson,ORG_PAUL_O_ROBERTSON,SEC Reinvestment Committee member,PERSON_SEC_REINVESTMENT_COMMITTEE_MEMBER,RECUSAL/CONFLICT DECLARATION (imported from L31) (abstention (no reason recorded)),Prosperity Foundation $1M recommendation (passed 3 yes / 2 abstain; Gordon unrecorded),meeting or event record,3,plausible supported inference,SOURCE_0027,INFLUENCE_WORKBOOK.xlsx!Political_Access_Log row 39,Reason not recorded,"NO. This row records visibility, not causation.",Interval to the linked decision: . Calendar record: NOT PUBLISHED (official's calendar entry / attendance sheet)
INFL_0532,2023-04-26,Avery Gaddis; Subira Gordon,ORG_AVERY_GADDIS_SUBIRA_GORDON,SEC Reinvestment Committee members,PERSON_SEC_REINVESTMENT_COMMITTEE_MEMBERS,RECUSAL/CONFLICT DECLARATION (imported from L31) (abstention (no reason recorded)),NHS Waterbury $1M recommendation (3 yes / 3 abstain),meeting or event record,3,plausible supported inference,SOURCE_0027,INFLUENCE_WORKBOOK.xlsx!Political_Access_Log row 40,"Gaddis later declared a Waterbury conflict (2026-08-26), which is consistent with a standing Waterbury tie (STRONG INFERENCE only)","NO. This row records visibility, not causation.",Interval to the linked decision: . Calendar record: NOT PUBLISHED (official's calendar entry / attendance sheet)
INFL_0533,2023-04-26,Subira Gordon,ORG_SUBIRA_GORDON,SEC Reinvestment Committee member,PERSON_SEC_REINVESTMENT_COMMITTEE_MEMBER,RECUSAL/CONFLICT DECLARATION (imported from L31) (vote not recorded),Two $1M recommendations,meeting or event record,3,plausible supported inference,SOURCE_0027,INFLUENCE_WORKBOOK.xlsx!Political_Access_Log row 41,May have stepped out; minutes silent,"NO. This row records visibility, not causation.",Interval to the linked decision: . Calendar record: NOT PUBLISHED (official's calendar entry / attendance sheet)
INFL_0534,,"Governor, DCP Commissioner, SEC, legislative leaders",ORG_GOVERNOR_DCP_COMMISSIONER_SEC_LEGISLATIVE_LEADERS,—,,CALENDARS (official calendars),—,meeting or event record,3,plausible supported inference,SOURCE_0027,INFLUENCE_WORKBOOK.xlsx!Political_Access_Log row 42,—,"NO. This row records visibility, not causation.",Interval to the linked decision: . Calendar record: NOT PUBLISHED (official's calendar entry / attendance sheet)
INFL_0535,2022-02-09 (calendar listing),CT Cannabis Chamber of Commerce,ORG_CT_CANNABIS_CHAMBER_OF_COMMERCE,Launch event listed on Chamber event calendar; attendee list not published,,"hosted CT Cannabis Chamber of Commerce launch event, The Hartford Club",—,public statement or event,2,weak lead,SOURCE_0027,S-L35-0008,"An event listing establishes that an event happened and who was listed. It does not establish who attended, what was said, or any effect.","NO. This row records visibility, not causation.",DOCUMENTED FACT (event listing only)
INFL_0536,2022-12-07,"CT Cannabis Chamber of Commerce; sponsors named in press: Cannabis 360, Dope Tax Group",ORG_CT_CANNABIS_CHAMBER_OF_COMMERCE_SPONSORS_NAMED_IN_PRESS_CANN,Named officials on the guest list; legislators NOT named in the source,,"hosted ""Together We Grow 2022"" networking reception and awards, The Hartford Club, Hartford",Andrea Comer later became SEC Chair (role shift); no decision linked,public statement or event,2,weak lead,SOURCE_0027,S-L35-0010; S-L35-0011,"An event listing establishes that an event happened and who was listed. It does not establish who attended, what was said, or any effect.","NO. This row records visibility, not causation.",ATTRIBUTED (news report / firm release)
INFL_0537,2023-05-03 to 2023-05-04,CT Cannabis Chamber of Commerce,ORG_CT_CANNABIS_CHAMBER_OF_COMMERCE,Legislators met not published,,hosted Lobby Day at the Capitol,No record of who met whom,public statement or event,2,weak lead,SOURCE_0027,S-L35-0008,"An event listing establishes that an event happened and who was listed. It does not establish who attended, what was said, or any effect.","NO. This row records visibility, not causation.",DOCUMENTED FACT (listing only)
INFL_0538,2023-05-19,CT Cannabis Chamber of Commerce,ORG_CT_CANNABIS_CHAMBER_OF_COMMERCE,SEC leadership (unnamed in listing),,"hosted Social Equity Licensee / Social Equity Leadership Roundtable, Hartford",Licensee-only access to regulator leadership; no minutes located,public statement or event,2,weak lead,SOURCE_0027,S-L35-0008,"An event listing establishes that an event happened and who was listed. It does not establish who attended, what was said, or any effect.","NO. This row records visibility, not causation.",DOCUMENTED FACT (listing only)
INFL_0539,2023-06-29,CT Cannabis Chamber of Commerce,ORG_CT_CANNABIS_CHAMBER_OF_COMMERCE,Officials unnamed,,"hosted Workforce Development, Labor Laws & Unions, Farmington",—,public statement or event,2,weak lead,SOURCE_0027,S-L35-0008,"An event listing establishes that an event happened and who was listed. It does not establish who attended, what was said, or any effect.","NO. This row records visibility, not causation.",DOCUMENTED FACT (listing only)
INFL_0540,2023-12-06,"CT Cannabis Chamber of Commerce (sponsorship tiers $1,500-$15,000 published; sponsor names not captured)",ORG_CT_CANNABIS_CHAMBER_OF_COMMERCE_SPONSORSHIP_TIERS_1_500_15_0,Rep. Jason Rojas (House Majority Leader),,"hosted ""Together We Grow 2023"" conference, expo and awards, The Hartford Club","Rojas later the ""chief proponent"" of HB 5350 (P.A. 26-8) per its JFR; Rodeo (Connecticut Social Equity LLC) received SEC/DECD loans 2024-12-10 and 2026-04-17. SEQUENCE ONLY - influence not established",public statement or event,2,weak lead,SOURCE_0027,"S-L35-0008 (event-details/together-we-grow-2023, embedded event ""about"" text)","An event listing establishes that an event happened and who was listed. It does not establish who attended, what was said, or any effect.","NO. This row records visibility, not causation.",DOCUMENTED FACT (host's own event page)
INFL_0541,2024-02-29,CT Cannabis Chamber of Commerce,ORG_CT_CANNABIS_CHAMBER_OF_COMMERCE,—,,"hosted Chamber Annual Meeting, Hartford",—,public statement or event,2,weak lead,SOURCE_0027,S-L35-0008,"An event listing establishes that an event happened and who was listed. It does not establish who attended, what was said, or any effect.","NO. This row records visibility, not causation.",DOCUMENTED FACT (listing only)
INFL_0542,2024-04-23,CT Cannabis Chamber of Commerce,ORG_CT_CANNABIS_CHAMBER_OF_COMMERCE,Legislators met not published,,"hosted Lobby Day, Legislative Office Building (""meeting with legislators"")",—,public statement or event,2,weak lead,SOURCE_0027,S-L35-0008,"An event listing establishes that an event happened and who was listed. It does not establish who attended, what was said, or any effect.","NO. This row records visibility, not causation.",DOCUMENTED FACT (listing only)
INFL_0543,2024-09-12,CT Cannabis Chamber of Commerce,ORG_CT_CANNABIS_CHAMBER_OF_COMMERCE,Sen. Maroney (GL Senate chair); DCP Director Marriott; DCP Commissioner; SEC Chair and ED,,"hosted ""Together We Grow"" (third annual) business expo and awards, Hartford HealthCare Amphitheater, Bridgeport","12 days later (2024-09-24) the Senate Democratic caucus PAC event ""09242024V"" drew $3,250 of its $3,950 from cannabis-linked donors (see PA-ACC rows). Affinity Grow inspection March 2025; Budr loan 2026-03-06. SEQUENCE ONLY",public statement or event,2,weak lead,SOURCE_0027,"S-L35-0008 (event-details/together-we-grow, full ""about"" text); S-L35-0009","An event listing establishes that an event happened and who was listed. It does not establish who attended, what was said, or any effect.","NO. This row records visibility, not causation.",DOCUMENTED FACT (upgrades prior ATTRIBUTED status: now on host's own page)
INFL_0544,2025-01-16,CT Cannabis Chamber of Commerce,ORG_CT_CANNABIS_CHAMBER_OF_COMMERCE,—,,hosted Social Equity Roundtable (licensees and members),—,public statement or event,2,weak lead,SOURCE_0027,S-L35-0008,"An event listing establishes that an event happened and who was listed. It does not establish who attended, what was said, or any effect.","NO. This row records visibility, not causation.",DOCUMENTED FACT (listing only)
INFL_0545,2025-07-30,CT Cannabis Chamber of Commerce,ORG_CT_CANNABIS_CHAMBER_OF_COMMERCE,DCP Director of Cannabis,,"hosted End-of-Session Recap ""with Department of Consumer Protection Director of Cannabis, Lila McKinley"", One Constitution Plaza, Hartford","Falls inside the window DCP described as ""meetings with stakeholders after the conclusion of the 2025 legislative session"" that produced SB 231 (P.A. 26-8 s.44 deletion). Whether this event was one of those meetings is NOT established",public statement or event,2,weak lead,SOURCE_0027,S-L35-0008,"An event listing establishes that an event happened and who was listed. It does not establish who attended, what was said, or any effect.","NO. This row records visibility, not causation.",DOCUMENTED FACT (listing); link to SB 231 UNRESOLVED
INFL_0546,2025-08-20,CT Cannabis Chamber of Commerce,ORG_CT_CANNABIS_CHAMBER_OF_COMMERCE,SEC Executive Director,,"hosted Roundtable & Happy Hour with Brandon McGee, Executive Director of the Social Equity Council, Hartford","SEC administers loan programme; Budr loan executed 2026-03-06, CSE loan 2 2026-04-17. SEQUENCE ONLY",public statement or event,2,weak lead,SOURCE_0027,S-L35-0008,"An event listing establishes that an event happened and who was listed. It does not establish who attended, what was said, or any effect.","NO. This row records visibility, not causation.",DOCUMENTED FACT (listing only)
INFL_0547,2026-02-23,CT Cannabis Chamber of Commerce,ORG_CT_CANNABIS_CHAMBER_OF_COMMERCE,General Law Committee,,"hosted Mobilisation: ""CGA General Law Committee Public Hearing"" on SB 231 (Chamber calendar entry linking the hearing agenda)",Nikole Burnes (Chamber) testified 2026-02-23 asking for remediation-timeline flexibility; substitute extended disposal clock (C-244),public statement or event,2,weak lead,SOURCE_0027,S-L35-0008,"An event listing establishes that an event happened and who was listed. It does not establish who attended, what was said, or any effect.","NO. This row records visibility, not causation.",DOCUMENTED FACT
INFL_0548,2026-03-03,CT Cannabis Chamber of Commerce,ORG_CT_CANNABIS_CHAMBER_OF_COMMERCE,Legislators met not published,,"hosted CT Cannabis Chamber Lobby Day, Legislative Office Building","Chamber contributions 2025-12-15 to 2026-01-30 to DLPAC, DSMP, SDVP, HRCC, Jason Rojas PAC, MML PAC precede this",public statement or event,2,weak lead,SOURCE_0027,S-L35-0008,"An event listing establishes that an event happened and who was listed. It does not establish who attended, what was said, or any effect.","NO. This row records visibility, not causation.",DOCUMENTED FACT (listing only)
INFL_0549,2021-07-28,DCP (agency),PERSON_DCP_AGENCY,DCP operational policy,,language appears: DCP policy requires Aspergillus testing and certified qPCR method (policy before statute),Testing: statutory Aspergillus/qPCR/analyte list (CGS 21a-408w),bill or amendment language,4,strong temporal or documentary support,SOURCE_0028,"runs/S4-LANG-20260920 testing lineage (C-186, C-187)",Language appearing in a substitute does not by itself establish who drafted it. Where authorship is not in the record this row says unknown.,"NO. This row records visibility, not causation.",— | votes: — | evidence class: DOCUMENTED FACT
INFL_0550,2024-03-12,General Law Committee substitute; requester of the new section NOT identified,ORG_GENERAL_LAW_COMMITTEE_SUBSTITUTE_REQUESTER_OF_THE_NEW_SECTIO,"sHB 5150 GL substitute, s.4 (JF Subst. 21-1)",,"language appears: FIRST appearance in a bill: Aspergillus mandate, analyte list, certified qPCR method (not in raised bill LCO 886)",Testing,bill or amendment language,4,strong temporal or documentary support,SOURCE_0028,runs/S4-LANG-20260920 testing lineage,Language appearing in a substitute does not by itself establish who drafted it. Where authorship is not in the record this row says unknown.,"NO. This row records visibility, not causation.",Committee record; no witness asked for qPCR in statute (C-273) | votes: 21-1 GL; FIN 32-15 (2024-04-29) | evidence class: DOCUMENTED FACT; requester UNRESOLVED
INFL_0551,2024-06,—,,P.A. 24-76 (HB 5150),,"language appears: CGS 21a-408w in force with mandate, analyte list, qPCR method",Testing,bill or amendment language,4,strong temporal or documentary support,SOURCE_0028,runs/S4-LANG-20260920,Language appearing in a substitute does not by itself establish who drafted it. Where authorship is not in the record this row says unknown.,"NO. This row records visibility, not causation.",— | votes: floor votes held in project | evidence class: DOCUMENTED FACT
INFL_0552,2025-03-19 / 2025-03-24,"Chamber (Jennifer Fell, registered in-house communicator 2025-01-15); Analytics Labs (Picard); Affinity Grow (Ferrarese); Fine Fettle (Zachs)",ORG_CHAMBER_JENNIFER_FELL_REGISTERED_IN_HOUSE_COMMUNICATOR_2025_,HB 7178 hearing; sHB 7178 s.21 task force,,"language appears: CT Cannabis Chamber five-point list (Fell) appears 5 days later in same order as s.21 task-force charge (incl. ""chromium and aspergillus"", ""unnecessary destruction of usable biomass"")",Testing,bill or amendment language,4,strong temporal or documentary support,SOURCE_0028,ADVOCACY_TO_OUTCOME_LEDGER; runs/S4-TMY-20260920,Language appearing in a substitute does not by itself establish who drafted it. Where authorship is not in the record this row says unknown.,"NO. This row records visibility, not causation.","Rep. Lemar: ""the legislature is not in the business of determining what the testing standards are"" (2025-03-19) | votes: GL 16-6; s.21 struck on House floor by House ""A"" (LCO 10720); HB 7178 not enacted | evidence class: DOCUMENTED SEQUENCE (C-271/272); influence not established"
INFL_0553,2025-07-30 (event) / 2025 post-session,DCP; attendees NOT established,PERSON_DCP_ATTENDEES_NOT_ESTABLISHED,DCP post-session stakeholder meetings (per DCP testimony) ; Chamber End-of-Session Recap with DCP Director of Cannabis,,"language appears: DCP says SB 231 ""is largely a product of the Department's meetings with stakeholders after the conclusion of the 2025 legislative session""",Testing,bill or amendment language,4,strong temporal or documentary support,SOURCE_0028,S-L35-0008 (EV-11); runs/S4-LANG-20260920,Language appearing in a substitute does not by itself establish who drafted it. Where authorship is not in the record this row says unknown.,"NO. This row records visibility, not causation.",— | votes: — | evidence class: UNRESOLVED HYPOTHESIS as to who attended
INFL_0554,2026-02,Sponsor: General Law Committee on DCP request (SB 231); HB 5350 chief proponent House Majority Leader Rojas (JFR),ORG_SPONSOR_GENERAL_LAW_COMMITTEE_ON_DCP_REQUEST_SB_231_HB_5350_,SB 231 (DCP recommendations) s.1 as raised; HB 5350 s.44 as raised,,"language appears: Identical bracketed deletion of analyte list, Aspergillus mandate and qPCR method present from introduction",Testing,bill or amendment language,4,strong temporal or documentary support,SOURCE_0028,runs/S4-LANG-20260920; runs/S4-TMY-20260920,Language appearing in a substitute does not by itself establish who drafted it. Where authorship is not in the record this row says unknown.,"NO. This row records visibility, not causation.",Zero witnesses named Aspergillus or qPCR in 2026 (C-273) | votes: — | evidence class: DOCUMENTED FACT
INFL_0555,2026-03-16,GL Committee,ORG_GL_COMMITTEE,sHB 5350 GL substitute (LCO 3230),,language appears: Section 44 untouched,Testing,bill or amendment language,4,strong temporal or documentary support,SOURCE_0028,"S-L35-0016 (tally sheet CV60) - NEW, closes S4-LANG gap ""who the eight were""",Language appearing in a substitute does not by itself establish who drafted it. Where authorship is not in the record this row says unknown.,"NO. This row records visibility, not causation.","— | votes: GL 13-8: YEA Maroney, Lemar, Fonfara, Turco, Allie-Brennan, Gibson, Lopes, Luxenberg, Martinez, Osten, Paolillo, Pemberton, Santos; NAY Cicarella, Rutigliano, Ackert, Aniskovich, Gadkar-Wilcox, Jensen, Kissel, Yaccarino; ABSENT Osborne | evidence class: DOCUMENTED FACT"
INFL_0556,2026-04-20 / 2026-04-30,"Rep. Lemar, Rep. Turco, Rep. Rojas (amendment); Sen. Maroney presented to Senate",PERSON_REP_LEMAR_REP_TURCO_REP_ROJAS_AMENDMENT_SEN_MARONEY_PRESENTE,"House ""A"" LCO 4259 (Lemar, Turco, Rojas) strike-all; P.A. 26-8 s.44",,language appears: Deletion carried forward (not introduced by amendment); effective 2026-10-01,Testing,bill or amendment language,4,strong temporal or documentary support,SOURCE_0028,runs/S4-LANG-20260920; C-254/255,Language appearing in a substitute does not by itself establish who drafted it. Where authorship is not in the record this row says unknown.,"NO. This row records visibility, not causation.",Floor: s.44 described only as remediation (C-307) | votes: House 83-61; Senate 18-17 (seq. 221) | evidence class: DOCUMENTED FACT
INFL_0557,2021-06,RERACA drafters,PERSON_RERACA_DRAFTERS,June Sp. Sess. P.A. 21-1,,language appears: Seven-year bar on backer increasing EJV ownership above 50%,EJV ownership exit (CGS 21a-420d(k)(2)),bill or amendment language,4,strong temporal or documentary support,SOURCE_0028,runs/S4-LANG exit lineage,Language appearing in a substitute does not by itself establish who drafted it. Where authorship is not in the record this row says unknown.,"NO. This row records visibility, not causation.",— | votes: — | evidence class: DOCUMENTED FACT
INFL_0558,2025-03-19 / 03-24,"Asked by Derrick Gibbs (Budr, lobbying client) and Benjamin Zachs (Fine Fettle); opposed by SEC (McGee) and C-3 Ventures (Macre)",PERSON_ASKED_BY_DERRICK_GIBBS_BUDR_LOBBYING_CLIENT_AND_BENJAMIN_ZAC,HB 7178 hearing; sHB 7178 ss.5-7,,language appears: 3 years + SEC written approval (not in raised bill),EJV exit,bill or amendment language,4,strong temporal or documentary support,SOURCE_0028,runs/S4-LANG exit lineage,Language appearing in a substitute does not by itself establish who drafted it. Where authorship is not in the record this row says unknown.,"NO. This row records visibility, not causation.",SEC opposed | votes: GL 16-6; bill died | evidence class: DOCUMENTED SEQUENCE
INFL_0559,2026-03-04,"Fine Fettle (not an OSE-registered client in held extract); Budr (registered client, in-house communicators Gibbs/Tirella)",PERSON_FINE_FETTLE_NOT_AN_OSE_REGISTERED_CLIENT_IN_HELD_EXTRACT_BUD,HB 5350/5351 hearing,,"language appears: Fine Fettle supplies proposed language (3 yrs, Council approval, target 21a-420h); Kennard Ray, Carl Tirella (Budr) support flexibility",EJV exit,bill or amendment language,4,strong temporal or documentary support,SOURCE_0028,S-000147; runs/S4-LANG,Language appearing in a substitute does not by itself establish who drafted it. Where authorship is not in the record this row says unknown.,"NO. This row records visibility, not causation.","SEC bill HB 5351 asked the opposite; ""at least four"" sales without SE individual | votes: — | evidence class: DOCUMENTED FACT"
INFL_0560,2026-04-20,"Amendment sponsors Lemar, Turco, Rojas; drafter NOT identified",PERSON_AMENDMENT_SPONSORS_LEMAR_TURCO_ROJAS_DRAFTER_NOT_IDENTIFIED,"House ""A"" LCO 4259 -> P.A. 26-8 s.54",,"language appears: 5 years + 90 days notice + optional non-blocking review + $8,000 fee, new 21a-420d(k); 21a-420h untouched",EJV exit,bill or amendment language,4,strong temporal or documentary support,SOURCE_0028,runs/S4-LANG exit lineage,Language appearing in a substitute does not by itself establish who drafted it. Where authorship is not in the record this row says unknown.,"NO. This row records visibility, not causation.",— | votes: House 83-61; Senate 18-17 | evidence class: DOCUMENTED FACT
INFL_0561,2026-06,Amendment sponsors named,PERSON_AMENDMENT_SPONSORS_NAMED,"P.A. 26-100 (sHB 5222 + House ""A"" LCO 6124: Lemar, Maroney, Rutigliano, Cicarella)",,"language appears: Review made mandatory on request, window 30->15 days, bar on delay/reject removed, DCP referral and fines",EJV exit,bill or amendment language,4,strong temporal or documentary support,SOURCE_0028,runs/S4-LANG exit lineage; C-254,Language appearing in a substitute does not by itself establish who drafted it. Where authorship is not in the record this row says unknown.,"NO. This row records visibility, not causation.",— | votes: 145-5 and 35-1 | evidence class: DOCUMENTED FACT
INFL_0562,2021-06,RERACA drafters; purpose per 2025 testimony: geographic diversity,PERSON_RERACA_DRAFTERS_PURPOSE_PER_2025_TESTIMONY_GEOGRAPHIC_DIVERS,June Sp. Sess. P.A. 21-1 (RERACA),,"language appears: Retail/hybrid EJVs sharing a cultivator, producer or dispensary backer/owner may not be within 20 miles of each other","EJV 20-mile separation (CGS 21a-420j(e), 21a-420m(f), 21a-420u(f))",bill or amendment language,4,strong temporal or documentary support,SOURCE_0028,P.A. 25-101 bracketed text (S-L35-0012),Language appearing in a substitute does not by itself establish who drafted it. Where authorship is not in the record this row says unknown.,"NO. This row records visibility, not causation.",— | votes: — | evidence class: DOCUMENTED FACT
INFL_0563,2023,Fine Fettle,PERSON_FINE_FETTLE,HB 6699 (2023) testimony,,"language appears: Fine Fettle (Zachs) objected to codifying 20 miles between DIA-cultivator and dispensary backers (""a singular impact on our locally-owned business"")",20-mile,bill or amendment language,4,strong temporal or documentary support,SOURCE_0028,runs/S4-TMY-20260920/testimony/2023_HB-06699 (Zachs),Language appearing in a substitute does not by itself establish who drafted it. Where authorship is not in the record this row says unknown.,"NO. This row records visibility, not causation.",— | votes: — | evidence class: ATTRIBUTED CLAIM (testimony)
INFL_0564,2025-02-05 / 2025-02-14,"Requested by DCP (""The Department of Consumer Protection asked the General Law Committee to raise this bill""); sponsor General Law Committee",ORG_REQUESTED_BY_DCP_THE_DEPARTMENT_OF_CONSUMER_PROTECTION_ASKED,HB 6855 raised (DCP recommendations); public hearing,,language appears: Sections 12-14 delete all three 20-mile rules (present from introduction; R00 contains 3 bracketed deletions),20-mile,bill or amendment language,4,strong temporal or documentary support,SOURCE_0028,"S-L35-0013 (JFR, R00); S-L35-0021 (GL transcript 2025-02-14, Kirk Wesley transcript p. 141; Jennifer Fell p. 253); S-L35-0022",Language appearing in a substitute does not by itself establish who drafted it. Where authorship is not in the record this row says unknown.,"NO. This row records visibility, not causation.","OPPOSED: Fine Fettle (written; ""maintain the 20-mile rule""); Kirk Wesley, Affinity Dispensary (oral: ""does not help small social equity operators... benefits large companies that control equity joint ventures""). NEUTRAL: CT Cannabis Chamber (""has chosen not to take a stance... because of the varying opinions"") | votes: — | evidence class: DOCUMENTED FACT"
INFL_0565,2025-03-24,"GL: motion Osten, second Maroney; chair Lemar",PERSON_GL_MOTION_OSTEN_SECOND_MARONEY_CHAIR_LEMAR,sHB 6855 GL substitute (LCO 6756),,language appears: 20-mile deletions retained; committee struck child-resistant cap requirement for infused beverages instead,20-mile,bill or amendment language,4,strong temporal or documentary support,SOURCE_0028,S-L35-0014,Language appearing in a substitute does not by itself establish who drafted it. Where authorship is not in the record this row says unknown.,"NO. This row records visibility, not causation.",— | votes: GL 22-0 (tally CV95); amendment A voice (CV96) | evidence class: DOCUMENTED FACT
INFL_0566,2025-06-02 / 06-04 / 06-24,—,,"House (as amended by House ""A"") 146-0; Senate 36-0; P.A. 25-101 ss.15-17; signed 2025-06-24",,"language appears: Deletion enacted, effective 2026-01-01; OLR: P.A. 25-175 s.2 moved cultivator-backer repeal to 2025-07-01",20-mile,bill or amendment language,4,strong temporal or documentary support,SOURCE_0028,S-L35-0012; S-L35-0013 (OLR SUM); S-L35-0014,Language appearing in a substitute does not by itself establish who drafted it. Where authorship is not in the record this row says unknown.,"NO. This row records visibility, not causation.","Opponents (Fine Fettle, Affinity) did not prevail | votes: 146-0 / 36-0 | evidence class: DOCUMENTED FACT; P.A. 25-175 requester UNRESOLVED (L-0857)"
INFL_0567,pre-2025 (FY2024 clause; origin act not re-pulled here),Origin NOT established in this lane (likely a 2023 budget implementer - L-0858),PERSON_ORIGIN_NOT_ESTABLISHED_IN_THIS_LANE_LIKELY_A_2023_BUDGET_IMP,Prior 21a-420f(b)(1)(B),,"language appears: For FY ending 2024-06-30, OPM allocates ""for purposes that the Social Equity Council determines, in the Social Equity Council's sole discretion, further the principles of equity ... access to capital for businesses in any industry...""",Social equity and innovation account discretion (CGS 21a-420f),bill or amendment language,4,strong temporal or documentary support,SOURCE_0028,S-L35-0015 (bracketed old text in P.A. 25-168 s.127),Language appearing in a substitute does not by itself establish who drafted it. Where authorship is not in the record this row says unknown.,"NO. This row records visibility, not causation.",— | votes: — | evidence class: DOCUMENTED FACT (text); origin UNRESOLVED
INFL_0568,2025-06,Budget implementer; requester and drafter NOT identified; no public hearing record located for s.127,PERSON_BUDGET_IMPLEMENTER_REQUESTER_AND_DRAFTER_NOT_IDENTIFIED_NO_P,HB 7287 -> P.A. 25-168 s.127 (budget implementer),,"language appears: Repeals and restates 21a-420f: new ""social equity and innovation account"" on and after 2025-07-01 with the same ""sole discretion ... any industry"" language, no longer limited to one fiscal year; deletes the bracketed ""Cannabis Social Equity and Innovation Fund"" provisions under which OPM ""may not ma",SE fund discretion,bill or amendment language,4,strong temporal or documentary support,SOURCE_0028,"S-L35-0015 (P.A. 25-168 pp.164-167, s.127)",Language appearing in a substitute does not by itself establish who drafted it. Where authorship is not in the record this row says unknown.,"NO. This row records visibility, not causation.",— | votes: Floor votes not retrieved in this lane | evidence class: DOCUMENTED FACT; beneficiary analysis UNRESOLVED
INFL_0569,2023-07-01,—,,"P.A. 23-79 ss.1,44-45",,"language appears: First statutory ""high-THC hemp product"" definition; hemp excluded from ""marijuana"" if not high-THC",Hemp / THC definitions and sales,bill or amendment language,4,strong temporal or documentary support,SOURCE_0028,PROJECT/graphs/HEMP_LAW_TIMELINE.csv,Language appearing in a substitute does not by itself establish who drafted it. Where authorship is not in the record this row says unknown.,"NO. This row records visibility, not causation.","CT Hemp Industry Association registered lobbying client 2021-26 (declared cannabis issue 2021-22, 2023-24, 2025-26) | votes: — | evidence class: DOCUMENTED FACT"
INFL_0570,2024-07-01 / 2025-01-01,"GL Committee; hemp witnesses 2024 (Costanza, Goodenough, Markovich, Lewis) asked age limits and testing parity",ORG_GL_COMMITTEE_HEMP_WITNESSES_2024_COSTANZA_GOODENOUGH_MARKOVI,"P.A. 24-76 ss.1,23-25,31 (new 21a-426)",,"language appears: Flat 1mg/serving, 5mg/container high-THC test; moderate-THC hemp products sold only by cannabis establishments or certificate holders from 2025-01-01",Hemp / THC,bill or amendment language,4,strong temporal or documentary support,SOURCE_0028,HEMP_LAW_TIMELINE; ASK_OUTCOMES_TRACED,Language appearing in a substitute does not by itself establish who drafted it. Where authorship is not in the record this row says unknown.,"NO. This row records visibility, not causation.",Hemp retailers opposed restrictions (ASK_OUTCOMES_TRACED 2024 rows) | votes: — | evidence class: DOCUMENTED FACT
INFL_0571,2025-10-01,DCP,PERSON_DCP,"P.A. 25-101 s.1 (HB 6855, DCP request)",,language appears: New penalties/rules for persons not moderate-THC hemp vendors (s.1),Hemp / THC,bill or amendment language,4,strong temporal or documentary support,SOURCE_0028,S-L35-0012; S-L35-0013,Language appearing in a substitute does not by itself establish who drafted it. Where authorship is not in the record this row says unknown.,"NO. This row records visibility, not causation.",Goodenough (DG AgTek) and Markovich (Better Ways) opposed HB 6855 as favouring MSOs; Honig (CBG Gurus) sought definitional carve-outs | votes: 146-0 / 36-0 | evidence class: DOCUMENTED FACT (asks); outcome of Honig asks NOT TRACED
INFL_0572,2026,HB 5350 chief proponent Rojas,PERSON_HB_5350_CHIEF_PROPONENT_ROJAS,P.A. 26-8 / P.A. 26-100 s.49,,"language appears: Recodification ""marijuana""->""cannabis""; hemp/infused beverage rules",Hemp / THC,bill or amendment language,4,strong temporal or documentary support,SOURCE_0028,HEMP_LAW_TIMELINE; runs/S4-LANG,Language appearing in a substitute does not by itself establish who drafted it. Where authorship is not in the record this row says unknown.,"NO. This row records visibility, not causation.","Floor fought potency, labelling, beverages (C-256) | votes: 83-61 / 18-17; 145-5 / 35-1 | evidence class: DOCUMENTED FACT"
INFL_0573,2026,HighBazaar Ct Cannawarriors,ORG_HIGHBAZAAR_CT_CANNAWARRIORS,HB-05350,BILL_2026_HB5350,filed written testimony: Opposes,HB-05350,testimony,4,strong temporal or documentary support,SOURCE_0015,"https://www.cga.ct.gov/2026/gldata/TMY/2026HB-05350-R000304-Accettullo, Joseph, Testimony Opposing 5350-HighBazaar Ct Cannawarriors-Opposes-TMY.PDF",Testifying is participation in a public process. It is not evidence of influence on the outcome.,"NO. This row records visibility, not causation.",GL
INFL_0574,2026,"Anonymous 38, Anonymous 38",PERSON_ANONYMOUS_38_ANONYMOUS_38,HB-05350,BILL_2026_HB5350,filed written testimony: Opposes,HB-05350,testimony,4,strong temporal or documentary support,SOURCE_0015,"https://www.cga.ct.gov/2026/gldata/TMY/2026HB-05350-R000304-Anonymous 38, Anonymous 38-Opposes-TMY.PDF",Testifying is participation in a public process. It is not evidence of influence on the outcome.,"NO. This row records visibility, not causation.",GL
INFL_0575,2026,"Anonymous 40, Anonymous 40",PERSON_ANONYMOUS_40_ANONYMOUS_40,HB-05350,BILL_2026_HB5350,filed written testimony: Opposes,HB-05350,testimony,4,strong temporal or documentary support,SOURCE_0015,"https://www.cga.ct.gov/2026/gldata/TMY/2026HB-05350-R000304-Anonymous 40, Anonymous 40-Opposes-TMY.PDF",Testifying is participation in a public process. It is not evidence of influence on the outcome.,"NO. This row records visibility, not causation.",GL
INFL_0576,2026,"Anonymous 46, Anonymous 46",PERSON_ANONYMOUS_46_ANONYMOUS_46,HB-05350,BILL_2026_HB5350,filed written testimony: Supports,HB-05350,testimony,4,strong temporal or documentary support,SOURCE_0015,"https://www.cga.ct.gov/2026/gldata/TMY/2026HB-05350-R000304-Anonymous 46, Anonymous 46-Supports-TMY.PDF",Testifying is participation in a public process. It is not evidence of influence on the outcome.,"NO. This row records visibility, not causation.",GL
INFL_0577,2026,NAMI Ct,ORG_NAMI_CT,HB-05350,BILL_2026_HB5350,filed written testimony: Opposes,HB-05350,testimony,4,strong temporal or documentary support,SOURCE_0015,"https://www.cga.ct.gov/2026/gldata/TMY/2026HB-05350-R000304-Anonymous 47, Anonymous 47, Parent-NAMI Ct-Opposes-TMY.PDF",Testifying is participation in a public process. It is not evidence of influence on the outcome.,"NO. This row records visibility, not causation.",GL
INFL_0578,2026,Johnnys ambassadors,ORG_JOHNNYS_AMBASSADORS,HB-05350,BILL_2026_HB5350,filed written testimony: Opposes,HB-05350,testimony,4,strong temporal or documentary support,SOURCE_0015,"https://www.cga.ct.gov/2026/gldata/TMY/2026HB-05350-R000304-Anonymous 50, Anonymous 50-Johnnys ambassadors-Opposes-TMY.PDF",Testifying is participation in a public process. It is not evidence of influence on the outcome.,"NO. This row records visibility, not causation.",GL
INFL_0579,2026,"Anonymous 54, Anonymous 54",PERSON_ANONYMOUS_54_ANONYMOUS_54,HB-05350,BILL_2026_HB5350,filed written testimony: Opposes,HB-05350,testimony,4,strong temporal or documentary support,SOURCE_0015,"https://www.cga.ct.gov/2026/gldata/TMY/2026HB-05350-R000304-Anonymous 54, Anonymous 54, Parent-Opposes-TMY.PDF",Testifying is participation in a public process. It is not evidence of influence on the outcome.,"NO. This row records visibility, not causation.",GL
INFL_0580,2026,s Ambassadors,ORG_S_AMBASSADORS,HB-05350,BILL_2026_HB5350,filed written testimony: Opposes,HB-05350,testimony,4,strong temporal or documentary support,SOURCE_0015,"https://www.cga.ct.gov/2026/gldata/TMY/2026HB-05350-R000304-Anonymous 55, Anonymous 55, Concerned Dad-Johnny-s Ambassadors-Opposes-TMY.PDF",Testifying is participation in a public process. It is not evidence of influence on the outcome.,"NO. This row records visibility, not causation.",GL
INFL_0581,2026,"Anonymous 56, Anonymous 56",PERSON_ANONYMOUS_56_ANONYMOUS_56,HB-05350,BILL_2026_HB5350,filed written testimony: Opposes,HB-05350,testimony,4,strong temporal or documentary support,SOURCE_0015,"https://www.cga.ct.gov/2026/gldata/TMY/2026HB-05350-R000304-Anonymous 56, Anonymous 56-Opposes-TMY.PDF",Testifying is participation in a public process. It is not evidence of influence on the outcome.,"NO. This row records visibility, not causation.",GL
INFL_0582,2026,"Anonymous 56, Anonymous 56",PERSON_ANONYMOUS_56_ANONYMOUS_56,HB-05350,BILL_2026_HB5350,filed written testimony: Opposes,HB-05350,testimony,4,strong temporal or documentary support,SOURCE_0015,"https://www.cga.ct.gov/2026/gldata/TMY/2026HB-05350-R010304-Anonymous 56, Anonymous 56-Opposes-TMY.PDF",Testifying is participation in a public process. It is not evidence of influence on the outcome.,"NO. This row records visibility, not causation.",GL
INFL_0583,2026,"Anonymous 59, Anonymous 59",PERSON_ANONYMOUS_59_ANONYMOUS_59,HB-05350,BILL_2026_HB5350,filed written testimony: Opposes,HB-05350,testimony,4,strong temporal or documentary support,SOURCE_0015,"https://www.cga.ct.gov/2026/gldata/TMY/2026HB-05350-R000304-Anonymous 59, Anonymous 59-Opposes-TMY.PDF",Testifying is participation in a public process. It is not evidence of influence on the outcome.,"NO. This row records visibility, not causation.",GL
INFL_0584,2026,"Anonymous 68, Anonymous 68",PERSON_ANONYMOUS_68_ANONYMOUS_68,HB-05350,BILL_2026_HB5350,filed written testimony: Opposes,HB-05350,testimony,4,strong temporal or documentary support,SOURCE_0015,"https://www.cga.ct.gov/2026/gldata/TMY/2026HB-05350-R000304-Anonymous 68, Anonymous 68-Opposes-TMY.PDF",Testifying is participation in a public process. It is not evidence of influence on the outcome.,"NO. This row records visibility, not causation.",GL
INFL_0585,2026,Every Brain Matters,ORG_EVERY_BRAIN_MATTERS,HB-05350,BILL_2026_HB5350,filed written testimony: Opposes,HB-05350,testimony,4,strong temporal or documentary support,SOURCE_0015,"https://www.cga.ct.gov/2026/gldata/TMY/2026HB-05350-R000304-Anonymous 69, Anonymous 69-Every Brain Matters-Opposes-TMY.PDF",Testifying is participation in a public process. It is not evidence of influence on the outcome.,"NO. This row records visibility, not causation.",GL
INFL_0586,2026,NAMICT Public Policy Coalition,ORG_NAMICT_PUBLIC_POLICY_COALITION,HB-05350,BILL_2026_HB5350,filed written testimony: Opposes,HB-05350,testimony,4,strong temporal or documentary support,SOURCE_0015,"https://www.cga.ct.gov/2026/gldata/TMY/2026HB-05350-R000304-Bogert, Amy-NAMICT Public Policy Coalition-opposes-TMY.PDF",Testifying is participation in a public process. It is not evidence of influence on the outcome.,"NO. This row records visibility, not causation.",GL
INFL_0587,2026,"Brien, Lori",PERSON_BRIEN_LORI,HB-05350,BILL_2026_HB5350,filed written testimony: Opposes,HB-05350,testimony,4,strong temporal or documentary support,SOURCE_0015,"https://www.cga.ct.gov/2026/gldata/TMY/2026HB-05350-R000304-Brien, Lori-Opposes-TMY.PDF",Testifying is participation in a public process. It is not evidence of influence on the outcome.,"NO. This row records visibility, not causation.",GL
INFL_0588,2026,Botl Company,ORG_BOTL_COMPANY,HB-05350,BILL_2026_HB5350,filed written testimony: Supports,HB-05350,testimony,4,strong temporal or documentary support,SOURCE_0015,"https://www.cga.ct.gov/2026/gldata/TMY/2026HB-05350-R000304-Bullock, Jake, CEO-The Cann - Botl Company-Supports-TMY.PDF",Testifying is participation in a public process. It is not evidence of influence on the outcome.,"NO. This row records visibility, not causation.",GL
INFL_0589,2026,NAMI Connecticut,ORG_NAMI_CONNECTICUT,HB-05350,BILL_2026_HB5350,filed written testimony: Opposes,HB-05350,testimony,4,strong temporal or documentary support,SOURCE_0015,"https://www.cga.ct.gov/2026/gldata/TMY/2026HB-05350-R000304-Burr, Thomas, Public Policy Manager-NAMI Connecticut-Opposes-TMY.PDF",Testifying is participation in a public process. It is not evidence of influence on the outcome.,"NO. This row records visibility, not causation.",GL
INFL_0590,2026,"Dembek, Zygmunt",PERSON_DEMBEK_ZYGMUNT,HB-05350,BILL_2026_HB5350,filed written testimony: Opposes,HB-05350,testimony,4,strong temporal or documentary support,SOURCE_0015,"https://www.cga.ct.gov/2026/gldata/TMY/2026HB-05350-R000304-Dembek, Zygmunt-Opposes-TMY.PDF",Testifying is participation in a public process. It is not evidence of influence on the outcome.,"NO. This row records visibility, not causation.",GL
INFL_0591,2026,Parents Action Network,ORG_PARENTS_ACTION_NETWORK,HB-05350,BILL_2026_HB5350,filed written testimony: Opposes,HB-05350,testimony,4,strong temporal or documentary support,SOURCE_0015,"https://www.cga.ct.gov/2026/gldata/TMY/2026HB-05350-R000304-DiLossi, Monica, MOTHER-Parents Action Network-Opposes-TMY.PDF",Testifying is participation in a public process. It is not evidence of influence on the outcome.,"NO. This row records visibility, not causation.",GL
INFL_0592,2026,Parent action Network and SAM,ORG_PARENT_ACTION_NETWORK_AND_SAM,HB-05350,BILL_2026_HB5350,filed written testimony: Opposes,HB-05350,testimony,4,strong temporal or documentary support,SOURCE_0015,"https://www.cga.ct.gov/2026/gldata/TMY/2026HB-05350-R000304-Evans, Barbara, Mother-Parent action Network and SAM-Opposes-TMY.PDF",Testifying is participation in a public process. It is not evidence of influence on the outcome.,"NO. This row records visibility, not causation.",GL
INFL_0593,2026,FCMA and CSMS,ORG_FCMA_AND_CSMS,HB-05350,BILL_2026_HB5350,filed written testimony: Opposes,HB-05350,testimony,4,strong temporal or documentary support,SOURCE_0015,"https://www.cga.ct.gov/2026/gldata/TMY/2026HB-05350-R000304-Feuerstein, Joseph, MD-FCMA and CSMS-Opposes-TMY.PDF",Testifying is participation in a public process. It is not evidence of influence on the outcome.,"NO. This row records visibility, not causation.",GL
INFL_0594,2026,Smart Approaches to Marijuana,ORG_SMART_APPROACHES_TO_MARIJUANA,HB-05350,BILL_2026_HB5350,filed written testimony: Opposes,HB-05350,testimony,4,strong temporal or documentary support,SOURCE_0015,"https://www.cga.ct.gov/2026/gldata/TMY/2026HB-05350-R000304-French, Nancy-Smart Approaches to Marijuana-Opposes-TMY.PDF",Testifying is participation in a public process. It is not evidence of influence on the outcome.,"NO. This row records visibility, not causation.",GL
INFL_0595,2026,"Gallo, Katie",PERSON_GALLO_KATIE,HB-05350,BILL_2026_HB5350,filed written testimony: Opposes,HB-05350,testimony,4,strong temporal or documentary support,SOURCE_0015,"https://www.cga.ct.gov/2026/gldata/TMY/2026HB-05350-R000304-Gallo, Katie-Opposes-TMY.PDF",Testifying is participation in a public process. It is not evidence of influence on the outcome.,"NO. This row records visibility, not causation.",GL
INFL_0596,2026,Silver Hill Hospital,ORG_SILVER_HILL_HOSPITAL,HB-05350,BILL_2026_HB5350,filed written testimony: Opposes,HB-05350,testimony,4,strong temporal or documentary support,SOURCE_0015,"https://www.cga.ct.gov/2026/gldata/TMY/2026HB-05350-R000304-Gerber, Andrew, President and Medical Director-Silver Hill Hospital-Opposes-TMY.PDF",Testifying is participation in a public process. It is not evidence of influence on the outcome.,"NO. This row records visibility, not causation.",GL
INFL_0597,2026,Liberation Programs Inc,ORG_LIBERATION_PROGRAMS_INC,HB-05350,BILL_2026_HB5350,filed written testimony: Opposes,HB-05350,testimony,4,strong temporal or documentary support,SOURCE_0015,"https://www.cga.ct.gov/2026/gldata/TMY/2026HB-05350-R000304-Gillespie, Ingrid, Director of Prevention-Liberation Programs Inc-Opposes-TMY.PDF",Testifying is participation in a public process. It is not evidence of influence on the outcome.,"NO. This row records visibility, not causation.",GL
INFL_0598,2026,Vanderbilt School of Medicine,ORG_VANDERBILT_SCHOOL_OF_MEDICINE,HB-05350,BILL_2026_HB5350,filed written testimony: Opposes,HB-05350,testimony,4,strong temporal or documentary support,SOURCE_0015,"https://www.cga.ct.gov/2026/gldata/TMY/2026HB-05350-R000304-Gilliland, Kristen, Assistant Professor of Research-Vanderbilt School of Medicine-Opposes-TMY.PDF",Testifying is participation in a public process. It is not evidence of influence on the outcome.,"NO. This row records visibility, not causation.",GL
INFL_0599,2026,"Hampton, Nicole",PERSON_HAMPTON_NICOLE,HB-05350,BILL_2026_HB5350,filed written testimony: Opposes,HB-05350,testimony,4,strong temporal or documentary support,SOURCE_0015,"https://www.cga.ct.gov/2026/gldata/TMY/2026HB-05350-R000304-Hampton, Nicole, Community Advocate-Opposes-TMY.PDF",Testifying is participation in a public process. It is not evidence of influence on the outcome.,"NO. This row records visibility, not causation.",GL
INFL_0600,2026,"Harvey, Ann",PERSON_HARVEY_ANN,HB-05350,BILL_2026_HB5350,filed written testimony: Opposes,HB-05350,testimony,4,strong temporal or documentary support,SOURCE_0015,"https://www.cga.ct.gov/2026/gldata/TMY/2026HB-05350-R000304-Harvey, Ann-Opposes-TMY.PDF",Testifying is participation in a public process. It is not evidence of influence on the outcome.,"NO. This row records visibility, not causation.",GL
INFL_0601,2026,"Homayonpour, Marietta",PERSON_HOMAYONPOUR_MARIETTA,HB-05350,BILL_2026_HB5350,filed written testimony: Opposes,HB-05350,testimony,4,strong temporal or documentary support,SOURCE_0015,"https://www.cga.ct.gov/2026/gldata/TMY/2026HB-05350-R000304-Homayonpour, Marietta-Opposes-TMY.PDF",Testifying is participation in a public process. It is not evidence of influence on the outcome.,"NO. This row records visibility, not causation.",GL
INFL_0602,2026,"hudock, sarah",PERSON_HUDOCK_SARAH,HB-05350,BILL_2026_HB5350,filed written testimony: Opposes,HB-05350,testimony,4,strong temporal or documentary support,SOURCE_0015,"https://www.cga.ct.gov/2026/gldata/TMY/2026HB-05350-R000304-hudock, sarah-Opposes-TMY.PDF",Testifying is participation in a public process. It is not evidence of influence on the outcome.,"NO. This row records visibility, not causation.",GL
INFL_0603,2026,XpoCanna,ORG_XPOCANNA,HB-05350,BILL_2026_HB5350,filed written testimony: Opposes,HB-05350,testimony,4,strong temporal or documentary support,SOURCE_0015,"https://www.cga.ct.gov/2026/gldata/TMY/2026HB-05350-R000304-Jenks, Wesley, President-XpoCanna-Opposes-TMY.PDF",Testifying is participation in a public process. It is not evidence of influence on the outcome.,"NO. This row records visibility, not causation.",GL
INFL_0604,2026,"Kelley, kathleen",PERSON_KELLEY_KATHLEEN,HB-05350,BILL_2026_HB5350,filed written testimony: Opposes,HB-05350,testimony,4,strong temporal or documentary support,SOURCE_0015,"https://www.cga.ct.gov/2026/gldata/TMY/2026HB-05350-R000304-Kelley, kathleen-Opposes-TMY.PDF",Testifying is participation in a public process. It is not evidence of influence on the outcome.,"NO. This row records visibility, not causation.",GL
INFL_0605,2026,"Kerr, Scot",PERSON_KERR_SCOT,HB-05350,BILL_2026_HB5350,filed written testimony: Opposes,HB-05350,testimony,4,strong temporal or documentary support,SOURCE_0015,"https://www.cga.ct.gov/2026/gldata/TMY/2026HB-05350-R000304-Kerr, Scot-Opposes-TMY.PDF",Testifying is participation in a public process. It is not evidence of influence on the outcome.,"NO. This row records visibility, not causation.",GL
INFL_0606,2026,"MacDougall, Constance",PERSON_MACDOUGALL_CONSTANCE,HB-05350,BILL_2026_HB5350,filed written testimony: Opposes,HB-05350,testimony,4,strong temporal or documentary support,SOURCE_0015,"https://www.cga.ct.gov/2026/gldata/TMY/2026HB-05350-R000304-MacDougall, Constance-Opposes-TMY.PDF",Testifying is participation in a public process. It is not evidence of influence on the outcome.,"NO. This row records visibility, not causation.",GL
INFL_0607,2026,"Machon, Jennifer",PERSON_MACHON_JENNIFER,HB-05350,BILL_2026_HB5350,filed written testimony: Opposes,HB-05350,testimony,4,strong temporal or documentary support,SOURCE_0015,"https://www.cga.ct.gov/2026/gldata/TMY/2026HB-05350-R000304-Machon, Jennifer-Opposes-TMY.PDF",Testifying is participation in a public process. It is not evidence of influence on the outcome.,"NO. This row records visibility, not causation.",GL
INFL_0608,2026,Better Ways LLC,ORG_BETTER_WAYS_LLC,HB-05350,BILL_2026_HB5350,filed written testimony: Opposes,HB-05350,testimony,4,strong temporal or documentary support,SOURCE_0015,"https://www.cga.ct.gov/2026/gldata/TMY/2026HB-05350-R000304-Markovich, Duncan, Founder and Owner-Better Ways LLC-Opposes-TMY.PDF",Testifying is participation in a public process. It is not evidence of influence on the outcome.,"NO. This row records visibility, not causation.",GL
INFL_0609,2026,"McGarry, Melissa",PERSON_MCGARRY_MELISSA,HB-05350,BILL_2026_HB5350,filed written testimony: Opposes,HB-05350,testimony,4,strong temporal or documentary support,SOURCE_0015,"https://www.cga.ct.gov/2026/gldata/TMY/2026HB-05350-R000304-McGarry, Melissa-Opposes-TMY.PDF",Testifying is participation in a public process. It is not evidence of influence on the outcome.,"NO. This row records visibility, not causation.",GL
INFL_0610,2026,CT. Assoc. Prevention Profs,ORG_CT_ASSOC_PREVENTION_PROFS,HB-05350,BILL_2026_HB5350,filed written testimony: Opposes,HB-05350,testimony,4,strong temporal or documentary support,SOURCE_0015,"https://www.cga.ct.gov/2026/gldata/TMY/2026HB-05350-R000304-Naumann, Kiersten, Board Member-CT. Assoc. Prevention Profs-Opposes-TMY.PDF",Testifying is participation in a public process. It is not evidence of influence on the outcome.,"NO. This row records visibility, not causation.",GL
INFL_0611,2026,Guilford Youth Mentoring,ORG_GUILFORD_YOUTH_MENTORING,HB-05350,BILL_2026_HB5350,filed written testimony: Opposes,HB-05350,testimony,4,strong temporal or documentary support,SOURCE_0015,"https://www.cga.ct.gov/2026/gldata/TMY/2026HB-05350-R000304-Ott, Elisabeth, Program Director-Guilford Youth Mentoring-Opposes-TMY.PDF",Testifying is participation in a public process. It is not evidence of influence on the outcome.,"NO. This row records visibility, not causation.",GL
INFL_0612,2026,Connecticut General Assembly,ORG_CONNECTICUT_GENERAL_ASSEMBLY,HB-05350,BILL_2026_HB5350,filed written testimony: Opposes,HB-05350,testimony,4,strong temporal or documentary support,SOURCE_0015,"https://www.cga.ct.gov/2026/gldata/TMY/2026HB-05350-R000304-Perillo, Jason, State Senator-Connecticut General Assembly-Opposes-TMY.PDF",Testifying is participation in a public process. It is not evidence of influence on the outcome.,"NO. This row records visibility, not causation.",GL
INFL_0613,2026,Member NAMI CT,ORG_MEMBER_NAMI_CT,HB-05350,BILL_2026_HB5350,filed written testimony: Opposes,HB-05350,testimony,4,strong temporal or documentary support,SOURCE_0015,"https://www.cga.ct.gov/2026/gldata/TMY/2026HB-05350-R000304-Pineau, Michael-Member NAMI CT-Opposes-TMY.PDF",Testifying is participation in a public process. It is not evidence of influence on the outcome.,"NO. This row records visibility, not causation.",GL
INFL_0614,2026,s farm.llc,ORG_S_FARM_LLC,HB-05350,BILL_2026_HB5350,filed written testimony: Opposes,HB-05350,testimony,4,strong temporal or documentary support,SOURCE_0015,"https://www.cga.ct.gov/2026/gldata/TMY/2026HB-05350-R000304-popp, allan, owner-popp-s farm.llc-Opposes-TMY.PDF",Testifying is participation in a public process. It is not evidence of influence on the outcome.,"NO. This row records visibility, not causation.",GL
INFL_0615,2026,"Powers, Diane",PERSON_POWERS_DIANE,HB-05350,BILL_2026_HB5350,filed written testimony: Opposes,HB-05350,testimony,4,strong temporal or documentary support,SOURCE_0015,"https://www.cga.ct.gov/2026/gldata/TMY/2026HB-05350-R000304-Powers, Diane-Opposes-TMY.PDF",Testifying is participation in a public process. It is not evidence of influence on the outcome.,"NO. This row records visibility, not causation.",GL
INFL_0616,2026,self,ORG_SELF,HB-05350,BILL_2026_HB5350,filed written testimony: Opposes,HB-05350,testimony,4,strong temporal or documentary support,SOURCE_0015,"https://www.cga.ct.gov/2026/gldata/TMY/2026HB-05350-R000304-Quillia, Brian, self-self-Opposes-TMY.PDF",Testifying is participation in a public process. It is not evidence of influence on the outcome.,"NO. This row records visibility, not causation.",GL
INFL_0617,2026,New Canaan Parent Support Group,ORG_NEW_CANAAN_PARENT_SUPPORT_GROUP,HB-05350,BILL_2026_HB5350,filed written testimony: Opposes,HB-05350,testimony,4,strong temporal or documentary support,SOURCE_0015,"https://www.cga.ct.gov/2026/gldata/TMY/2026HB-05350-R000304-Reinhardt, Paul, Founder-New Canaan Parent Support Group-Opposes-TMY.PDF",Testifying is participation in a public process. It is not evidence of influence on the outcome.,"NO. This row records visibility, not causation.",GL
INFL_0618,2026,Connecticut General Assembly,ORG_CONNECTICUT_GENERAL_ASSEMBLY,HB-05350,BILL_2026_HB5350,filed written testimony: Supports,HB-05350,testimony,4,strong temporal or documentary support,SOURCE_0015,"https://www.cga.ct.gov/2026/gldata/TMY/2026HB-05350-R000304-Rojas, Jason, House Majority Leader-Connecticut General Assembly-Supports-TMY.PDF",Testifying is participation in a public process. It is not evidence of influence on the outcome.,"NO. This row records visibility, not causation.",GL
INFL_0619,2026,"Roveda, Marti",PERSON_ROVEDA_MARTI,HB-05350,BILL_2026_HB5350,filed written testimony: Opposes,HB-05350,testimony,4,strong temporal or documentary support,SOURCE_0015,"https://www.cga.ct.gov/2026/gldata/TMY/2026HB-05350-R000304-Roveda, Marti-Opposes-TMY.PDF",Testifying is participation in a public process. It is not evidence of influence on the outcome.,"NO. This row records visibility, not causation.",GL
INFL_0620,2026,Smart Approaches to Marijuana,ORG_SMART_APPROACHES_TO_MARIJUANA,HB-05350,BILL_2026_HB5350,filed written testimony: Opposes,HB-05350,testimony,4,strong temporal or documentary support,SOURCE_0015,"https://www.cga.ct.gov/2026/gldata/TMY/2026HB-05350-R000304-Sabet, Kevin, President - CEO-Smart Approaches to Marijuana-Opposes-TMY.PDF",Testifying is participation in a public process. It is not evidence of influence on the outcome.,"NO. This row records visibility, not causation.",GL
INFL_0621,2026,"Scatena, Lisa",PERSON_SCATENA_LISA,HB-05350,BILL_2026_HB5350,filed written testimony: Opposes,HB-05350,testimony,4,strong temporal or documentary support,SOURCE_0015,"https://www.cga.ct.gov/2026/gldata/TMY/2026HB-05350-R000304-Scatena, Lisa, MD-Opposes-TMY.PDF",Testifying is participation in a public process. It is not evidence of influence on the outcome.,"NO. This row records visibility, not causation.",GL
INFL_0622,2026,University of Connecticut,ORG_UNIVERSITY_OF_CONNECTICUT,HB-05350,BILL_2026_HB5350,filed written testimony: Supports,HB-05350,testimony,4,strong temporal or documentary support,SOURCE_0015,"https://www.cga.ct.gov/2026/gldata/TMY/2026HB-05350-R000304-Schillberg, Matt, Graduate Researcher-University of Connecticut-Supports-TMY.PDF",Testifying is participation in a public process. It is not evidence of influence on the outcome.,"NO. This row records visibility, not causation.",GL
INFL_0623,2026,Medical Cannabis Advocate,ORG_MEDICAL_CANNABIS_ADVOCATE,HB-05350,BILL_2026_HB5350,filed written testimony: Opposes,HB-05350,testimony,4,strong temporal or documentary support,SOURCE_0015,"https://www.cga.ct.gov/2026/gldata/TMY/2026HB-05350-R000304-Schlee, Josiah-Medical Cannabis Advocate-Opposes-TMY.PDF",Testifying is participation in a public process. It is not evidence of influence on the outcome.,"NO. This row records visibility, not causation.",GL
INFL_0624,2026,"Scruggs, Christine",PERSON_SCRUGGS_CHRISTINE,HB-05350,BILL_2026_HB5350,filed written testimony: Opposes,HB-05350,testimony,4,strong temporal or documentary support,SOURCE_0015,"https://www.cga.ct.gov/2026/gldata/TMY/2026HB-05350-R000304-Scruggs, Christine-Opposes-TMY.PDF",Testifying is participation in a public process. It is not evidence of influence on the outcome.,"NO. This row records visibility, not causation.",GL
INFL_0625,2026,XPOCANN,ORG_XPOCANN,HB-05350,BILL_2026_HB5350,filed written testimony: Opposes,HB-05350,testimony,4,strong temporal or documentary support,SOURCE_0015,"https://www.cga.ct.gov/2026/gldata/TMY/2026HB-05350-R000304-Semrow, Tyler, Senior Producer-XPOCANN-Opposes-TMY.PDF",Testifying is participation in a public process. It is not evidence of influence on the outcome.,"NO. This row records visibility, not causation.",GL
INFL_0626,2026,Fairfield County Med Ass.,ORG_FAIRFIELD_COUNTY_MED_ASS,HB-05350,BILL_2026_HB5350,filed written testimony: Opposes,HB-05350,testimony,4,strong temporal or documentary support,SOURCE_0015,"https://www.cga.ct.gov/2026/gldata/TMY/2026HB-05350-R000304-Smith MD, JoAnn M, Addiction Psychiatrist-Fairfield County Med Ass.-Opposes-TMY.PDF",Testifying is participation in a public process. It is not evidence of influence on the outcome.,"NO. This row records visibility, not causation.",GL
INFL_0627,2026,"Stewart, Lee",PERSON_STEWART_LEE,HB-05350,BILL_2026_HB5350,filed written testimony: Opposes,HB-05350,testimony,4,strong temporal or documentary support,SOURCE_0015,"https://www.cga.ct.gov/2026/gldata/TMY/2026HB-05350-R000304-Stewart, Lee, Dr-Opposes-TMY.PDF",Testifying is participation in a public process. It is not evidence of influence on the outcome.,"NO. This row records visibility, not causation.",GL
INFL_0628,2026,Witnesses To Hunger,ORG_WITNESSES_TO_HUNGER,HB-05350,BILL_2026_HB5350,filed written testimony: Supports,HB-05350,testimony,4,strong temporal or documentary support,SOURCE_0015,"https://www.cga.ct.gov/2026/gldata/TMY/2026HB-05350-R000304-Terry, Alexis-Witnesses To Hunger-Supports-TMY.PDF",Testifying is participation in a public process. It is not evidence of influence on the outcome.,"NO. This row records visibility, not causation.",GL
INFL_0629,2026,"Thunem, Eric",PERSON_THUNEM_ERIC,HB-05350,BILL_2026_HB5350,filed written testimony: Opposes,HB-05350,testimony,4,strong temporal or documentary support,SOURCE_0015,"https://www.cga.ct.gov/2026/gldata/TMY/2026HB-05350-R000304-Thunem, Eric-Opposes-TMY.PDF",Testifying is participation in a public process. It is not evidence of influence on the outcome.,"NO. This row records visibility, not causation.",GL
INFL_0630,2026,"Trueblood, Jacqueline",PERSON_TRUEBLOOD_JACQUELINE,HB-05350,BILL_2026_HB5350,filed written testimony: Opposes,HB-05350,testimony,4,strong temporal or documentary support,SOURCE_0015,"https://www.cga.ct.gov/2026/gldata/TMY/2026HB-05350-R000304-Trueblood, Jacqueline, MD-Opposes-TMY.PDF",Testifying is participation in a public process. It is not evidence of influence on the outcome.,"NO. This row records visibility, not causation.",GL
INFL_0631,2026,NAMI CT,ORG_NAMI_CT,HB-05350,BILL_2026_HB5350,filed written testimony: Opposes,HB-05350,testimony,4,strong temporal or documentary support,SOURCE_0015,"https://www.cga.ct.gov/2026/gldata/TMY/2026HB-05350-R000304-Wadsworth, Amy-NAMI CT-Opposes-TMY.PDF",Testifying is participation in a public process. It is not evidence of influence on the outcome.,"NO. This row records visibility, not causation.",GL
INFL_0632,2026,NAMI CT,ORG_NAMI_CT,HB-05350,BILL_2026_HB5350,filed written testimony: Opposes,HB-05350,testimony,4,strong temporal or documentary support,SOURCE_0015,"https://www.cga.ct.gov/2026/gldata/TMY/2026HB-05350-R010304-Wadsworth, Amy-NAMI CT-Opposes-TMY.PDF",Testifying is participation in a public process. It is not evidence of influence on the outcome.,"NO. This row records visibility, not causation.",GL
INFL_0633,2026,"Wadsworth, William",PERSON_WADSWORTH_WILLIAM,HB-05350,BILL_2026_HB5350,filed written testimony: Opposes,HB-05350,testimony,4,strong temporal or documentary support,SOURCE_0015,"https://www.cga.ct.gov/2026/gldata/TMY/2026HB-05350-R000304-Wadsworth, William, Mr-Opposes-TMY.PDF",Testifying is participation in a public process. It is not evidence of influence on the outcome.,"NO. This row records visibility, not causation.",GL
INFL_0634,2026,NAMI CT,ORG_NAMI_CT,HB-05350,BILL_2026_HB5350,filed written testimony: Opposes,HB-05350,testimony,4,strong temporal or documentary support,SOURCE_0015,"https://www.cga.ct.gov/2026/gldata/TMY/2026HB-05350-R000304-Watt, Margaret, Public Policy Chair-NAMI CT-Opposes-TMY.PDF",Testifying is participation in a public process. It is not evidence of influence on the outcome.,"NO. This row records visibility, not causation.",GL
INFL_0635,2026,CAT ROCK HOLISTICS CT LLC,ORG_CAT_ROCK_HOLISTICS_CT_LLC,HB-05350,BILL_2026_HB5350,filed written testimony: Supports,HB-05350,testimony,4,strong temporal or documentary support,SOURCE_0015,"https://www.cga.ct.gov/2026/gldata/TMY/2026HB-05350-R000304-Weldon, Shirley, Licensee-CAT ROCK HOLISTICS CT LLC-Supports-TMY.PDF",Testifying is participation in a public process. It is not evidence of influence on the outcome.,"NO. This row records visibility, not causation.",GL
INFL_0636,2026,Cat Rock Holistics LLC,ORG_CAT_ROCK_HOLISTICS_LLC,HB-05350,BILL_2026_HB5350,filed written testimony: Supports,HB-05350,testimony,4,strong temporal or documentary support,SOURCE_0015,"https://www.cga.ct.gov/2026/gldata/TMY/2026HB-05350-R000304-Weldon, Shirley, Licensee-Cat Rock Holistics LLC-Supports-TMY.PDF",Testifying is participation in a public process. It is not evidence of influence on the outcome.,"NO. This row records visibility, not causation.",GL
INFL_0637,2026,Float House,ORG_FLOAT_HOUSE,HB-05350,BILL_2026_HB5350,filed written testimony: Supports,HB-05350,testimony,4,strong temporal or documentary support,SOURCE_0015,"https://www.cga.ct.gov/2026/gldata/TMY/2026HB-05350-R000304-Whelpley, Gordon, Founder-Float House-Supports-TMY.PDF",Testifying is participation in a public process. It is not evidence of influence on the outcome.,"NO. This row records visibility, not causation.",GL
INFL_0638,2026,Fine Fettle Dispensaries,ORG_FINE_FETTLE_DISPENSARIES,HB-05350,BILL_2026_HB5350,filed written testimony: Supports,HB-05350,testimony,4,strong temporal or documentary support,SOURCE_0015,"https://www.cga.ct.gov/2026/gldata/TMY/2026HB-05350-R000304-Zachs, Ben, COO-Fine Fettle Dispensaries-Supports-TMY.PDF",Testifying is participation in a public process. It is not evidence of influence on the outcome.,"NO. This row records visibility, not causation.",GL
INFL_0639,2026,bloomHigher,ORG_BLOOMHIGHER,HB-05350,BILL_2026_HB5350,filed written testimony: Opposes,HB-05350,testimony,4,strong temporal or documentary support,SOURCE_0015,"https://www.cga.ct.gov/2026/gldata/TMY/2026HB-05350-R000304-zakir, uzma, RPh-bloomHigher-Opposes-TMY.PDF",Testifying is participation in a public process. It is not evidence of influence on the outcome.,"NO. This row records visibility, not causation.",GL
INFL_0640,2026,bloomHigher,ORG_BLOOMHIGHER,HB-05350,BILL_2026_HB5350,filed written testimony: Supports,HB-05350,testimony,4,strong temporal or documentary support,SOURCE_0015,"https://www.cga.ct.gov/2026/gldata/TMY/2026HB-05350-R000304-zakir, uzma, RPh-bloomHigher-Supports-TMY.PDF",Testifying is participation in a public process. It is not evidence of influence on the outcome.,"NO. This row records visibility, not causation.",GL
INFL_0641,2026,"Doolittle, Erin",PERSON_DOOLITTLE_ERIN,HB-05351,BILL_2026_HB5351,filed written testimony: Opposes,HB-05351,testimony,4,strong temporal or documentary support,SOURCE_0015,"https://www.cga.ct.gov/2026/gldata/TMY/2026HB-05351-R000304-Doolittle, Erin, MA MFT-Opposes-TMY.PDF",Testifying is participation in a public process. It is not evidence of influence on the outcome.,"NO. This row records visibility, not causation.",GL
INFL_0642,2026,Better Ways LLC,ORG_BETTER_WAYS_LLC,HB-05351,BILL_2026_HB5351,filed written testimony: Opposes,HB-05351,testimony,4,strong temporal or documentary support,SOURCE_0015,"https://www.cga.ct.gov/2026/gldata/TMY/2026HB-05351-R000304-Markovich, Duncan, Founder and Owner-Better Ways LLC-Opposes-TMY.PDF",Testifying is participation in a public process. It is not evidence of influence on the outcome.,"NO. This row records visibility, not causation.",GL
INFL_0643,2026,Higher Collective,ORG_HIGHER_COLLECTIVE,HB-05351,BILL_2026_HB5351,filed written testimony: Opposes,HB-05351,testimony,4,strong temporal or documentary support,SOURCE_0015,"https://www.cga.ct.gov/2026/gldata/TMY/2026HB-05351-R000304-Pinto, Yanira, SEJV Owner-Higher Collective-Opposes-TMY.PDF",Testifying is participation in a public process. It is not evidence of influence on the outcome.,"NO. This row records visibility, not causation.",GL
INFL_0644,2026,"Rinaldi, Lou",PERSON_RINALDI_LOU,HB-05351,BILL_2026_HB5351,filed written testimony: Opposes,HB-05351,testimony,4,strong temporal or documentary support,SOURCE_0015,"https://www.cga.ct.gov/2026/gldata/TMY/2026HB-05351-R000304-Rinaldi, Lou, Data and Policy Analyst-Opposes-TMY.PDF",Testifying is participation in a public process. It is not evidence of influence on the outcome.,"NO. This row records visibility, not causation.",GL
INFL_0645,2026,Medical Cannabis Advocate,ORG_MEDICAL_CANNABIS_ADVOCATE,HB-05351,BILL_2026_HB5351,filed written testimony: Opposes,HB-05351,testimony,4,strong temporal or documentary support,SOURCE_0015,"https://www.cga.ct.gov/2026/gldata/TMY/2026HB-05351-R000304-Schlee, Josiah-Medical Cannabis Advocate-Opposes-TMY.PDF",Testifying is participation in a public process. It is not evidence of influence on the outcome.,"NO. This row records visibility, not causation.",GL
INFL_0646,2026,Budr Cannabis,ORG_BUDR_CANNABIS,HB-05351,BILL_2026_HB5351,filed written testimony: Opposes,HB-05351,testimony,4,strong temporal or documentary support,SOURCE_0015,"https://www.cga.ct.gov/2026/gldata/TMY/2026HB-05351-R010304-Tirella, Carl-Budr Cannabis-Opposes-TMY.PDF",Testifying is participation in a public process. It is not evidence of influence on the outcome.,"NO. This row records visibility, not causation.",GL
INFL_0647,2026,"Anonymous 26, Anonymous 26",PERSON_ANONYMOUS_26_ANONYMOUS_26,SB-00231,BILL_2026_SB0231,filed written testimony: Opposes,SB-00231,testimony,4,strong temporal or documentary support,SOURCE_0015,"https://www.cga.ct.gov/2026/gldata/TMY/2026SB-00231-R000223-Anonymous 26, Anonymous 26-Opposes-TMY.PDF",Testifying is participation in a public process. It is not evidence of influence on the outcome.,"NO. This row records visibility, not causation.",GL
INFL_0648,2026,CT Cannabis Chamber of Commerce,ORG_CT_CANNABIS_CHAMBER_OF_COMMERCE,SB-00231,BILL_2026_SB0231,filed written testimony: Opposes,SB-00231,testimony,4,strong temporal or documentary support,SOURCE_0015,"https://www.cga.ct.gov/2026/gldata/TMY/2026SB-00231-R000223-Burnes, Nikole, Executive Director-CT Cannabis Chamber of Commerce-Opposes-TMY.PDF",Testifying is participation in a public process. It is not evidence of influence on the outcome.,"NO. This row records visibility, not causation.",GL
INFL_0649,2026,Dept. of Consumer Protection,ORG_DEPT_OF_CONSUMER_PROTECTION,SB-00231,BILL_2026_SB0231,filed written testimony: Supports,SB-00231,testimony,4,strong temporal or documentary support,SOURCE_0015,"https://www.cga.ct.gov/2026/gldata/TMY/2026SB-00231-R010223-Cafferelli, Bryan, Commissioner-Dept. of Consumer Protection-Supports-TMY.PDF",Testifying is participation in a public process. It is not evidence of influence on the outcome.,"NO. This row records visibility, not causation.",GL
INFL_0650,2026,La CT,ORG_LA_CT,SB-00231,BILL_2026_SB0231,filed written testimony: Supports,SB-00231,testimony,4,strong temporal or documentary support,SOURCE_0015,"https://www.cga.ct.gov/2026/gldata/TMY/2026SB-00231-R000223-Cerda, Jocelyn, Owner-Shangri-La CT-Supports-TMY.PDF",Testifying is participation in a public process. It is not evidence of influence on the outcome.,"NO. This row records visibility, not causation.",GL
INFL_0651,2026,Green Cab Co LLC,ORG_GREEN_CAB_CO_LLC,SB-00231,BILL_2026_SB0231,filed written testimony: Opposes,SB-00231,testimony,4,strong temporal or documentary support,SOURCE_0015,"https://www.cga.ct.gov/2026/gldata/TMY/2026SB-00231-R000223-Feinberg, Seth, Partner-Green Cab Co LLC-Opposes-TMY.PDF",Testifying is participation in a public process. It is not evidence of influence on the outcome.,"NO. This row records visibility, not causation.",GL
INFL_0652,2026,Office of the Cannabis Ombudsman,ORG_OFFICE_OF_THE_CANNABIS_OMBUDSMAN,SB-00231,BILL_2026_SB0231,filed written testimony: Opposes,SB-00231,testimony,4,strong temporal or documentary support,SOURCE_0015,"https://www.cga.ct.gov/2026/gldata/TMY/2026SB-00231-R000223-Gorman Kirk, Erin, Connecticut Cannabis Ombudsman-Office of the Cannabis Ombudsman-Opposes-TMY.PDF",Testifying is participation in a public process. It is not evidence of influence on the outcome.,"NO. This row records visibility, not causation.",GL
INFL_0653,2026,Cannabis Connection,ORG_CANNABIS_CONNECTION,SB-00231,BILL_2026_SB0231,filed written testimony: Opposes,SB-00231,testimony,4,strong temporal or documentary support,SOURCE_0015,"https://www.cga.ct.gov/2026/gldata/TMY/2026SB-00231-R000223-Martorano, Anthony, Delivery driver-Cannabis Connection-Opposes-TMY.PDF",Testifying is participation in a public process. It is not evidence of influence on the outcome.,"NO. This row records visibility, not causation.",GL
INFL_0654,2026,"Martorano, Kathy",PERSON_MARTORANO_KATHY,SB-00231,BILL_2026_SB0231,filed written testimony: Opposes,SB-00231,testimony,4,strong temporal or documentary support,SOURCE_0015,"https://www.cga.ct.gov/2026/gldata/TMY/2026SB-00231-R000223-Martorano, Kathy-Opposes-TMY.PDF",Testifying is participation in a public process. It is not evidence of influence on the outcome.,"NO. This row records visibility, not causation.",GL
INFL_0655,2026,Cannabis Connection,ORG_CANNABIS_CONNECTION,SB-00231,BILL_2026_SB0231,filed written testimony: Opposes,SB-00231,testimony,4,strong temporal or documentary support,SOURCE_0015,"https://www.cga.ct.gov/2026/gldata/TMY/2026SB-00231-R000223-Petrino, Joey, Delivery driver-Cannabis Connection-Opposes-TMY.PDF",Testifying is participation in a public process. It is not evidence of influence on the outcome.,"NO. This row records visibility, not causation.",GL
INFL_0656,2026,Cannabis Connection,ORG_CANNABIS_CONNECTION,SB-00231,BILL_2026_SB0231,filed written testimony: Opposes,SB-00231,testimony,4,strong temporal or documentary support,SOURCE_0015,"https://www.cga.ct.gov/2026/gldata/TMY/2026SB-00231-R000223-Price, Lavaughn, Delivery driver-Cannabis Connection-Opposes-TMY.PDF",Testifying is participation in a public process. It is not evidence of influence on the outcome.,"NO. This row records visibility, not causation.",GL
INFL_0657,2026,Cannabis Connection,ORG_CANNABIS_CONNECTION,SB-00231,BILL_2026_SB0231,filed written testimony: Opposes,SB-00231,testimony,4,strong temporal or documentary support,SOURCE_0015,"https://www.cga.ct.gov/2026/gldata/TMY/2026SB-00231-R000223-R, Cody, Owner-Cannabis Connection-Opposes-TMY.PDF",Testifying is participation in a public process. It is not evidence of influence on the outcome.,"NO. This row records visibility, not causation.",GL
INFL_0658,2026,Cannabis Connection,ORG_CANNABIS_CONNECTION,SB-00231,BILL_2026_SB0231,filed written testimony: Opposes,SB-00231,testimony,4,strong temporal or documentary support,SOURCE_0015,"https://www.cga.ct.gov/2026/gldata/TMY/2026SB-00231-R000223-Richard, Cody, Owner-Cannabis Connection-Opposes-TMY.PDF",Testifying is participation in a public process. It is not evidence of influence on the outcome.,"NO. This row records visibility, not causation.",GL
INFL_0659,2026,Cannabis Connection,ORG_CANNABIS_CONNECTION,SB-00231,BILL_2026_SB0231,filed written testimony: Opposes,SB-00231,testimony,4,strong temporal or documentary support,SOURCE_0015,"https://www.cga.ct.gov/2026/gldata/TMY/2026SB-00231-R000223-Santiago, Abraham, Delivery driver-Cannabis Connection-Opposes-TMY.PDF",Testifying is participation in a public process. It is not evidence of influence on the outcome.,"NO. This row records visibility, not causation.",GL
INFL_0660,2026,NA,ORG_NA,SB-00231,BILL_2026_SB0231,filed written testimony: Opposes,SB-00231,testimony,4,strong temporal or documentary support,SOURCE_0015,"https://www.cga.ct.gov/2026/gldata/TMY/2026SB-00231-R000223-Schlee, Josiah, Medical Cannabis Advocate-NA-Opposes-TMY.PDF",Testifying is participation in a public process. It is not evidence of influence on the outcome.,"NO. This row records visibility, not causation.",GL
INFL_0661,2026,NA,ORG_NA,SB-00231,BILL_2026_SB0231,filed written testimony: Opposes,SB-00231,testimony,4,strong temporal or documentary support,SOURCE_0015,"https://www.cga.ct.gov/2026/gldata/TMY/2026SB-00231-R010223-Schlee, Josiah, Medical Cannabis Advocate-NA-Opposes-TMY.PDF",Testifying is participation in a public process. It is not evidence of influence on the outcome.,"NO. This row records visibility, not causation.",GL
INFL_0662,2026,"Semrow, Tyler",PERSON_SEMROW_TYLER,SB-00231,BILL_2026_SB0231,filed written testimony: Opposes,SB-00231,testimony,4,strong temporal or documentary support,SOURCE_0015,"https://www.cga.ct.gov/2026/gldata/TMY/2026SB-00231-R000223-Semrow, Tyler-Opposes-TMY.PDF",Testifying is participation in a public process. It is not evidence of influence on the outcome.,"NO. This row records visibility, not causation.",GL
INFL_0663,2026,"Shaham, Barbara",PERSON_SHAHAM_BARBARA,SB-00231,BILL_2026_SB0231,filed written testimony: Opposes,SB-00231,testimony,4,strong temporal or documentary support,SOURCE_0015,"https://www.cga.ct.gov/2026/gldata/TMY/2026SB-00231-R000223-Shaham, Barbara-Opposes-TMY.PDF",Testifying is participation in a public process. It is not evidence of influence on the outcome.,"NO. This row records visibility, not causation.",GL
INFL_0664,2026,Fine Fettle Dispensaries,ORG_FINE_FETTLE_DISPENSARIES,SB-00231,BILL_2026_SB0231,filed written testimony: Opposes,SB-00231,testimony,4,strong temporal or documentary support,SOURCE_0015,"https://www.cga.ct.gov/2026/gldata/TMY/2026SB-00231-R000223-Zachs, Ben, CEO-Fine Fettle Dispensaries-Opposes-TMY.PDF",Testifying is participation in a public process. It is not evidence of influence on the outcome.,"NO. This row records visibility, not causation.",GL
INFL_0665,2026,"Abandula, Regene",PERSON_ABANDULA_REGENE,HB-05222,BILL_2026_HB5222,filed written testimony: Opposes,HB-05222,testimony,4,strong temporal or documentary support,SOURCE_0015,"https://www.cga.ct.gov/2026/gldata/TMY/2026HB-05222-R000223-Abandula, Regene, CPA-Opposes-TMY.PDF",Testifying is participation in a public process. It is not evidence of influence on the outcome.,"NO. This row records visibility, not causation.",GL
INFL_0666,2026,"Accavallo, John",PERSON_ACCAVALLO_JOHN,HB-05222,BILL_2026_HB5222,filed written testimony: Opposes,HB-05222,testimony,4,strong temporal or documentary support,SOURCE_0015,"https://www.cga.ct.gov/2026/gldata/TMY/2026HB-05222-R000223-Accavallo, John, CPA-Opposes-TMY.PDF",Testifying is participation in a public process. It is not evidence of influence on the outcome.,"NO. This row records visibility, not causation.",GL
INFL_0667,2026,"Albino, Jerome Thomas",PERSON_ALBINO_JEROME_THOMAS,HB-05222,BILL_2026_HB5222,filed written testimony: Opposes,HB-05222,testimony,4,strong temporal or documentary support,SOURCE_0015,"https://www.cga.ct.gov/2026/gldata/TMY/2026HB-05222-R000223-Albino, Jerome Thomas, CPA-Opposes-TMY.PDF",Testifying is participation in a public process. It is not evidence of influence on the outcome.,"NO. This row records visibility, not causation.",GL
INFL_0668,2026,"Alfin, Jeff",PERSON_ALFIN_JEFF,HB-05222,BILL_2026_HB5222,filed written testimony: Opposes,HB-05222,testimony,4,strong temporal or documentary support,SOURCE_0015,"https://www.cga.ct.gov/2026/gldata/TMY/2026HB-05222-R000223-Alfin, Jeff, CPA-Opposes-TMY.PDF",Testifying is participation in a public process. It is not evidence of influence on the outcome.,"NO. This row records visibility, not causation.",GL
INFL_0669,2026,"Alliod, Mark",PERSON_ALLIOD_MARK,HB-05222,BILL_2026_HB5222,filed written testimony: Opposes,HB-05222,testimony,4,strong temporal or documentary support,SOURCE_0015,"https://www.cga.ct.gov/2026/gldata/TMY/2026HB-05222-R000223-Alliod, Mark, CPA-Opposes-TMY.PDF",Testifying is participation in a public process. It is not evidence of influence on the outcome.,"NO. This row records visibility, not causation.",GL
INFL_0670,2026,"Anderson, Raymond",PERSON_ANDERSON_RAYMOND,HB-05222,BILL_2026_HB5222,filed written testimony: Opposes,HB-05222,testimony,4,strong temporal or documentary support,SOURCE_0015,"https://www.cga.ct.gov/2026/gldata/TMY/2026HB-05222-R000223-Anderson, Raymond, CPA-Opposes-TMY.PDF",Testifying is participation in a public process. It is not evidence of influence on the outcome.,"NO. This row records visibility, not causation.",GL
INFL_0671,2026,"ANGLISS, DAVID",PERSON_ANGLISS_DAVID,HB-05222,BILL_2026_HB5222,filed written testimony: Opposes,HB-05222,testimony,4,strong temporal or documentary support,SOURCE_0015,"https://www.cga.ct.gov/2026/gldata/TMY/2026HB-05222-R000223-ANGLISS, DAVID, CPA-Opposes-TMY.PDF",Testifying is participation in a public process. It is not evidence of influence on the outcome.,"NO. This row records visibility, not causation.",GL
INFL_0672,2026,"Anonymous 27, Anonymous 27",PERSON_ANONYMOUS_27_ANONYMOUS_27,HB-05222,BILL_2026_HB5222,filed written testimony: Opposes,HB-05222,testimony,4,strong temporal or documentary support,SOURCE_0015,"https://www.cga.ct.gov/2026/gldata/TMY/2026HB-05222-R000223-Anonymous 27, Anonymous 27-Opposes-TMY.PDF",Testifying is participation in a public process. It is not evidence of influence on the outcome.,"NO. This row records visibility, not causation.",GL
INFL_0673,2026,"Audibert, Curtis",PERSON_AUDIBERT_CURTIS,HB-05222,BILL_2026_HB5222,filed written testimony: Opposes,HB-05222,testimony,4,strong temporal or documentary support,SOURCE_0015,"https://www.cga.ct.gov/2026/gldata/TMY/2026HB-05222-R000223-Audibert, Curtis, CPA-Opposes-TMY.PDF",Testifying is participation in a public process. It is not evidence of influence on the outcome.,"NO. This row records visibility, not causation.",GL
INFL_0674,2026,"Austin, James",PERSON_AUSTIN_JAMES,HB-05222,BILL_2026_HB5222,filed written testimony: Opposes,HB-05222,testimony,4,strong temporal or documentary support,SOURCE_0015,"https://www.cga.ct.gov/2026/gldata/TMY/2026HB-05222-R000223-Austin, James, CPA-Opposes-TMY.PDF",Testifying is participation in a public process. It is not evidence of influence on the outcome.,"NO. This row records visibility, not causation.",GL
INFL_0675,2026,"Ballasy, Paul",PERSON_BALLASY_PAUL,HB-05222,BILL_2026_HB5222,filed written testimony: Opposes,HB-05222,testimony,4,strong temporal or documentary support,SOURCE_0015,"https://www.cga.ct.gov/2026/gldata/TMY/2026HB-05222-R000223-Ballasy, Paul, CPA-Opposes-TMY.PDF",Testifying is participation in a public process. It is not evidence of influence on the outcome.,"NO. This row records visibility, not causation.",GL
INFL_0676,2026,"Bassett, Martha",PERSON_BASSETT_MARTHA,HB-05222,BILL_2026_HB5222,filed written testimony: Opposes,HB-05222,testimony,4,strong temporal or documentary support,SOURCE_0015,"https://www.cga.ct.gov/2026/gldata/TMY/2026HB-05222-R000223-Bassett, Martha, CPA-Opposes-TMY.PDF",Testifying is participation in a public process. It is not evidence of influence on the outcome.,"NO. This row records visibility, not causation.",GL
INFL_0677,2026,"Bauer, John",PERSON_BAUER_JOHN,HB-05222,BILL_2026_HB5222,filed written testimony: Opposes,HB-05222,testimony,4,strong temporal or documentary support,SOURCE_0015,"https://www.cga.ct.gov/2026/gldata/TMY/2026HB-05222-R000223-Bauer, John, CPA-Opposes-TMY.PDF",Testifying is participation in a public process. It is not evidence of influence on the outcome.,"NO. This row records visibility, not causation.",GL
INFL_0678,2026,"Berkowitz, Eyal",PERSON_BERKOWITZ_EYAL,HB-05222,BILL_2026_HB5222,filed written testimony: Opposes,HB-05222,testimony,4,strong temporal or documentary support,SOURCE_0015,"https://www.cga.ct.gov/2026/gldata/TMY/2026HB-05222-R000223-Berkowitz, Eyal, CPA-Opposes-TMY.PDF",Testifying is participation in a public process. It is not evidence of influence on the outcome.,"NO. This row records visibility, not causation.",GL
INFL_0679,2026,"Berthiaume, Michael",PERSON_BERTHIAUME_MICHAEL,HB-05222,BILL_2026_HB5222,filed written testimony: Opposes,HB-05222,testimony,4,strong temporal or documentary support,SOURCE_0015,"https://www.cga.ct.gov/2026/gldata/TMY/2026HB-05222-R000223-Berthiaume, Michael, CPA-Opposes-TMY.PDF",Testifying is participation in a public process. It is not evidence of influence on the outcome.,"NO. This row records visibility, not causation.",GL
INFL_0680,2026,"Blazejowski, Rebecca Jean",PERSON_BLAZEJOWSKI_REBECCA_JEAN,HB-05222,BILL_2026_HB5222,filed written testimony: Opposes,HB-05222,testimony,4,strong temporal or documentary support,SOURCE_0015,"https://www.cga.ct.gov/2026/gldata/TMY/2026HB-05222-R000223-Blazejowski, Rebecca Jean, CPA-Opposes-TMY.PDF",Testifying is participation in a public process. It is not evidence of influence on the outcome.,"NO. This row records visibility, not causation.",GL
INFL_0681,2026,"Broderick, Stephan",PERSON_BRODERICK_STEPHAN,HB-05222,BILL_2026_HB5222,filed written testimony: Opposes,HB-05222,testimony,4,strong temporal or documentary support,SOURCE_0015,"https://www.cga.ct.gov/2026/gldata/TMY/2026HB-05222-R000223-Broderick, Stephan, CPA-Opposes-TMY.PDF",Testifying is participation in a public process. It is not evidence of influence on the outcome.,"NO. This row records visibility, not causation.",GL
INFL_0682,2026,"Brune, Sharon",PERSON_BRUNE_SHARON,HB-05222,BILL_2026_HB5222,filed written testimony: Opposes,HB-05222,testimony,4,strong temporal or documentary support,SOURCE_0015,"https://www.cga.ct.gov/2026/gldata/TMY/2026HB-05222-R000223-Brune, Sharon, CPA-Opposes-TMY.PDF",Testifying is participation in a public process. It is not evidence of influence on the outcome.,"NO. This row records visibility, not causation.",GL
INFL_0683,2026,Dept. of Consumer Protection,ORG_DEPT_OF_CONSUMER_PROTECTION,HB-05222,BILL_2026_HB5222,filed written testimony: Supports,HB-05222,testimony,4,strong temporal or documentary support,SOURCE_0015,"https://www.cga.ct.gov/2026/gldata/TMY/2026HB-05222-R010223-Cafferelli, Bryan, Commissioner-Dept. of Consumer Protection-Supports-TMY.PDF",Testifying is participation in a public process. It is not evidence of influence on the outcome.,"NO. This row records visibility, not causation.",GL
INFL_0684,2026,"Cahillane, John",PERSON_CAHILLANE_JOHN,HB-05222,BILL_2026_HB5222,filed written testimony: Opposes,HB-05222,testimony,4,strong temporal or documentary support,SOURCE_0015,"https://www.cga.ct.gov/2026/gldata/TMY/2026HB-05222-R000223-Cahillane, John, CPA-Opposes-TMY.PDF",Testifying is participation in a public process. It is not evidence of influence on the outcome.,"NO. This row records visibility, not causation.",GL
INFL_0685,2026,"Caiafa, Paul",PERSON_CAIAFA_PAUL,HB-05222,BILL_2026_HB5222,filed written testimony: Opposes,HB-05222,testimony,4,strong temporal or documentary support,SOURCE_0015,"https://www.cga.ct.gov/2026/gldata/TMY/2026HB-05222-R000223-Caiafa, Paul, CPA-Opposes-TMY.PDF",Testifying is participation in a public process. It is not evidence of influence on the outcome.,"NO. This row records visibility, not causation.",GL
INFL_0686,2026,"Caplan, Mark",PERSON_CAPLAN_MARK,HB-05222,BILL_2026_HB5222,filed written testimony: Opposes,HB-05222,testimony,4,strong temporal or documentary support,SOURCE_0015,"https://www.cga.ct.gov/2026/gldata/TMY/2026HB-05222-R000223-Caplan, Mark, CPA-Opposes-TMY.PDF",Testifying is participation in a public process. It is not evidence of influence on the outcome.,"NO. This row records visibility, not causation.",GL
INFL_0687,2026,"Cappelletti, Robert",PERSON_CAPPELLETTI_ROBERT,HB-05222,BILL_2026_HB5222,filed written testimony: Opposes,HB-05222,testimony,4,strong temporal or documentary support,SOURCE_0015,"https://www.cga.ct.gov/2026/gldata/TMY/2026HB-05222-R000223-Cappelletti, Robert, CPA-Opposes-TMY.PDF",Testifying is participation in a public process. It is not evidence of influence on the outcome.,"NO. This row records visibility, not causation.",GL
INFL_0688,2026,"Carey, Gina",PERSON_CAREY_GINA,HB-05222,BILL_2026_HB5222,filed written testimony: Opposes,HB-05222,testimony,4,strong temporal or documentary support,SOURCE_0015,"https://www.cga.ct.gov/2026/gldata/TMY/2026HB-05222-R000223-Carey, Gina, CPA-Opposes-TMY.PDF",Testifying is participation in a public process. It is not evidence of influence on the outcome.,"NO. This row records visibility, not causation.",GL
INFL_0689,2026,"Cavanaugh, Allison",PERSON_CAVANAUGH_ALLISON,HB-05222,BILL_2026_HB5222,filed written testimony: Opposes,HB-05222,testimony,4,strong temporal or documentary support,SOURCE_0015,"https://www.cga.ct.gov/2026/gldata/TMY/2026HB-05222-R000223-Cavanaugh, Allison, CPA-Opposes-TMY.PDF",Testifying is participation in a public process. It is not evidence of influence on the outcome.,"NO. This row records visibility, not causation.",GL
INFL_0690,2026,"Chace, Roger",PERSON_CHACE_ROGER,HB-05222,BILL_2026_HB5222,filed written testimony: Opposes,HB-05222,testimony,4,strong temporal or documentary support,SOURCE_0015,"https://www.cga.ct.gov/2026/gldata/TMY/2026HB-05222-R000223-Chace, Roger, CPA-Opposes-TMY.PDF",Testifying is participation in a public process. It is not evidence of influence on the outcome.,"NO. This row records visibility, not causation.",GL
INFL_0691,2026,"COHEN, BARRY",PERSON_COHEN_BARRY,HB-05222,BILL_2026_HB5222,filed written testimony: Opposes,HB-05222,testimony,4,strong temporal or documentary support,SOURCE_0015,"https://www.cga.ct.gov/2026/gldata/TMY/2026HB-05222-R000223-COHEN, BARRY, CPA-Opposes-TMY.PDF",Testifying is participation in a public process. It is not evidence of influence on the outcome.,"NO. This row records visibility, not causation.",GL
INFL_0692,2026,"Cook, Donna",PERSON_COOK_DONNA,HB-05222,BILL_2026_HB5222,filed written testimony: Opposes,HB-05222,testimony,4,strong temporal or documentary support,SOURCE_0015,"https://www.cga.ct.gov/2026/gldata/TMY/2026HB-05222-R000223-Cook, Donna, CPA-Opposes-TMY.PDF",Testifying is participation in a public process. It is not evidence of influence on the outcome.,"NO. This row records visibility, not causation.",GL
INFL_0693,2026,"Cook, Robert",PERSON_COOK_ROBERT,HB-05222,BILL_2026_HB5222,filed written testimony: Opposes,HB-05222,testimony,4,strong temporal or documentary support,SOURCE_0015,"https://www.cga.ct.gov/2026/gldata/TMY/2026HB-05222-R000223-Cook, Robert, CPA-Opposes-TMY.PDF",Testifying is participation in a public process. It is not evidence of influence on the outcome.,"NO. This row records visibility, not causation.",GL
INFL_0694,2026,"Coombes, Sandy",PERSON_COOMBES_SANDY,HB-05222,BILL_2026_HB5222,filed written testimony: Opposes,HB-05222,testimony,4,strong temporal or documentary support,SOURCE_0015,"https://www.cga.ct.gov/2026/gldata/TMY/2026HB-05222-R000223-Coombes, Sandy, CPA-Opposes-TMY.PDF",Testifying is participation in a public process. It is not evidence of influence on the outcome.,"NO. This row records visibility, not causation.",GL
INFL_0695,2026,American Institute of CPAs,ORG_AMERICAN_INSTITUTE_OF_CPAS,HB-05222,BILL_2026_HB5222,filed written testimony: Opposes,HB-05222,testimony,4,strong temporal or documentary support,SOURCE_0015,"https://www.cga.ct.gov/2026/gldata/TMY/2026HB-05222-R000223-Cox, James, Vice President State Advocacy-American Institute of CPAs-Opposes-TMY.PDF",Testifying is participation in a public process. It is not evidence of influence on the outcome.,"NO. This row records visibility, not causation.",GL
INFL_0696,2026,"Crane, Scott",PERSON_CRANE_SCOTT,HB-05222,BILL_2026_HB5222,filed written testimony: Opposes,HB-05222,testimony,4,strong temporal or documentary support,SOURCE_0015,"https://www.cga.ct.gov/2026/gldata/TMY/2026HB-05222-R000223-Crane, Scott, CPA-Opposes-TMY.PDF",Testifying is participation in a public process. It is not evidence of influence on the outcome.,"NO. This row records visibility, not causation.",GL
INFL_0697,2026,"Cummings, Robert",PERSON_CUMMINGS_ROBERT,HB-05222,BILL_2026_HB5222,filed written testimony: Opposes,HB-05222,testimony,4,strong temporal or documentary support,SOURCE_0015,"https://www.cga.ct.gov/2026/gldata/TMY/2026HB-05222-R000223-Cummings, Robert, CPA-Opposes-TMY.PDF",Testifying is participation in a public process. It is not evidence of influence on the outcome.,"NO. This row records visibility, not causation.",GL
INFL_0698,2026,"CURRAN, JOHN",PERSON_CURRAN_JOHN,HB-05222,BILL_2026_HB5222,filed written testimony: Opposes,HB-05222,testimony,4,strong temporal or documentary support,SOURCE_0015,"https://www.cga.ct.gov/2026/gldata/TMY/2026HB-05222-R000223-CURRAN, JOHN, CPA-Opposes-TMY.PDF",Testifying is participation in a public process. It is not evidence of influence on the outcome.,"NO. This row records visibility, not causation.",GL
INFL_0699,2026,"Daly, Elizabeth",PERSON_DALY_ELIZABETH,HB-05222,BILL_2026_HB5222,filed written testimony: Opposes,HB-05222,testimony,4,strong temporal or documentary support,SOURCE_0015,"https://www.cga.ct.gov/2026/gldata/TMY/2026HB-05222-R000223-Daly, Elizabeth-Opposes-TMY.PDF",Testifying is participation in a public process. It is not evidence of influence on the outcome.,"NO. This row records visibility, not causation.",GL
INFL_0700,2026,"Daly, Margaret",PERSON_DALY_MARGARET,HB-05222,BILL_2026_HB5222,filed written testimony: Opposes,HB-05222,testimony,4,strong temporal or documentary support,SOURCE_0015,"https://www.cga.ct.gov/2026/gldata/TMY/2026HB-05222-R000223-Daly, Margaret-Opposes-TMY.PDF",Testifying is participation in a public process. It is not evidence of influence on the outcome.,"NO. This row records visibility, not causation.",GL
INFL_0701,2026,State Board of Accountancy,ORG_STATE_BOARD_OF_ACCOUNTANCY,HB-05222,BILL_2026_HB5222,filed written testimony: Opposes,HB-05222,testimony,4,strong temporal or documentary support,SOURCE_0015,"https://www.cga.ct.gov/2026/gldata/TMY/2026HB-05222-R000223-Day, Robert, Attorney-State Board of Accountancy-Opposes-TMY.PDF",Testifying is participation in a public process. It is not evidence of influence on the outcome.,"NO. This row records visibility, not causation.",GL
INFL_0702,2026,"DeCaprio, Philip",PERSON_DECAPRIO_PHILIP,HB-05222,BILL_2026_HB5222,filed written testimony: Opposes,HB-05222,testimony,4,strong temporal or documentary support,SOURCE_0015,"https://www.cga.ct.gov/2026/gldata/TMY/2026HB-05222-R000223-DeCaprio, Philip, CPA-Opposes-TMY.PDF",Testifying is participation in a public process. It is not evidence of influence on the outcome.,"NO. This row records visibility, not causation.",GL
INFL_0703,2026,"Decker, Bryan",PERSON_DECKER_BRYAN,HB-05222,BILL_2026_HB5222,filed written testimony: Opposes,HB-05222,testimony,4,strong temporal or documentary support,SOURCE_0015,"https://www.cga.ct.gov/2026/gldata/TMY/2026HB-05222-R000223-Decker, Bryan, CPA-Opposes-TMY.PDF",Testifying is participation in a public process. It is not evidence of influence on the outcome.,"NO. This row records visibility, not causation.",GL
INFL_0704,2026,"Dubs, Carol",PERSON_DUBS_CAROL,HB-05222,BILL_2026_HB5222,filed written testimony: Opposes,HB-05222,testimony,4,strong temporal or documentary support,SOURCE_0015,"https://www.cga.ct.gov/2026/gldata/TMY/2026HB-05222-R000223-Dubs, Carol, CPA-Opposes-TMY.PDF",Testifying is participation in a public process. It is not evidence of influence on the outcome.,"NO. This row records visibility, not causation.",GL
INFL_0705,2026,"Duffy, Coleen",PERSON_DUFFY_COLEEN,HB-05222,BILL_2026_HB5222,filed written testimony: Opposes,HB-05222,testimony,4,strong temporal or documentary support,SOURCE_0015,"https://www.cga.ct.gov/2026/gldata/TMY/2026HB-05222-R000223-Duffy, Coleen, CPA-Opposes-TMY.PDF",Testifying is participation in a public process. It is not evidence of influence on the outcome.,"NO. This row records visibility, not causation.",GL
INFL_0706,2026,"Dumesnil, Michele",PERSON_DUMESNIL_MICHELE,HB-05222,BILL_2026_HB5222,filed written testimony: Opposes,HB-05222,testimony,4,strong temporal or documentary support,SOURCE_0015,"https://www.cga.ct.gov/2026/gldata/TMY/2026HB-05222-R000223-Dumesnil, Michele, CPA-Opposes-TMY.PDF",Testifying is participation in a public process. It is not evidence of influence on the outcome.,"NO. This row records visibility, not causation.",GL
INFL_0707,2026,CT State Board of Accountancy,ORG_CT_STATE_BOARD_OF_ACCOUNTANCY,HB-05222,BILL_2026_HB5222,filed written testimony: Opposes,HB-05222,testimony,4,strong temporal or documentary support,SOURCE_0015,"https://www.cga.ct.gov/2026/gldata/TMY/2026HB-05222-R000223-Egan, Timothy, Chair-CT State Board of Accountancy-Opposes-TMY.PDF",Testifying is participation in a public process. It is not evidence of influence on the outcome.,"NO. This row records visibility, not causation.",GL
INFL_0708,2026,CT State Board of Accountancy,ORG_CT_STATE_BOARD_OF_ACCOUNTANCY,HB-05222,BILL_2026_HB5222,filed written testimony: Opposes,HB-05222,testimony,4,strong temporal or documentary support,SOURCE_0015,"https://www.cga.ct.gov/2026/gldata/TMY/2026HB-05222-R010223-Egan, Timothy, Chair-CT State Board of Accountancy-Opposes-TMY.PDF",Testifying is participation in a public process. It is not evidence of influence on the outcome.,"NO. This row records visibility, not causation.",GL
INFL_0709,2026,"Farber, Fredric",PERSON_FARBER_FREDRIC,HB-05222,BILL_2026_HB5222,filed written testimony: Opposes,HB-05222,testimony,4,strong temporal or documentary support,SOURCE_0015,"https://www.cga.ct.gov/2026/gldata/TMY/2026HB-05222-R000223-Farber, Fredric, CPA-Opposes-TMY.PDF",Testifying is participation in a public process. It is not evidence of influence on the outcome.,"NO. This row records visibility, not causation.",GL
INFL_0710,2026,"Farber, Stacy",PERSON_FARBER_STACY,HB-05222,BILL_2026_HB5222,filed written testimony: Opposes,HB-05222,testimony,4,strong temporal or documentary support,SOURCE_0015,"https://www.cga.ct.gov/2026/gldata/TMY/2026HB-05222-R000223-Farber, Stacy, CPA-Opposes-TMY.PDF",Testifying is participation in a public process. It is not evidence of influence on the outcome.,"NO. This row records visibility, not causation.",GL
INFL_0711,2026,"Formica, Ralph",PERSON_FORMICA_RALPH,HB-05222,BILL_2026_HB5222,filed written testimony: Opposes,HB-05222,testimony,4,strong temporal or documentary support,SOURCE_0015,"https://www.cga.ct.gov/2026/gldata/TMY/2026HB-05222-R000223-Formica, Ralph, CPA-Opposes-TMY.PDF",Testifying is participation in a public process. It is not evidence of influence on the outcome.,"NO. This row records visibility, not causation.",GL
INFL_0712,2026,State Board of Accountancy,ORG_STATE_BOARD_OF_ACCOUNTANCY,HB-05222,BILL_2026_HB5222,filed written testimony: Opposes,HB-05222,testimony,4,strong temporal or documentary support,SOURCE_0015,"https://www.cga.ct.gov/2026/gldata/TMY/2026HB-05222-R000223-Fox, Karla, Member-State Board of Accountancy-Opposes-TMY.PDF",Testifying is participation in a public process. It is not evidence of influence on the outcome.,"NO. This row records visibility, not causation.",GL
INFL_0713,2026,"Fusco, LL",PERSON_FUSCO_LL,HB-05222,BILL_2026_HB5222,filed written testimony: Opposes,HB-05222,testimony,4,strong temporal or documentary support,SOURCE_0015,"https://www.cga.ct.gov/2026/gldata/TMY/2026HB-05222-R000223-Fusco, LL, CPA-Opposes-TMY.PDF",Testifying is participation in a public process. It is not evidence of influence on the outcome.,"NO. This row records visibility, not causation.",GL
INFL_0714,2026,"Gannon, Martin Craig",PERSON_GANNON_MARTIN_CRAIG,HB-05222,BILL_2026_HB5222,filed written testimony: Opposes,HB-05222,testimony,4,strong temporal or documentary support,SOURCE_0015,"https://www.cga.ct.gov/2026/gldata/TMY/2026HB-05222-R000223-Gannon, Martin Craig, CPA-Opposes-TMY.PDF",Testifying is participation in a public process. It is not evidence of influence on the outcome.,"NO. This row records visibility, not causation.",GL
INFL_0715,2026,"Gibbs, David",PERSON_GIBBS_DAVID,HB-05222,BILL_2026_HB5222,filed written testimony: Opposes,HB-05222,testimony,4,strong temporal or documentary support,SOURCE_0015,"https://www.cga.ct.gov/2026/gldata/TMY/2026HB-05222-R000223-Gibbs, David, CPA-Opposes-TMY.PDF",Testifying is participation in a public process. It is not evidence of influence on the outcome.,"NO. This row records visibility, not causation.",GL
INFL_0716,2026,"Goetjen, Scott",PERSON_GOETJEN_SCOTT,HB-05222,BILL_2026_HB5222,filed written testimony: Opposes,HB-05222,testimony,4,strong temporal or documentary support,SOURCE_0015,"https://www.cga.ct.gov/2026/gldata/TMY/2026HB-05222-R000223-Goetjen, Scott, CPA-Opposes-TMY.PDF",Testifying is participation in a public process. It is not evidence of influence on the outcome.,"NO. This row records visibility, not causation.",GL
INFL_0717,2026,"Goldfuss, Thomas",PERSON_GOLDFUSS_THOMAS,HB-05222,BILL_2026_HB5222,filed written testimony: Opposes,HB-05222,testimony,4,strong temporal or documentary support,SOURCE_0015,"https://www.cga.ct.gov/2026/gldata/TMY/2026HB-05222-R000223-Goldfuss, Thomas, CPA-Opposes-TMY.PDF",Testifying is participation in a public process. It is not evidence of influence on the outcome.,"NO. This row records visibility, not causation.",GL
INFL_0718,2026,"Gorski, Gregory",PERSON_GORSKI_GREGORY,HB-05222,BILL_2026_HB5222,filed written testimony: Opposes,HB-05222,testimony,4,strong temporal or documentary support,SOURCE_0015,"https://www.cga.ct.gov/2026/gldata/TMY/2026HB-05222-R000223-Gorski, Gregory, CPA-Opposes-TMY.PDF",Testifying is participation in a public process. It is not evidence of influence on the outcome.,"NO. This row records visibility, not causation.",GL
INFL_0719,2026,"Gostomski, Michael",PERSON_GOSTOMSKI_MICHAEL,HB-05222,BILL_2026_HB5222,filed written testimony: Opposes,HB-05222,testimony,4,strong temporal or documentary support,SOURCE_0015,"https://www.cga.ct.gov/2026/gldata/TMY/2026HB-05222-R000223-Gostomski, Michael, CPA-Opposes-TMY.PDF",Testifying is participation in a public process. It is not evidence of influence on the outcome.,"NO. This row records visibility, not causation.",GL
INFL_0720,2026,CT Funeral Directors Association,ORG_CT_FUNERAL_DIRECTORS_ASSOCIATION,HB-05222,BILL_2026_HB5222,filed written testimony: Opposes,HB-05222,testimony,4,strong temporal or documentary support,SOURCE_0015,"https://www.cga.ct.gov/2026/gldata/TMY/2026HB-05222-R000223-Green, Jonathan, President-CT Funeral Directors Association-Opposes-TMY.PDF",Testifying is participation in a public process. It is not evidence of influence on the outcome.,"NO. This row records visibility, not causation.",GL
INFL_0721,2026,"Grenier, Carol Anne",PERSON_GRENIER_CAROL_ANNE,HB-05222,BILL_2026_HB5222,filed written testimony: Opposes,HB-05222,testimony,4,strong temporal or documentary support,SOURCE_0015,"https://www.cga.ct.gov/2026/gldata/TMY/2026HB-05222-R000223-Grenier, Carol Anne, CPA-Opposes-TMY.PDF",Testifying is participation in a public process. It is not evidence of influence on the outcome.,"NO. This row records visibility, not causation.",GL
INFL_0722,2026,"Healy, Brenden",PERSON_HEALY_BRENDEN,HB-05222,BILL_2026_HB5222,filed written testimony: Opposes,HB-05222,testimony,4,strong temporal or documentary support,SOURCE_0015,"https://www.cga.ct.gov/2026/gldata/TMY/2026HB-05222-R000223-Healy, Brenden, CPA-Opposes-TMY.PDF",Testifying is participation in a public process. It is not evidence of influence on the outcome.,"NO. This row records visibility, not causation.",GL
INFL_0723,2026,"Heller, Gerald",PERSON_HELLER_GERALD,HB-05222,BILL_2026_HB5222,filed written testimony: Opposes,HB-05222,testimony,4,strong temporal or documentary support,SOURCE_0015,"https://www.cga.ct.gov/2026/gldata/TMY/2026HB-05222-R000223-Heller, Gerald, CPA-Opposes-TMY.PDF",Testifying is participation in a public process. It is not evidence of influence on the outcome.,"NO. This row records visibility, not causation.",GL
INFL_0724,2026,"Henry Jr., George Martin",PERSON_HENRY_JR_GEORGE_MARTIN,HB-05222,BILL_2026_HB5222,filed written testimony: Opposes,HB-05222,testimony,4,strong temporal or documentary support,SOURCE_0015,"https://www.cga.ct.gov/2026/gldata/TMY/2026HB-05222-R000223-Henry Jr., George Martin, CPA-Opposes-TMY.PDF",Testifying is participation in a public process. It is not evidence of influence on the outcome.,"NO. This row records visibility, not causation.",GL
INFL_0725,2026,"Horvath, Daniel",PERSON_HORVATH_DANIEL,HB-05222,BILL_2026_HB5222,filed written testimony: Opposes,HB-05222,testimony,4,strong temporal or documentary support,SOURCE_0015,"https://www.cga.ct.gov/2026/gldata/TMY/2026HB-05222-R000223-Horvath, Daniel, CPA-Opposes-TMY.PDF",Testifying is participation in a public process. It is not evidence of influence on the outcome.,"NO. This row records visibility, not causation.",GL
INFL_0726,2026,"Hyde, Gary",PERSON_HYDE_GARY,HB-05222,BILL_2026_HB5222,filed written testimony: Opposes,HB-05222,testimony,4,strong temporal or documentary support,SOURCE_0015,"https://www.cga.ct.gov/2026/gldata/TMY/2026HB-05222-R000223-Hyde, Gary, CPA-Opposes-TMY.PDF",Testifying is participation in a public process. It is not evidence of influence on the outcome.,"NO. This row records visibility, not causation.",GL
INFL_0727,2026,"Ignagni, Robert",PERSON_IGNAGNI_ROBERT,HB-05222,BILL_2026_HB5222,filed written testimony: Opposes,HB-05222,testimony,4,strong temporal or documentary support,SOURCE_0015,"https://www.cga.ct.gov/2026/gldata/TMY/2026HB-05222-R000223-Ignagni, Robert, CPA-Opposes-TMY.PDF",Testifying is participation in a public process. It is not evidence of influence on the outcome.,"NO. This row records visibility, not causation.",GL
INFL_0728,2026,"Kaufman, Lewis",PERSON_KAUFMAN_LEWIS,HB-05222,BILL_2026_HB5222,filed written testimony: Opposes,HB-05222,testimony,4,strong temporal or documentary support,SOURCE_0015,"https://www.cga.ct.gov/2026/gldata/TMY/2026HB-05222-R000223-Kaufman, Lewis, CPA-Opposes-TMY.PDF",Testifying is participation in a public process. It is not evidence of influence on the outcome.,"NO. This row records visibility, not causation.",GL
INFL_0729,2026,"Kelly, Margaret",PERSON_KELLY_MARGARET,HB-05222,BILL_2026_HB5222,filed written testimony: Opposes,HB-05222,testimony,4,strong temporal or documentary support,SOURCE_0015,"https://www.cga.ct.gov/2026/gldata/TMY/2026HB-05222-R000223-Kelly, Margaret, CPA-Opposes-TMY.PDF",Testifying is participation in a public process. It is not evidence of influence on the outcome.,"NO. This row records visibility, not causation.",GL
INFL_0730,2026,"Kent, Valerie",PERSON_KENT_VALERIE,HB-05222,BILL_2026_HB5222,filed written testimony: Opposes,HB-05222,testimony,4,strong temporal or documentary support,SOURCE_0015,"https://www.cga.ct.gov/2026/gldata/TMY/2026HB-05222-R000223-Kent, Valerie, CPA-Opposes-TMY.PDF",Testifying is participation in a public process. It is not evidence of influence on the outcome.,"NO. This row records visibility, not causation.",GL
INFL_0731,2026,"Kolitsidas, MaryAnne",PERSON_KOLITSIDAS_MARYANNE,HB-05222,BILL_2026_HB5222,filed written testimony: Opposes,HB-05222,testimony,4,strong temporal or documentary support,SOURCE_0015,"https://www.cga.ct.gov/2026/gldata/TMY/2026HB-05222-R000223-Kolitsidas, MaryAnne, CPA-Opposes-TMY.PDF",Testifying is participation in a public process. It is not evidence of influence on the outcome.,"NO. This row records visibility, not causation.",GL
INFL_0732,2026,"Koltenuk, Deborah",PERSON_KOLTENUK_DEBORAH,HB-05222,BILL_2026_HB5222,filed written testimony: Opposes,HB-05222,testimony,4,strong temporal or documentary support,SOURCE_0015,"https://www.cga.ct.gov/2026/gldata/TMY/2026HB-05222-R000223-Koltenuk, Deborah, CPA-Opposes-TMY.PDF",Testifying is participation in a public process. It is not evidence of influence on the outcome.,"NO. This row records visibility, not causation.",GL
INFL_0733,2026,"Kronstat, Bradley",PERSON_KRONSTAT_BRADLEY,HB-05222,BILL_2026_HB5222,filed written testimony: Opposes,HB-05222,testimony,4,strong temporal or documentary support,SOURCE_0015,"https://www.cga.ct.gov/2026/gldata/TMY/2026HB-05222-R000223-Kronstat, Bradley, CPA-Opposes-TMY.PDF",Testifying is participation in a public process. It is not evidence of influence on the outcome.,"NO. This row records visibility, not causation.",GL
INFL_0734,2026,"LeClair, Mary Jane",PERSON_LECLAIR_MARY_JANE,HB-05222,BILL_2026_HB5222,filed written testimony: Opposes,HB-05222,testimony,4,strong temporal or documentary support,SOURCE_0015,"https://www.cga.ct.gov/2026/gldata/TMY/2026HB-05222-R000223-LeClair, Mary Jane, CPA-Opposes-TMY.PDF",Testifying is participation in a public process. It is not evidence of influence on the outcome.,"NO. This row records visibility, not causation.",GL
INFL_0735,2026,"Lemkin, Charles",PERSON_LEMKIN_CHARLES,HB-05222,BILL_2026_HB5222,filed written testimony: Opposes,HB-05222,testimony,4,strong temporal or documentary support,SOURCE_0015,"https://www.cga.ct.gov/2026/gldata/TMY/2026HB-05222-R000223-Lemkin, Charles, CPA-Opposes-TMY.PDF",Testifying is participation in a public process. It is not evidence of influence on the outcome.,"NO. This row records visibility, not causation.",GL
INFL_0736,2026,"Leone, Jonathan",PERSON_LEONE_JONATHAN,HB-05222,BILL_2026_HB5222,filed written testimony: Opposes,HB-05222,testimony,4,strong temporal or documentary support,SOURCE_0015,"https://www.cga.ct.gov/2026/gldata/TMY/2026HB-05222-R000223-Leone, Jonathan, CPA-Opposes-TMY.PDF",Testifying is participation in a public process. It is not evidence of influence on the outcome.,"NO. This row records visibility, not causation.",GL
INFL_0737,2026,"Lionetti, David",PERSON_LIONETTI_DAVID,HB-05222,BILL_2026_HB5222,filed written testimony: Opposes,HB-05222,testimony,4,strong temporal or documentary support,SOURCE_0015,"https://www.cga.ct.gov/2026/gldata/TMY/2026HB-05222-R000223-Lionetti, David, CPA-Opposes-TMY.PDF",Testifying is participation in a public process. It is not evidence of influence on the outcome.,"NO. This row records visibility, not causation.",GL
INFL_0738,2026,"Lionetti, Gregg",PERSON_LIONETTI_GREGG,HB-05222,BILL_2026_HB5222,filed written testimony: Opposes,HB-05222,testimony,4,strong temporal or documentary support,SOURCE_0015,"https://www.cga.ct.gov/2026/gldata/TMY/2026HB-05222-R000223-Lionetti, Gregg, CPA-Opposes-TMY.PDF",Testifying is participation in a public process. It is not evidence of influence on the outcome.,"NO. This row records visibility, not causation.",GL
INFL_0739,2026,CT State Board of Accountancy,ORG_CT_STATE_BOARD_OF_ACCOUNTANCY,HB-05222,BILL_2026_HB5222,filed written testimony: Opposes,HB-05222,testimony,4,strong temporal or documentary support,SOURCE_0015,"https://www.cga.ct.gov/2026/gldata/TMY/2026HB-05222-R000223-Lyne, Dannell-CT State Board of Accountancy-Opposes-TMY.PDF",Testifying is participation in a public process. It is not evidence of influence on the outcome.,"NO. This row records visibility, not causation.",GL
INFL_0740,2026,"MacKenn, Mark",PERSON_MACKENN_MARK,HB-05222,BILL_2026_HB5222,filed written testimony: Opposes,HB-05222,testimony,4,strong temporal or documentary support,SOURCE_0015,"https://www.cga.ct.gov/2026/gldata/TMY/2026HB-05222-R000223-MacKenn, Mark, CPA-Opposes-TMY.PDF",Testifying is participation in a public process. It is not evidence of influence on the outcome.,"NO. This row records visibility, not causation.",GL
INFL_0741,2026,"Maffiolini, Steven",PERSON_MAFFIOLINI_STEVEN,HB-05222,BILL_2026_HB5222,filed written testimony: Opposes,HB-05222,testimony,4,strong temporal or documentary support,SOURCE_0015,"https://www.cga.ct.gov/2026/gldata/TMY/2026HB-05222-R000223-Maffiolini, Steven, CPA-Opposes-TMY.PDF",Testifying is participation in a public process. It is not evidence of influence on the outcome.,"NO. This row records visibility, not causation.",GL
INFL_0742,2026,"Marchand, Jennifer",PERSON_MARCHAND_JENNIFER,HB-05222,BILL_2026_HB5222,filed written testimony: Opposes,HB-05222,testimony,4,strong temporal or documentary support,SOURCE_0015,"https://www.cga.ct.gov/2026/gldata/TMY/2026HB-05222-R000223-Marchand, Jennifer, CPA-Opposes-TMY.PDF",Testifying is participation in a public process. It is not evidence of influence on the outcome.,"NO. This row records visibility, not causation.",GL
INFL_0743,2026,"Martinez, Hannah",PERSON_MARTINEZ_HANNAH,HB-05222,BILL_2026_HB5222,filed written testimony: Opposes,HB-05222,testimony,4,strong temporal or documentary support,SOURCE_0015,"https://www.cga.ct.gov/2026/gldata/TMY/2026HB-05222-R000223-Martinez, Hannah, CPA-Opposes-TMY.PDF",Testifying is participation in a public process. It is not evidence of influence on the outcome.,"NO. This row records visibility, not causation.",GL
INFL_0744,2026,"Massaro, Richard",PERSON_MASSARO_RICHARD,HB-05222,BILL_2026_HB5222,filed written testimony: Opposes,HB-05222,testimony,4,strong temporal or documentary support,SOURCE_0015,"https://www.cga.ct.gov/2026/gldata/TMY/2026HB-05222-R000223-Massaro, Richard, CPA-Opposes-TMY.PDF",Testifying is participation in a public process. It is not evidence of influence on the outcome.,"NO. This row records visibility, not causation.",GL
INFL_0745,2026,"McNeff, John",PERSON_MCNEFF_JOHN,HB-05222,BILL_2026_HB5222,filed written testimony: Opposes,HB-05222,testimony,4,strong temporal or documentary support,SOURCE_0015,"https://www.cga.ct.gov/2026/gldata/TMY/2026HB-05222-R000223-McNeff, John, CPA-Opposes-TMY.PDF",Testifying is participation in a public process. It is not evidence of influence on the outcome.,"NO. This row records visibility, not causation.",GL
INFL_0746,2026,"McQuillan, Brian",PERSON_MCQUILLAN_BRIAN,HB-05222,BILL_2026_HB5222,filed written testimony: Opposes,HB-05222,testimony,4,strong temporal or documentary support,SOURCE_0015,"https://www.cga.ct.gov/2026/gldata/TMY/2026HB-05222-R000223-McQuillan, Brian, CPA-Opposes-TMY.PDF",Testifying is participation in a public process. It is not evidence of influence on the outcome.,"NO. This row records visibility, not causation.",GL
INFL_0747,2026,"Merrill, Cynthia",PERSON_MERRILL_CYNTHIA,HB-05222,BILL_2026_HB5222,filed written testimony: Opposes,HB-05222,testimony,4,strong temporal or documentary support,SOURCE_0015,"https://www.cga.ct.gov/2026/gldata/TMY/2026HB-05222-R000223-Merrill, Cynthia, CPA-Opposes-TMY.PDF",Testifying is participation in a public process. It is not evidence of influence on the outcome.,"NO. This row records visibility, not causation.",GL
INFL_0748,2026,"Millen, Kevin",PERSON_MILLEN_KEVIN,HB-05222,BILL_2026_HB5222,filed written testimony: Opposes,HB-05222,testimony,4,strong temporal or documentary support,SOURCE_0015,"https://www.cga.ct.gov/2026/gldata/TMY/2026HB-05222-R000223-Millen, Kevin, CPA-Opposes-TMY.PDF",Testifying is participation in a public process. It is not evidence of influence on the outcome.,"NO. This row records visibility, not causation.",GL
INFL_0749,2026,Connecticut Bankers Association,ORG_CONNECTICUT_BANKERS_ASSOCIATION,HB-05222,BILL_2026_HB5222,filed written testimony: Opposes,HB-05222,testimony,4,strong temporal or documentary support,SOURCE_0015,"https://www.cga.ct.gov/2026/gldata/TMY/2026HB-05222-R000223-Mongellow, Thomas, President - CEO-Connecticut Bankers Association-Opposes-TMY.PDF",Testifying is participation in a public process. It is not evidence of influence on the outcome.,"NO. This row records visibility, not causation.",GL
INFL_0750,2026,"Monroe, David",PERSON_MONROE_DAVID,HB-05222,BILL_2026_HB5222,filed written testimony: Opposes,HB-05222,testimony,4,strong temporal or documentary support,SOURCE_0015,"https://www.cga.ct.gov/2026/gldata/TMY/2026HB-05222-R000223-Monroe, David, CPA-Opposes-TMY.PDF",Testifying is participation in a public process. It is not evidence of influence on the outcome.,"NO. This row records visibility, not causation.",GL
INFL_0751,2026,"Moore, Amber",PERSON_MOORE_AMBER,HB-05222,BILL_2026_HB5222,filed written testimony: Opposes,HB-05222,testimony,4,strong temporal or documentary support,SOURCE_0015,"https://www.cga.ct.gov/2026/gldata/TMY/2026HB-05222-R000223-Moore, Amber, CPA-Opposes-TMY.PDF",Testifying is participation in a public process. It is not evidence of influence on the outcome.,"NO. This row records visibility, not causation.",GL
INFL_0752,2026,"Mulhall, David",PERSON_MULHALL_DAVID,HB-05222,BILL_2026_HB5222,filed written testimony: Opposes,HB-05222,testimony,4,strong temporal or documentary support,SOURCE_0015,"https://www.cga.ct.gov/2026/gldata/TMY/2026HB-05222-R000223-Mulhall, David, CPA-Opposes-TMY.PDF",Testifying is participation in a public process. It is not evidence of influence on the outcome.,"NO. This row records visibility, not causation.",GL
INFL_0753,2026,"Murphy, Camille",PERSON_MURPHY_CAMILLE,HB-05222,BILL_2026_HB5222,filed written testimony: Opposes,HB-05222,testimony,4,strong temporal or documentary support,SOURCE_0015,"https://www.cga.ct.gov/2026/gldata/TMY/2026HB-05222-R000223-Murphy, Camille, CPA-Opposes-TMY.PDF",Testifying is participation in a public process. It is not evidence of influence on the outcome.,"NO. This row records visibility, not causation.",GL
INFL_0754,2026,"Niedermeyer, Peter",PERSON_NIEDERMEYER_PETER,HB-05222,BILL_2026_HB5222,filed written testimony: Opposes,HB-05222,testimony,4,strong temporal or documentary support,SOURCE_0015,"https://www.cga.ct.gov/2026/gldata/TMY/2026HB-05222-R000223-Niedermeyer, Peter, CPA-Opposes-TMY.PDF",Testifying is participation in a public process. It is not evidence of influence on the outcome.,"NO. This row records visibility, not causation.",GL
INFL_0755,2026,State Board of Accountancy,ORG_STATE_BOARD_OF_ACCOUNTANCY,HB-05222,BILL_2026_HB5222,filed written testimony: Opposes,HB-05222,testimony,4,strong temporal or documentary support,SOURCE_0015,"https://www.cga.ct.gov/2026/gldata/TMY/2026HB-05222-R000223-Niedermeyer, Peter, Member-State Board of Accountancy-Opposes-TMY.PDF",Testifying is participation in a public process. It is not evidence of influence on the outcome.,"NO. This row records visibility, not causation.",GL
INFL_0756,2026,"Oatley, Brad",PERSON_OATLEY_BRAD,HB-05222,BILL_2026_HB5222,filed written testimony: Opposes,HB-05222,testimony,4,strong temporal or documentary support,SOURCE_0015,"https://www.cga.ct.gov/2026/gldata/TMY/2026HB-05222-R000223-Oatley, Brad, CPA-Opposes-TMY.PDF",Testifying is participation in a public process. It is not evidence of influence on the outcome.,"NO. This row records visibility, not causation.",GL
INFL_0757,2026,CT State Board of Accountancy,ORG_CT_STATE_BOARD_OF_ACCOUNTANCY,HB-05222,BILL_2026_HB5222,filed written testimony: Opposes,HB-05222,testimony,4,strong temporal or documentary support,SOURCE_0015,"https://www.cga.ct.gov/2026/gldata/TMY/2026HB-05222-R000223-Omar, Sohair, Public Member-CT State Board of Accountancy-Opposes-TMY.PDF",Testifying is participation in a public process. It is not evidence of influence on the outcome.,"NO. This row records visibility, not causation.",GL
INFL_0758,2026,"Orphys, Henry",PERSON_ORPHYS_HENRY,HB-05222,BILL_2026_HB5222,filed written testimony: Opposes,HB-05222,testimony,4,strong temporal or documentary support,SOURCE_0015,"https://www.cga.ct.gov/2026/gldata/TMY/2026HB-05222-R000223-Orphys, Henry, CPA-Opposes-TMY.PDF",Testifying is participation in a public process. It is not evidence of influence on the outcome.,"NO. This row records visibility, not causation.",GL
INFL_0759,2026,"Pallein, Michael",PERSON_PALLEIN_MICHAEL,HB-05222,BILL_2026_HB5222,filed written testimony: Opposes,HB-05222,testimony,4,strong temporal or documentary support,SOURCE_0015,"https://www.cga.ct.gov/2026/gldata/TMY/2026HB-05222-R000223-Pallein, Michael, CPA-Opposes-TMY.PDF",Testifying is participation in a public process. It is not evidence of influence on the outcome.,"NO. This row records visibility, not causation.",GL
INFL_0760,2026,"Palmer, Gary",PERSON_PALMER_GARY,HB-05222,BILL_2026_HB5222,filed written testimony: Opposes,HB-05222,testimony,4,strong temporal or documentary support,SOURCE_0015,"https://www.cga.ct.gov/2026/gldata/TMY/2026HB-05222-R000223-Palmer, Gary, CPA-Opposes-TMY.PDF",Testifying is participation in a public process. It is not evidence of influence on the outcome.,"NO. This row records visibility, not causation.",GL
INFL_0761,2026,"Parker, Dawn",PERSON_PARKER_DAWN,HB-05222,BILL_2026_HB5222,filed written testimony: Opposes,HB-05222,testimony,4,strong temporal or documentary support,SOURCE_0015,"https://www.cga.ct.gov/2026/gldata/TMY/2026HB-05222-R000223-Parker, Dawn, CPA-Opposes-TMY.PDF",Testifying is participation in a public process. It is not evidence of influence on the outcome.,"NO. This row records visibility, not causation.",GL
INFL_0762,2026,"Parmalee, Frederick",PERSON_PARMALEE_FREDERICK,HB-05222,BILL_2026_HB5222,filed written testimony: Opposes,HB-05222,testimony,4,strong temporal or documentary support,SOURCE_0015,"https://www.cga.ct.gov/2026/gldata/TMY/2026HB-05222-R000223-Parmalee, Frederick, CPA-Opposes-TMY.PDF",Testifying is participation in a public process. It is not evidence of influence on the outcome.,"NO. This row records visibility, not causation.",GL
INFL_0763,2026,"Patel, Uday",PERSON_PATEL_UDAY,HB-05222,BILL_2026_HB5222,filed written testimony: Opposes,HB-05222,testimony,4,strong temporal or documentary support,SOURCE_0015,"https://www.cga.ct.gov/2026/gldata/TMY/2026HB-05222-R000223-Patel, Uday, CPA-Opposes-TMY.PDF",Testifying is participation in a public process. It is not evidence of influence on the outcome.,"NO. This row records visibility, not causation.",GL
INFL_0764,2026,"Patnaude, Katherine",PERSON_PATNAUDE_KATHERINE,HB-05222,BILL_2026_HB5222,filed written testimony: Opposes,HB-05222,testimony,4,strong temporal or documentary support,SOURCE_0015,"https://www.cga.ct.gov/2026/gldata/TMY/2026HB-05222-R000223-Patnaude, Katherine, CPA-Opposes-TMY.PDF",Testifying is participation in a public process. It is not evidence of influence on the outcome.,"NO. This row records visibility, not causation.",GL
INFL_0765,2026,"Pedersen, Joshua",PERSON_PEDERSEN_JOSHUA,HB-05222,BILL_2026_HB5222,filed written testimony: Opposes,HB-05222,testimony,4,strong temporal or documentary support,SOURCE_0015,"https://www.cga.ct.gov/2026/gldata/TMY/2026HB-05222-R000223-Pedersen, Joshua, CPA-Opposes-TMY.PDF",Testifying is participation in a public process. It is not evidence of influence on the outcome.,"NO. This row records visibility, not causation.",GL
INFL_0766,2026,"Renouf, David",PERSON_RENOUF_DAVID,HB-05222,BILL_2026_HB5222,filed written testimony: Opposes,HB-05222,testimony,4,strong temporal or documentary support,SOURCE_0015,"https://www.cga.ct.gov/2026/gldata/TMY/2026HB-05222-R000223-Renouf, David, CPA-Opposes-TMY.PDF",Testifying is participation in a public process. It is not evidence of influence on the outcome.,"NO. This row records visibility, not causation.",GL
INFL_0767,2026,"Rolleri, John",PERSON_ROLLERI_JOHN,HB-05222,BILL_2026_HB5222,filed written testimony: Opposes,HB-05222,testimony,4,strong temporal or documentary support,SOURCE_0015,"https://www.cga.ct.gov/2026/gldata/TMY/2026HB-05222-R000223-Rolleri, John, CPA-Opposes-TMY.PDF",Testifying is participation in a public process. It is not evidence of influence on the outcome.,"NO. This row records visibility, not causation.",GL
INFL_0768,2026,"Roman, Cindy",PERSON_ROMAN_CINDY,HB-05222,BILL_2026_HB5222,filed written testimony: Opposes,HB-05222,testimony,4,strong temporal or documentary support,SOURCE_0015,"https://www.cga.ct.gov/2026/gldata/TMY/2026HB-05222-R000223-Roman, Cindy, CPA-Opposes-TMY.PDF",Testifying is participation in a public process. It is not evidence of influence on the outcome.,"NO. This row records visibility, not causation.",GL
INFL_0769,2026,"Roux, Jenna",PERSON_ROUX_JENNA,HB-05222,BILL_2026_HB5222,filed written testimony: Opposes,HB-05222,testimony,4,strong temporal or documentary support,SOURCE_0015,"https://www.cga.ct.gov/2026/gldata/TMY/2026HB-05222-R000223-Roux, Jenna, CPA-Opposes-TMY.PDF",Testifying is participation in a public process. It is not evidence of influence on the outcome.,"NO. This row records visibility, not causation.",GL
INFL_0770,2026,"Sabio, James",PERSON_SABIO_JAMES,HB-05222,BILL_2026_HB5222,filed written testimony: Opposes,HB-05222,testimony,4,strong temporal or documentary support,SOURCE_0015,"https://www.cga.ct.gov/2026/gldata/TMY/2026HB-05222-R000223-Sabio, James, CPA-Opposes-TMY.PDF",Testifying is participation in a public process. It is not evidence of influence on the outcome.,"NO. This row records visibility, not causation.",GL
INFL_0771,2026,"Sands, Valerie",PERSON_SANDS_VALERIE,HB-05222,BILL_2026_HB5222,filed written testimony: Opposes,HB-05222,testimony,4,strong temporal or documentary support,SOURCE_0015,"https://www.cga.ct.gov/2026/gldata/TMY/2026HB-05222-R000223-Sands, Valerie, CPA-Opposes-TMY.PDF",Testifying is participation in a public process. It is not evidence of influence on the outcome.,"NO. This row records visibility, not causation.",GL
INFL_0772,2026,"Savino, Stephen",PERSON_SAVINO_STEPHEN,HB-05222,BILL_2026_HB5222,filed written testimony: Opposes,HB-05222,testimony,4,strong temporal or documentary support,SOURCE_0015,"https://www.cga.ct.gov/2026/gldata/TMY/2026HB-05222-R000223-Savino, Stephen, CPA-Opposes-TMY.PDF",Testifying is participation in a public process. It is not evidence of influence on the outcome.,"NO. This row records visibility, not causation.",GL
INFL_0773,2026,State Board of Accountancy,ORG_STATE_BOARD_OF_ACCOUNTANCY,HB-05222,BILL_2026_HB5222,filed written testimony: Opposes,HB-05222,testimony,4,strong temporal or documentary support,SOURCE_0015,"https://www.cga.ct.gov/2026/gldata/TMY/2026HB-05222-R000223-Schuyler, John, Board Member-State Board of Accountancy-Opposes-TMY.PDF",Testifying is participation in a public process. It is not evidence of influence on the outcome.,"NO. This row records visibility, not causation.",GL
INFL_0774,2026,"SEMMELROCK, MARK",PERSON_SEMMELROCK_MARK,HB-05222,BILL_2026_HB5222,filed written testimony: Opposes,HB-05222,testimony,4,strong temporal or documentary support,SOURCE_0015,"https://www.cga.ct.gov/2026/gldata/TMY/2026HB-05222-R000223-SEMMELROCK, MARK, CPA-Opposes-TMY.PDF",Testifying is participation in a public process. It is not evidence of influence on the outcome.,"NO. This row records visibility, not causation.",GL
INFL_0775,2026,"Sheehy, Jay",PERSON_SHEEHY_JAY,HB-05222,BILL_2026_HB5222,filed written testimony: Opposes,HB-05222,testimony,4,strong temporal or documentary support,SOURCE_0015,"https://www.cga.ct.gov/2026/gldata/TMY/2026HB-05222-R000223-Sheehy, Jay, CPA-Opposes-TMY.PDF",Testifying is participation in a public process. It is not evidence of influence on the outcome.,"NO. This row records visibility, not causation.",GL
INFL_0776,2026,"Shelansky, Todd",PERSON_SHELANSKY_TODD,HB-05222,BILL_2026_HB5222,filed written testimony: Opposes,HB-05222,testimony,4,strong temporal or documentary support,SOURCE_0015,"https://www.cga.ct.gov/2026/gldata/TMY/2026HB-05222-R000223-Shelansky, Todd, CPA-Opposes-TMY.PDF",Testifying is participation in a public process. It is not evidence of influence on the outcome.,"NO. This row records visibility, not causation.",GL
INFL_0777,2026,"Sheppard, Ryan",PERSON_SHEPPARD_RYAN,HB-05222,BILL_2026_HB5222,filed written testimony: Opposes,HB-05222,testimony,4,strong temporal or documentary support,SOURCE_0015,"https://www.cga.ct.gov/2026/gldata/TMY/2026HB-05222-R000223-Sheppard, Ryan, CPA-Opposes-TMY.PDF",Testifying is participation in a public process. It is not evidence of influence on the outcome.,"NO. This row records visibility, not causation.",GL
INFL_0778,2026,"Shook, Wendi",PERSON_SHOOK_WENDI,HB-05222,BILL_2026_HB5222,filed written testimony: Opposes,HB-05222,testimony,4,strong temporal or documentary support,SOURCE_0015,"https://www.cga.ct.gov/2026/gldata/TMY/2026HB-05222-R000223-Shook, Wendi, CPA-Opposes-TMY.PDF",Testifying is participation in a public process. It is not evidence of influence on the outcome.,"NO. This row records visibility, not causation.",GL
INFL_0779,2026,"Skidmore, Marjorie",PERSON_SKIDMORE_MARJORIE,HB-05222,BILL_2026_HB5222,filed written testimony: Opposes,HB-05222,testimony,4,strong temporal or documentary support,SOURCE_0015,"https://www.cga.ct.gov/2026/gldata/TMY/2026HB-05222-R000223-Skidmore, Marjorie, CPA-Opposes-TMY.PDF",Testifying is participation in a public process. It is not evidence of influence on the outcome.,"NO. This row records visibility, not causation.",GL
INFL_0780,2026,"Sladek, Joe",PERSON_SLADEK_JOE,HB-05222,BILL_2026_HB5222,filed written testimony: Opposes,HB-05222,testimony,4,strong temporal or documentary support,SOURCE_0015,"https://www.cga.ct.gov/2026/gldata/TMY/2026HB-05222-R000223-Sladek, Joe, CPA-Opposes-TMY.PDF",Testifying is participation in a public process. It is not evidence of influence on the outcome.,"NO. This row records visibility, not causation.",GL
INFL_0781,2026,"Sparagna, Carlo",PERSON_SPARAGNA_CARLO,HB-05222,BILL_2026_HB5222,filed written testimony: Opposes,HB-05222,testimony,4,strong temporal or documentary support,SOURCE_0015,"https://www.cga.ct.gov/2026/gldata/TMY/2026HB-05222-R000223-Sparagna, Carlo, CPA-Opposes-TMY.PDF",Testifying is participation in a public process. It is not evidence of influence on the outcome.,"NO. This row records visibility, not causation.",GL
INFL_0782,2026,"Squire, Martin",PERSON_SQUIRE_MARTIN,HB-05222,BILL_2026_HB5222,filed written testimony: Opposes,HB-05222,testimony,4,strong temporal or documentary support,SOURCE_0015,"https://www.cga.ct.gov/2026/gldata/TMY/2026HB-05222-R000223-Squire, Martin, CPA-Opposes-TMY.PDF",Testifying is participation in a public process. It is not evidence of influence on the outcome.,"NO. This row records visibility, not causation.",GL
INFL_0783,2026,CT Society of CPAs,ORG_CT_SOCIETY_OF_CPAS,HB-05222,BILL_2026_HB5222,filed written testimony: Opposes,HB-05222,testimony,4,strong temporal or documentary support,SOURCE_0015,"https://www.cga.ct.gov/2026/gldata/TMY/2026HB-05222-R000223-Stewart, Bonnie, CEO-CT Society of CPAs-Opposes-TMY.PDF",Testifying is participation in a public process. It is not evidence of influence on the outcome.,"NO. This row records visibility, not causation.",GL
INFL_0784,2026,"Stewart, Karen",PERSON_STEWART_KAREN,HB-05222,BILL_2026_HB5222,filed written testimony: Opposes,HB-05222,testimony,4,strong temporal or documentary support,SOURCE_0015,"https://www.cga.ct.gov/2026/gldata/TMY/2026HB-05222-R000223-Stewart, Karen, CPA-Opposes-TMY.PDF",Testifying is participation in a public process. It is not evidence of influence on the outcome.,"NO. This row records visibility, not causation.",GL
INFL_0785,2026,"Stover, Sarah",PERSON_STOVER_SARAH,HB-05222,BILL_2026_HB5222,filed written testimony: Opposes,HB-05222,testimony,4,strong temporal or documentary support,SOURCE_0015,"https://www.cga.ct.gov/2026/gldata/TMY/2026HB-05222-R000223-Stover, Sarah, CPA-Opposes-TMY.PDF",Testifying is participation in a public process. It is not evidence of influence on the outcome.,"NO. This row records visibility, not causation.",GL
INFL_0786,2026,"SULLIVAN, EDWARD",PERSON_SULLIVAN_EDWARD,HB-05222,BILL_2026_HB5222,filed written testimony: Opposes,HB-05222,testimony,4,strong temporal or documentary support,SOURCE_0015,"https://www.cga.ct.gov/2026/gldata/TMY/2026HB-05222-R000223-SULLIVAN, EDWARD, CPA-Opposes-TMY.PDF",Testifying is participation in a public process. It is not evidence of influence on the outcome.,"NO. This row records visibility, not causation.",GL
INFL_0787,2026,"Sullivan, Ryan",PERSON_SULLIVAN_RYAN,HB-05222,BILL_2026_HB5222,filed written testimony: Opposes,HB-05222,testimony,4,strong temporal or documentary support,SOURCE_0015,"https://www.cga.ct.gov/2026/gldata/TMY/2026HB-05222-R000223-Sullivan, Ryan, CPA-Opposes-TMY.PDF",Testifying is participation in a public process. It is not evidence of influence on the outcome.,"NO. This row records visibility, not causation.",GL
INFL_0788,2026,"Sweeney, Denise",PERSON_SWEENEY_DENISE,HB-05222,BILL_2026_HB5222,filed written testimony: Opposes,HB-05222,testimony,4,strong temporal or documentary support,SOURCE_0015,"https://www.cga.ct.gov/2026/gldata/TMY/2026HB-05222-R000223-Sweeney, Denise, CPA-Opposes-TMY.PDF",Testifying is participation in a public process. It is not evidence of influence on the outcome.,"NO. This row records visibility, not causation.",GL
INFL_0789,2026,"Tiroletto, Joe",PERSON_TIROLETTO_JOE,HB-05222,BILL_2026_HB5222,filed written testimony: Opposes,HB-05222,testimony,4,strong temporal or documentary support,SOURCE_0015,"https://www.cga.ct.gov/2026/gldata/TMY/2026HB-05222-R000223-Tiroletto, Joe, CPA-Opposes-TMY.PDF",Testifying is participation in a public process. It is not evidence of influence on the outcome.,"NO. This row records visibility, not causation.",GL
INFL_0790,2026,"Vagnini, Michael",PERSON_VAGNINI_MICHAEL,HB-05222,BILL_2026_HB5222,filed written testimony: Opposes,HB-05222,testimony,4,strong temporal or documentary support,SOURCE_0015,"https://www.cga.ct.gov/2026/gldata/TMY/2026HB-05222-R000223-Vagnini, Michael, CPA-Opposes-TMY.PDF",Testifying is participation in a public process. It is not evidence of influence on the outcome.,"NO. This row records visibility, not causation.",GL
INFL_0791,2026,"Volpe, Ralph",PERSON_VOLPE_RALPH,HB-05222,BILL_2026_HB5222,filed written testimony: Opposes,HB-05222,testimony,4,strong temporal or documentary support,SOURCE_0015,"https://www.cga.ct.gov/2026/gldata/TMY/2026HB-05222-R000223-Volpe, Ralph, CPA-Opposes-TMY.PDF",Testifying is participation in a public process. It is not evidence of influence on the outcome.,"NO. This row records visibility, not causation.",GL
INFL_0792,2026,"Walsh, Thomas",PERSON_WALSH_THOMAS,HB-05222,BILL_2026_HB5222,filed written testimony: Opposes,HB-05222,testimony,4,strong temporal or documentary support,SOURCE_0015,"https://www.cga.ct.gov/2026/gldata/TMY/2026HB-05222-R000223-Walsh, Thomas, CPA-Opposes-TMY.PDF",Testifying is participation in a public process. It is not evidence of influence on the outcome.,"NO. This row records visibility, not causation.",GL
INFL_0793,2026,"Warren, Robert",PERSON_WARREN_ROBERT,HB-05222,BILL_2026_HB5222,filed written testimony: Opposes,HB-05222,testimony,4,strong temporal or documentary support,SOURCE_0015,"https://www.cga.ct.gov/2026/gldata/TMY/2026HB-05222-R000223-Warren, Robert, CPA-Opposes-TMY.PDF",Testifying is participation in a public process. It is not evidence of influence on the outcome.,"NO. This row records visibility, not causation.",GL
INFL_0794,2026,"Watson, Jody",PERSON_WATSON_JODY,HB-05222,BILL_2026_HB5222,filed written testimony: Opposes,HB-05222,testimony,4,strong temporal or documentary support,SOURCE_0015,"https://www.cga.ct.gov/2026/gldata/TMY/2026HB-05222-R000223-Watson, Jody, CPA-Opposes-TMY.PDF",Testifying is participation in a public process. It is not evidence of influence on the outcome.,"NO. This row records visibility, not causation.",GL
INFL_0795,2026,"Whiteman, Margaret",PERSON_WHITEMAN_MARGARET,HB-05222,BILL_2026_HB5222,filed written testimony: Opposes,HB-05222,testimony,4,strong temporal or documentary support,SOURCE_0015,"https://www.cga.ct.gov/2026/gldata/TMY/2026HB-05222-R000223-Whiteman, Margaret, CPA-Opposes-TMY.PDF",Testifying is participation in a public process. It is not evidence of influence on the outcome.,"NO. This row records visibility, not causation.",GL
INFL_0796,2026,"Wollack, Joseph",PERSON_WOLLACK_JOSEPH,HB-05222,BILL_2026_HB5222,filed written testimony: Opposes,HB-05222,testimony,4,strong temporal or documentary support,SOURCE_0015,"https://www.cga.ct.gov/2026/gldata/TMY/2026HB-05222-R000223-Wollack, Joseph, CPA-Opposes-TMY.PDF",Testifying is participation in a public process. It is not evidence of influence on the outcome.,"NO. This row records visibility, not causation.",GL
INFL_0797,2026,"Wyeth, Laura",PERSON_WYETH_LAURA,HB-05222,BILL_2026_HB5222,filed written testimony: Opposes,HB-05222,testimony,4,strong temporal or documentary support,SOURCE_0015,"https://www.cga.ct.gov/2026/gldata/TMY/2026HB-05222-R000223-Wyeth, Laura, CPA-Opposes-TMY.PDF",Testifying is participation in a public process. It is not evidence of influence on the outcome.,"NO. This row records visibility, not causation.",GL
INFL_0798,2025,"Anonymous, Anonymous",PERSON_ANONYMOUS_ANONYMOUS,HB-07178,BILL_2025_HB7178,filed written testimony: Opposes,HB-07178,testimony,4,strong temporal or documentary support,SOURCE_0015,"https://www.cga.ct.gov/2025/gldata/TMY/2025HB-07178-R000319-Anonymous, Anonymous-Opposes-TMY.PDF",Testifying is participation in a public process. It is not evidence of influence on the outcome.,"NO. This row records visibility, not causation.",GL
INFL_0799,2025,"Anonymous, Anonymous",PERSON_ANONYMOUS_ANONYMOUS,HB-07178,BILL_2025_HB7178,filed written testimony: Supports,HB-07178,testimony,4,strong temporal or documentary support,SOURCE_0015,"https://www.cga.ct.gov/2025/gldata/TMY/2025HB-07178-R000319-Anonymous, Anonymous-Supports-TMY.PDF",Testifying is participation in a public process. It is not evidence of influence on the outcome.,"NO. This row records visibility, not causation.",GL
INFL_0800,2025,"Bernstein, Stacey",PERSON_BERNSTEIN_STACEY,HB-07178,BILL_2025_HB7178,filed written testimony: Opposes,HB-07178,testimony,4,strong temporal or documentary support,SOURCE_0015,"https://www.cga.ct.gov/2025/gldata/TMY/2025HB-07178-R000319-Bernstein, Stacey-Opposes-TMY.PDF",Testifying is participation in a public process. It is not evidence of influence on the outcome.,"NO. This row records visibility, not causation.",GL
INFL_0801,2025,New Haven Health Department,ORG_NEW_HAVEN_HEALTH_DEPARTMENT,HB-07178,BILL_2025_HB7178,filed written testimony: Supports,HB-07178,testimony,4,strong temporal or documentary support,SOURCE_0015,"https://www.cga.ct.gov/2025/gldata/TMY/2025HB-07178-R000319-Bond, Maritza, Director of Health-New Haven Health Department-Supports-TMY.PDF",Testifying is participation in a public process. It is not evidence of influence on the outcome.,"NO. This row records visibility, not causation.",GL
INFL_0802,2025,New Haven Health Department,ORG_NEW_HAVEN_HEALTH_DEPARTMENT,HB-07178,BILL_2025_HB7178,filed written testimony: Supports,HB-07178,testimony,4,strong temporal or documentary support,SOURCE_0015,"https://www.cga.ct.gov/2025/gldata/TMY/2025HB-07178-R010319-Bond, Maritza, Director of Health-New Haven Health Department-Supports-TMY.PDF",Testifying is participation in a public process. It is not evidence of influence on the outcome.,"NO. This row records visibility, not causation.",GL
INFL_0803,2025,"Dunsen, Jada",PERSON_DUNSEN_JADA,HB-07178,BILL_2025_HB7178,filed written testimony: Supports,HB-07178,testimony,4,strong temporal or documentary support,SOURCE_0015,"https://www.cga.ct.gov/2025/gldata/TMY/2025HB-07178-R000319-Dunsen, Jada-Supports-TMY.PDF",Testifying is participation in a public process. It is not evidence of influence on the outcome.,"NO. This row records visibility, not causation.",GL
INFL_0804,2025,City of New Haven,ORG_CITY_OF_NEW_HAVEN,HB-07178,BILL_2025_HB7178,filed written testimony: Supports,HB-07178,testimony,4,strong temporal or documentary support,SOURCE_0015,"https://www.cga.ct.gov/2025/gldata/TMY/2025HB-07178-R000319-Festa, Anna, Alder Ward 10-City of New Haven-Supports-TMY.PDF",Testifying is participation in a public process. It is not evidence of influence on the outcome.,"NO. This row records visibility, not causation.",GL
INFL_0805,2025,FCMA,ORG_FCMA,HB-07178,BILL_2025_HB7178,filed written testimony: Supports,HB-07178,testimony,4,strong temporal or documentary support,SOURCE_0015,"https://www.cga.ct.gov/2025/gldata/TMY/2025HB-07178-R000319-Feuerstein, Joe, MD-FCMA-Supports-TMY.PDF",Testifying is participation in a public process. It is not evidence of influence on the outcome.,"NO. This row records visibility, not causation.",GL
INFL_0806,2025,TWOB,ORG_TWOB,HB-07178,BILL_2025_HB7178,filed written testimony: Supports,HB-07178,testimony,4,strong temporal or documentary support,SOURCE_0015,"https://www.cga.ct.gov/2025/gldata/TMY/2025HB-07178-R000319-Frytz, Angerlyk, COO-TWOB-Supports-TMY.PDF",Testifying is participation in a public process. It is not evidence of influence on the outcome.,"NO. This row records visibility, not causation.",GL
INFL_0807,2025,CT Department of Agriculture,ORG_CT_DEPARTMENT_OF_AGRICULTURE,HB-07178,BILL_2025_HB7178,filed written testimony: Opposes,HB-07178,testimony,4,strong temporal or documentary support,SOURCE_0015,"https://www.cga.ct.gov/2025/gldata/TMY/2025HB-07178-R000319-Hurlburt, Bryan, Commissioner-CT Department of Agriculture-Opposes-TMY.PDF",Testifying is participation in a public process. It is not evidence of influence on the outcome.,"NO. This row records visibility, not causation.",GL
INFL_0808,2025,OHA,ORG_OHA,HB-07178,BILL_2025_HB7178,filed written testimony: Opposes,HB-07178,testimony,4,strong temporal or documentary support,SOURCE_0015,"https://www.cga.ct.gov/2025/gldata/TMY/2025HB-07178-R000319-Kirk, Erin K, Cannabis Ombudsman-OHA-Opposes-TMY.PDF",Testifying is participation in a public process. It is not evidence of influence on the outcome.,"NO. This row records visibility, not causation.",GL
INFL_0809,2025,Still River Wellness,ORG_STILL_RIVER_WELLNESS,HB-07178,BILL_2025_HB7178,filed written testimony: Opposes,HB-07178,testimony,4,strong temporal or documentary support,SOURCE_0015,"https://www.cga.ct.gov/2025/gldata/TMY/2025HB-07178-R000319-Macre, Thomas-Still River Wellness-Opposes-TMY.PDF",Testifying is participation in a public process. It is not evidence of influence on the outcome.,"NO. This row records visibility, not causation.",GL
INFL_0810,2025,Better Ways LLC,ORG_BETTER_WAYS_LLC,HB-07178,BILL_2025_HB7178,filed written testimony: Opposes,HB-07178,testimony,4,strong temporal or documentary support,SOURCE_0015,"https://www.cga.ct.gov/2025/gldata/TMY/2025HB-07178-R000319-Markovich, Duncan, Founder and Owner-Better Ways LLC-Opposes-TMY.PDF",Testifying is participation in a public process. It is not evidence of influence on the outcome.,"NO. This row records visibility, not causation.",GL
INFL_0811,2025,"McGarry, Melissa",PERSON_MCGARRY_MELISSA,HB-07178,BILL_2025_HB7178,filed written testimony: Supports,HB-07178,testimony,4,strong temporal or documentary support,SOURCE_0015,"https://www.cga.ct.gov/2025/gldata/TMY/2025HB-07178-R000319-McGarry, Melissa-Supports-TMY.PDF",Testifying is participation in a public process. It is not evidence of influence on the outcome.,"NO. This row records visibility, not causation.",GL
INFL_0812,2025,Social Equity Council,ORG_SOCIAL_EQUITY_COUNCIL,HB-07178,BILL_2025_HB7178,filed written testimony: Supports,HB-07178,testimony,4,strong temporal or documentary support,SOURCE_0015,"https://www.cga.ct.gov/2025/gldata/TMY/2025HB-07178-R000319-McGee, Brandon, Chief Executive Officer-Social Equity Council-Supports-TMY.PDF",Testifying is participation in a public process. It is not evidence of influence on the outcome.,"NO. This row records visibility, not causation.",GL
INFL_0813,2025,Social Equity Council,ORG_SOCIAL_EQUITY_COUNCIL,HB-07178,BILL_2025_HB7178,filed written testimony: Opposes,HB-07178,testimony,4,strong temporal or documentary support,SOURCE_0015,"https://www.cga.ct.gov/2025/gldata/TMY/2025HB-07178-R000319-McGee, Brandon, Executive Director-Social Equity Council-Opposes-TMY.PDF",Testifying is participation in a public process. It is not evidence of influence on the outcome.,"NO. This row records visibility, not causation.",GL
INFL_0814,2025,"Miller, Sarah",PERSON_MILLER_SARAH,HB-07178,BILL_2025_HB7178,filed written testimony: Supports,HB-07178,testimony,4,strong temporal or documentary support,SOURCE_0015,"https://www.cga.ct.gov/2025/gldata/TMY/2025HB-07178-R000319-Miller, Sarah, New Haven Board of Alder-Supports-TMY.PDF",Testifying is participation in a public process. It is not evidence of influence on the outcome.,"NO. This row records visibility, not causation.",GL
INFL_0815,2025,Doctors for Drug Policy Reform,ORG_DOCTORS_FOR_DRUG_POLICY_REFORM,HB-07178,BILL_2025_HB7178,filed written testimony: Supports,HB-07178,testimony,4,strong temporal or documentary support,SOURCE_0015,"https://www.cga.ct.gov/2025/gldata/TMY/2025HB-07178-R000319-Nathan, David, Co-founder - past president-Doctors for Drug Policy Reform-Supports-TMY.PDF",Testifying is participation in a public process. It is not evidence of influence on the outcome.,"NO. This row records visibility, not causation.",GL
INFL_0816,2025,"Redente, Frank",PERSON_REDENTE_FRANK,HB-07178,BILL_2025_HB7178,filed written testimony: Supports,HB-07178,testimony,4,strong temporal or documentary support,SOURCE_0015,"https://www.cga.ct.gov/2025/gldata/TMY/2025HB-07178-R000319-Redente, Frank, New Haven Board of Alder-Supports-TMY.PDF",Testifying is participation in a public process. It is not evidence of influence on the outcome.,"NO. This row records visibility, not causation.",GL
INFL_0817,2025,"Rinaldi, Lou",PERSON_RINALDI_LOU,HB-07178,BILL_2025_HB7178,filed written testimony: Opposes,HB-07178,testimony,4,strong temporal or documentary support,SOURCE_0015,"https://www.cga.ct.gov/2025/gldata/TMY/2025HB-07178-R000319-Rinaldi, Lou, Data and Policy Analyst-Opposes-TMY.PDF",Testifying is participation in a public process. It is not evidence of influence on the outcome.,"NO. This row records visibility, not causation.",GL
INFL_0818,2025,"Schulz, Scott",PERSON_SCHULZ_SCOTT,HB-07178,BILL_2025_HB7178,filed written testimony: Opposes,HB-07178,testimony,4,strong temporal or documentary support,SOURCE_0015,"https://www.cga.ct.gov/2025/gldata/TMY/2025HB-07178-R000319-Schulz, Scott-Opposes-TMY.PDF",Testifying is participation in a public process. It is not evidence of influence on the outcome.,"NO. This row records visibility, not causation.",GL
INFL_0819,2025,"Smith, Caroline Tanbee",PERSON_SMITH_CAROLINE_TANBEE,HB-07178,BILL_2025_HB7178,filed written testimony: Supports,HB-07178,testimony,4,strong temporal or documentary support,SOURCE_0015,"https://www.cga.ct.gov/2025/gldata/TMY/2025HB-07178-R000319-Smith, Caroline Tanbee, New Haven Board of Alders-Supports-TMY.PDF",Testifying is participation in a public process. It is not evidence of influence on the outcome.,"NO. This row records visibility, not causation.",GL
INFL_0820,2025,self,ORG_SELF,HB-07178,BILL_2025_HB7178,filed written testimony: Supports,HB-07178,testimony,4,strong temporal or documentary support,SOURCE_0015,"https://www.cga.ct.gov/2025/gldata/TMY/2025HB-07178-R000319-Watt, Margaret-self-Supports-TMY.PDF",Testifying is participation in a public process. It is not evidence of influence on the outcome.,"NO. This row records visibility, not causation.",GL
INFL_0821,2025,FLOAT HOUSE,ORG_FLOAT_HOUSE,HB-07178,BILL_2025_HB7178,filed written testimony: Supports,HB-07178,testimony,4,strong temporal or documentary support,SOURCE_0015,"https://www.cga.ct.gov/2025/gldata/TMY/2025HB-07178-R010319-Whelpley, Gordon, CEO-FLOAT HOUSE-Supports-TMY.PDF",Testifying is participation in a public process. It is not evidence of influence on the outcome.,"NO. This row records visibility, not causation.",GL
INFL_0822,2025,Social Equity Council,ORG_SOCIAL_EQUITY_COUNCIL,HB-06930,BILL_2025_HB6930,filed written testimony: Supports,HB-06930,testimony,4,strong temporal or documentary support,SOURCE_0015,"https://www.cga.ct.gov/2025/gldata/TMY/2025HB-06930-R000219-McGee, Brandon, Chief Executive Officer-Social Equity Council-Supports-TMY.PDF",Testifying is participation in a public process. It is not evidence of influence on the outcome.,"NO. This row records visibility, not causation.",GL
INFL_0823,2025,"Rinaldi, Lou",PERSON_RINALDI_LOU,HB-06930,BILL_2025_HB6930,filed written testimony: Supports,HB-06930,testimony,4,strong temporal or documentary support,SOURCE_0015,"https://www.cga.ct.gov/2025/gldata/TMY/2025HB-06930-R000219-Rinaldi, Lou, Data and Policy Analyst-Supports-TMY.PDF",Testifying is participation in a public process. It is not evidence of influence on the outcome.,"NO. This row records visibility, not causation.",GL
INFL_0824,2025,Office of the State Comptroller,ORG_OFFICE_OF_THE_STATE_COMPTROLLER,HB-06930,BILL_2025_HB6930,filed written testimony: Supports,HB-06930,testimony,4,strong temporal or documentary support,SOURCE_0015,"https://www.cga.ct.gov/2025/gldata/TMY/2025HB-06930-R000219-Scanlon, Sean, State Comptroller-Office of the State Comptroller-Supports-TMY.PDF",Testifying is participation in a public process. It is not evidence of influence on the outcome.,"NO. This row records visibility, not causation.",GL
INFL_0825,2025,CT Cannawarriors,ORG_CT_CANNAWARRIORS,HB-06930,BILL_2025_HB6930,filed written testimony: Supports,HB-06930,testimony,4,strong temporal or documentary support,SOURCE_0015,"https://www.cga.ct.gov/2025/gldata/TMY/2025HB-06930-R000219-Schlee, Josiah, Medical Cannabis Advocate-CT Cannawarriors-Supports-TMY.PDF",Testifying is participation in a public process. It is not evidence of influence on the outcome.,"NO. This row records visibility, not causation.",GL
INFL_0826,2025,Budr Cannabis,ORG_BUDR_CANNABIS,HB-06930,BILL_2025_HB6930,filed written testimony: Supports,HB-06930,testimony,4,strong temporal or documentary support,SOURCE_0015,"https://www.cga.ct.gov/2025/gldata/TMY/2025HB-06930-R000219-Tirella, Carl, Co-founder-Budr Cannabis-Supports-TMY.PDF",Testifying is participation in a public process. It is not evidence of influence on the outcome.,"NO. This row records visibility, not causation.",GL
INFL_0827,2025,"Anonymous, Anonymous",PERSON_ANONYMOUS_ANONYMOUS,SB-00970,BILL_2025_SB0970,filed written testimony: Supports,SB-00970,testimony,4,strong temporal or documentary support,SOURCE_0015,"https://www.cga.ct.gov/2025/gldata/TMY/2025SB-00970-R000319-Anonymous, Anonymous-Supports-TMY.PDF",Testifying is participation in a public process. It is not evidence of influence on the outcome.,"NO. This row records visibility, not causation.",GL
INFL_0828,2025,"Anonymous, Anonymous",PERSON_ANONYMOUS_ANONYMOUS,SB-00970,BILL_2025_SB0970,filed written testimony: Supports,SB-00970,testimony,4,strong temporal or documentary support,SOURCE_0015,"https://www.cga.ct.gov/2025/gldata/TMY/2025SB-00970-R010319-Anonymous, Anonymous-Supports-TMY.PDF",Testifying is participation in a public process. It is not evidence of influence on the outcome.,"NO. This row records visibility, not causation.",GL
INFL_0829,2025,"Anonymous, Dawn",PERSON_ANONYMOUS_DAWN,SB-00970,BILL_2025_SB0970,filed written testimony: Supports,SB-00970,testimony,4,strong temporal or documentary support,SOURCE_0015,"https://www.cga.ct.gov/2025/gldata/TMY/2025SB-00970-R000319-Anonymous, Dawn-Supports-TMY.PDF",Testifying is participation in a public process. It is not evidence of influence on the outcome.,"NO. This row records visibility, not causation.",GL
INFL_0830,2025,"Bernstein, Stacey",PERSON_BERNSTEIN_STACEY,SB-00970,BILL_2025_SB0970,filed written testimony: Supports,SB-00970,testimony,4,strong temporal or documentary support,SOURCE_0015,"https://www.cga.ct.gov/2025/gldata/TMY/2025SB-00970-R000319-Bernstein, Stacey-Supports-TMY.PDF",Testifying is participation in a public process. It is not evidence of influence on the outcome.,"NO. This row records visibility, not causation.",GL
INFL_0831,2025,"Bernstein, Stacey",PERSON_BERNSTEIN_STACEY,SB-00970,BILL_2025_SB0970,filed written testimony: Supports,SB-00970,testimony,4,strong temporal or documentary support,SOURCE_0015,"https://www.cga.ct.gov/2025/gldata/TMY/2025SB-00970-R010319-Bernstein, Stacey-Supports-TMY.PDF",Testifying is participation in a public process. It is not evidence of influence on the outcome.,"NO. This row records visibility, not causation.",GL
INFL_0832,2025,CT CANNAWARRIORS,ORG_CT_CANNAWARRIORS,SB-00970,BILL_2025_SB0970,filed written testimony: Supports,SB-00970,testimony,4,strong temporal or documentary support,SOURCE_0015,"https://www.cga.ct.gov/2025/gldata/TMY/2025SB-00970-R000319-Capitan, Christina, CO-FOUNDER-CT CANNAWARRIORS-Supports-TMY.PDF",Testifying is participation in a public process. It is not evidence of influence on the outcome.,"NO. This row records visibility, not causation.",GL
INFL_0833,2025,"Craig, Gail",PERSON_CRAIG_GAIL,SB-00970,BILL_2025_SB0970,filed written testimony: Supports,SB-00970,testimony,4,strong temporal or documentary support,SOURCE_0015,"https://www.cga.ct.gov/2025/gldata/TMY/2025SB-00970-R000319-Craig, Gail-Supports-TMY.PDF",Testifying is participation in a public process. It is not evidence of influence on the outcome.,"NO. This row records visibility, not causation.",GL
INFL_0834,2025,UConn Cannabis Club,ORG_UCONN_CANNABIS_CLUB,SB-00970,BILL_2025_SB0970,filed written testimony: Supports,SB-00970,testimony,4,strong temporal or documentary support,SOURCE_0015,"https://www.cga.ct.gov/2025/gldata/TMY/2025SB-00970-R000319-Davis, Vincenzo, Interim President-UConn Cannabis Club-Supports-TMY.PDF",Testifying is participation in a public process. It is not evidence of influence on the outcome.,"NO. This row records visibility, not causation.",GL
INFL_0835,2025,CT Cannawarriors,ORG_CT_CANNAWARRIORS,SB-00970,BILL_2025_SB0970,filed written testimony: Supports,SB-00970,testimony,4,strong temporal or documentary support,SOURCE_0015,"https://www.cga.ct.gov/2025/gldata/TMY/2025SB-00970-R000319-Doolittle, Erin, MA MFT-CT Cannawarriors-Supports-TMY.PDF",Testifying is participation in a public process. It is not evidence of influence on the outcome.,"NO. This row records visibility, not causation.",GL
INFL_0836,2025,"Dunsen, Jada",PERSON_DUNSEN_JADA,SB-00970,BILL_2025_SB0970,filed written testimony: Supports,SB-00970,testimony,4,strong temporal or documentary support,SOURCE_0015,"https://www.cga.ct.gov/2025/gldata/TMY/2025SB-00970-R000319-Dunsen, Jada-Supports-TMY.PDF",Testifying is participation in a public process. It is not evidence of influence on the outcome.,"NO. This row records visibility, not causation.",GL
INFL_0837,2025,"Gage, Brian",PERSON_GAGE_BRIAN,SB-00970,BILL_2025_SB0970,filed written testimony: Supports,SB-00970,testimony,4,strong temporal or documentary support,SOURCE_0015,"https://www.cga.ct.gov/2025/gldata/TMY/2025SB-00970-R000319-Gage, Brian-Supports-TMY.PDF",Testifying is participation in a public process. It is not evidence of influence on the outcome.,"NO. This row records visibility, not causation.",GL
INFL_0838,2025,"Goldstein, Michael",PERSON_GOLDSTEIN_MICHAEL,SB-00970,BILL_2025_SB0970,filed written testimony: Supports,SB-00970,testimony,4,strong temporal or documentary support,SOURCE_0015,"https://www.cga.ct.gov/2025/gldata/TMY/2025SB-00970-R000319-Goldstein, Michael-Supports-TMY.PDF",Testifying is participation in a public process. It is not evidence of influence on the outcome.,"NO. This row records visibility, not causation.",GL
INFL_0839,2025,TheCBGGurus LLC,ORG_THECBGGURUS_LLC,SB-00970,BILL_2025_SB0970,filed written testimony: Supports,SB-00970,testimony,4,strong temporal or documentary support,SOURCE_0015,"https://www.cga.ct.gov/2025/gldata/TMY/2025SB-00970-R000319-Honig, Jacob, Co-Owner - Farmer-CHIA - TheCBGGurus LLC-Supports-TMY.PDF",Testifying is participation in a public process. It is not evidence of influence on the outcome.,"NO. This row records visibility, not causation.",GL
INFL_0840,2025,"Iglesia, Christopher",PERSON_IGLESIA_CHRISTOPHER,SB-00970,BILL_2025_SB0970,filed written testimony: Supports,SB-00970,testimony,4,strong temporal or documentary support,SOURCE_0015,"https://www.cga.ct.gov/2025/gldata/TMY/2025SB-00970-R000319-Iglesia, Christopher-Supports-TMY.PDF",Testifying is participation in a public process. It is not evidence of influence on the outcome.,"NO. This row records visibility, not causation.",GL
INFL_0841,2025,"Kopec, Eileen",PERSON_KOPEC_EILEEN,SB-00970,BILL_2025_SB0970,filed written testimony: Supports,SB-00970,testimony,4,strong temporal or documentary support,SOURCE_0015,"https://www.cga.ct.gov/2025/gldata/TMY/2025SB-00970-R000319-Kopec, Eileen-Supports-TMY.PDF",Testifying is participation in a public process. It is not evidence of influence on the outcome.,"NO. This row records visibility, not causation.",GL
INFL_0842,2025,"Kristoff, Robin",PERSON_KRISTOFF_ROBIN,SB-00970,BILL_2025_SB0970,filed written testimony: Supports,SB-00970,testimony,4,strong temporal or documentary support,SOURCE_0015,"https://www.cga.ct.gov/2025/gldata/TMY/2025SB-00970-R000319-Kristoff, Robin-Supports-TMY.PDF",Testifying is participation in a public process. It is not evidence of influence on the outcome.,"NO. This row records visibility, not causation.",GL
INFL_0843,2025,"Marin, Guillermo",PERSON_MARIN_GUILLERMO,SB-00970,BILL_2025_SB0970,filed written testimony: Supports,SB-00970,testimony,4,strong temporal or documentary support,SOURCE_0015,"https://www.cga.ct.gov/2025/gldata/TMY/2025SB-00970-R000319-Marin, Guillermo-Supports-TMY.PDF",Testifying is participation in a public process. It is not evidence of influence on the outcome.,"NO. This row records visibility, not causation.",GL
INFL_0844,2025,Better Ways LLC,ORG_BETTER_WAYS_LLC,SB-00970,BILL_2025_SB0970,filed written testimony: Supports,SB-00970,testimony,4,strong temporal or documentary support,SOURCE_0015,"https://www.cga.ct.gov/2025/gldata/TMY/2025SB-00970-R000319-Markovich, Duncan, Founder and Owner-Better Ways LLC-Supports-TMY.PDF",Testifying is participation in a public process. It is not evidence of influence on the outcome.,"NO. This row records visibility, not causation.",GL
INFL_0845,2025,"Mendez, Susan",PERSON_MENDEZ_SUSAN,SB-00970,BILL_2025_SB0970,filed written testimony: Supports,SB-00970,testimony,4,strong temporal or documentary support,SOURCE_0015,"https://www.cga.ct.gov/2025/gldata/TMY/2025SB-00970-R000319-Mendez, Susan-Supports-TMY.PDF",Testifying is participation in a public process. It is not evidence of influence on the outcome.,"NO. This row records visibility, not causation.",GL
INFL_0846,2025,"Mondou, Danette",PERSON_MONDOU_DANETTE,SB-00970,BILL_2025_SB0970,filed written testimony: Supports,SB-00970,testimony,4,strong temporal or documentary support,SOURCE_0015,"https://www.cga.ct.gov/2025/gldata/TMY/2025SB-00970-R000319-Mondou, Danette-Supports-TMY.PDF",Testifying is participation in a public process. It is not evidence of influence on the outcome.,"NO. This row records visibility, not causation.",GL
INFL_0847,2025,"Mondou, Laurel",PERSON_MONDOU_LAUREL,SB-00970,BILL_2025_SB0970,filed written testimony: Supports,SB-00970,testimony,4,strong temporal or documentary support,SOURCE_0015,"https://www.cga.ct.gov/2025/gldata/TMY/2025SB-00970-R000319-Mondou, Laurel-Supports-TMY.PDF",Testifying is participation in a public process. It is not evidence of influence on the outcome.,"NO. This row records visibility, not causation.",GL
INFL_0848,2025,"Montague, John",PERSON_MONTAGUE_JOHN,SB-00970,BILL_2025_SB0970,filed written testimony: Supports,SB-00970,testimony,4,strong temporal or documentary support,SOURCE_0015,"https://www.cga.ct.gov/2025/gldata/TMY/2025SB-00970-R000319-Montague, John-Supports-TMY.PDF",Testifying is participation in a public process. It is not evidence of influence on the outcome.,"NO. This row records visibility, not causation.",GL
INFL_0849,2025,"Mulhern, CareyAnn",PERSON_MULHERN_CAREYANN,SB-00970,BILL_2025_SB0970,filed written testimony: Supports,SB-00970,testimony,4,strong temporal or documentary support,SOURCE_0015,"https://www.cga.ct.gov/2025/gldata/TMY/2025SB-00970-R000319-Mulhern, CareyAnn-Supports-TMY.PDF",Testifying is participation in a public process. It is not evidence of influence on the outcome.,"NO. This row records visibility, not causation.",GL
INFL_0850,2025,NE clones,ORG_NE_CLONES,SB-00970,BILL_2025_SB0970,filed written testimony: Supports,SB-00970,testimony,4,strong temporal or documentary support,SOURCE_0015,"https://www.cga.ct.gov/2025/gldata/TMY/2025SB-00970-R000319-Musk, Neal, Owner-NE clones-Supports-TMY.PDF",Testifying is participation in a public process. It is not evidence of influence on the outcome.,"NO. This row records visibility, not causation.",GL
INFL_0851,2025,"Osello, Marcela",PERSON_OSELLO_MARCELA,SB-00970,BILL_2025_SB0970,filed written testimony: Supports,SB-00970,testimony,4,strong temporal or documentary support,SOURCE_0015,"https://www.cga.ct.gov/2025/gldata/TMY/2025SB-00970-R000319-Osello, Marcela, CPA-Supports-TMY.PDF",Testifying is participation in a public process. It is not evidence of influence on the outcome.,"NO. This row records visibility, not causation.",GL
INFL_0852,2025,"Peare, Jeannie",PERSON_PEARE_JEANNIE,SB-00970,BILL_2025_SB0970,filed written testimony: Supports,SB-00970,testimony,4,strong temporal or documentary support,SOURCE_0015,"https://www.cga.ct.gov/2025/gldata/TMY/2025SB-00970-R000319-Peare, Jeannie-Supports-TMY.PDF",Testifying is participation in a public process. It is not evidence of influence on the outcome.,"NO. This row records visibility, not causation.",GL
INFL_0853,2025,"pierce, erica",PERSON_PIERCE_ERICA,SB-00970,BILL_2025_SB0970,filed written testimony: Supports,SB-00970,testimony,4,strong temporal or documentary support,SOURCE_0015,"https://www.cga.ct.gov/2025/gldata/TMY/2025SB-00970-R000319-pierce, erica-Supports-TMY.PDF",Testifying is participation in a public process. It is not evidence of influence on the outcome.,"NO. This row records visibility, not causation.",GL
INFL_0854,2025,"Prah, ToniMarie",PERSON_PRAH_TONIMARIE,SB-00970,BILL_2025_SB0970,filed written testimony: Supports,SB-00970,testimony,4,strong temporal or documentary support,SOURCE_0015,"https://www.cga.ct.gov/2025/gldata/TMY/2025SB-00970-R000319-Prah, ToniMarie-Supports-TMY.PDF",Testifying is participation in a public process. It is not evidence of influence on the outcome.,"NO. This row records visibility, not causation.",GL
INFL_0855,2025,"Primus, Austin",PERSON_PRIMUS_AUSTIN,SB-00970,BILL_2025_SB0970,filed written testimony: Supports,SB-00970,testimony,4,strong temporal or documentary support,SOURCE_0015,"https://www.cga.ct.gov/2025/gldata/TMY/2025SB-00970-R000319-Primus, Austin-Supports-TMY.PDF",Testifying is participation in a public process. It is not evidence of influence on the outcome.,"NO. This row records visibility, not causation.",GL
INFL_0856,2025,"Rankin, Sharena",PERSON_RANKIN_SHARENA,SB-00970,BILL_2025_SB0970,filed written testimony: Opposes,SB-00970,testimony,4,strong temporal or documentary support,SOURCE_0015,"https://www.cga.ct.gov/2025/gldata/TMY/2025SB-00970-R000319-Rankin, Sharena-Opposes-TMY.PDF",Testifying is participation in a public process. It is not evidence of influence on the outcome.,"NO. This row records visibility, not causation.",GL
INFL_0857,2025,"Rinaldi, Lou",PERSON_RINALDI_LOU,SB-00970,BILL_2025_SB0970,filed written testimony: Supports,SB-00970,testimony,4,strong temporal or documentary support,SOURCE_0015,"https://www.cga.ct.gov/2025/gldata/TMY/2025SB-00970-R000319-Rinaldi, Lou, Data and Policy Analyst-Supports-TMY.PDF",Testifying is participation in a public process. It is not evidence of influence on the outcome.,"NO. This row records visibility, not causation.",GL
INFL_0858,2025,"Schertz, Samantha",PERSON_SCHERTZ_SAMANTHA,SB-00970,BILL_2025_SB0970,filed written testimony: Supports,SB-00970,testimony,4,strong temporal or documentary support,SOURCE_0015,"https://www.cga.ct.gov/2025/gldata/TMY/2025SB-00970-R000319-Schertz, Samantha-Supports-TMY.PDF",Testifying is participation in a public process. It is not evidence of influence on the outcome.,"NO. This row records visibility, not causation.",GL
INFL_0859,2025,"Schlee, Josiah",PERSON_SCHLEE_JOSIAH,SB-00970,BILL_2025_SB0970,filed written testimony: Opposes,SB-00970,testimony,4,strong temporal or documentary support,SOURCE_0015,"https://www.cga.ct.gov/2025/gldata/TMY/2025SB-00970-R000319-Schlee, Josiah, Medical Cannabis Advocate-Opposes-TMY.PDF",Testifying is participation in a public process. It is not evidence of influence on the outcome.,"NO. This row records visibility, not causation.",GL
INFL_0860,2025,"Sferra, Noah",PERSON_SFERRA_NOAH,SB-00970,BILL_2025_SB0970,filed written testimony: Supports,SB-00970,testimony,4,strong temporal or documentary support,SOURCE_0015,"https://www.cga.ct.gov/2025/gldata/TMY/2025SB-00970-R000319-Sferra, Noah-Supports-TMY.PDF",Testifying is participation in a public process. It is not evidence of influence on the outcome.,"NO. This row records visibility, not causation.",GL
INFL_0861,2025,Crosses 4 America,ORG_CROSSES_4_AMERICA,SB-00970,BILL_2025_SB0970,filed written testimony: Supports,SB-00970,testimony,4,strong temporal or documentary support,SOURCE_0015,"https://www.cga.ct.gov/2025/gldata/TMY/2025SB-00970-R000319-Skulczyck, Kevin, National Spokesperson-Crosses 4 America-Supports-TMY.PDF",Testifying is participation in a public process. It is not evidence of influence on the outcome.,"NO. This row records visibility, not causation.",GL
INFL_0862,2025,"Smith, Amanda",PERSON_SMITH_AMANDA,SB-00970,BILL_2025_SB0970,filed written testimony: Supports,SB-00970,testimony,4,strong temporal or documentary support,SOURCE_0015,"https://www.cga.ct.gov/2025/gldata/TMY/2025SB-00970-R000319-Smith, Amanda-Supports-TMY.PDF",Testifying is participation in a public process. It is not evidence of influence on the outcome.,"NO. This row records visibility, not causation.",GL
INFL_0863,2025,"Smith, Colleen",PERSON_SMITH_COLLEEN,SB-00970,BILL_2025_SB0970,filed written testimony: Supports,SB-00970,testimony,4,strong temporal or documentary support,SOURCE_0015,"https://www.cga.ct.gov/2025/gldata/TMY/2025SB-00970-R000319-Smith, Colleen-Supports-TMY.PDF",Testifying is participation in a public process. It is not evidence of influence on the outcome.,"NO. This row records visibility, not causation.",GL
INFL_0864,2025,"Smith, Robert",PERSON_SMITH_ROBERT,SB-00970,BILL_2025_SB0970,filed written testimony: Supports,SB-00970,testimony,4,strong temporal or documentary support,SOURCE_0015,"https://www.cga.ct.gov/2025/gldata/TMY/2025SB-00970-R000319-Smith, Robert-Supports-TMY.PDF",Testifying is participation in a public process. It is not evidence of influence on the outcome.,"NO. This row records visibility, not causation.",GL
INFL_0865,2025,"Sobocinski, Thomas",PERSON_SOBOCINSKI_THOMAS,SB-00970,BILL_2025_SB0970,filed written testimony: Supports,SB-00970,testimony,4,strong temporal or documentary support,SOURCE_0015,"https://www.cga.ct.gov/2025/gldata/TMY/2025SB-00970-R000319-Sobocinski, Thomas-Supports-TMY.PDF",Testifying is participation in a public process. It is not evidence of influence on the outcome.,"NO. This row records visibility, not causation.",GL
INFL_0866,2025,"W, Andy",PERSON_W_ANDY,SB-00970,BILL_2025_SB0970,filed written testimony: Supports,SB-00970,testimony,4,strong temporal or documentary support,SOURCE_0015,"https://www.cga.ct.gov/2025/gldata/TMY/2025SB-00970-R000319-W, Andy-Supports-TMY.PDF",Testifying is participation in a public process. It is not evidence of influence on the outcome.,"NO. This row records visibility, not causation.",GL
INFL_0867,2025,FLOAT HOUSE,ORG_FLOAT_HOUSE,SB-00970,BILL_2025_SB0970,filed written testimony: Supports,SB-00970,testimony,4,strong temporal or documentary support,SOURCE_0015,"https://www.cga.ct.gov/2025/gldata/TMY/2025SB-00970-R010319-Whelpley, Gordon, CEO-FLOAT HOUSE-Supports-TMY.PDF",Testifying is participation in a public process. It is not evidence of influence on the outcome.,"NO. This row records visibility, not causation.",GL
INFL_0868,2025,bloomHigher,ORG_BLOOMHIGHER,SB-00970,BILL_2025_SB0970,filed written testimony: Supports,SB-00970,testimony,4,strong temporal or documentary support,SOURCE_0015,"https://www.cga.ct.gov/2025/gldata/TMY/2025SB-00970-R000319-Zakir, Uzma, Pharmacist-bloomHigher-Supports-TMY.PDF",Testifying is participation in a public process. It is not evidence of influence on the outcome.,"NO. This row records visibility, not causation.",GL
INFL_0869,2024,SUNMED,ORG_SUNMED,HB-05150,BILL_2024_HB5150,filed written testimony: Opposes,HB-05150,testimony,4,strong temporal or documentary support,SOURCE_0015,"https://www.cga.ct.gov/2024/gldata/TMY/2024HB-05150-R000222-A, Olivia, Franchise Owner-Your CBD Store - SUNMED-Opposes-TMY.PDF",Testifying is participation in a public process. It is not evidence of influence on the outcome.,"NO. This row records visibility, not causation.",GL
INFL_0870,2024,SUNMED,ORG_SUNMED,HB-05150,BILL_2024_HB5150,filed written testimony: Opposes,HB-05150,testimony,4,strong temporal or documentary support,SOURCE_0015,"https://www.cga.ct.gov/2024/gldata/TMY/2024HB-05150-R000222-A, Peter, Franchise Owner-Your CBD Store - SUNMED-Opposes-TMY.PDF",Testifying is participation in a public process. It is not evidence of influence on the outcome.,"NO. This row records visibility, not causation.",GL
INFL_0871,2024,SUNMED,ORG_SUNMED,HB-05150,BILL_2024_HB5150,filed written testimony: Supports,HB-05150,testimony,4,strong temporal or documentary support,SOURCE_0015,"https://www.cga.ct.gov/2024/gldata/TMY/2024HB-05150-R000222-A, Peter, Franchise Owner-Your CBD Store - SUNMED-Supports-TMY.PDF",Testifying is participation in a public process. It is not evidence of influence on the outcome.,"NO. This row records visibility, not causation.",GL
INFL_0872,2024,NECCA,ORG_NECCA,HB-05150,BILL_2024_HB5150,filed written testimony: Opposes,HB-05150,testimony,4,strong temporal or documentary support,SOURCE_0015,"https://www.cga.ct.gov/2024/gldata/TMY/2024HB-05150-R000222-Accettullo, Joseph Raymond-Cannawarriors-NECCA-Opposes-TMY.PDF",Testifying is participation in a public process. It is not evidence of influence on the outcome.,"NO. This row records visibility, not causation.",GL
INFL_0873,2024,Liquors,ORG_LIQUORS,HB-05150,BILL_2024_HB5150,filed written testimony: Opposes,HB-05150,testimony,4,strong temporal or documentary support,SOURCE_0015,"https://www.cga.ct.gov/2024/gldata/TMY/2024HB-05150-R000222-Ancona, Mitchell, Owner-Ancona-s Wines - Liquors-Opposes-TMY.PDF",Testifying is participation in a public process. It is not evidence of influence on the outcome.,"NO. This row records visibility, not causation.",GL
INFL_0874,2024,Higher Collective,ORG_HIGHER_COLLECTIVE,HB-05150,BILL_2024_HB5150,filed written testimony: Opposes,HB-05150,testimony,4,strong temporal or documentary support,SOURCE_0015,"https://www.cga.ct.gov/2024/gldata/TMY/2024HB-05150-R000222-Anonymous, Anonymous, Curaleaf-Higher Collective-Opposes-TMY.PDF",Testifying is participation in a public process. It is not evidence of influence on the outcome.,"NO. This row records visibility, not causation.",GL
INFL_0875,2024,home of tyranny,ORG_HOME_OF_TYRANNY,HB-05150,BILL_2024_HB5150,filed written testimony: Opposes,HB-05150,testimony,4,strong temporal or documentary support,SOURCE_0015,"https://www.cga.ct.gov/2024/gldata/TMY/2024HB-05150-R000222-Anonymous, Anonymous, Customer of Your CBD Store-America - home of tyranny--Opposes-TMY.PDF",Testifying is participation in a public process. It is not evidence of influence on the outcome.,"NO. This row records visibility, not causation.",GL
INFL_0876,2024,"Anonymous, Anonymous",PERSON_ANONYMOUS_ANONYMOUS,HB-05150,BILL_2024_HB5150,filed written testimony: Opposes,HB-05150,testimony,4,strong temporal or documentary support,SOURCE_0015,"https://www.cga.ct.gov/2024/gldata/TMY/2024HB-05150-R000222-Anonymous, Anonymous, Dispensary Pharmacist-Opposes-TMY.PDF",Testifying is participation in a public process. It is not evidence of influence on the outcome.,"NO. This row records visibility, not causation.",GL
INFL_0877,2024,"Anonymous, Anonymous",PERSON_ANONYMOUS_ANONYMOUS,HB-05150,BILL_2024_HB5150,filed written testimony: Opposes,HB-05150,testimony,4,strong temporal or documentary support,SOURCE_0015,"https://www.cga.ct.gov/2024/gldata/TMY/2024HB-05150-R010222-Anonymous, Anonymous, Dispensary Pharmacist-Opposes-TMY.PDF",Testifying is participation in a public process. It is not evidence of influence on the outcome.,"NO. This row records visibility, not causation.",GL
INFL_0878,2024,"Anonymous, Anonymous",PERSON_ANONYMOUS_ANONYMOUS,HB-05150,BILL_2024_HB5150,filed written testimony: Opposes,HB-05150,testimony,4,strong temporal or documentary support,SOURCE_0015,"https://www.cga.ct.gov/2024/gldata/TMY/2024HB-05150-R000222-Anonymous, Anonymous, Pharmacist-Opposes-TMY.PDF",Testifying is participation in a public process. It is not evidence of influence on the outcome.,"NO. This row records visibility, not causation.",GL
INFL_0879,2024,"Anonymous, Anonymous",PERSON_ANONYMOUS_ANONYMOUS,HB-05150,BILL_2024_HB5150,filed written testimony: Opposes,HB-05150,testimony,4,strong temporal or documentary support,SOURCE_0015,"https://www.cga.ct.gov/2024/gldata/TMY/2024HB-05150-R000222-Anonymous, Anonymous-Opposes-TMY.PDF",Testifying is participation in a public process. It is not evidence of influence on the outcome.,"NO. This row records visibility, not causation.",GL
INFL_0880,2024,"Anonymous, Anonymous",PERSON_ANONYMOUS_ANONYMOUS,HB-05150,BILL_2024_HB5150,filed written testimony: Opposes,HB-05150,testimony,4,strong temporal or documentary support,SOURCE_0015,"https://www.cga.ct.gov/2024/gldata/TMY/2024HB-05150-R010222-Anonymous, Anonymous-Opposes-TMY.PDF",Testifying is participation in a public process. It is not evidence of influence on the outcome.,"NO. This row records visibility, not causation.",GL
INFL_0881,2024,Your CBD Store,ORG_YOUR_CBD_STORE,HB-05150,BILL_2024_HB5150,filed written testimony: Opposes,HB-05150,testimony,4,strong temporal or documentary support,SOURCE_0015,"https://www.cga.ct.gov/2024/gldata/TMY/2024HB-05150-R000222-Anonymous, Anonymous-Your CBD Store-Opposes-TMY.PDF",Testifying is participation in a public process. It is not evidence of influence on the outcome.,"NO. This row records visibility, not causation.",GL
INFL_0882,2024,"Anonymous, Scott",PERSON_ANONYMOUS_SCOTT,HB-05150,BILL_2024_HB5150,filed written testimony: Opposes,HB-05150,testimony,4,strong temporal or documentary support,SOURCE_0015,"https://www.cga.ct.gov/2024/gldata/TMY/2024HB-05150-R000222-Anonymous, Scott-Opposes-TMY.PDF",Testifying is participation in a public process. It is not evidence of influence on the outcome.,"NO. This row records visibility, not causation.",GL
INFL_0883,2024,"Anthony, Kalunda",PERSON_ANTHONY_KALUNDA,HB-05150,BILL_2024_HB5150,filed written testimony: Opposes,HB-05150,testimony,4,strong temporal or documentary support,SOURCE_0015,"https://www.cga.ct.gov/2024/gldata/TMY/2024HB-05150-R000222-Anthony, Kalunda-Opposes-TMY.PDF",Testifying is participation in a public process. It is not evidence of influence on the outcome.,"NO. This row records visibility, not causation.",GL
INFL_0884,2024,"Anulewicz, Karen",PERSON_ANULEWICZ_KAREN,HB-05150,BILL_2024_HB5150,filed written testimony: Opposes,HB-05150,testimony,4,strong temporal or documentary support,SOURCE_0015,"https://www.cga.ct.gov/2024/gldata/TMY/2024HB-05150-R000222-Anulewicz, Karen, Dispensary Pharmacist-Opposes-TMY.PDF",Testifying is participation in a public process. It is not evidence of influence on the outcome.,"NO. This row records visibility, not causation.",GL
INFL_0885,2024,"Baez, Kevin",PERSON_BAEZ_KEVIN,HB-05150,BILL_2024_HB5150,filed written testimony: Opposes,HB-05150,testimony,4,strong temporal or documentary support,SOURCE_0015,"https://www.cga.ct.gov/2024/gldata/TMY/2024HB-05150-R000222-Baez, Kevin, Oppose HB5160-Opposes-TMY.PDF",Testifying is participation in a public process. It is not evidence of influence on the outcome.,"NO. This row records visibility, not causation.",GL
INFL_0886,2024,Health CBD Store,ORG_HEALTH_CBD_STORE,HB-05150,BILL_2024_HB5150,filed written testimony: Opposes,HB-05150,testimony,4,strong temporal or documentary support,SOURCE_0015,"https://www.cga.ct.gov/2024/gldata/TMY/2024HB-05150-R000222-Barton, David, Managing Partner-Health CBD Store-Opposes-TMY.PDF",Testifying is participation in a public process. It is not evidence of influence on the outcome.,"NO. This row records visibility, not causation.",GL
INFL_0887,2024,CT Cannabis SBA Inc.,ORG_CT_CANNABIS_SBA_INC,HB-05150,BILL_2024_HB5150,filed written testimony: Opposes,HB-05150,testimony,4,strong temporal or documentary support,SOURCE_0015,"https://www.cga.ct.gov/2024/gldata/TMY/2024HB-05150-R000222-Bastian, Ken, Managing Director-CT Cannabis SBA Inc.-Opposes-TMY.PDF",Testifying is participation in a public process. It is not evidence of influence on the outcome.,"NO. This row records visibility, not causation.",GL
INFL_0888,2024,CCSBA Inc.,ORG_CCSBA_INC,HB-05150,BILL_2024_HB5150,filed written testimony: Opposes,HB-05150,testimony,4,strong temporal or documentary support,SOURCE_0015,"https://www.cga.ct.gov/2024/gldata/TMY/2024HB-05150-R000222-Bastian, Kenneth, Managing Director-CCSBA Inc.-Opposes-TMY.PDF",Testifying is participation in a public process. It is not evidence of influence on the outcome.,"NO. This row records visibility, not causation.",GL
INFL_0889,2024,AI Web Tools LLC,ORG_AI_WEB_TOOLS_LLC,HB-05150,BILL_2024_HB5150,filed written testimony: Opposes,HB-05150,testimony,4,strong temporal or documentary support,SOURCE_0015,"https://www.cga.ct.gov/2024/gldata/TMY/2024HB-05150-R000222-Bastian, Kenneth-AI Web Tools LLC-Opposes-TMY.PDF",Testifying is participation in a public process. It is not evidence of influence on the outcome.,"NO. This row records visibility, not causation.",GL
INFL_0890,2024,Your CBD Store Wilton,ORG_YOUR_CBD_STORE_WILTON,HB-05150,BILL_2024_HB5150,filed written testimony: Opposes,HB-05150,testimony,4,strong temporal or documentary support,SOURCE_0015,"https://www.cga.ct.gov/2024/gldata/TMY/2024HB-05150-R000222-Bogdan, Peter, Owner-Your CBD Store Wilton-Opposes-TMY.PDF",Testifying is participation in a public process. It is not evidence of influence on the outcome.,"NO. This row records visibility, not causation.",GL
INFL_0891,2024,"Boyd, Lyandre",PERSON_BOYD_LYANDRE,HB-05150,BILL_2024_HB5150,filed written testimony: Opposes,HB-05150,testimony,4,strong temporal or documentary support,SOURCE_0015,"https://www.cga.ct.gov/2024/gldata/TMY/2024HB-05150-R000222-Boyd, Lyandre-Opposes-TMY.PDF",Testifying is participation in a public process. It is not evidence of influence on the outcome.,"NO. This row records visibility, not causation.",GL
INFL_0892,2024,"Brown, Juliana",PERSON_BROWN_JULIANA,HB-05150,BILL_2024_HB5150,filed written testimony: Supports,HB-05150,testimony,4,strong temporal or documentary support,SOURCE_0015,"https://www.cga.ct.gov/2024/gldata/TMY/2024HB-05150-R000222-Brown, Juliana, Pharmacists in Dispensaries-Supports-TMY.PDF",Testifying is participation in a public process. It is not evidence of influence on the outcome.,"NO. This row records visibility, not causation.",GL
INFL_0893,2024,"Bucchieri, Vincent",PERSON_BUCCHIERI_VINCENT,HB-05150,BILL_2024_HB5150,filed written testimony: Opposes,HB-05150,testimony,4,strong temporal or documentary support,SOURCE_0015,"https://www.cga.ct.gov/2024/gldata/TMY/2024HB-05150-R000222-Bucchieri, Vincent, Pharmacist-Opposes-TMY.PDF",Testifying is participation in a public process. It is not evidence of influence on the outcome.,"NO. This row records visibility, not causation.",GL
INFL_0894,2024,"Bussey, Haley",PERSON_BUSSEY_HALEY,HB-05150,BILL_2024_HB5150,filed written testimony: Opposes,HB-05150,testimony,4,strong temporal or documentary support,SOURCE_0015,"https://www.cga.ct.gov/2024/gldata/TMY/2024HB-05150-R000222-Bussey, Haley, Oppose HB05150-Opposes-TMY.PDF",Testifying is participation in a public process. It is not evidence of influence on the outcome.,"NO. This row records visibility, not causation.",GL
INFL_0895,2024,"Capitani, Lisa",PERSON_CAPITANI_LISA,HB-05150,BILL_2024_HB5150,filed written testimony: Opposes,HB-05150,testimony,4,strong temporal or documentary support,SOURCE_0015,"https://www.cga.ct.gov/2024/gldata/TMY/2024HB-05150-R000222-Capitani, Lisa, RN-Opposes-TMY.PDF",Testifying is participation in a public process. It is not evidence of influence on the outcome.,"NO. This row records visibility, not causation.",GL
INFL_0896,2024,Affinity dispensary,ORG_AFFINITY_DISPENSARY,HB-05150,BILL_2024_HB5150,filed written testimony: Opposes,HB-05150,testimony,4,strong temporal or documentary support,SOURCE_0015,"https://www.cga.ct.gov/2024/gldata/TMY/2024HB-05150-R000222-Carrillo, Demi, Cannabis sales associate-Affinity dispensary-Opposes-TMY.PDF",Testifying is participation in a public process. It is not evidence of influence on the outcome.,"NO. This row records visibility, not causation.",GL
INFL_0897,2024,"Carter, Matthew",PERSON_CARTER_MATTHEW,HB-05150,BILL_2024_HB5150,filed written testimony: Opposes,HB-05150,testimony,4,strong temporal or documentary support,SOURCE_0015,"https://www.cga.ct.gov/2024/gldata/TMY/2024HB-05150-R000222-Carter, Matthew, Pharmacist-Opposes-TMY.PDF",Testifying is participation in a public process. It is not evidence of influence on the outcome.,"NO. This row records visibility, not causation.",GL
INFL_0898,2024,"Castillo, Emmanuel",PERSON_CASTILLO_EMMANUEL,HB-05150,BILL_2024_HB5150,filed written testimony: Opposes,HB-05150,testimony,4,strong temporal or documentary support,SOURCE_0015,"https://www.cga.ct.gov/2024/gldata/TMY/2024HB-05150-R000222-Castillo, Emmanuel-Opposes-TMY.PDF",Testifying is participation in a public process. It is not evidence of influence on the outcome.,"NO. This row records visibility, not causation.",GL
INFL_0899,2024,LLC,ORG_LLC,HB-05150,BILL_2024_HB5150,filed written testimony: Supports,HB-05150,testimony,4,strong temporal or documentary support,SOURCE_0015,"https://www.cga.ct.gov/2024/gldata/TMY/2024HB-05150-R000222-Cecchi, Paige, Managing Member-351 Burnham-LLC-Supports-TMY.PDF",Testifying is participation in a public process. It is not evidence of influence on the outcome.,"NO. This row records visibility, not causation.",GL
INFL_0900,2024,"Clarke, Keisha",PERSON_CLARKE_KEISHA,HB-05150,BILL_2024_HB5150,filed written testimony: Opposes,HB-05150,testimony,4,strong temporal or documentary support,SOURCE_0015,"https://www.cga.ct.gov/2024/gldata/TMY/2024HB-05150-R000222-Clarke, Keisha-Opposes-TMY.PDF",Testifying is participation in a public process. It is not evidence of influence on the outcome.,"NO. This row records visibility, not causation.",GL
INFL_0901,2024,Social Equity Council,ORG_SOCIAL_EQUITY_COUNCIL,HB-05150,BILL_2024_HB5150,filed written testimony: Supports,HB-05150,testimony,4,strong temporal or documentary support,SOURCE_0015,"https://www.cga.ct.gov/2024/gldata/TMY/2024HB-05150-R000222-Clay, Ginne-Rae, Executive Director-Social Equity Council-Supports-TMY.PDF",Testifying is participation in a public process. It is not evidence of influence on the outcome.,"NO. This row records visibility, not causation.",GL
INFL_0902,2024,"Coleman, Maureen",PERSON_COLEMAN_MAUREEN,HB-05150,BILL_2024_HB5150,filed written testimony: Opposes,HB-05150,testimony,4,strong temporal or documentary support,SOURCE_0015,"https://www.cga.ct.gov/2024/gldata/TMY/2024HB-05150-R000222-Coleman, Maureen, Pharmacist-Opposes-TMY.PDF",Testifying is participation in a public process. It is not evidence of influence on the outcome.,"NO. This row records visibility, not causation.",GL
INFL_0903,2024,"Conway, Candace",PERSON_CONWAY_CANDACE,HB-05150,BILL_2024_HB5150,filed written testimony: Supports,HB-05150,testimony,4,strong temporal or documentary support,SOURCE_0015,"https://www.cga.ct.gov/2024/gldata/TMY/2024HB-05150-R000222-Conway, Candace, RN BSN OCN-Supports-TMY.PDF",Testifying is participation in a public process. It is not evidence of influence on the outcome.,"NO. This row records visibility, not causation.",GL
INFL_0904,2024,Soulstar CT,ORG_SOULSTAR_CT,HB-05150,BILL_2024_HB5150,filed written testimony: Supports,HB-05150,testimony,4,strong temporal or documentary support,SOURCE_0015,"https://www.cga.ct.gov/2024/gldata/TMY/2024HB-05150-R000222-Covett, Katie, Co-Founder-Soulstar CT-Supports-TMY.PDF",Testifying is participation in a public process. It is not evidence of influence on the outcome.,"NO. This row records visibility, not causation.",GL
INFL_0905,2024,"Dalessio, Linda",PERSON_DALESSIO_LINDA,HB-05150,BILL_2024_HB5150,filed written testimony: Opposes,HB-05150,testimony,4,strong temporal or documentary support,SOURCE_0015,"https://www.cga.ct.gov/2024/gldata/TMY/2024HB-05150-R000222-Dalessio, Linda, Dr-Opposes-TMY.PDF",Testifying is participation in a public process. It is not evidence of influence on the outcome.,"NO. This row records visibility, not causation.",GL
INFL_0906,2024,Affinity Dispensary,ORG_AFFINITY_DISPENSARY,HB-05150,BILL_2024_HB5150,filed written testimony: Opposes,HB-05150,testimony,4,strong temporal or documentary support,SOURCE_0015,"https://www.cga.ct.gov/2024/gldata/TMY/2024HB-05150-R000222-Dang, Darrin, Pharmacist-Affinity Dispensary-Opposes-TMY.PDF",Testifying is participation in a public process. It is not evidence of influence on the outcome.,"NO. This row records visibility, not causation.",GL
INFL_0907,2024,RPh,ORG_RPH,HB-05150,BILL_2024_HB5150,filed written testimony: Opposes,HB-05150,testimony,4,strong temporal or documentary support,SOURCE_0015,"https://www.cga.ct.gov/2024/gldata/TMY/2024HB-05150-R000222-Davino, Diana, PharmD-RPh-Opposes-TMY.PDF",Testifying is participation in a public process. It is not evidence of influence on the outcome.,"NO. This row records visibility, not causation.",GL
INFL_0908,2024,"Dydyn, Jessica",PERSON_DYDYN_JESSICA,HB-05150,BILL_2024_HB5150,filed written testimony: Opposes,HB-05150,testimony,4,strong temporal or documentary support,SOURCE_0015,"https://www.cga.ct.gov/2024/gldata/TMY/2024HB-05150-R000222-Dydyn, Jessica, PharmD-Opposes-TMY.PDF",Testifying is participation in a public process. It is not evidence of influence on the outcome.,"NO. This row records visibility, not causation.",GL
INFL_0909,2024,"Fautner, Ulysses",PERSON_FAUTNER_ULYSSES,HB-05150,BILL_2024_HB5150,filed written testimony: Opposes,HB-05150,testimony,4,strong temporal or documentary support,SOURCE_0015,"https://www.cga.ct.gov/2024/gldata/TMY/2024HB-05150-R000222-Fautner, Ulysses-Opposes-TMY.PDF",Testifying is participation in a public process. It is not evidence of influence on the outcome.,"NO. This row records visibility, not causation.",GL
INFL_0910,2024,White Oak Apothecary LLC,ORG_WHITE_OAK_APOTHECARY_LLC,HB-05150,BILL_2024_HB5150,filed written testimony: Supports,HB-05150,testimony,4,strong temporal or documentary support,SOURCE_0015,"https://www.cga.ct.gov/2024/gldata/TMY/2024HB-05150-R000222-Frytz, Angerlyk, COO-White Oak Apothecary LLC-Supports-TMY.PDF",Testifying is participation in a public process. It is not evidence of influence on the outcome.,"NO. This row records visibility, not causation.",GL
INFL_0911,2024,The White Oak Bridge,ORG_THE_WHITE_OAK_BRIDGE,HB-05150,BILL_2024_HB5150,filed written testimony: Supports,HB-05150,testimony,4,strong temporal or documentary support,SOURCE_0015,"https://www.cga.ct.gov/2024/gldata/TMY/2024HB-05150-R000222-frytz, Justin, CEO-The White Oak Bridge-Supports-TMY.PDF",Testifying is participation in a public process. It is not evidence of influence on the outcome.,"NO. This row records visibility, not causation.",GL
INFL_0912,2024,"GENOVAL, DASHAWN",PERSON_GENOVAL_DASHAWN,HB-05150,BILL_2024_HB5150,filed written testimony: Opposes,HB-05150,testimony,4,strong temporal or documentary support,SOURCE_0015,"https://www.cga.ct.gov/2024/gldata/TMY/2024HB-05150-R000222-GENOVAL, DASHAWN-Opposes-TMY.PDF",Testifying is participation in a public process. It is not evidence of influence on the outcome.,"NO. This row records visibility, not causation.",GL
INFL_0913,2024,"Golden, Gabriela",PERSON_GOLDEN_GABRIELA,HB-05150,BILL_2024_HB5150,filed written testimony: Opposes,HB-05150,testimony,4,strong temporal or documentary support,SOURCE_0015,"https://www.cga.ct.gov/2024/gldata/TMY/2024HB-05150-R000222-Golden, Gabriela-Opposes-TMY.PDF",Testifying is participation in a public process. It is not evidence of influence on the outcome.,"NO. This row records visibility, not causation.",GL
INFL_0914,2024,CCSBA,ORG_CCSBA,HB-05150,BILL_2024_HB5150,filed written testimony: Opposes,HB-05150,testimony,4,strong temporal or documentary support,SOURCE_0015,"https://www.cga.ct.gov/2024/gldata/TMY/2024HB-05150-R000222-Goodenough, Michael, Chairmen-CCSBA-Opposes-TMY.PDF",Testifying is participation in a public process. It is not evidence of influence on the outcome.,"NO. This row records visibility, not causation.",GL
INFL_0915,2024,Canna Govt Strategies,ORG_CANNA_GOVT_STRATEGIES,HB-05150,BILL_2024_HB5150,filed written testimony: Opposes,HB-05150,testimony,4,strong temporal or documentary support,SOURCE_0015,"https://www.cga.ct.gov/2024/gldata/TMY/2024HB-05150-R000222-Gorman Kirk, Erin, CEO-Canna Govt Strategies-Opposes-TMY.PDF",Testifying is participation in a public process. It is not evidence of influence on the outcome.,"NO. This row records visibility, not causation.",GL
INFL_0916,2024,"HEALY, Thomas F.",PERSON_HEALY_THOMAS_F,HB-05150,BILL_2024_HB5150,filed written testimony: Supports,HB-05150,testimony,4,strong temporal or documentary support,SOURCE_0015,"https://www.cga.ct.gov/2024/gldata/TMY/2024HB-05150-R000222-HEALY, Thomas F.-Supports-TMY.PDF",Testifying is participation in a public process. It is not evidence of influence on the outcome.,"NO. This row records visibility, not causation.",GL
INFL_0917,2024,"Holms, Christina",PERSON_HOLMS_CHRISTINA,HB-05150,BILL_2024_HB5150,filed written testimony: Opposes,HB-05150,testimony,4,strong temporal or documentary support,SOURCE_0015,"https://www.cga.ct.gov/2024/gldata/TMY/2024HB-05150-R000222-Holms, Christina-Opposes-TMY.PDF",Testifying is participation in a public process. It is not evidence of influence on the outcome.,"NO. This row records visibility, not causation.",GL
INFL_0918,2024,TheCBGGurus,ORG_THECBGGURUS,HB-05150,BILL_2024_HB5150,filed written testimony: Opposes,HB-05150,testimony,4,strong temporal or documentary support,SOURCE_0015,"https://www.cga.ct.gov/2024/gldata/TMY/2024HB-05150-R000222-Honig, Jacob, Co-Owner-TheCBGGurus-Opposes-TMY.PDF",Testifying is participation in a public process. It is not evidence of influence on the outcome.,"NO. This row records visibility, not causation.",GL
INFL_0919,2024,s Goods of CT,ORG_S_GOODS_OF_CT,HB-05150,BILL_2024_HB5150,filed written testimony: Supports,HB-05150,testimony,4,strong temporal or documentary support,SOURCE_0015,"https://www.cga.ct.gov/2024/gldata/TMY/2024HB-05150-R000222-Johnson, Stella, Director of Compliance-Bud-s Goods of CT-Supports-TMY.PDF",Testifying is participation in a public process. It is not evidence of influence on the outcome.,"NO. This row records visibility, not causation.",GL
INFL_0920,2024,"Karvosky, Thomas",PERSON_KARVOSKY_THOMAS,HB-05150,BILL_2024_HB5150,filed written testimony: Opposes,HB-05150,testimony,4,strong temporal or documentary support,SOURCE_0015,"https://www.cga.ct.gov/2024/gldata/TMY/2024HB-05150-R000222-Karvosky, Thomas, Dispensary Pharmacist-Opposes-TMY.PDF",Testifying is participation in a public process. It is not evidence of influence on the outcome.,"NO. This row records visibility, not causation.",GL
INFL_0921,2024,Dutch LLC.,ORG_DUTCH_LLC,HB-05150,BILL_2024_HB5150,filed written testimony: Supports,HB-05150,testimony,4,strong temporal or documentary support,SOURCE_0015,"https://www.cga.ct.gov/2024/gldata/TMY/2024HB-05150-R000222-Kingsley, George, Social Equity Licensee-CEO-Dutch LLC.-Supports-TMY.PDF",Testifying is participation in a public process. It is not evidence of influence on the outcome.,"NO. This row records visibility, not causation.",GL
INFL_0922,2024,HHS Wellness LLC,ORG_HHS_WELLNESS_LLC,HB-05150,BILL_2024_HB5150,filed written testimony: Opposes,HB-05150,testimony,4,strong temporal or documentary support,SOURCE_0015,"https://www.cga.ct.gov/2024/gldata/TMY/2024HB-05150-R000222-Kohlenberg, Howard, Fetail Store owner-HHS Wellness LLC-Opposes-TMY.PDF",Testifying is participation in a public process. It is not evidence of influence on the outcome.,"NO. This row records visibility, not causation.",GL
INFL_0923,2024,Wynn hospital,ORG_WYNN_HOSPITAL,HB-05150,BILL_2024_HB5150,filed written testimony: Opposes,HB-05150,testimony,4,strong temporal or documentary support,SOURCE_0015,"https://www.cga.ct.gov/2024/gldata/TMY/2024HB-05150-R000222-Kwon, Davin, Pharmacist-Wynn hospital-Opposes-TMY.PDF",Testifying is participation in a public process. It is not evidence of influence on the outcome.,"NO. This row records visibility, not causation.",GL
INFL_0924,2024,Cannabis Corner Radio,ORG_CANNABIS_CORNER_RADIO,HB-05150,BILL_2024_HB5150,filed written testimony: Opposes,HB-05150,testimony,4,strong temporal or documentary support,SOURCE_0015,"https://www.cga.ct.gov/2024/gldata/TMY/2024HB-05150-R000222-LaChance, Joe-Cannabis Corner Radio-Opposes-TMY.PDF",Testifying is participation in a public process. It is not evidence of influence on the outcome.,"NO. This row records visibility, not causation.",GL
INFL_0925,2024,Cannabis Corner Radio,ORG_CANNABIS_CORNER_RADIO,HB-05150,BILL_2024_HB5150,filed written testimony: Opposes,HB-05150,testimony,4,strong temporal or documentary support,SOURCE_0015,"https://www.cga.ct.gov/2024/gldata/TMY/2024HB-05150-R010222-LaChance, Joe-Cannabis Corner Radio-Opposes-TMY.PDF",Testifying is participation in a public process. It is not evidence of influence on the outcome.,"NO. This row records visibility, not causation.",GL
INFL_0926,2024,"Leeman, Angelique",PERSON_LEEMAN_ANGELIQUE,HB-05150,BILL_2024_HB5150,filed written testimony: Supports,HB-05150,testimony,4,strong temporal or documentary support,SOURCE_0015,"https://www.cga.ct.gov/2024/gldata/TMY/2024HB-05150-R000222-Leeman, Angelique, PharmD-Supports-TMY.PDF",Testifying is participation in a public process. It is not evidence of influence on the outcome.,"NO. This row records visibility, not causation.",GL
INFL_0927,2024,Flyers Cocktail Co,ORG_FLYERS_COCKTAIL_CO,HB-05150,BILL_2024_HB5150,filed written testimony: Opposes,HB-05150,testimony,4,strong temporal or documentary support,SOURCE_0015,"https://www.cga.ct.gov/2024/gldata/TMY/2024HB-05150-R000222-Lewis, Craig, CEO-Flyers Cocktail Co-Opposes-TMY.PDF",Testifying is participation in a public process. It is not evidence of influence on the outcome.,"NO. This row records visibility, not causation.",GL
INFL_0928,2024,Still River Wellness,ORG_STILL_RIVER_WELLNESS,HB-05150,BILL_2024_HB5150,filed written testimony: Opposes,HB-05150,testimony,4,strong temporal or documentary support,SOURCE_0015,"https://www.cga.ct.gov/2024/gldata/TMY/2024HB-05150-R000222-Macre, Thomas, Managing Partner-Still River Wellness-Opposes-TMY.PDF",Testifying is participation in a public process. It is not evidence of influence on the outcome.,"NO. This row records visibility, not causation.",GL
INFL_0929,2024,TheCBGGurus,ORG_THECBGGURUS,HB-05150,BILL_2024_HB5150,filed written testimony: Opposes,HB-05150,testimony,4,strong temporal or documentary support,SOURCE_0015,"https://www.cga.ct.gov/2024/gldata/TMY/2024HB-05150-R000222-Magill, Shawn, Co-Owner-TheCBGGurus-Opposes-TMY.PDF",Testifying is participation in a public process. It is not evidence of influence on the outcome.,"NO. This row records visibility, not causation.",GL
INFL_0930,2024,Better Ways LLC,ORG_BETTER_WAYS_LLC,HB-05150,BILL_2024_HB5150,filed written testimony: Opposes,HB-05150,testimony,4,strong temporal or documentary support,SOURCE_0015,"https://www.cga.ct.gov/2024/gldata/TMY/2024HB-05150-R000222-Markovich, Duncan, Owner-Better Ways LLC-Opposes-TMY.PDF",Testifying is participation in a public process. It is not evidence of influence on the outcome.,"NO. This row records visibility, not causation.",GL
INFL_0931,2024,Curaleaf Groton,ORG_CURALEAF_GROTON,HB-05150,BILL_2024_HB5150,filed written testimony: Supports,HB-05150,testimony,4,strong temporal or documentary support,SOURCE_0015,"https://www.cga.ct.gov/2024/gldata/TMY/2024HB-05150-R000222-Marsella, Kelly, Dispensary Pharmacist-Curaleaf Groton-Supports-TMY.PDF",Testifying is participation in a public process. It is not evidence of influence on the outcome.,"NO. This row records visibility, not causation.",GL
INFL_0932,2024,Cycling Frog,ORG_CYCLING_FROG,HB-05150,BILL_2024_HB5150,filed written testimony: Opposes,HB-05150,testimony,4,strong temporal or documentary support,SOURCE_0015,"https://www.cga.ct.gov/2024/gldata/TMY/2024HB-05150-R000222-Massolo, Arthur, VP Business Development-Cycling Frog-Opposes-TMY.PDF",Testifying is participation in a public process. It is not evidence of influence on the outcome.,"NO. This row records visibility, not causation.",GL
INFL_0933,2024,"McCarty, Kathy",PERSON_MCCARTY_KATHY,HB-05150,BILL_2024_HB5150,filed written testimony: Opposes,HB-05150,testimony,4,strong temporal or documentary support,SOURCE_0015,"https://www.cga.ct.gov/2024/gldata/TMY/2024HB-05150-R000222-McCarty, Kathy-Opposes-TMY.PDF",Testifying is participation in a public process. It is not evidence of influence on the outcome.,"NO. This row records visibility, not causation.",GL
INFL_0934,2024,"McKenna, Jacob",PERSON_MCKENNA_JACOB,HB-05150,BILL_2024_HB5150,filed written testimony: Opposes,HB-05150,testimony,4,strong temporal or documentary support,SOURCE_0015,"https://www.cga.ct.gov/2024/gldata/TMY/2024HB-05150-R000222-McKenna, Jacob-Opposes-TMY.PDF",Testifying is participation in a public process. It is not evidence of influence on the outcome.,"NO. This row records visibility, not causation.",GL
INFL_0935,2024,CT Medical Marijuana Program,ORG_CT_MEDICAL_MARIJUANA_PROGRAM,HB-05150,BILL_2024_HB5150,filed written testimony: Opposes,HB-05150,testimony,4,strong temporal or documentary support,SOURCE_0015,"https://www.cga.ct.gov/2024/gldata/TMY/2024HB-05150-R000222-Mendes, Brandon, Pharmacist-CT Medical Marijuana Program-Opposes-TMY.PDF",Testifying is participation in a public process. It is not evidence of influence on the outcome.,"NO. This row records visibility, not causation.",GL
INFL_0936,2024,Affinity Dispensary,ORG_AFFINITY_DISPENSARY,HB-05150,BILL_2024_HB5150,filed written testimony: Opposes,HB-05150,testimony,4,strong temporal or documentary support,SOURCE_0015,"https://www.cga.ct.gov/2024/gldata/TMY/2024HB-05150-R000222-Mendes, Brandon, RE- Section 11 of HB No 5150-Affinity Dispensary-Opposes-TMY.PDF",Testifying is participation in a public process. It is not evidence of influence on the outcome.,"NO. This row records visibility, not causation.",GL
INFL_0937,2024,"Mikkelson, Krista",PERSON_MIKKELSON_KRISTA,HB-05150,BILL_2024_HB5150,filed written testimony: Opposes,HB-05150,testimony,4,strong temporal or documentary support,SOURCE_0015,"https://www.cga.ct.gov/2024/gldata/TMY/2024HB-05150-R000222-Mikkelson, Krista-Opposes-TMY.PDF",Testifying is participation in a public process. It is not evidence of influence on the outcome.,"NO. This row records visibility, not causation.",GL
INFL_0938,2024,"Miller, Patrick",PERSON_MILLER_PATRICK,HB-05150,BILL_2024_HB5150,filed written testimony: Opposes,HB-05150,testimony,4,strong temporal or documentary support,SOURCE_0015,"https://www.cga.ct.gov/2024/gldata/TMY/2024HB-05150-R000222-Miller, Patrick-Opposes-TMY.PDF",Testifying is participation in a public process. It is not evidence of influence on the outcome.,"NO. This row records visibility, not causation.",GL
INFL_0939,2024,"Montanez, Maritza",PERSON_MONTANEZ_MARITZA,HB-05150,BILL_2024_HB5150,filed written testimony: Opposes,HB-05150,testimony,4,strong temporal or documentary support,SOURCE_0015,"https://www.cga.ct.gov/2024/gldata/TMY/2024HB-05150-R000222-Montanez, Maritza-Opposes-TMY.PDF",Testifying is participation in a public process. It is not evidence of influence on the outcome.,"NO. This row records visibility, not causation.",GL
INFL_0940,2024,Your CBD Store North Haven,ORG_YOUR_CBD_STORE_NORTH_HAVEN,HB-05150,BILL_2024_HB5150,filed written testimony: Opposes,HB-05150,testimony,4,strong temporal or documentary support,SOURCE_0015,"https://www.cga.ct.gov/2024/gldata/TMY/2024HB-05150-R000222-Moreno, Vannesa, Owner-Your CBD Store North Haven-Opposes-TMY.PDF",Testifying is participation in a public process. It is not evidence of influence on the outcome.,"NO. This row records visibility, not causation.",GL
INFL_0941,2024,"Morizio, David",PERSON_MORIZIO_DAVID,HB-05150,BILL_2024_HB5150,filed written testimony: Opposes,HB-05150,testimony,4,strong temporal or documentary support,SOURCE_0015,"https://www.cga.ct.gov/2024/gldata/TMY/2024HB-05150-R000222-Morizio, David, Pharmacist-Opposes-TMY.PDF",Testifying is participation in a public process. It is not evidence of influence on the outcome.,"NO. This row records visibility, not causation.",GL
INFL_0942,2024,Acreaqge Holdings,ORG_ACREAQGE_HOLDINGS,HB-05150,BILL_2024_HB5150,filed written testimony: Supports,HB-05150,testimony,4,strong temporal or documentary support,SOURCE_0015,"https://www.cga.ct.gov/2024/gldata/TMY/2024HB-05150-R000222-Murray, Bryan, EVP-Govt Relations and Comm-Acreaqge Holdings-Supports-TMY.PDF",Testifying is participation in a public process. It is not evidence of influence on the outcome.,"NO. This row records visibility, not causation.",GL
INFL_0943,2024,"A, Peter",ORG_A_PETER,HB-05150,BILL_2024_HB5150,filed written testimony: Opposes,HB-05150,testimony,4,strong temporal or documentary support,SOURCE_0015,"https://www.cga.ct.gov/2024/gldata/TMY/2024HB-05150-R000222-N-A, Peter-Opposes-TMY.PDF",Testifying is participation in a public process. It is not evidence of influence on the outcome.,"NO. This row records visibility, not causation.",GL
INFL_0944,2024,"A, Peter",ORG_A_PETER,HB-05150,BILL_2024_HB5150,filed written testimony: Opposes,HB-05150,testimony,4,strong temporal or documentary support,SOURCE_0015,"https://www.cga.ct.gov/2024/gldata/TMY/2024HB-05150-R010222-N-A, Peter-Opposes-TMY.PDF",Testifying is participation in a public process. It is not evidence of influence on the outcome.,"NO. This row records visibility, not causation.",GL
INFL_0945,2024,CTAssoc Prevention Professionals,ORG_CTASSOC_PREVENTION_PROFESSIONALS,HB-05150,BILL_2024_HB5150,filed written testimony: Supports,HB-05150,testimony,4,strong temporal or documentary support,SOURCE_0015,"https://www.cga.ct.gov/2024/gldata/TMY/2024HB-05150-R000222-Naumann, Kiersten, Exec Board Member-CTAssoc Prevention Professionals-Supports-TMY.PDF",Testifying is participation in a public process. It is not evidence of influence on the outcome.,"NO. This row records visibility, not causation.",GL
INFL_0946,2024,Bluestar Health and Wellness,ORG_BLUESTAR_HEALTH_AND_WELLNESS,HB-05150,BILL_2024_HB5150,filed written testimony: Supports,HB-05150,testimony,4,strong temporal or documentary support,SOURCE_0015,"https://www.cga.ct.gov/2024/gldata/TMY/2024HB-05150-R000222-Onofrio, Pete, Farmer-Bluestar Health and Wellness-Supports-TMY.PDF",Testifying is participation in a public process. It is not evidence of influence on the outcome.,"NO. This row records visibility, not causation.",GL
INFL_0947,2024,"Ouellette, Chelsea",PERSON_OUELLETTE_CHELSEA,HB-05150,BILL_2024_HB5150,filed written testimony: Supports,HB-05150,testimony,4,strong temporal or documentary support,SOURCE_0015,"https://www.cga.ct.gov/2024/gldata/TMY/2024HB-05150-R000222-Ouellette, Chelsea, Pharmacist-Supports-TMY.PDF",Testifying is participation in a public process. It is not evidence of influence on the outcome.,"NO. This row records visibility, not causation.",GL
INFL_0948,2024,p,ORG_P,HB-05150,BILL_2024_HB5150,filed written testimony: Opposes,HB-05150,testimony,4,strong temporal or documentary support,SOURCE_0015,"https://www.cga.ct.gov/2024/gldata/TMY/2024HB-05150-R000222-p, p-p-Opposes-TMY.PDF",Testifying is participation in a public process. It is not evidence of influence on the outcome.,"NO. This row records visibility, not causation.",GL
INFL_0949,2024,Connecticut Valley Brewing,ORG_CONNECTICUT_VALLEY_BREWING,HB-05150,BILL_2024_HB5150,filed written testimony: Supports,HB-05150,testimony,4,strong temporal or documentary support,SOURCE_0015,"https://www.cga.ct.gov/2024/gldata/TMY/2024HB-05150-R000222-Palauskas, Steve, Owner-Founder-Connecticut Valley Brewing-Supports-TMY.PDF",Testifying is participation in a public process. It is not evidence of influence on the outcome.,"NO. This row records visibility, not causation.",GL
INFL_0950,2024,"Pallet, Tiarra",PERSON_PALLET_TIARRA,HB-05150,BILL_2024_HB5150,filed written testimony: Opposes,HB-05150,testimony,4,strong temporal or documentary support,SOURCE_0015,"https://www.cga.ct.gov/2024/gldata/TMY/2024HB-05150-R000222-Pallet, Tiarra-Opposes-TMY.PDF",Testifying is participation in a public process. It is not evidence of influence on the outcome.,"NO. This row records visibility, not causation.",GL
INFL_0951,2024,popps farm,ORG_POPPS_FARM,HB-05150,BILL_2024_HB5150,filed written testimony: Opposes,HB-05150,testimony,4,strong temporal or documentary support,SOURCE_0015,"https://www.cga.ct.gov/2024/gldata/TMY/2024HB-05150-R000222-popp, al, owner-popps farm-Opposes-TMY.PDF",Testifying is participation in a public process. It is not evidence of influence on the outcome.,"NO. This row records visibility, not causation.",GL
INFL_0952,2024,"Raymond, Hadler",PERSON_RAYMOND_HADLER,HB-05150,BILL_2024_HB5150,filed written testimony: Opposes,HB-05150,testimony,4,strong temporal or documentary support,SOURCE_0015,"https://www.cga.ct.gov/2024/gldata/TMY/2024HB-05150-R000222-Raymond, Hadler-Opposes-TMY.PDF",Testifying is participation in a public process. It is not evidence of influence on the outcome.,"NO. This row records visibility, not causation.",GL
INFL_0953,2024,"Rinaldi, Lou",PERSON_RINALDI_LOU,HB-05150,BILL_2024_HB5150,filed written testimony: Opposes,HB-05150,testimony,4,strong temporal or documentary support,SOURCE_0015,"https://www.cga.ct.gov/2024/gldata/TMY/2024HB-05150-R000222-Rinaldi, Lou, Medical cannabis patient-Opposes-TMY.PDF",Testifying is participation in a public process. It is not evidence of influence on the outcome.,"NO. This row records visibility, not causation.",GL
INFL_0954,2024,"Rohde, Christian",PERSON_ROHDE_CHRISTIAN,HB-05150,BILL_2024_HB5150,filed written testimony: Opposes,HB-05150,testimony,4,strong temporal or documentary support,SOURCE_0015,"https://www.cga.ct.gov/2024/gldata/TMY/2024HB-05150-R000222-Rohde, Christian-Opposes-TMY.PDF",Testifying is participation in a public process. It is not evidence of influence on the outcome.,"NO. This row records visibility, not causation.",GL
INFL_0955,2024,Higher Health,ORG_HIGHER_HEALTH,HB-05150,BILL_2024_HB5150,filed written testimony: Opposes,HB-05150,testimony,4,strong temporal or documentary support,SOURCE_0015,"https://www.cga.ct.gov/2024/gldata/TMY/2024HB-05150-R000222-Rosado, Ann Marie, Founder-Higher Health-Opposes-TMY.PDF",Testifying is participation in a public process. It is not evidence of influence on the outcome.,"NO. This row records visibility, not causation.",GL
INFL_0956,2024,"s, ken",PERSON_S_KEN,HB-05150,BILL_2024_HB5150,filed written testimony: Opposes,HB-05150,testimony,4,strong temporal or documentary support,SOURCE_0015,"https://www.cga.ct.gov/2024/gldata/TMY/2024HB-05150-R000222-s, ken-Opposes-TMY.PDF",Testifying is participation in a public process. It is not evidence of influence on the outcome.,"NO. This row records visibility, not causation.",GL
INFL_0957,2024,White Oak Apothecary LLC,ORG_WHITE_OAK_APOTHECARY_LLC,HB-05150,BILL_2024_HB5150,filed written testimony: Supports,HB-05150,testimony,4,strong temporal or documentary support,SOURCE_0015,"https://www.cga.ct.gov/2024/gldata/TMY/2024HB-05150-R000222-Santiago, Solmarie, President-White Oak Apothecary LLC-Supports-TMY.PDF",Testifying is participation in a public process. It is not evidence of influence on the outcome.,"NO. This row records visibility, not causation.",GL
INFL_0958,2024,"Schenker, Katie",PERSON_SCHENKER_KATIE,HB-05150,BILL_2024_HB5150,filed written testimony: Opposes,HB-05150,testimony,4,strong temporal or documentary support,SOURCE_0015,"https://www.cga.ct.gov/2024/gldata/TMY/2024HB-05150-R000222-Schenker, Katie-Opposes-TMY.PDF",Testifying is participation in a public process. It is not evidence of influence on the outcome.,"NO. This row records visibility, not causation.",GL
INFL_0959,2024,CT Cannawarriors,ORG_CT_CANNAWARRIORS,HB-05150,BILL_2024_HB5150,filed written testimony: Opposes,HB-05150,testimony,4,strong temporal or documentary support,SOURCE_0015,"https://www.cga.ct.gov/2024/gldata/TMY/2024HB-05150-R000222-Schlee, Josiah, Cannabis Advocate-CT Cannawarriors-Opposes-TMY.PDF",Testifying is participation in a public process. It is not evidence of influence on the outcome.,"NO. This row records visibility, not causation.",GL
INFL_0960,2024,Citizen,ORG_CITIZEN,HB-05150,BILL_2024_HB5150,filed written testimony: Opposes,HB-05150,testimony,4,strong temporal or documentary support,SOURCE_0015,"https://www.cga.ct.gov/2024/gldata/TMY/2024HB-05150-R000222-Schultz, Joshua-Citizen-Opposes-TMY.PDF",Testifying is participation in a public process. It is not evidence of influence on the outcome.,"NO. This row records visibility, not causation.",GL
INFL_0961,2024,Sweetheal shops,ORG_SWEETHEAL_SHOPS,HB-05150,BILL_2024_HB5150,filed written testimony: Opposes,HB-05150,testimony,4,strong temporal or documentary support,SOURCE_0015,"https://www.cga.ct.gov/2024/gldata/TMY/2024HB-05150-R000222-Shah, Gokul, Owner operator-Sweetheal shops-Opposes-TMY.PDF",Testifying is participation in a public process. It is not evidence of influence on the outcome.,"NO. This row records visibility, not causation.",GL
INFL_0962,2024,Inc.,ORG_INC,HB-05150,BILL_2024_HB5150,filed written testimony: Opposes,HB-05150,testimony,4,strong temporal or documentary support,SOURCE_0015,"https://www.cga.ct.gov/2024/gldata/TMY/2024HB-05150-R000222-Shatzer, Patrick, Testimony on House Bill 5150-Sunflora-Inc.-Opposes-TMY.PDF",Testifying is participation in a public process. It is not evidence of influence on the outcome.,"NO. This row records visibility, not causation.",GL
INFL_0963,2024,Wherehouse Beverage Co,ORG_WHEREHOUSE_BEVERAGE_CO,HB-05150,BILL_2024_HB5150,filed written testimony: Opposes,HB-05150,testimony,4,strong temporal or documentary support,SOURCE_0015,"https://www.cga.ct.gov/2024/gldata/TMY/2024HB-05150-R000222-Sheehan, Shawn, Co-Founder-Wherehouse Beverage Co-Opposes-TMY.PDF",Testifying is participation in a public process. It is not evidence of influence on the outcome.,"NO. This row records visibility, not causation.",GL
INFL_0964,2024,Delta Beverages LLC,ORG_DELTA_BEVERAGES_LLC,HB-05150,BILL_2024_HB5150,filed written testimony: Opposes,HB-05150,testimony,4,strong temporal or documentary support,SOURCE_0015,"https://www.cga.ct.gov/2024/gldata/TMY/2024HB-05150-R000222-Sherrie, Jack, Cannabis and Hemp THC Beverages-Delta Beverages LLC-Opposes-TMY.PDF",Testifying is participation in a public process. It is not evidence of influence on the outcome.,"NO. This row records visibility, not causation.",GL
INFL_0965,2024,"Sicard, Alison",PERSON_SICARD_ALISON,HB-05150,BILL_2024_HB5150,filed written testimony: Opposes,HB-05150,testimony,4,strong temporal or documentary support,SOURCE_0015,"https://www.cga.ct.gov/2024/gldata/TMY/2024HB-05150-R000222-Sicard, Alison-Opposes-TMY.PDF",Testifying is participation in a public process. It is not evidence of influence on the outcome.,"NO. This row records visibility, not causation.",GL
INFL_0966,2024,Flower House,ORG_FLOWER_HOUSE,HB-05150,BILL_2024_HB5150,filed written testimony: Opposes,HB-05150,testimony,4,strong temporal or documentary support,SOURCE_0015,"https://www.cga.ct.gov/2024/gldata/TMY/2024HB-05150-R000222-Simard, Chad-Flower House-Opposes-TMY.PDF",Testifying is participation in a public process. It is not evidence of influence on the outcome.,"NO. This row records visibility, not causation.",GL
INFL_0967,2024,Hemp House Farms,ORG_HEMP_HOUSE_FARMS,HB-05150,BILL_2024_HB5150,filed written testimony: Supports,HB-05150,testimony,4,strong temporal or documentary support,SOURCE_0015,"https://www.cga.ct.gov/2024/gldata/TMY/2024HB-05150-R000222-Smith, Brant, President-Hemp House Farms-Supports-TMY.PDF",Testifying is participation in a public process. It is not evidence of influence on the outcome.,"NO. This row records visibility, not causation.",GL
INFL_0968,2024,"Smith, Jane",PERSON_SMITH_JANE,HB-05150,BILL_2024_HB5150,filed written testimony: Opposes,HB-05150,testimony,4,strong temporal or documentary support,SOURCE_0015,"https://www.cga.ct.gov/2024/gldata/TMY/2024HB-05150-R000222-Smith, Jane, Ms-Opposes-TMY.PDF",Testifying is participation in a public process. It is not evidence of influence on the outcome.,"NO. This row records visibility, not causation.",GL
INFL_0969,2024,"Solo, Solo",PERSON_SOLO_SOLO,HB-05150,BILL_2024_HB5150,filed written testimony: Opposes,HB-05150,testimony,4,strong temporal or documentary support,SOURCE_0015,"https://www.cga.ct.gov/2024/gldata/TMY/2024HB-05150-R000222-Solo, Solo-Opposes-TMY.PDF",Testifying is participation in a public process. It is not evidence of influence on the outcome.,"NO. This row records visibility, not causation.",GL
INFL_0970,2024,Curaleaf,ORG_CURALEAF,HB-05150,BILL_2024_HB5150,filed written testimony: Opposes,HB-05150,testimony,4,strong temporal or documentary support,SOURCE_0015,"https://www.cga.ct.gov/2024/gldata/TMY/2024HB-05150-R000222-Steigerwald, Haley, Pharmacist-Curaleaf-Opposes-TMY.PDF",Testifying is participation in a public process. It is not evidence of influence on the outcome.,"NO. This row records visibility, not causation.",GL
INFL_0971,2024,"Stein, Nicholas",PERSON_STEIN_NICHOLAS,HB-05150,BILL_2024_HB5150,filed written testimony: Opposes,HB-05150,testimony,4,strong temporal or documentary support,SOURCE_0015,"https://www.cga.ct.gov/2024/gldata/TMY/2024HB-05150-R000222-Stein, Nicholas-Opposes-TMY.PDF",Testifying is participation in a public process. It is not evidence of influence on the outcome.,"NO. This row records visibility, not causation.",GL
INFL_0972,2024,Affinity Dispensary,ORG_AFFINITY_DISPENSARY,HB-05150,BILL_2024_HB5150,filed written testimony: Opposes,HB-05150,testimony,4,strong temporal or documentary support,SOURCE_0015,"https://www.cga.ct.gov/2024/gldata/TMY/2024HB-05150-R000222-Svec, Camden, Pharmacist-Dispensary Manager-Affinity Dispensary-Opposes-TMY.PDF",Testifying is participation in a public process. It is not evidence of influence on the outcome.,"NO. This row records visibility, not causation.",GL
INFL_0973,2024,a,ORG_A,HB-05150,BILL_2024_HB5150,filed written testimony: Opposes,HB-05150,testimony,4,strong temporal or documentary support,SOURCE_0015,"https://www.cga.ct.gov/2024/gldata/TMY/2024HB-05150-R000222-Swiatek, Karen, Pharmacist-n-a-Opposes-TMY.PDF",Testifying is participation in a public process. It is not evidence of influence on the outcome.,"NO. This row records visibility, not causation.",GL
INFL_0974,2024,Oakdale Farm,ORG_OAKDALE_FARM,HB-05150,BILL_2024_HB5150,filed written testimony: Opposes,HB-05150,testimony,4,strong temporal or documentary support,SOURCE_0015,"https://www.cga.ct.gov/2024/gldata/TMY/2024HB-05150-R000222-Taylor, Meredith, Mrs-Oakdale Farm-Opposes-TMY.PDF",Testifying is participation in a public process. It is not evidence of influence on the outcome.,"NO. This row records visibility, not causation.",GL
INFL_0975,2024,Nova Farms Connecticut LLC,ORG_NOVA_FARMS_CONNECTICUT_LLC,HB-05150,BILL_2024_HB5150,filed written testimony: Supports,HB-05150,testimony,4,strong temporal or documentary support,SOURCE_0015,"https://www.cga.ct.gov/2024/gldata/TMY/2024HB-05150-R000222-Teal, Jason, CEO-Nova Farms Connecticut LLC-Supports-TMY.PDF",Testifying is participation in a public process. It is not evidence of influence on the outcome.,"NO. This row records visibility, not causation.",GL
INFL_0976,2024,Sunmed,ORG_SUNMED,HB-05150,BILL_2024_HB5150,filed written testimony: Opposes,HB-05150,testimony,4,strong temporal or documentary support,SOURCE_0015,"https://www.cga.ct.gov/2024/gldata/TMY/2024HB-05150-R000222-Viglione, James, Owner-Your CBD Store  -Sunmed--Opposes-TMY.PDF",Testifying is participation in a public process. It is not evidence of influence on the outcome.,"NO. This row records visibility, not causation.",GL
INFL_0977,2024,"Wahl, Robyn",PERSON_WAHL_ROBYN,HB-05150,BILL_2024_HB5150,filed written testimony: Supports,HB-05150,testimony,4,strong temporal or documentary support,SOURCE_0015,"https://www.cga.ct.gov/2024/gldata/TMY/2024HB-05150-R000222-Wahl, Robyn, Pharmacist  MMJ Key Employee-Supports-TMY.PDF",Testifying is participation in a public process. It is not evidence of influence on the outcome.,"NO. This row records visibility, not causation.",GL
INFL_0978,2024,"Walker, Kevon",PERSON_WALKER_KEVON,HB-05150,BILL_2024_HB5150,filed written testimony: Opposes,HB-05150,testimony,4,strong temporal or documentary support,SOURCE_0015,"https://www.cga.ct.gov/2024/gldata/TMY/2024HB-05150-R000222-Walker, Kevon-Opposes-TMY.PDF",Testifying is participation in a public process. It is not evidence of influence on the outcome.,"NO. This row records visibility, not causation.",GL
INFL_0979,2024,Floating Islands,ORG_FLOATING_ISLANDS,HB-05150,BILL_2024_HB5150,filed written testimony: Opposes,HB-05150,testimony,4,strong temporal or documentary support,SOURCE_0015,"https://www.cga.ct.gov/2024/gldata/TMY/2024HB-05150-R000222-Whelpley, Gordon, CEO-Floating Islands-Opposes-TMY.PDF",Testifying is participation in a public process. It is not evidence of influence on the outcome.,"NO. This row records visibility, not causation.",GL
INFL_0980,2024,"Williams, Zanaiya",PERSON_WILLIAMS_ZANAIYA,HB-05150,BILL_2024_HB5150,filed written testimony: Opposes,HB-05150,testimony,4,strong temporal or documentary support,SOURCE_0015,"https://www.cga.ct.gov/2024/gldata/TMY/2024HB-05150-R000222-Williams, Zanaiya-Opposes-TMY.PDF",Testifying is participation in a public process. It is not evidence of influence on the outcome.,"NO. This row records visibility, not causation.",GL
INFL_0981,2024,"Woodard, Nicholas",PERSON_WOODARD_NICHOLAS,HB-05150,BILL_2024_HB5150,filed written testimony: Opposes,HB-05150,testimony,4,strong temporal or documentary support,SOURCE_0015,"https://www.cga.ct.gov/2024/gldata/TMY/2024HB-05150-R000222-Woodard, Nicholas, Dr-Opposes-TMY.PDF",Testifying is participation in a public process. It is not evidence of influence on the outcome.,"NO. This row records visibility, not causation.",GL
INFL_0982,2024,"Woodard, Nicholas",PERSON_WOODARD_NICHOLAS,HB-05150,BILL_2024_HB5150,filed written testimony: Opposes,HB-05150,testimony,4,strong temporal or documentary support,SOURCE_0015,"https://www.cga.ct.gov/2024/gldata/TMY/2024HB-05150-R000222-Woodard, Nicholas-Opposes-TMY.PDF",Testifying is participation in a public process. It is not evidence of influence on the outcome.,"NO. This row records visibility, not causation.",GL
INFL_0983,2024,Rebel Rabbit,ORG_REBEL_RABBIT,HB-05150,BILL_2024_HB5150,filed written testimony: Opposes,HB-05150,testimony,4,strong temporal or documentary support,SOURCE_0015,"https://www.cga.ct.gov/2024/gldata/TMY/2024HB-05150-R000222-Wylie, Pierce, CEO-Rebel Rabbit-Opposes-TMY.PDF",Testifying is participation in a public process. It is not evidence of influence on the outcome.,"NO. This row records visibility, not causation.",GL
INFL_0984,2024,"Young, James",PERSON_YOUNG_JAMES,HB-05150,BILL_2024_HB5150,filed written testimony: Opposes,HB-05150,testimony,4,strong temporal or documentary support,SOURCE_0015,"https://www.cga.ct.gov/2024/gldata/TMY/2024HB-05150-R000222-Young, James-Opposes-TMY.PDF",Testifying is participation in a public process. It is not evidence of influence on the outcome.,"NO. This row records visibility, not causation.",GL
INFL_0985,2024,"Young, Steven",PERSON_YOUNG_STEVEN,HB-05150,BILL_2024_HB5150,filed written testimony: Opposes,HB-05150,testimony,4,strong temporal or documentary support,SOURCE_0015,"https://www.cga.ct.gov/2024/gldata/TMY/2024HB-05150-R000222-Young, Steven, Pharmacist-Opposes-TMY.PDF",Testifying is participation in a public process. It is not evidence of influence on the outcome.,"NO. This row records visibility, not causation.",GL
INFL_0986,2024,bloomHigher,ORG_BLOOMHIGHER,HB-05150,BILL_2024_HB5150,filed written testimony: Opposes,HB-05150,testimony,4,strong temporal or documentary support,SOURCE_0015,"https://www.cga.ct.gov/2024/gldata/TMY/2024HB-05150-R000222-Zakir, Uzma, Pharmacist-bloomHigher-Opposes-TMY.PDF",Testifying is participation in a public process. It is not evidence of influence on the outcome.,"NO. This row records visibility, not causation.",GL
INFL_0987,2024,"Zrenda, Laurie",PERSON_ZRENDA_LAURIE,HB-05150,BILL_2024_HB5150,filed written testimony: Opposes,HB-05150,testimony,4,strong temporal or documentary support,SOURCE_0015,"https://www.cga.ct.gov/2024/gldata/TMY/2024HB-05150-R000222-Zrenda, Laurie, pharmacist-Opposes-TMY.PDF",Testifying is participation in a public process. It is not evidence of influence on the outcome.,"NO. This row records visibility, not causation.",GL
INFL_0988,2024,DCP,ORG_DCP,HB-05235,BILL_2024_HB5235,filed written testimony: Supports,HB-05235,testimony,4,strong temporal or documentary support,SOURCE_0015,"https://www.cga.ct.gov/2024/gldata/TMY/2024HB-05235-R000227-Cafferelli, Bryan, Commissioner-DCP-Supports-TMY.PDF",Testifying is participation in a public process. It is not evidence of influence on the outcome.,"NO. This row records visibility, not causation.",GL
INFL_0989,2024,"Fecko, Karen",PERSON_FECKO_KAREN,HB-05235,BILL_2024_HB5235,filed written testimony: Supports,HB-05235,testimony,4,strong temporal or documentary support,SOURCE_0015,"https://www.cga.ct.gov/2024/gldata/TMY/2024HB-05235-R000227-Fecko, Karen-Supports-TMY.PDF",Testifying is participation in a public process. It is not evidence of influence on the outcome.,"NO. This row records visibility, not causation.",GL
INFL_0990,2024,"Fecko, Karen",PERSON_FECKO_KAREN,HB-05235,BILL_2024_HB5235,filed written testimony: Supports,HB-05235,testimony,4,strong temporal or documentary support,SOURCE_0015,"https://www.cga.ct.gov/2024/gldata/TMY/2024HB-05235-R010227-Fecko, Karen-Supports-TMY.PDF",Testifying is participation in a public process. It is not evidence of influence on the outcome.,"NO. This row records visibility, not causation.",GL
INFL_0991,2024,"Fecko, Karen",PERSON_FECKO_KAREN,HB-05235,BILL_2024_HB5235,filed written testimony: Supports,HB-05235,testimony,4,strong temporal or documentary support,SOURCE_0015,"https://www.cga.ct.gov/2024/gldata/TMY/2024HB-05235-R020227-Fecko, Karen-Supports-TMY.PDF",Testifying is participation in a public process. It is not evidence of influence on the outcome.,"NO. This row records visibility, not causation.",GL
INFL_0992,2024,CT Cannabis Chamber of Commerce,ORG_CT_CANNABIS_CHAMBER_OF_COMMERCE,HB-05235,BILL_2024_HB5235,filed written testimony: Supports,HB-05235,testimony,4,strong temporal or documentary support,SOURCE_0015,"https://www.cga.ct.gov/2024/gldata/TMY/2024HB-05235-R000227-Fell, Jennifer, Dir of Gov Affairs-CT Cannabis Chamber of Commerce-Supports-TMY.PDF",Testifying is participation in a public process. It is not evidence of influence on the outcome.,"NO. This row records visibility, not causation.",GL
INFL_0993,2024,"Locker, Deborah",PERSON_LOCKER_DEBORAH,HB-05235,BILL_2024_HB5235,filed written testimony: Opposes,HB-05235,testimony,4,strong temporal or documentary support,SOURCE_0015,"https://www.cga.ct.gov/2024/gldata/TMY/2024HB-05235-R000227-Locker, Deborah, Farmer-Opposes-TMY.PDF",Testifying is participation in a public process. It is not evidence of influence on the outcome.,"NO. This row records visibility, not causation.",GL
INFL_0994,2024,Better Ways LLC,ORG_BETTER_WAYS_LLC,HB-05235,BILL_2024_HB5235,filed written testimony: Opposes,HB-05235,testimony,4,strong temporal or documentary support,SOURCE_0015,"https://www.cga.ct.gov/2024/gldata/TMY/2024HB-05235-R000227-Markovich, Duncan, Owner-Better Ways LLC-Opposes-TMY.PDF",Testifying is participation in a public process. It is not evidence of influence on the outcome.,"NO. This row records visibility, not causation.",GL
INFL_0995,2024,Better Ways LLC,ORG_BETTER_WAYS_LLC,HB-05235,BILL_2024_HB5235,filed written testimony: Opposes,HB-05235,testimony,4,strong temporal or documentary support,SOURCE_0015,"https://www.cga.ct.gov/2024/gldata/TMY/2024HB-05235-R010227-Markovich, Duncan, Owner-Better Ways LLC-Opposes-TMY.PDF",Testifying is participation in a public process. It is not evidence of influence on the outcome.,"NO. This row records visibility, not causation.",GL
INFL_0996,2024,Cannabis Advocate,ORG_CANNABIS_ADVOCATE,HB-05235,BILL_2024_HB5235,filed written testimony: Opposes,HB-05235,testimony,4,strong temporal or documentary support,SOURCE_0015,"https://www.cga.ct.gov/2024/gldata/TMY/2024HB-05235-R000227-Schlee, Josiah, Cannabis Advocate-Cannabis Advocate-Opposes-TMY.PDF",Testifying is participation in a public process. It is not evidence of influence on the outcome.,"NO. This row records visibility, not causation.",GL
INFL_0997,2024,"Schlee, Josiah",PERSON_SCHLEE_JOSIAH,HB-05235,BILL_2024_HB5235,filed written testimony: Opposes,HB-05235,testimony,4,strong temporal or documentary support,SOURCE_0015,"https://www.cga.ct.gov/2024/gldata/TMY/2024HB-05235-R000227-Schlee, Josiah, Cannabis Advocate-Opposes-TMY.PDF",Testifying is participation in a public process. It is not evidence of influence on the outcome.,"NO. This row records visibility, not causation.",GL
INFL_0998,2024,DCP,ORG_DCP,HB-05236,BILL_2024_HB5236,filed written testimony: Supports,HB-05236,testimony,4,strong temporal or documentary support,SOURCE_0015,"https://www.cga.ct.gov/2024/gldata/TMY/2024HB-05236-R000227-Cafferelli, Bryan, Commissioner-DCP-Supports-TMY.PDF",Testifying is participation in a public process. It is not evidence of influence on the outcome.,"NO. This row records visibility, not causation.",GL
INFL_0999,2024,"Fecko, Karen",PERSON_FECKO_KAREN,HB-05236,BILL_2024_HB5236,filed written testimony: Supports,HB-05236,testimony,4,strong temporal or documentary support,SOURCE_0015,"https://www.cga.ct.gov/2024/gldata/TMY/2024HB-05236-R000227-Fecko, Karen-Supports-TMY.PDF",Testifying is participation in a public process. It is not evidence of influence on the outcome.,"NO. This row records visibility, not causation.",GL
INFL_1000,2024,"Fecko, Karen",PERSON_FECKO_KAREN,HB-05236,BILL_2024_HB5236,filed written testimony: Supports,HB-05236,testimony,4,strong temporal or documentary support,SOURCE_0015,"https://www.cga.ct.gov/2024/gldata/TMY/2024HB-05236-R010227-Fecko, Karen-Supports-TMY.PDF",Testifying is participation in a public process. It is not evidence of influence on the outcome.,"NO. This row records visibility, not causation.",GL
INFL_1001,2024,"Fecko, Karen",PERSON_FECKO_KAREN,HB-05236,BILL_2024_HB5236,filed written testimony: Supports,HB-05236,testimony,4,strong temporal or documentary support,SOURCE_0015,"https://www.cga.ct.gov/2024/gldata/TMY/2024HB-05236-R020227-Fecko, Karen-Supports-TMY.PDF",Testifying is participation in a public process. It is not evidence of influence on the outcome.,"NO. This row records visibility, not causation.",GL
INFL_1002,2024,HBRA of CT,ORG_HBRA_OF_CT,HB-05236,BILL_2024_HB5236,filed written testimony: Opposes,HB-05236,testimony,4,strong temporal or documentary support,SOURCE_0015,"https://www.cga.ct.gov/2024/gldata/TMY/2024HB-05236-R000227-Perras, Jim, CEO-HBRA of CT-Opposes-TMY.PDF",Testifying is participation in a public process. It is not evidence of influence on the outcome.,"NO. This row records visibility, not causation.",GL
INFL_1003,2024,Office of the Attorney General,ORG_OFFICE_OF_THE_ATTORNEY_GENERAL,HB-05236,BILL_2024_HB5236,filed written testimony: Supports,HB-05236,testimony,4,strong temporal or documentary support,SOURCE_0015,"https://www.cga.ct.gov/2024/gldata/TMY/2024HB-05236-R000227-Tong, William, Attorney General-Office of the Attorney General-Supports-TMY.PDF",Testifying is participation in a public process. It is not evidence of influence on the outcome.,"NO. This row records visibility, not causation.",GL
INFL_1004,2023,NECCA,ORG_NECCA,HB-06699,BILL_2023_HB6699,filed written testimony: Opposes,HB-06699,testimony,4,strong temporal or documentary support,SOURCE_0015,"https://www.cga.ct.gov/2023/gldata/TMY/2023HB-06699-R000223-Accettullo, Joseph-Ct Cannawarriors-NECCA-Opposes-TMY.PDF",Testifying is participation in a public process. It is not evidence of influence on the outcome.,"NO. This row records visibility, not causation.",GL
INFL_1005,2023,"Capitani, Lisa",PERSON_CAPITANI_LISA,HB-06699,BILL_2023_HB6699,filed written testimony: Supports,HB-06699,testimony,4,strong temporal or documentary support,SOURCE_0015,"https://www.cga.ct.gov/2023/gldata/TMY/2023HB-06699-R000223-Capitani, Lisa, Registered Nurse-Supports-TMY.PDF",Testifying is participation in a public process. It is not evidence of influence on the outcome.,"NO. This row records visibility, not causation.",GL
INFL_1006,2023,UFCW Union,ORG_UFCW_UNION,HB-06699,BILL_2023_HB6699,filed written testimony: Supports,HB-06699,testimony,4,strong temporal or documentary support,SOURCE_0015,"https://www.cga.ct.gov/2023/gldata/TMY/2023HB-06699-R000223-Clayborne, Alexander, State Legislative Analyst-UFCW Union-Supports-TMY.PDF",Testifying is participation in a public process. It is not evidence of influence on the outcome.,"NO. This row records visibility, not causation.",GL
INFL_1007,2023,"Dennis, Carolyn",PERSON_DENNIS_CAROLYN,HB-06699,BILL_2023_HB6699,filed written testimony: Supports,HB-06699,testimony,4,strong temporal or documentary support,SOURCE_0015,"https://www.cga.ct.gov/2023/gldata/TMY/2023HB-06699-R000223-Dennis, Carolyn-Supports-TMY.PDF",Testifying is participation in a public process. It is not evidence of influence on the outcome.,"NO. This row records visibility, not causation.",GL
INFL_1008,2023,CT Youth Services Association,ORG_CT_YOUTH_SERVICES_ASSOCIATION,HB-06699,BILL_2023_HB6699,filed written testimony: Supports,HB-06699,testimony,4,strong temporal or documentary support,SOURCE_0015,"https://www.cga.ct.gov/2023/gldata/TMY/2023HB-06699-R000223-Dube, Kathryn, Executive Director-CT Youth Services Association-Supports-TMY.PDF",Testifying is participation in a public process. It is not evidence of influence on the outcome.,"NO. This row records visibility, not causation.",GL
INFL_1009,2023,CT Youth Services Association,ORG_CT_YOUTH_SERVICES_ASSOCIATION,HB-06699,BILL_2023_HB6699,filed written testimony: Supports,HB-06699,testimony,4,strong temporal or documentary support,SOURCE_0015,"https://www.cga.ct.gov/2023/gldata/TMY/2023HB-06699-R010223-Dube, Kathryn, Executive Director-CT Youth Services Association-Supports-TMY.PDF",Testifying is participation in a public process. It is not evidence of influence on the outcome.,"NO. This row records visibility, not causation.",GL
INFL_1010,2023,Main Quality Roots,ORG_MAIN_QUALITY_ROOTS,HB-06699,BILL_2023_HB6699,filed written testimony: Opposes,HB-06699,testimony,4,strong temporal or documentary support,SOURCE_0015,"https://www.cga.ct.gov/2023/gldata/TMY/2023HB-06699-R000223-Frazer, Joshua-Main Quality Roots-Opposes-TMY.PDF",Testifying is participation in a public process. It is not evidence of influence on the outcome.,"NO. This row records visibility, not causation.",GL
INFL_1011,2023,White Oak Apothecary LLC,ORG_WHITE_OAK_APOTHECARY_LLC,HB-06699,BILL_2023_HB6699,filed written testimony: Supports,HB-06699,testimony,4,strong temporal or documentary support,SOURCE_0015,"https://www.cga.ct.gov/2023/gldata/TMY/2023HB-06699-R000223-Frytz, Angerlyk, COO-White Oak Apothecary LLC-Supports-TMY.PDF",Testifying is participation in a public process. It is not evidence of influence on the outcome.,"NO. This row records visibility, not causation.",GL
INFL_1012,2023,Provisions,ORG_PROVISIONS,HB-06699,BILL_2023_HB6699,filed written testimony: Supports,HB-06699,testimony,4,strong temporal or documentary support,SOURCE_0015,"https://www.cga.ct.gov/2023/gldata/TMY/2023HB-06699-R000223-Johnson, Stella, Compliance Manager-Bud-s Goods - Provisions-Supports-TMY.PDF",Testifying is participation in a public process. It is not evidence of influence on the outcome.,"NO. This row records visibility, not causation.",GL
INFL_1013,2023,CT SAM,ORG_CT_SAM,HB-06699,BILL_2023_HB6699,filed written testimony: Opposes,HB-06699,testimony,4,strong temporal or documentary support,SOURCE_0015,"https://www.cga.ct.gov/2023/gldata/TMY/2023HB-06699-R000223-Naumann, Kiersten, Co-Chair-CT SAM-Opposes-TMY.PDF",Testifying is participation in a public process. It is not evidence of influence on the outcome.,"NO. This row records visibility, not causation.",GL
INFL_1014,2023,NECCA,ORG_NECCA,HB-06699,BILL_2023_HB6699,filed written testimony: Opposes,HB-06699,testimony,4,strong temporal or documentary support,SOURCE_0015,"https://www.cga.ct.gov/2023/gldata/TMY/2023HB-06699-R000223-Rotunda, Audrey-Ct Cannawarriors-NECCA-Opposes-TMY.PDF",Testifying is participation in a public process. It is not evidence of influence on the outcome.,"NO. This row records visibility, not causation.",GL
INFL_1015,2023,UFCW Local 919,ORG_UFCW_LOCAL_919,HB-06699,BILL_2023_HB6699,filed written testimony: Supports,HB-06699,testimony,4,strong temporal or documentary support,SOURCE_0015,"https://www.cga.ct.gov/2023/gldata/TMY/2023HB-06699-R000223-Sabo, Emily, Organizing Director-UFCW Local 919-Supports-TMY.PDF",Testifying is participation in a public process. It is not evidence of influence on the outcome.,"NO. This row records visibility, not causation.",GL
INFL_1016,2023,LLC,ORG_LLC,HB-06699,BILL_2023_HB6699,filed written testimony: Opposes,HB-06699,testimony,4,strong temporal or documentary support,SOURCE_0015,"https://www.cga.ct.gov/2023/gldata/TMY/2023HB-06699-R000223-Simonow, Andrew, 6 West Ave-LLC-Opposes-TMY.PDF",Testifying is participation in a public process. It is not evidence of influence on the outcome.,"NO. This row records visibility, not causation.",GL
INFL_1017,2023,Hopriver hemp,ORG_HOPRIVER_HEMP,HB-06699,BILL_2023_HB6699,filed written testimony: Supports,HB-06699,testimony,4,strong temporal or documentary support,SOURCE_0015,"https://www.cga.ct.gov/2023/gldata/TMY/2023HB-06699-R000223-Sipala, Matt, Owner-Hopriver hemp-Supports-TMY.PDF",Testifying is participation in a public process. It is not evidence of influence on the outcome.,"NO. This row records visibility, not causation.",GL
INFL_1018,2023,CTSocCPAs,ORG_CTSOCCPAS,SB-01058,BILL_2023_SB1058,filed written testimony: Supports,SB-01058,testimony,4,strong temporal or documentary support,SOURCE_0015,"https://www.cga.ct.gov/2023/gldata/TMY/2023SB-01058-R000221-Cohen, Adam P, CPA - Member-Adam P Cohen CPA LLC - CTSocCPAs-Supports-TMY.PDF",Testifying is participation in a public process. It is not evidence of influence on the outcome.,"NO. This row records visibility, not causation.",GL
INFL_1019,2023,Connecticut Hospital Association,PERSON_CONNECTICUT_HOSPITAL_ASSOCIATION,SB-01058,BILL_2023_SB1058,filed written testimony: Supports,SB-01058,testimony,4,strong temporal or documentary support,SOURCE_0015,https://www.cga.ct.gov/2023/gldata/TMY/2023SB-01058-R000221-Connecticut Hospital Association-Supports-TMY.PDF,Testifying is participation in a public process. It is not evidence of influence on the outcome.,"NO. This row records visibility, not causation.",GL
INFL_1020,2023,American Petroleum Institute,ORG_AMERICAN_PETROLEUM_INSTITUTE,SB-01058,BILL_2023_SB1058,filed written testimony: Opposes,SB-01058,testimony,4,strong temporal or documentary support,SOURCE_0015,"https://www.cga.ct.gov/2023/gldata/TMY/2023SB-01058-R000221-Donnell, David, Associate Director NE Region-American Petroleum Institute-Opposes-TMY.PDF",Testifying is participation in a public process. It is not evidence of influence on the outcome.,"NO. This row records visibility, not causation.",GL
INFL_1021,2023,AARP,ORG_AARP,SB-01058,BILL_2023_SB1058,filed written testimony: Supports,SB-01058,testimony,4,strong temporal or documentary support,SOURCE_0015,"https://www.cga.ct.gov/2023/gldata/TMY/2023SB-01058-R000221-Erlingheuser, John, Senior Director of Advocacy-AARP-Supports-TMY.PDF",Testifying is participation in a public process. It is not evidence of influence on the outcome.,"NO. This row records visibility, not causation.",GL
INFL_1022,2023,SPSC,ORG_SPSC,SB-01058,BILL_2023_SB1058,filed written testimony: Opposes,SB-01058,testimony,4,strong temporal or documentary support,SOURCE_0015,"https://www.cga.ct.gov/2023/gldata/TMY/2023SB-01058-R000221-Kingman, Andrew, Counsel-SPSC-Opposes-TMY.PDF",Testifying is participation in a public process. It is not evidence of influence on the outcome.,"NO. This row records visibility, not causation.",GL
INFL_1023,2023,CT Nonprofit Alliance,ORG_CT_NONPROFIT_ALLIANCE,SB-01058,BILL_2023_SB1058,filed written testimony: Supports,SB-01058,testimony,4,strong temporal or documentary support,SOURCE_0015,"https://www.cga.ct.gov/2023/gldata/TMY/2023SB-01058-R000221-Shaw, Jeff, Senior Public Policy Advisor-CT Nonprofit Alliance-Supports-TMY.PDF",Testifying is participation in a public process. It is not evidence of influence on the outcome.,"NO. This row records visibility, not causation.",GL
INFL_1024,2023,CTCPA,ORG_CTCPA,SB-01058,BILL_2023_SB1058,filed written testimony: Supports,SB-01058,testimony,4,strong temporal or documentary support,SOURCE_0015,"https://www.cga.ct.gov/2023/gldata/TMY/2023SB-01058-R000221-STEWART, BONNIE, EXECUTIVE DIRECTOR - CEO-CTCPA-Supports-TMY.PDF",Testifying is participation in a public process. It is not evidence of influence on the outcome.,"NO. This row records visibility, not causation.",GL
INFL_1025,2023,Office of the Attorney General,ORG_OFFICE_OF_THE_ATTORNEY_GENERAL,SB-01058,BILL_2023_SB1058,filed written testimony: Supports,SB-01058,testimony,4,strong temporal or documentary support,SOURCE_0015,"https://www.cga.ct.gov/2023/gldata/TMY/2023SB-01058-R000221-Tong, William, Attorney General-Office of the Attorney General-Supports-TMY.PDF",Testifying is participation in a public process. It is not evidence of influence on the outcome.,"NO. This row records visibility, not causation.",GL
INFL_1026,2022,"Bishop, James",PERSON_BISHOP_JAMES,HB-05329,BILL_2022_HB5329,filed written testimony: Opposes,HB-05329,testimony,4,strong temporal or documentary support,SOURCE_0015,"https://www.cga.ct.gov/2022/gldata/TMY/2022HB-05329-R000308-Bishop, James-Oppose-TMY.PDF",Testifying is participation in a public process. It is not evidence of influence on the outcome.,"NO. This row records visibility, not causation.",GL
INFL_1027,2022,"House of Representatives, State of CT",ORG_HOUSE_OF_REPRESENTATIVES_STATE_OF_CT,HB-05329,BILL_2022_HB5329,filed written testimony: Supports,HB-05329,testimony,4,strong temporal or documentary support,SOURCE_0015,"https://www.cga.ct.gov/2022/gldata/TMY/2022HB-05329-R000308-Candelora, Vincent J., Representative-House of Representatives, State of CT-Support-TMY.PDF",Testifying is participation in a public process. It is not evidence of influence on the outcome.,"NO. This row records visibility, not causation.",GL
INFL_1028,2022,The Hub,ORG_THE_HUB,HB-05329,BILL_2022_HB5329,filed written testimony: Supports,HB-05329,testimony,4,strong temporal or documentary support,SOURCE_0015,"https://www.cga.ct.gov/2022/gldata/TMY/2022HB-05329-R000308-Comet, Kaitlin, Program Coordinator-The Hub-Support-TMY.PDF",Testifying is participation in a public process. It is not evidence of influence on the outcome.,"NO. This row records visibility, not causation.",GL
INFL_1029,2022,"House of Representatives, State of Connecticut",ORG_HOUSE_OF_REPRESENTATIVES_STATE_OF_CONNECTICUT,HB-05329,BILL_2022_HB5329,filed written testimony: Supports,HB-05329,testimony,4,strong temporal or documentary support,SOURCE_0015,"https://www.cga.ct.gov/2022/gldata/TMY/2022HB-05329-R000308-Dathan, Lucy, Representative-House of Representatives, State of Connecticut-Support-TMY.PDF",Testifying is participation in a public process. It is not evidence of influence on the outcome.,"NO. This row records visibility, not causation.",GL
INFL_1030,2022,"Godbout, David",PERSON_GODBOUT_DAVID,HB-05329,BILL_2022_HB5329,filed written testimony: Opposes,HB-05329,testimony,4,strong temporal or documentary support,SOURCE_0015,"https://www.cga.ct.gov/2022/gldata/TMY/2022HB-05329-R000308-Godbout, David-Oppose-TMY.PDF",Testifying is participation in a public process. It is not evidence of influence on the outcome.,"NO. This row records visibility, not causation.",GL
INFL_1031,2022,"Marsh, Howard L.",PERSON_MARSH_HOWARD_L,HB-05329,BILL_2022_HB5329,filed written testimony: Opposes,HB-05329,testimony,4,strong temporal or documentary support,SOURCE_0015,"https://www.cga.ct.gov/2022/gldata/TMY/2022HB-05329-R000308-Marsh, Howard L.-Oppose-TMY.PDF",Testifying is participation in a public process. It is not evidence of influence on the outcome.,"NO. This row records visibility, not causation.",GL
INFL_1032,2022,"Mazzamaro, Nicholas",PERSON_MAZZAMARO_NICHOLAS,HB-05329,BILL_2022_HB5329,filed written testimony: Opposes,HB-05329,testimony,4,strong temporal or documentary support,SOURCE_0015,"https://www.cga.ct.gov/2022/gldata/TMY/2022HB-05329-R000308-Mazzamaro, Nicholas-Oppose-TMY.PDF",Testifying is participation in a public process. It is not evidence of influence on the outcome.,"NO. This row records visibility, not causation.",GL
INFL_1033,2022,"Consumer Protection, State of CT",ORG_CONSUMER_PROTECTION_STATE_OF_CT,HB-05329,BILL_2022_HB5329,filed written testimony: Supports,HB-05329,testimony,4,strong temporal or documentary support,SOURCE_0015,"https://www.cga.ct.gov/2022/gldata/TMY/2022HB-05329-R000308-Seagull, Michelle, Commissioner-Consumer Protection, State of CT-Support-TMY.PDF",Testifying is participation in a public process. It is not evidence of influence on the outcome.,"NO. This row records visibility, not causation.",GL
INFL_1034,2022,"Stein, Nicholas Bard",PERSON_STEIN_NICHOLAS_BARD,HB-05329,BILL_2022_HB5329,filed written testimony: Opposes,HB-05329,testimony,4,strong temporal or documentary support,SOURCE_0015,"https://www.cga.ct.gov/2022/gldata/TMY/2022HB-05329-R000308-Stein, Nicholas Bard-Oppose-TMY.PDF",Testifying is participation in a public process. It is not evidence of influence on the outcome.,"NO. This row records visibility, not causation.",GL
INFL_1035,2022,"Watkins, John",PERSON_WATKINS_JOHN,HB-05329,BILL_2022_HB5329,filed written testimony: Opposes,HB-05329,testimony,4,strong temporal or documentary support,SOURCE_0015,"https://www.cga.ct.gov/2022/gldata/TMY/2022HB-05329-R000308-Watkins, John-Oppose-TMY.PDF",Testifying is participation in a public process. It is not evidence of influence on the outcome.,"NO. This row records visibility, not causation.",GL
