change_id,public_act_id,public_act,bill_id,section,session_year,signed_date,effective_date,effective_text,delayed_effect,statutory_citation,primary_statute,statute_id,action,is_repeal,rule_repealed_note,policy_category,affected_population,old_rule_deleted_text,old_rule_basis,new_rule_as_enacted,practical_effect,source_id,exact_locator
PA2021_001_SEC1,PA2021_001,June Sp. Sess. P.A. 21-1,BILL_2021_SB1201,Sec. 1,2021 June Sp. Sess.,2021-06-22,2021-06-22,from passage,no,19a-342; 19a-342a; 21a-408; 21a-408f; 21a-408h; 21a-408p; 21a-408r; 21a-408v,19a-342,STAT_19A_342,NEW section,no,,medical patients and caregivers; licensing; ownership and control; social equity; advertising and packaging; enforcement and penalties; hemp and infused beverages,not stated in the section head,,the act prints no deleted text for this section,"(NEW) (Effective from passage) As used in RERACA, unless the context otherwise requires: (1) ""Responsible and Equitable Regulation of Adult-Use Cannabis Act"" or ""RERACA"" means this section, sections 7, 9, 11 to 14, inclusive, 16, 18, 20 to 65, inclusive, 82, 83, 89 to 110, inclusive, 112 to 114, inclusive, 121, 124 to 128, inclusive, 134, 135 and 144 to 151, inclusive, 153, 162, 163, 165 to 167, inclusive, and 174 of this act, and the amendments to sections 7-148, 10-221, 12-30a, 12-35b, 12-412, 12-650, 12-704d, 14-44k, 14-111e, 14- 227a to 14-227c, inclusive, 14-227j, 15-140q, 15-140r, 18-100h, 19a-342, 19a-342a, 21a-267, 21a-277, 21a-279, 21a-279a, 21a-408 to 21a-408f, inclusive, 21a-408h to 21a-408p, inclusive, 21a-408r to 21a-408v, inclusive, 30-89a, 31-40q, 32-39, 46b-120, 51-164n, 53-394, 53a-39c, 54-1m, 54-33g, 54-41b, 54-56e, 54-56g, 54-56i, 54-56k, 54-56n, 54-63d, 54-66a and 54-",,SOURCE_0001,"June Sp. Sess. P.A. 21-1, Sec. 1"
PA2021_001_SEC2,PA2021_001,June Sp. Sess. P.A. 21-1,BILL_2021_SB1201,Sec. 2,2021 June Sp. Sess.,2021-06-22,2021-07-01,"July 1, 2021",yes,,,,subsections (a) repealed and substituted,no,,ownership and control; home grow and possession; enforcement and penalties,not stated in the section head,less than one-half ounce of a cannabis-type substance,"text the act deletes, printed in square brackets in the enacted act","Subsection (a) of section 21a-279 of the general statutes is repealed and the following is substituted in lieu thereof (Effective July 1, 2021): (a) (1) Any person who possesses or has under such person's control any quantity of any controlled substance, except [less than one-half ounce of a cannabis-type substance] any quantity of cannabis, as defined in section 1 of this act, and except as authorized in this chapter or chapter 420f, shall be guilty of a class A misdemeanor. June Sp. Sess., (2) For a second offense of subdivision (1) of this subsection, the court shall evaluate such person and, if the court determines such person is a drug-dependent person, the court may suspend prosecution of such person and order such person to undergo a substance abuse treatment program. (3) For any subsequent offense of subdivision (1) of this subsection, the court may find such person to be a persi",,SOURCE_0001,"June Sp. Sess. P.A. 21-1, Sec. 2"
PA2021_001_SEC3,PA2021_001,June Sp. Sess. P.A. 21-1,BILL_2021_SB1201,Sec. 3,2021 June Sp. Sess.,2021-06-22,2021-07-01,"July 1, 2021",yes,21a-240,21a-240,STAT_21A_240,section repealed and substituted,no,,ownership and control; home grow and possession; enforcement and penalties,not stated in the section head,"who possesses or has under his control less than one- half ounce of a cannabis-type substance, as defined in section 21a-240, except as authorized in this chapter, shall (1) for a first offense, be fined one hundred fifty dollars, and (2) for a subsequent offense, be fined not less than two hundred dollars or more than five hundred dollars. / the cannabis-type substance","text the act deletes, printed in square brackets in the enacted act","Section 21a-279a of the general statutes is repealed and the following is substituted in lieu thereof (Effective July 1, 2021): (a) Any person [who possesses or has under his control less than one- half ounce of a cannabis-type substance, as defined in section 21a-240, except as authorized in this chapter, shall (1) for a first offense, be fined one hundred fifty dollars, and (2) for a subsequent offense, be fined not less than two hundred dollars or more than five hundred dollars.] twenty-one years of age or older may possess, use and otherwise consume cannabis, provided the amount of all such cannabis does not exceed such person's possession limit of (1) one and one-half ounces of cannabis plant material and five ounces of cannabis plant material in a locked container at such person's residence or a locked glove box or trunk of such person's motor vehicle, (2) an equivalent amount of c",,SOURCE_0001,"June Sp. Sess. P.A. 21-1, Sec. 3"
PA2021_001_SEC4,PA2021_001,June Sp. Sess. P.A. 21-1,BILL_2021_SB1201,Sec. 4,2021 June Sp. Sess.,2021-06-22,2021-07-01,"July 1, 2021",yes,21a-240,21a-240,STAT_21A_240,section repealed and substituted,no,,testing and laboratories; ownership and control; home grow and possession; enforcement and penalties,not stated in the section head,"a cannabis-type substance in a quantity of less than one- half ounce / a cannabis-type substance in a quantity of less than one-half ounce / (d) No person shall (1) use or possess with intent to use drug paraphernalia to plant, propagate, cultivate, grow, harvest, manufacture, compound, convert, produce, process, prepare, test, analyze, pack, repack, store, contain or conceal, or to ingest, inhale or otherwise introduce into the human body, less than one-half ounce of a cannabis-type substance, or (2) deliver, possess with intent to deliver or manufacture with intent to deliver drug paraphernalia knowing, or under circumstances where one reasonably should know, that it will be used to plant, propagate, cultivate, grow, harvest, manufacture, compound, convert, produce, process, prepare, test, analyze, pack, repack, store, contain or conceal, or to ingest, inhale or otherwise introduce into the human body, less than one-half ounce of a cannabis- type substance. Any person who violates any provision of this subsection shall have committed an infraction.","text the act deletes, printed in square brackets in the enacted act","Section 21a-267 of the general statutes is repealed and the following is substituted in lieu thereof (Effective July 1, 2021): (a) No person shall use or possess with intent to use drug paraphernalia, as defined in subdivision (20) of section 21a-240, to plant, propagate, cultivate, grow, harvest, manufacture, compound, convert, produce, process, prepare, test, analyze, pack, repack, store, contain or conceal, or to ingest, inhale or otherwise introduce into the human body, any controlled substance, as defined in subdivision (9) of section 21a- 240, other than [a cannabis-type substance in a quantity of less than one- half ounce] cannabis. Any person who violates any provision of this subsection shall be guilty of a class C misdemeanor. (b) No person shall deliver, possess with intent to deliver or manufacture with intent to deliver drug paraphernalia knowing, or under circumstances wher",,SOURCE_0001,"June Sp. Sess. P.A. 21-1, Sec. 4"
PA2021_001_SEC7,PA2021_001,June Sp. Sess. P.A. 21-1,BILL_2021_SB1201,Sec. 7,2021 June Sp. Sess.,2021-06-22,2021-07-01,"July 1, 2021",yes,NEW SECTION (codification not stated in the act),NEW SECTION (codification not stated in the act),,NEW section,no,,ownership and control; home grow and possession; enforcement and penalties,not stated in the section head,,the act prints no deleted text for this section,"(NEW) (Effective July 1, 2021) The provisions of subsections (b) to (e), inclusive, of section 21a-279a of the general statutes, and sections 13, 105, 109 and 163 of this act shall not apply to any person (1) who, in good faith, seeks medical assistance for another person who such person reasonably believes is experiencing medical distress from the use of cannabis; (2) for whom another person, in good faith, seeks medical assistance, reasonably believing such person is experiencing medical distress from the use of cannabis; or (3) who reasonably believes he or she is experiencing medical distress from the use of cannabis and, in good faith, seeks medical assistance for himself or herself, if evidence of the possession or control of cannabis in violation of such provisions was obtained as a result of the seeking of such medical assistance. For the purposes of this subsection, ""good faith""",,SOURCE_0001,"June Sp. Sess. P.A. 21-1, Sec. 7"
PA2021_001_SEC8,PA2021_001,June Sp. Sess. P.A. 21-1,BILL_2021_SB1201,Sec. 8,2021 June Sp. Sess.,2021-06-22,2022-07-01,"July 1, 2022",yes,NEW SECTION (codification not stated in the act),NEW SECTION (codification not stated in the act),,NEW section,no,,home grow and possession; municipal authority; enforcement and penalties,not stated in the section head,,the act prints no deleted text for this section,"(NEW) (Effective July 1, 2022) (a) (1) Any person who has been convicted in any court in this state (A) (i) on October 1, 2015, or thereafter, and prior to July 1, 2021, or (ii) prior to January 1, 2000, of a violation of section 21a-279 of the general statutes, for possession of a cannabis-type substance and the amount possessed was less than or equal to four ounces of such substance, (B) prior to July 1, 2021, of a violation of subsection (a) of section 21a-267, for use or possession with intent to use of drug paraphernalia to store, contain or conceal, or to ingest, inhale or otherwise introduce into the human body cannabis, or (C) prior to July 1, 2021, of a violation of subsection (b) of section 21a- 277 of the general statutes, for manufacturing, distributing, selling, prescribing, compounding, transporting with the intent to sell or dispense, possessing with the intent to sell or ",,SOURCE_0001,"June Sp. Sess. P.A. 21-1, Sec. 8"
PA2021_001_SEC9,PA2021_001,June Sp. Sess. P.A. 21-1,BILL_2021_SB1201,Sec. 9,2021 June Sp. Sess.,2021-06-22,2023-01-01,"January 1, 2023",yes,NEW SECTION (codification not stated in the act),NEW SECTION (codification not stated in the act),,NEW section,no,,licensing; home grow and possession; enforcement and penalties,not stated in the section head,,the act prints no deleted text for this section,"(NEW) (Effective January 1, 2023) (a) Whenever on or after January 1, 2000, but prior to October 1, 2015, any person has been convicted in any court of this state of possession under subsection (c) of section 21a-279 of the general statutes, all police and court records and records of the state's or prosecuting attorney pertaining to such a conviction in any court of this state shall be, pursuant to the provisions of section 54-142a of the general statutes, (1) erased, if such records are electronic records; or (2) deemed erased by operation of law, if such records are not electronic records. (b) The provisions of this section shall not apply to any police or court records or the records of any state's attorney or prosecuting attorney with respect to any record referencing more than one count unless and until all counts are entitled to erasure in accordance with the provisions of this se",,SOURCE_0001,"June Sp. Sess. P.A. 21-1, Sec. 9"
PA2021_001_SEC11,PA2021_001,June Sp. Sess. P.A. 21-1,BILL_2021_SB1201,Sec. 11,2021 June Sp. Sess.,2021-06-22,2021-07-01,"July 1, 2021",yes,NEW SECTION (codification not stated in the act),NEW SECTION (codification not stated in the act),,NEW section,no,,licensing; ownership and control; home grow and possession; municipal authority; enforcement and penalties,cannabis establishments; municipalities,,the act prints no deleted text for this section,"(NEW) (Effective July 1, 2021) Notwithstanding any provision of the general statutes, no cannabis establishment, employee, or backer of a cannabis establishment may be subject to arrest or prosecution, penalized in any manner, including, but not limited to, being subject to any civil penalty, or denied any right or privilege, including, but not limited to, being subject to any disciplinary action by a professional June Sp. Sess., licensing board, for the acquisition, distribution, possession, use or transportation of cannabis or paraphernalia related to cannabis in his or her capacity as a cannabis establishment, cannabis employee, or backer so long as such person's activity is in accordance with the laws and regulations for such person's license or registration type set forth in RERACA.",,SOURCE_0001,"June Sp. Sess. P.A. 21-1, Sec. 11"
PA2021_001_SEC12,PA2021_001,June Sp. Sess. P.A. 21-1,BILL_2021_SB1201,Sec. 12,2021 June Sp. Sess.,2021-06-22,2021-07-01,"July 1, 2021",yes,NEW SECTION (codification not stated in the act),NEW SECTION (codification not stated in the act),,NEW section,no,,licensing; home grow and possession,cannabis establishments; consumers and the general public,,the act prints no deleted text for this section,"(NEW) (Effective July 1, 2021) Except when required by federal law, an agreement between the federal government and the state, or because of a substantial risk to public health or safety, no state entity shall deny a professional license because of an individual's: (1) Employment or affiliation with a cannabis establishment; (2) possession or use of cannabis that is legal under section 21a-279a of the general statutes, or chapter 420f of the general statutes; or (3) cannabis use or possession conviction for an amount less than four ounces.",,SOURCE_0001,"June Sp. Sess. P.A. 21-1, Sec. 12"
PA2021_001_SEC13,PA2021_001,June Sp. Sess. P.A. 21-1,BILL_2021_SB1201,Sec. 13,2021 June Sp. Sess.,2021-06-22,2021-07-01,"July 1, 2021",yes,NEW SECTION (codification not stated in the act),NEW SECTION (codification not stated in the act),,NEW section,no,,home grow and possession; enforcement and penalties,not stated in the section head,,the act prints no deleted text for this section,"(NEW) (Effective July 1, 2021) (a) No person may manufacture, distribute, sell, prescribe, dispense, compound, transport with the intent to sell or dispense, possess with the intent to sell or dispense, offer, give or administer to another person cannabis or cannabis products, except as authorized in chapter 420b or 420f of the general statutes or sections 41 to 49, inclusive, of this act. (b) (1) Except as provided in subsection (c) or (d) of this section, any person eighteen years of age or older who violates subsection (a) of this section (A) for a first offense, shall be guilty of a class B misdemeanor, and (B) for any subsequent offense, shall be guilty of a class A misdemeanor. (2) Any person under eighteen years of age who violates subsection (a) of this section shall be adjudicated delinquent pursuant to the provisions of section 46b-120 of the general statutes. (c) Any person ei",,SOURCE_0001,"June Sp. Sess. P.A. 21-1, Sec. 13"
PA2021_001_SEC14,PA2021_001,June Sp. Sess. P.A. 21-1,BILL_2021_SB1201,Sec. 14,2021 June Sp. Sess.,2021-06-22,2021-07-01,"July 1, 2021",yes,NEW SECTION (codification not stated in the act),NEW SECTION (codification not stated in the act),,NEW section,no,,home grow and possession,consumers and the general public,,the act prints no deleted text for this section,"(NEW) (Effective July 1, 2021) Any consumer may give cannabis to another consumer, without compensation or consideration, provided such consumer reasonably believes such other consumer may possess such cannabis without exceeding the possession limit pursuant to subsection (a) of section 21a-279a of the general statutes.",,SOURCE_0001,"June Sp. Sess. P.A. 21-1, Sec. 14"
PA2021_001_SEC15,PA2021_001,June Sp. Sess. P.A. 21-1,BILL_2021_SB1201,Sec. 15,2021 June Sp. Sess.,2021-06-22,2021-07-01,"July 1, 2021",yes,,,,subsections (b) repealed and substituted,no,,ownership and control; home grow and possession; enforcement and penalties,not stated in the section head,,the act prints no deleted text for this section,"Subsection (b) of section 21a-277 of the general statutes is repealed and the following is substituted in lieu thereof (Effective July 1, 2021): (b) (1) No person may manufacture, distribute, sell, prescribe, June Sp. Sess., dispense, compound, transport with the intent to sell or dispense, possess with the intent to sell or dispense, offer, give or administer to another person, except as authorized in this chapter or chapter 420f, any controlled substance other than [a] (A) a narcotic substance, or (B) a hallucinogenic substance, or (C) cannabis. (2) Any person who violates subdivision (1) of this subsection (A) for a first offense, may be fined not more than twenty-five thousand dollars or imprisoned not more than seven years, or be both fined and imprisoned, and (B) for any subsequent offense, may be fined not more than one hundred thousand dollars or imprisoned not more than fifteen ",,SOURCE_0001,"June Sp. Sess. P.A. 21-1, Sec. 15"
PA2021_001_SEC16,PA2021_001,June Sp. Sess. P.A. 21-1,BILL_2021_SB1201,Sec. 16,2021 June Sp. Sess.,2021-06-22,2021-07-01,"July 1, 2021",yes,NEW SECTION (codification not stated in the act),NEW SECTION (codification not stated in the act),,NEW section,no,,home grow and possession,consumers and the general public,,the act prints no deleted text for this section,"(NEW) (Effective July 1, 2021) (a) Except as provided in subsection (b) of this section, use or possession of cannabis by a person that does not violate section 21a-279a of the general statutes, or chapter 420f of the general statutes shall not be grounds for revocation of such person's parole, special parole or probation. (b) If a person's conditions of parole, special parole or probation include a finding that use of cannabis would pose a danger to such person or to the public and a condition that such person not use cannabis and individualized reasons supporting such finding, use of cannabis may be grounds for revocation of parole, special parole or probation. Such finding shall not consider any prior arrests or convictions for use or possession of cannabis.",,SOURCE_0001,"June Sp. Sess. P.A. 21-1, Sec. 16"
PA2021_001_SEC17,PA2021_001,June Sp. Sess. P.A. 21-1,BILL_2021_SB1201,Sec. 17,2021 June Sp. Sess.,2021-06-22,2021-07-01,"July 1, 2021",yes,,,,subsections (c) repealed and substituted,no,,ownership and control; home grow and possession,state agencies,,the act prints no deleted text for this section,"Subsection (c) of section 54-63d of the general statutes is repealed and the following is substituted in lieu thereof (Effective July 1, 2021): (c) In addition to or in conjunction with any of the conditions June Sp. Sess., enumerated in subdivisions (1) to (4), inclusive, of subsection (a) of this section, the bail commissioner or intake, assessment and referral specialist may impose nonfinancial conditions of release, which may require that the arrested person do any of the following: (1) Remain under the supervision of a designated person or organization; (2) comply with specified restrictions on the person's travel, association or place of abode; (3) not engage in specified activities, including the use or possession of a dangerous weapon, or the unlawful use or possession of an intoxicant or controlled substance; (4) not use classes of intoxicants or controlled substances, if such b",,SOURCE_0001,"June Sp. Sess. P.A. 21-1, Sec. 17"
PA2021_001_SEC18,PA2021_001,June Sp. Sess. P.A. 21-1,BILL_2021_SB1201,Sec. 18,2021 June Sp. Sess.,2021-06-22,2021-07-01,"July 1, 2021",yes,NEW SECTION (codification not stated in the act),NEW SECTION (codification not stated in the act),,NEW section,no,,testing and laboratories; home grow and possession; enforcement and penalties,not stated in the section head,,the act prints no deleted text for this section,"(NEW) (Effective July 1, 2021) (a) Except as provided in subsection (c) of this section, the existence of any of the following circumstances shall not constitute in part or in whole probable cause or reasonable suspicion and shall not be used as a basis to support any stop or search of a person or motor vehicle: (1) The odor of cannabis or burnt cannabis; (2) The possession of or the suspicion of possession of cannabis without evidence that the quantity of cannabis is or suspected to be in excess of five ounces of cannabis plant material, as defined in section 21a-279a of the general statutes, or an equivalent amount of cannabis June Sp. Sess., products or a combination of cannabis and cannabis products, as provided in subsection (i) of section 21a-279a of the general statutes; or (3) The presence of cash or currency in proximity to cannabis without evidence that such cash or currency ex",,SOURCE_0001,"June Sp. Sess. P.A. 21-1, Sec. 18"
PA2021_001_SEC19,PA2021_001,June Sp. Sess. P.A. 21-1,BILL_2021_SB1201,Sec. 19,2021 June Sp. Sess.,2021-06-22,2021-10-01,"October 1, 2021",yes,21a-240,21a-240,STAT_21A_240,subsections (d) repealed and substituted,no,,ownership and control; home grow and possession; enforcement and penalties; agency duties and rulemaking,consumers and the general public,,the act prints no deleted text for this section,"Subsection (d) of section 10-221 of the general statutes is repealed and the following is substituted in lieu thereof (Effective October 1, 2021): (d) Not later than July 1, 1991, each local and regional board of education shall develop, adopt and implement policies and procedures in conformity with section 10-154a for (1) dealing with the use, sale or possession of alcohol or controlled drugs, as defined in subdivision (8) of section 21a-240, by public school students on school property, including a process for coordination with, and referral of such students to, appropriate agencies, and (2) cooperating with law enforcement officials. On and after January 1, 2022, no such policies and procedures shall result in a student facing greater discipline, punishment or sanction for use, sale or possession of cannabis than a student would face for the use, sale or possession of alcohol.",,SOURCE_0001,"June Sp. Sess. P.A. 21-1, Sec. 19"
PA2021_001_SEC20,PA2021_001,June Sp. Sess. P.A. 21-1,BILL_2021_SB1201,Sec. 20,2021 June Sp. Sess.,2021-06-22,2021-10-01,"October 1, 2021",yes,NEW SECTION (codification not stated in the act),NEW SECTION (codification not stated in the act),,NEW section,no,,enforcement and penalties,not stated in the section head,,the act prints no deleted text for this section,"(NEW) (Effective October 1, 2021) Any person who provides cannabis, as defined in section 1 of this act, to a domesticated animal, shall be guilty of a class C misdemeanor. June Sp. Sess.,",,SOURCE_0001,"June Sp. Sess. P.A. 21-1, Sec. 20"
PA2021_001_SEC21,PA2021_001,June Sp. Sess. P.A. 21-1,BILL_2021_SB1201,Sec. 21,2021 June Sp. Sess.,2021-06-22,2021-07-01,"July 1, 2021",yes,NEW SECTION (codification not stated in the act),NEW SECTION (codification not stated in the act),,NEW section,no,,medical patients and caregivers; licensing,cannabis establishments; qualifying patients and caregivers; consumers and the general public,,the act prints no deleted text for this section,"(NEW) (Effective July 1, 2021) (a) Except as provided in RERACA and chapter 420b or 420f of the general statutes, (1) no person, other than a retailer, hybrid retailer, micro-cultivator or delivery service, or an employee thereof in the course of his or her employment, may sell or offer cannabis to a consumer, and (2) no person, other than a hybrid retailer, dispensary facility or a delivery service, or an employee thereof in the course of his or her employment, may sell or offer cannabis to qualifying patients and caregivers. (b) No person except a delivery service, or an employee thereof, subject to the restrictions set forth in section 47 of this act, in the course of his or her employment may deliver cannabis to consumers, patients or caregivers except that retailers, hybrid retailers, micro-cultivators and dispensary facilities may utilize their own employees to deliver cannabis to ",,SOURCE_0001,"June Sp. Sess. P.A. 21-1, Sec. 21"
PA2021_001_SEC22,PA2021_001,June Sp. Sess. P.A. 21-1,BILL_2021_SB1201,Sec. 22,2021 June Sp. Sess.,2021-06-22,2021-06-22,from passage,no,NEW SECTION (codification not stated in the act),NEW SECTION (codification not stated in the act),,NEW section,no,,licensing; social equity; enforcement and penalties; data and reporting; agency duties and rulemaking,social equity applicants; state agencies,,the act prints no deleted text for this section,"(NEW) (Effective from passage) (a) There is established a Social Equity Council, which shall be within the Department of Economic and Community Development for administrative purposes only. (b) The council shall consist of fifteen members as follows: (1) One appointed by the speaker of the House of Representatives, who has a professional background of not less than five years working in the field of either social justice or civil rights; (2) One appointed by the president pro tempore of the Senate, who has a professional background of not less than five years working in the field of either social justice or civil rights; June Sp. Sess., (3) One appointed by the majority leader of the House of Representatives, who has a professional background of not less than five years working in the field of economic development to help minority- owned businesses; (4) One appointed by the majority lead",,SOURCE_0001,"June Sp. Sess. P.A. 21-1, Sec. 22"
PA2021_001_SEC23,PA2021_001,June Sp. Sess. P.A. 21-1,BILL_2021_SB1201,Sec. 23,2021 June Sp. Sess.,2021-06-22,2021-06-22,from passage,no,,,,amends or references,no,,social equity; home grow and possession; municipal authority; data and reporting,social equity applicants; municipalities; state agencies,,the act prints no deleted text for this section,"(Effective from passage) Not later than October 1, 2023, the Social Equity Council established pursuant to section 22 of this act shall report to the Governor and the joint standing committee of the General Assembly having cognizance of matters relating to the judiciary, (1) data on any arrest or conviction for possession, manufacture or sale of cannabis pursuant to section 21a-279a of the general statutes and section 13 of this act, and (2) a breakdown of such arrests or convictions by June Sp. Sess., town, race, gender and age.",,SOURCE_0001,"June Sp. Sess. P.A. 21-1, Sec. 23"
PA2021_001_SEC24,PA2021_001,June Sp. Sess. P.A. 21-1,BILL_2021_SB1201,Sec. 24,2021 June Sp. Sess.,2021-06-22,2021-07-01,"July 1, 2021",yes,NEW SECTION (codification not stated in the act),NEW SECTION (codification not stated in the act),,NEW section,no,,licensing; ownership and control; advertising and packaging,cannabis establishments; state agencies,,the act prints no deleted text for this section,"(NEW) (Effective July 1, 2021) (a) Any person shall be twenty- one years of age or older to: (1) Hold any cannabis establishment license issued pursuant to RERACA; or (2) be a backer or key employee of a cannabis establishment that is licensed pursuant to RERACA. (b) Any person shall be eighteen years of age or older to (1) be an employee of a cannabis establishment that is licensed pursuant to RERACA; or (2) be employed by a cannabis establishment or a licensee pursuant to chapter 420f of the general statutes. (c) All employees of a cannabis establishment shall obtain a registration and all key employees and backers of a cannabis establishment shall obtain a license from the department, on a form and in a manner prescribed by the commissioner, except for (1) delivery service or transporter employees who do not (A) engage in the transport, storage or distribution of, or have access to, c",,SOURCE_0001,"June Sp. Sess. P.A. 21-1, Sec. 24"
PA2021_001_SEC25,PA2021_001,June Sp. Sess. P.A. 21-1,BILL_2021_SB1201,Sec. 25,2021 June Sp. Sess.,2021-06-22,2021-07-01,"July 1, 2021",yes,NEW SECTION (codification not stated in the act),NEW SECTION (codification not stated in the act),,NEW section,no,,licensing; ownership and control; home grow and possession; enforcement and penalties,consumers and the general public,,the act prints no deleted text for this section,"(NEW) (Effective July 1, 2021) (a) No agency or political subdivision of the state may rely on a violation of federal law related to cannabis as the sole basis for taking an adverse action against a person, except for any adverse action taken as required by federal law, including, but not limited to, the state's disqualification of a commercial driver's license, commercial learner's permit, commercial motor vehicle operator's privilege or hazardous materials endorsement for violations of federal law related to cannabis for which the Federal Motor Carrier June Sp. Sess., Safety Regulations or the Hazardous Materials Regulations require disqualification, or for which the Federal Motor Carrier Safety Administration or the Pipeline and Hazardous Materials Safety Administration has, based upon such violation, issued a disqualification order. (b) It is the public policy of this state that cont",,SOURCE_0001,"June Sp. Sess. P.A. 21-1, Sec. 25"
PA2021_001_SEC26,PA2021_001,June Sp. Sess. P.A. 21-1,BILL_2021_SB1201,Sec. 26,2021 June Sp. Sess.,2021-06-22,2021-07-01,"July 1, 2021",yes,NEW SECTION (codification not stated in the act),NEW SECTION (codification not stated in the act),,NEW section,no,,testing and laboratories; medical patients and caregivers; licensing; ownership and control; social equity; advertising and packaging; taxation and revenue,cannabis establishments; qualifying patients and caregivers; consumers and the general public; state agencies,,the act prints no deleted text for this section,"(NEW) (Effective July 1, 2021) (a) In addition to activity permitted under chapter 420f of the general statutes, a producer may sell, deliver, transfer, transport, manufacture or package cannabis utilizing a transporter or the producer's own employees, to cannabis establishments, upon authorization for such expanded activity in writing by the commissioner, provided a producer may not transport any cannabis to consumers, patients or caregivers directly or through a delivery service. (b) To obtain approval from the commissioner to engage in expanded activity as described in subsection (a) of this section, a producer shall submit (1) a complete license expansion application on a form prescribed by the commissioner, (2) a medical cannabis preservation plan, to ensure against supply shortages of medical marijuana products, which shall be approved or denied at the commissioner's discretion, (3",,SOURCE_0001,"June Sp. Sess. P.A. 21-1, Sec. 26"
PA2021_001_SEC27,PA2021_001,June Sp. Sess. P.A. 21-1,BILL_2021_SB1201,Sec. 27,2021 June Sp. Sess.,2021-06-22,2021-07-01,"July 1, 2021",yes,NEW SECTION (codification not stated in the act),NEW SECTION (codification not stated in the act),,NEW section,no,,licensing; ownership and control; social equity,cannabis establishments; social equity applicants; state agencies,,the act prints no deleted text for this section,"(NEW) (Effective July 1, 2021) (a) In order to pay a reduced license expansion authorization fee as described in subsection (b) of section 26 of this act, a producer shall commit to create two equity joint ventures to be approved by the Social Equity Council under section 22 of this act and licensed by the department under this section. (b) The equity joint venture shall be in any cannabis establishment licensed business, other than a cultivator license, provided the social equity applicant shall own at least fifty per cent of such business. (c) The producer or social equity applicant of an equity joint venture shall submit an application to the Social Equity Council that may include, but need not be limited to, evidence of business formation, ownership allocation, terms of ownership and financing and proof of social equity applicant involvement. The producer or social equity applicant o",,SOURCE_0001,"June Sp. Sess. P.A. 21-1, Sec. 27"
PA2021_001_SEC28,PA2021_001,June Sp. Sess. P.A. 21-1,BILL_2021_SB1201,Sec. 28,2021 June Sp. Sess.,2021-06-22,2021-07-01,"July 1, 2021",yes,NEW SECTION (codification not stated in the act),NEW SECTION (codification not stated in the act),,NEW section,no,,medical patients and caregivers; licensing; home grow and possession; advertising and packaging; enforcement and penalties,cannabis establishments,,the act prints no deleted text for this section,"(NEW) (Effective July 1, 2021) (a) No cannabis retailer or hybrid retailer shall accept payment or other form of compensation directly or indirectly from a cultivator, micro-cultivator, producer, food and beverage manufacturer, product manufacturer or product packager to carry a cannabis product or for placement or promotion of such product in a retailer or hybrid retailer's establishment or through other promotional initiatives. No retailer or hybrid retailer shall enter into a contract with a cultivator, micro-cultivator, producer, food and beverage manufacturer, product manufacturer or product packager that requires or permits preferential treatment, exclusivity or near exclusivity or limits a retailer or hybrid retailer from purchasing from other cultivators, micro-cultivators, producers, food and beverage manufacturers or product manufacturers in any way. (b) No cannabis establishme",,SOURCE_0001,"June Sp. Sess. P.A. 21-1, Sec. 28"
PA2021_001_SEC29,PA2021_001,June Sp. Sess. P.A. 21-1,BILL_2021_SB1201,Sec. 29,2021 June Sp. Sess.,2021-06-22,2021-07-01,"July 1, 2021",yes,NEW SECTION (codification not stated in the act),NEW SECTION (codification not stated in the act),,NEW section,no,,testing and laboratories; licensing; ownership and control; enforcement and penalties; agency duties and rulemaking,cannabis establishments; laboratories; state agencies,,the act prints no deleted text for this section,"(NEW) (Effective July 1, 2021) (a) Each employee of a cannabis establishment, laboratory or research program, other than a key employee, shall annually apply for and obtain a registration, on a form and in a manner prescribed by the commissioner, prior to commencing employment at the cannabis establishment business. (b) No person shall act as a backer or key employee, or represent that such person is a backer or key employee, unless such person has obtained a license from the department pursuant to this subsection. Such person shall apply for a license on a form and in a manner prescribed by the commissioner. Such form may require the applicant to: (1) Submit to a state and national criminal history records check conducted in accordance with section 29-17a of the general statutes, which may include a financial history check if requested by the commissioner, to determine the character and",,SOURCE_0001,"June Sp. Sess. P.A. 21-1, Sec. 29"
PA2021_001_SEC30,PA2021_001,June Sp. Sess. P.A. 21-1,BILL_2021_SB1201,Sec. 30,2021 June Sp. Sess.,2021-06-22,2021-07-01,"July 1, 2021",yes,NEW SECTION (codification not stated in the act),NEW SECTION (codification not stated in the act),,NEW section,no,,testing and laboratories; licensing,cannabis establishments; laboratories; state agencies,,the act prints no deleted text for this section,"(NEW) (Effective July 1, 2021) (a) On and after July 1, 2021, the commissioner shall require all individuals listed on an application for a cannabis establishment license, laboratory or research program license, or key employee license to submit to fingerprint-based state and national criminal history records checks before such license is issued. The criminal history records checks required pursuant to this subsection shall be conducted in accordance with section 29-17a of the general statutes. Upon renewal, the commissioner may require all individuals listed on an application for a cannabis establishment license, laboratory or research program license, or key employee license to be fingerprinted June Sp. Sess., and submit to a state and national criminal history records check conducted in accordance with section 29-17a of the general statutes before such renewal license is issued. (b) T",,SOURCE_0001,"June Sp. Sess. P.A. 21-1, Sec. 30"
PA2021_001_SEC31,PA2021_001,June Sp. Sess. P.A. 21-1,BILL_2021_SB1201,Sec. 31,2021 June Sp. Sess.,2021-06-22,2021-07-01,"July 1, 2021",yes,NEW SECTION (codification not stated in the act),NEW SECTION (codification not stated in the act),,NEW section,no,,licensing; ownership and control,consumers and the general public; state agencies,,the act prints no deleted text for this section,"(NEW) (Effective July 1, 2021) Notwithstanding the provisions of sections 29 and 30 of this act, the commissioner may accept a third- party local and national criminal background check submitted by an applicant for a backer or key employee license or renewal in lieu of a fingerprint-based national criminal history records check. Any such third-party background check shall (1) be conducted by a third-party consumer reporting agency or background screening company that is in compliance with the federal Fair Credit Reporting Act and accredited by the Professional Background Screening Association, and (2) include a multistate and multi-jurisdiction criminal record locator or other similar commercial nation-wide database with validation, and other such background screening as the commissioner may require. The applicant shall request such background check not more than sixty days prior to subm",,SOURCE_0001,"June Sp. Sess. P.A. 21-1, Sec. 31"
PA2021_001_SEC32,PA2021_001,June Sp. Sess. P.A. 21-1,BILL_2021_SB1201,Sec. 32,2021 June Sp. Sess.,2021-06-22,2021-06-22,from passage,no,NEW SECTION (codification not stated in the act),NEW SECTION (codification not stated in the act),,NEW section,no,,testing and laboratories; medical patients and caregivers; licensing; advertising and packaging; agency duties and rulemaking,consumers and the general public; state agencies,,the act prints no deleted text for this section,"(NEW) (Effective from passage) The commissioner shall adopt regulations in accordance with chapter 54 of the general statutes to implement the provisions of RERACA. Notwithstanding the requirements of sections 4-168 to 4-172, inclusive, of the general statutes, in order to effectuate the purposes of RERACA and protect public health and safety, prior to adopting such regulations the commissioner shall issue policies and procedures to implement the provisions of RERACA that shall have the force and effect of law. The commissioner shall post all policies and procedures on the department's Internet web site and submit such policies and procedures to the Secretary of the State for posting on the eRegulations System, at least fifteen days prior to the June Sp. Sess., effective date of any policy or procedure. Any such policy or procedure shall no longer be effective upon the earlier of either ",,SOURCE_0001,"June Sp. Sess. P.A. 21-1, Sec. 32"
PA2021_001_SEC33,PA2021_001,June Sp. Sess. P.A. 21-1,BILL_2021_SB1201,Sec. 33,2021 June Sp. Sess.,2021-06-22,2021-07-01,"July 1, 2021",yes,NEW SECTION (codification not stated in the act),NEW SECTION (codification not stated in the act),,NEW section,no,,medical patients and caregivers; licensing; advertising and packaging; enforcement and penalties,cannabis establishments; consumers and the general public,,the act prints no deleted text for this section,"(NEW) (Effective July 1, 2021) (a) Cannabis establishments and any person advertising any cannabis or services related to cannabis shall not: (1) Advertise cannabis, cannabis paraphernalia or goods or services related to cannabis in ways that target or are designed to appeal to individuals under twenty-one years of age, including, but not limited to, spokespersons or celebrities who appeal to individuals under the legal age to purchase cannabis or cannabis products, depictions of a person under twenty-five years of age consuming cannabis, or, the inclusion of objects, such as toys, characters or cartoon characters suggesting the presence of a person under twenty-one years of age, or any other depiction designed in any manner to be appealing to a person under twenty-one years of age; (2) Engage in advertising by means of television, radio, Internet, June Sp. Sess., mobile applications, so",,SOURCE_0001,"June Sp. Sess. P.A. 21-1, Sec. 33"
PA2021_001_SEC34,PA2021_001,June Sp. Sess. P.A. 21-1,BILL_2021_SB1201,Sec. 34,2021 June Sp. Sess.,2021-06-22,2021-07-01,"July 1, 2021",yes,21a-408i,21a-408i,STAT_21A_408I,NEW section,no,,licensing; ownership and control; social equity; advertising and packaging,cannabis establishments; social equity applicants; state agencies,,the act prints no deleted text for this section,"(NEW) (Effective July 1, 2021) (a) Not later than thirty days after the date that the Social Equity Council identifies the criteria and the necessary supporting documentation for social equity applicants and posts such information on its Internet web site, the department may accept applications for the following cannabis establishment license types: (1) Retailer, (2) hybrid retailer, (3) cultivator, (4) micro-cultivator, (5) product manufacturer, (6) food and beverage manufacturer, (7) product packager, (8) delivery service, and (9) transporter. Each application for licensure shall require the applicant to indicate whether the applicant wants to be considered for treatment as a social equity applicant. (b) On and after July 1, 2021, the department may accept applications from any dispensary facility to convert its license to a hybrid-retailer license and any producer for expanded authori",,SOURCE_0001,"June Sp. Sess. P.A. 21-1, Sec. 34"
PA2021_001_SEC35,PA2021_001,June Sp. Sess. P.A. 21-1,BILL_2021_SB1201,Sec. 35,2021 June Sp. Sess.,2021-06-22,2021-07-01,"July 1, 2021",yes,NEW SECTION (codification not stated in the act),NEW SECTION (codification not stated in the act),,NEW section,no,,licensing; ownership and control; social equity,social equity applicants; state agencies,,the act prints no deleted text for this section,"(NEW) (Effective July 1, 2021) (a) The Social Equity Council shall review the ownership information and any other information necessary to confirm that an applicant qualifies as a social equity applicant for all license type applications submitted to the department and designated by the applicant as a social equity applicant. The Social Equity Council shall prescribe the documentation necessary for applicants to submit to establish that the ownership, residency and income requirements for social equity applicants are met. On or before September 1, 2021, the Social Equity Council shall post such necessary documentation requirements on its Internet web site to inform applicants of such requirements prior to the start of the application period. (b) Except as provided in section 149 of this act, prior to the first date that the department begins accepting applications for a license type, the",,SOURCE_0001,"June Sp. Sess. P.A. 21-1, Sec. 35"
PA2021_001_SEC36,PA2021_001,June Sp. Sess. P.A. 21-1,BILL_2021_SB1201,Sec. 36,2021 June Sp. Sess.,2021-06-22,2021-07-01,"July 1, 2021",yes,NEW SECTION (codification not stated in the act),NEW SECTION (codification not stated in the act),,NEW section,no,,licensing; ownership and control; social equity; enforcement and penalties; agency duties and rulemaking,cannabis establishments; social equity applicants; state agencies,,the act prints no deleted text for this section,"(NEW) (Effective July 1, 2021) The Social Equity Council shall adopt regulations, in accordance with the provisions of chapter 54 of the general statutes, to prevent the sale or change in ownership or control of a cannabis establishment license awarded to a social equity applicant to someone other than another qualifying social equity applicant during the period of provisional licensure, and for three years following the issuance of a final license, unless the backer of such licensee has died or has a condition, including, but not limited to, a physical illness or loss of skill or deterioration due to the aging process, emotional disorder or mental illness that would interfere with the backer's ability to operate. Notwithstanding the requirements of sections 4-168 to 4-172, inclusive, of the general statutes, in order to effectuate this section, prior to adopting such regulations and not",,SOURCE_0001,"June Sp. Sess. P.A. 21-1, Sec. 36"
PA2021_001_SEC37,PA2021_001,June Sp. Sess. P.A. 21-1,BILL_2021_SB1201,Sec. 37,2021 June Sp. Sess.,2021-06-22,2021-07-01,"July 1, 2021",yes,NEW SECTION (codification not stated in the act),NEW SECTION (codification not stated in the act),,NEW section,no,,advertising and packaging; agency duties and rulemaking,cannabis establishments; state agencies,,the act prints no deleted text for this section,"(NEW) (Effective July 1, 2021) The commissioner shall adopt regulations, in accordance with the provisions of chapter 54 of the general statutes, to establish the maximum grow space permitted by a cultivator and micro-cultivator. In adopting such regulations, the commissioner shall seek to ensure an adequate supply of cannabis for the market. Notwithstanding the requirements of sections 4-168 to 4- 172, inclusive, of the general statutes, in order to effectuate this section, prior to adopting such regulations, the commissioner shall issue policies and procedures to implement the provisions of this section that shall have the force and effect of law. The commissioner shall post all policies and procedures on the department's Internet web site and submit such policies and procedures to the Secretary of the State for posting on the eRegulations System, at least fifteen days prior to the eff",,SOURCE_0001,"June Sp. Sess. P.A. 21-1, Sec. 37"
PA2021_001_SEC38,PA2021_001,June Sp. Sess. P.A. 21-1,BILL_2021_SB1201,Sec. 38,2021 June Sp. Sess.,2021-06-22,2021-06-22,from passage,no,,,,amends or references,no,,licensing; ownership and control; social equity; advertising and packaging,cannabis establishments; social equity applicants; consumers and the general public; state agencies,,the act prints no deleted text for this section,"(Effective from passage) (a) The Social Equity Council, in June Sp. Sess., coordination with the Departments of Consumer Protection and Economic and Community Development, shall develop a cannabis business accelerator program to provide technical assistance to participants by partnering participants with a cannabis establishment. The Social Equity Council may partner with a constituent unit of the state system of higher education in developing the program. (b) Any individual who would qualify as a social equity applicant may apply to participate in the accelerator program under this section: (c) On and after October 1, 2021, the Social Equity Council may accept applications from an individual described in subsection (b) of this section for the component of the accelerator program corresponding to each of the following license types: (1) Retailer, (2) cultivator, (3) product manufacturer,",,SOURCE_0001,"June Sp. Sess. P.A. 21-1, Sec. 38"
PA2021_001_SEC39,PA2021_001,June Sp. Sess. P.A. 21-1,BILL_2021_SB1201,Sec. 39,2021 June Sp. Sess.,2021-06-22,2021-06-22,from passage,no,,,,amends or references,no,,licensing; social equity,cannabis establishments; social equity applicants; state agencies,,the act prints no deleted text for this section,"(Effective from passage) (a) The Social Equity Council, in coordination with the Department of Economic and Community Development and Labor Department, shall develop a workforce training program to further equity goals, ensure cannabis establishments have access to a well-trained employee applicant pool, and support individuals who live in a disproportionately impacted area to find employment in the cannabis industry. (b) The Social Equity Council, in consultation with the Department of Economic and Community Development and Labor Department, shall: (1) Consult with cannabis establishments on an ongoing basis to assess the hiring needs of their businesses; (2) Develop a universal application for prospective enrollees in workforce training programs as part of the workforce training programs developed pursuant to this section; June Sp. Sess., (3) Partner with the regional workforce develop",,SOURCE_0001,"June Sp. Sess. P.A. 21-1, Sec. 39"
PA2021_001_SEC40,PA2021_001,June Sp. Sess. P.A. 21-1,BILL_2021_SB1201,Sec. 40,2021 June Sp. Sess.,2021-06-22,2021-07-01,"July 1, 2021",yes,NEW SECTION (codification not stated in the act),NEW SECTION (codification not stated in the act),,NEW section,no,,licensing; ownership and control; social equity,cannabis establishments; social equity applicants; state agencies,,the act prints no deleted text for this section,"(NEW) (Effective July 1, 2021) From July 1, 2021, until June 30, 2025, the department shall not award a cannabis establishment license to any lottery applicant who, at the time the lottery is conducted, has two or more licenses or includes a backer that has managerial control of, or is a backer of, two or more licensees in the same license type or category for which the applicant has entered the lottery, provided an ownership interest in an equity joint venture or a social equity partner in accordance with subsection (c) of section 26 of this act shall not be considered for purposes of such cap. For purposes of this section, dispensary facility, retailer and hybrid retailer licenses shall be considered to be within the same license category and producer, cultivator and micro-cultivator licenses shall be considered to be within the same license category. June Sp. Sess.,",,SOURCE_0001,"June Sp. Sess. P.A. 21-1, Sec. 40"
PA2021_001_SEC41,PA2021_001,June Sp. Sess. P.A. 21-1,BILL_2021_SB1201,Sec. 41,2021 June Sp. Sess.,2021-06-22,2021-07-01,"July 1, 2021",yes,NEW SECTION (codification not stated in the act),NEW SECTION (codification not stated in the act),,NEW section,no,,testing and laboratories; medical patients and caregivers; licensing; advertising and packaging,cannabis establishments; qualifying patients and caregivers; laboratories; consumers and the general public,,the act prints no deleted text for this section,"(NEW) (Effective July 1, 2021) (a) On and after July 1, 2021, the department may issue or renew a license for a person to be a retailer. No person may act as a retailer or represent that such person is a retailer unless such person has obtained a license from the department pursuant to this section. (b) A retailer may obtain cannabis from a cultivator, micro-cultivator, producer, product packager, food and beverage manufacturer, product manufacturer or transporter or an undeliverable return from a delivery service. A retailer may sell, transport or transfer cannabis or cannabis products to a delivery service, laboratory or research program. A retailer may sell cannabis to a consumer or research program. A retailer may not conduct sales of medical marijuana products nor offer discounts or other inducements to qualifying patients or caregivers. A retailer shall not gift or transfer cannabi",,SOURCE_0001,"June Sp. Sess. P.A. 21-1, Sec. 41"
PA2021_001_SEC42,PA2021_001,June Sp. Sess. P.A. 21-1,BILL_2021_SB1201,Sec. 42,2021 June Sp. Sess.,2021-06-22,2021-07-01,"July 1, 2021",yes,NEW SECTION (codification not stated in the act),NEW SECTION (codification not stated in the act),,NEW section,no,,testing and laboratories; medical patients and caregivers; licensing; advertising and packaging; data and reporting,cannabis establishments; qualifying patients and caregivers; laboratories; consumers and the general public,,the act prints no deleted text for this section,"(NEW) (Effective July 1, 2021) (a) On and after July 1, 2021, the department may issue or renew a license for a hybrid retailer. No person may act as a hybrid retailer or represent that such person is a hybrid retailer unless such person has obtained a license from the department pursuant to this section. June Sp. Sess., (b) A hybrid retailer may obtain cannabis from a cultivator, micro- cultivator, producer, product packager, food and beverage manufacturer, product manufacturer or transporter. In addition to the activities authorized under section 43 of this act, a hybrid retailer may sell, transport or transfer cannabis to a delivery service, laboratory or research program. A hybrid retailer may sell cannabis products to a consumer or research program. A hybrid retailer shall not gift or transfer cannabis at no cost to a consumer, qualifying patient or caregiver as part of a commercial",,SOURCE_0001,"June Sp. Sess. P.A. 21-1, Sec. 42"
PA2021_001_SEC43,PA2021_001,June Sp. Sess. P.A. 21-1,BILL_2021_SB1201,Sec. 43,2021 June Sp. Sess.,2021-06-22,2021-07-01,"July 1, 2021",yes,NEW SECTION (codification not stated in the act),NEW SECTION (codification not stated in the act),,NEW section,no,,medical patients and caregivers; licensing; enforcement and penalties,cannabis establishments; qualifying patients and caregivers; state agencies,,the act prints no deleted text for this section,"(NEW) (Effective July 1, 2021) (a) A dispensary facility may apply to the department, on a form and in a manner prescribed by the commissioner, to convert its license to a hybrid retailer license on or after September 1, 2021, without applying through the lottery application system. The license conversion application shall require a dispensary facility to submit to, and obtain approval from the department for, a detailed medical preservation plan for how it will prioritize sales and access to medical marijuana products for qualifying patients, including, but not limited to, managing customer traffic flow, preventing supply shortages, providing delivery services and ensuring appropriate staffing levels. (b) After October 1, 2021, qualifying patients shall not be required to designate a dispensary facility or hybrid retailer as its exclusive location to purchase cannabis or medical marijua",,SOURCE_0001,"June Sp. Sess. P.A. 21-1, Sec. 43"
PA2021_001_SEC44,PA2021_001,June Sp. Sess. P.A. 21-1,BILL_2021_SB1201,Sec. 44,2021 June Sp. Sess.,2021-06-22,2021-07-01,"July 1, 2021",yes,NEW SECTION (codification not stated in the act),NEW SECTION (codification not stated in the act),,NEW section,no,,testing and laboratories; licensing; advertising and packaging; agency duties and rulemaking,not stated in the section head,,the act prints no deleted text for this section,"(NEW) (Effective July 1, 2021) (a) On and after July 1, 2021, the department may issue or renew a license for a person to be a food and beverage manufacturer. No person may act as a food and beverage manufacturer or represent that such person is a licensed food and beverage manufacturer unless such person has obtained a license from the department pursuant to this section. (b) A food and beverage manufacturer may incorporate cannabis into foods or beverages as an ingredient. A food and beverage manufacturer shall not perform extraction of cannabis into a cannabis concentrate nor create any product that is not a food or beverage intended to be consumed by humans. (c) A food and beverage manufacturer may package or label any food or beverage prepared by the food and beverage manufacturer at the June Sp. Sess., establishment subject to the license. (d) A food and beverage manufacturer may s",,SOURCE_0001,"June Sp. Sess. P.A. 21-1, Sec. 44"
PA2021_001_SEC45,PA2021_001,June Sp. Sess. P.A. 21-1,BILL_2021_SB1201,Sec. 45,2021 June Sp. Sess.,2021-06-22,2021-07-01,"July 1, 2021",yes,NEW SECTION (codification not stated in the act),NEW SECTION (codification not stated in the act),,NEW section,no,,testing and laboratories; licensing; advertising and packaging; agency duties and rulemaking,cannabis establishments; laboratories; state agencies,,the act prints no deleted text for this section,"(NEW) (Effective July 1, 2021) (a) On and after July 1, 2021, the department may issue or renew a license for a person to be a product manufacturer. No person may act as a product manufacturer or represent that such person is a licensed product manufacturer unless such person has obtained a license from the department pursuant to this section. (b) A product manufacturer may perform cannabis extractions, chemical synthesis and all other manufacturing activities authorized by the commissioner and published on the department's Internet web site. (c) A product manufacturer may package and label cannabis manufactured at its establishment subject to the license. June Sp. Sess., (d) A product manufacturer may sell, transfer or transport its own products to a cannabis establishment, laboratory or research program, provided such transportation is performed by utilizing its own employees or a tran",,SOURCE_0001,"June Sp. Sess. P.A. 21-1, Sec. 45"
PA2021_001_SEC46,PA2021_001,June Sp. Sess. P.A. 21-1,BILL_2021_SB1201,Sec. 46,2021 June Sp. Sess.,2021-06-22,2021-07-01,"July 1, 2021",yes,NEW SECTION (codification not stated in the act),NEW SECTION (codification not stated in the act),,NEW section,no,,testing and laboratories; licensing; advertising and packaging; agency duties and rulemaking,cannabis establishments; laboratories,,the act prints no deleted text for this section,"(NEW) (Effective July 1, 2021) (a) On and after July 1, 2021, the department may issue or renew a license for a person to be a product packager. No person may act as a product packager or represent that such person is a product packager unless such person has obtained a license from the department pursuant to this section. (b) A product packager may obtain cannabis from a producer, cultivator, micro-cultivator, food and beverage manufacturer or a product manufacturer. The product packager may sell, transfer or transport cannabis to any cannabis establishment, laboratory or research program, provided the product packager only transports cannabis packaged at its licensed establishment and utilizing its own employees or a transporter. (c) A product packager shall be responsible for ensuring that cannabis products are labeled and packaged in compliance with the June Sp. Sess., provisions of ",,SOURCE_0001,"June Sp. Sess. P.A. 21-1, Sec. 46"
PA2021_001_SEC47,PA2021_001,June Sp. Sess. P.A. 21-1,BILL_2021_SB1201,Sec. 47,2021 June Sp. Sess.,2021-06-22,2021-07-01,"July 1, 2021",yes,NEW SECTION (codification not stated in the act),NEW SECTION (codification not stated in the act),,NEW section,no,,testing and laboratories; medical patients and caregivers; licensing; ownership and control; data and reporting; agency duties and rulemaking,cannabis establishments; qualifying patients and caregivers; consumers and the general public,,the act prints no deleted text for this section,"(NEW) (Effective July 1, 2021) (a) On and after July 1, 2021, the department may issue or renew a license for a person to be a delivery service or a transporter. No person may act as a delivery service or transporter or represent that such person is a licensed delivery service or transporter unless such person has obtained a license from the department pursuant to this section. (b) Upon application for a delivery service or transporter license, the applicant shall indicate whether the applicant is applying to transport cannabis (1) between cannabis establishments, in which case the applicant shall apply for a transporter license, or (2) from certain cannabis establishments to consumers or qualifying patients and caregivers, or a combination thereof, in which case the applicant shall apply for a delivery service license. (c) A delivery service may (1) deliver cannabis from a micro- cultiv",,SOURCE_0001,"June Sp. Sess. P.A. 21-1, Sec. 47"
PA2021_001_SEC48,PA2021_001,June Sp. Sess. P.A. 21-1,BILL_2021_SB1201,Sec. 48,2021 June Sp. Sess.,2021-06-22,2021-07-01,"July 1, 2021",yes,NEW SECTION (codification not stated in the act),NEW SECTION (codification not stated in the act),,NEW section,no,,testing and laboratories; medical patients and caregivers; licensing; ownership and control; advertising and packaging,cannabis establishments; state agencies,,the act prints no deleted text for this section,"(NEW) (Effective July 1, 2021) (a) On and after July 1, 2021, the department may issue or renew a license for a person to be a cultivator. No person may act as a cultivator or represent that such person is a licensed cultivator unless such person has obtained a license from the department pursuant to this section. (b) A cultivator is authorized to cultivate, grow and propagate cannabis at an establishment containing not less than fifteen thousand square feet of grow space, provided such cultivator complies with the provisions of any regulations adopted under section 37 of this act concerning grow space. A cultivator establishment shall meet physical June Sp. Sess., security controls and protocols set forth and required by the commissioner. (c) A cultivator may label, manufacture, package and perform extractions on any cannabis cultivated, grown or propagated at its licensed establishment",,SOURCE_0001,"June Sp. Sess. P.A. 21-1, Sec. 48"
PA2021_001_SEC49,PA2021_001,June Sp. Sess. P.A. 21-1,BILL_2021_SB1201,Sec. 49,2021 June Sp. Sess.,2021-06-22,2021-07-01,"July 1, 2021",yes,NEW SECTION (codification not stated in the act),NEW SECTION (codification not stated in the act),,NEW section,no,,testing and laboratories; medical patients and caregivers; licensing; ownership and control; advertising and packaging,cannabis establishments; state agencies,,the act prints no deleted text for this section,"(NEW) (Effective July 1, 2021) (a) On and after July 1, 2021, the department may issue or renew a license for a person to be a micro- cultivator. No person may act as a micro-cultivator or represent that such person is a licensed micro-cultivator unless such person has obtained a license from the department pursuant to this section. (b) A micro-cultivator is authorized to cultivate, grow, propagate, manufacture and package the cannabis plant at an establishment containing not less than two thousand square feet and not more than ten thousand square feet of grow space, prior to any expansion authorized by the commissioner, provided such micro-cultivator complies with the provisions of any regulations adopted under section 37 of this act concerning grow space. A micro-cultivator business shall meet physical security controls set forth and required by the commissioner. (c) A micro-cultivator",,SOURCE_0001,"June Sp. Sess. P.A. 21-1, Sec. 49"
PA2021_001_SEC50,PA2021_001,June Sp. Sess. P.A. 21-1,BILL_2021_SB1201,Sec. 50,2021 June Sp. Sess.,2021-06-22,2021-07-01,"July 1, 2021",yes,NEW SECTION (codification not stated in the act),NEW SECTION (codification not stated in the act),,NEW section,no,,medical patients and caregivers; licensing,cannabis establishments; qualifying patients and caregivers; state agencies,,the act prints no deleted text for this section,"(NEW) (Effective July 1, 2021) (a) Until June 30, 2023, the commissioner may deny a change of location application from a dispensary facility or hybrid retailer based on the needs of qualifying patients. (b) Prior to June 30, 2022, the commissioner shall not approve the relocation of a dispensary facility or hybrid retailer to a location that is further than ten miles from its current dispensary facility or hybrid retailer location.",,SOURCE_0001,"June Sp. Sess. P.A. 21-1, Sec. 50"
PA2021_001_SEC51,PA2021_001,June Sp. Sess. P.A. 21-1,BILL_2021_SB1201,Sec. 51,2021 June Sp. Sess.,2021-06-22,2021-06-22,from passage,no,NEW SECTION (codification not stated in the act),NEW SECTION (codification not stated in the act),,NEW section,no,,testing and laboratories; licensing; social equity; home grow and possession; enforcement and penalties,social equity applicants; state agencies,,the act prints no deleted text for this section,"(NEW) (Effective from passage) (a) No member of the Social Equity Council and no employee of the Social Equity Council or department who carries out the licensing, inspection, investigation, enforcement or policy decisions authorized by RERACA, and any regulations enacted pursuant thereto, may, directly or indirectly, have any management or financial interest in the cultivation, manufacture, sale, transportation, delivery or testing of cannabis in this state, nor receive any commission or profit from nor have any interest in purchases or sales made by persons authorized to make such purchases June Sp. Sess., or sales pursuant to RERACA. No provision of this section shall prevent any such member or employee from purchasing and keeping in his or her possession, for his or her personal use or the use of such member's or employee's family or guests, any cannabis which may be purchased or kep",,SOURCE_0001,"June Sp. Sess. P.A. 21-1, Sec. 51"
PA2021_001_SEC52,PA2021_001,June Sp. Sess. P.A. 21-1,BILL_2021_SB1201,Sec. 52,2021 June Sp. Sess.,2021-06-22,2021-07-01,"July 1, 2021",yes,NEW SECTION (codification not stated in the act),NEW SECTION (codification not stated in the act),,NEW section,no,,licensing; home grow and possession; enforcement and penalties,cannabis establishments,,the act prints no deleted text for this section,"(NEW) (Effective July 1, 2021) Notwithstanding any provision of the general statutes, the purchase, possession, display, sale or transportation of cannabis by a cannabis establishment or employee thereof shall not be unlawful and shall not be an offense or a basis for seizure or forfeiture of assets so long as such purchase, possession, display, sale or transportation is within the scope of such person's employment or such person's license or registration and is in compliance with the laws and regulations that apply to such license or registration type.",,SOURCE_0001,"June Sp. Sess. P.A. 21-1, Sec. 52"
PA2021_001_SEC53,PA2021_001,June Sp. Sess. P.A. 21-1,BILL_2021_SB1201,Sec. 53,2021 June Sp. Sess.,2021-06-22,2021-07-01,"July 1, 2021",yes,NEW SECTION (codification not stated in the act),NEW SECTION (codification not stated in the act),,NEW section,no,,uncategorized,cannabis establishments; consumers and the general public,,the act prints no deleted text for this section,"(NEW) (Effective July 1, 2021) No cannabis establishment shall display cannabis, cannabis products or drug paraphernalia in a manner that is visible to the general public from a public right-of-way not on state lands or waters managed by the Department of Energy and Environmental Protection.",,SOURCE_0001,"June Sp. Sess. P.A. 21-1, Sec. 53"
PA2021_001_SEC54,PA2021_001,June Sp. Sess. P.A. 21-1,BILL_2021_SB1201,Sec. 54,2021 June Sp. Sess.,2021-06-22,2021-07-01,"July 1, 2021",yes,NEW SECTION (codification not stated in the act),NEW SECTION (codification not stated in the act),,NEW section,no,,licensing; advertising and packaging; agency duties and rulemaking,cannabis establishments; state agencies,,the act prints no deleted text for this section,"(NEW) (Effective July 1, 2021) (a) Each cannabis establishment June Sp. Sess., shall establish, maintain and comply with written policies and procedures for the cultivation, processing, manufacture, security, storage, inventory and distribution of cannabis, as applicable to the specific license type. Such policies and procedures shall include methods for identifying, recording and reporting diversion, theft or loss, and for correcting all errors and inaccuracies in inventories. Cannabis establishments shall include in their written policies and procedures a process for each of the following, if the establishment engages in such activity: (1) Handling mandatory and voluntary recalls of cannabis. Such process shall be adequate to deal with recalls due to any order of the commissioner and any voluntary action by the cannabis establishment to remove defective or potentially defective cannabi",,SOURCE_0001,"June Sp. Sess. P.A. 21-1, Sec. 54"
PA2021_001_SEC55,PA2021_001,June Sp. Sess. P.A. 21-1,BILL_2021_SB1201,Sec. 55,2021 June Sp. Sess.,2021-06-22,2021-07-01,"July 1, 2021",yes,NEW SECTION (codification not stated in the act),NEW SECTION (codification not stated in the act),,NEW section,no,,testing and laboratories; medical patients and caregivers; licensing; enforcement and penalties,qualifying patients and caregivers; consumers and the general public; state agencies,,the act prints no deleted text for this section,"(NEW) (Effective July 1, 2021) (a) Qualifying patients and caregivers registered pursuant to chapter 420f of the general statutes shall be permitted to purchase cannabis of higher potency, varied dosage form, and in a larger per transaction or per day amount than are generally available for retail purchase, as determined by the commissioner. Such determination, if any, shall be published on the Department of Consumer Protection's Internet web site or included in regulations adopted by the department. (b) Notwithstanding any provision of the general statutes, the sale or delivery of drug paraphernalia to a qualifying patient or caregiver or person licensed pursuant to the provisions of RERACA or chapter 420f of the general statutes, shall not be considered a violation of the provisions of RERACA.",,SOURCE_0001,"June Sp. Sess. P.A. 21-1, Sec. 55"
PA2021_001_SEC56,PA2021_001,June Sp. Sess. P.A. 21-1,BILL_2021_SB1201,Sec. 56,2021 June Sp. Sess.,2021-06-22,2022-01-01,"January 1, 2022",yes,NEW SECTION (codification not stated in the act),NEW SECTION (codification not stated in the act),,NEW section,no,,testing and laboratories; medical patients and caregivers; licensing; advertising and packaging; taxation and revenue; enforcement and penalties; data and reporting; agency duties and rulemaking,cannabis establishments; qualifying patients and caregivers; consumers and the general public; state agencies,,the act prints no deleted text for this section,"(NEW) (Effective January 1, 2022) (a) Each cannabis establishment, licensed pursuant to chapter 420f of the general statutes or the provisions of RERACA shall maintain a record of all cannabis grown, manufactured, wasted and distributed between cannabis establishments and to consumers, qualifying patients and caregivers in a form and manner prescribed by the commissioner. The commissioner shall require each cannabis establishment to use an electronic tracking system to monitor the production, harvesting, storage, manufacturing, packaging and labeling, processing, transport, transfer and sale of cannabis from the point of cannabis cultivation inception through the point when the final product is sold to a consumer, qualifying patient, caregiver, research program or otherwise disposed of in accordance with chapter 420f of the general statutes or the provisions of RERACA, and the policies a",,SOURCE_0001,"June Sp. Sess. P.A. 21-1, Sec. 56"
PA2021_001_SEC57,PA2021_001,June Sp. Sess. P.A. 21-1,BILL_2021_SB1201,Sec. 57,2021 June Sp. Sess.,2021-06-22,2021-07-01,"July 1, 2021",yes,NEW SECTION (codification not stated in the act),NEW SECTION (codification not stated in the act),,NEW section,no,,medical patients and caregivers; licensing; ownership and control; social equity; advertising and packaging; enforcement and penalties; data and reporting,cannabis establishments; state agencies,,the act prints no deleted text for this section,"(NEW) (Effective July 1, 2021) (a) Each cannabis establishment shall maintain all records necessary to fully demonstrate business transactions related to cannabis for a period covering the current taxable year and the three immediately preceding taxable years, all of which shall be made available to the department pursuant to subsection (c) of this section. (b) The commissioner may require any licensee to furnish such information as the commissioner considers necessary for the proper administration of RERACA, and may require an audit of any cannabis establishment, the expense thereof to be paid by such cannabis establishment. (c) Each cannabis establishment, and each person in charge, or having custody, of such documents, shall maintain such documents in an auditable format for the current taxable year and the three preceding taxable years. Upon request, such person shall make such docum",,SOURCE_0001,"June Sp. Sess. P.A. 21-1, Sec. 57"
PA2021_001_SEC58,PA2021_001,June Sp. Sess. P.A. 21-1,BILL_2021_SB1201,Sec. 58,2021 June Sp. Sess.,2021-06-22,2021-07-01,"July 1, 2021",yes,NEW SECTION (codification not stated in the act),NEW SECTION (codification not stated in the act),,NEW section,no,,testing and laboratories; licensing; ownership and control; advertising and packaging; taxation and revenue; enforcement and penalties; agency duties and rulemaking,cannabis establishments; state agencies,,the act prints no deleted text for this section,"(NEW) (Effective July 1, 2021) (a) For sufficient cause found pursuant to subsection (b) of this section, the commissioner may suspend or revoke a license or registration, issue fines of not more than twenty-five thousand dollars per violation, accept an offer in compromise or refuse to grant or renew a license or registration issued pursuant to RERACA, or place such licensee or registrant on probation, June Sp. Sess., place conditions on such licensee or registrant or take other actions permitted by law. Information from inspections and investigations conducted by the department related to administrative complaints or cases shall not be subject to disclosure under the Freedom of Information Act, as defined in section 1-200 of the general statutes, except after the department has entered into a settlement agreement, or concluded its investigation or inspection as evidenced by case closur",,SOURCE_0001,"June Sp. Sess. P.A. 21-1, Sec. 58"
PA2021_001_SEC59,PA2021_001,June Sp. Sess. P.A. 21-1,BILL_2021_SB1201,Sec. 59,2021 June Sp. Sess.,2021-06-22,2021-06-22,from passage,no,NEW SECTION (codification not stated in the act),NEW SECTION (codification not stated in the act),,NEW section,no,,agency duties and rulemaking,consumers and the general public; state agencies,,the act prints no deleted text for this section,"(NEW) (Effective from passage) (a) The commissioner may adopt regulations in accordance with chapter 54 of the general statutes, including emergency regulations pursuant to section 4-168 of the general statutes, to implement the provisions of RERACA. (b) Notwithstanding the requirements of sections 4-168 to 4-172, inclusive, of the general statutes, in order to effectuate the purposes of June Sp. Sess., RERACA and protect public health and safety, prior to adopting such regulations the commissioner shall implement policies and procedures to implement the provisions of RERACA that shall have the force and effect of law. The commissioner shall post all such policies and procedures on the department's Internet web site and submit such policies and procedures to the Secretary of the State for posting on the eRegulations System, at least fifteen days prior to the effective date of any policy ",,SOURCE_0001,"June Sp. Sess. P.A. 21-1, Sec. 59"
PA2021_001_SEC60,PA2021_001,June Sp. Sess. P.A. 21-1,BILL_2021_SB1201,Sec. 60,2021 June Sp. Sess.,2021-06-22,2022-07-01,"July 1, 2022",yes,,,,amends or references,no,,licensing; taxation and revenue,consumers and the general public; state agencies,,the act prints no deleted text for this section,"(Effective July 1, 2022) Not later than January 1, 2023, the department shall make written recommendations, in accordance with the provisions of section 11-4a of the general statutes, to the Governor and the joint standing committees of the General Assembly having cognizance of matters relating to consumer protection, the judiciary and finance, revenue and bonding, concerning whether to authorize on-site consumption or events that allow for cannabis usage, including whether to establish a cannabis on-site consumption or event license.",,SOURCE_0001,"June Sp. Sess. P.A. 21-1, Sec. 60"
PA2021_001_SEC61,PA2021_001,June Sp. Sess. P.A. 21-1,BILL_2021_SB1201,Sec. 61,2021 June Sp. Sess.,2021-06-22,2021-07-01,"July 1, 2021",yes,NEW SECTION (codification not stated in the act),NEW SECTION (codification not stated in the act),,NEW section,no,,licensing; ownership and control; enforcement and penalties,cannabis establishments,,the act prints no deleted text for this section,"(NEW) (Effective July 1, 2021) (a) For purposes of this section: (1) ""Material change"" means: (A) The addition of a backer, (B) a change in the ownership interest of an existing backer, (C) the merger, consolidation or other affiliation of a cannabis establishment with another cannabis establishment, (D) the acquisition of all or part of a cannabis establishment by another cannabis establishment or backer, and (E) the transfer of assets or security interests from a cannabis establishment to another cannabis establishment or backer; June Sp. Sess., (2) ""Cannabis establishment"" has the same meaning as provided in section 1 of this act; (3) ""Person"" has the same meaning as provided in section 1 of this act; and (4) ""Transfer"" means to sell, transfer, lease, exchange, option, convey, give or otherwise dispose of or transfer control over, including, but not limited to, transfer by way of merg",,SOURCE_0001,"June Sp. Sess. P.A. 21-1, Sec. 61"
PA2021_001_SEC62,PA2021_001,June Sp. Sess. P.A. 21-1,BILL_2021_SB1201,Sec. 62,2021 June Sp. Sess.,2021-06-22,2022-07-01,"July 1, 2022",yes,NEW SECTION (codification not stated in the act),NEW SECTION (codification not stated in the act),,NEW section,no,,testing and laboratories; municipal authority,cannabis establishments; consumers and the general public; municipalities; state agencies,,the act prints no deleted text for this section,"(NEW) (Effective July 1, 2022) Each cannabis establishment shall annually report publicly in a manner prescribed by the commissioner: (1) Its annual usage of electricity, and (2) what fraction of its electricity usage is generated from Class I Renewable Portfolio Standards produced in the state per the Regional Greenhouse Gas Initiative agreement. Each cannabis establishment shall purchase electricity generated from Class I Renewable Portfolio Standards produced in the states that are party to the Regional Greenhouse Gas Initiative agreement, to the greatest extent possible.",,SOURCE_0001,"June Sp. Sess. P.A. 21-1, Sec. 62"
PA2021_001_SEC63,PA2021_001,June Sp. Sess. P.A. 21-1,BILL_2021_SB1201,Sec. 63,2021 June Sp. Sess.,2021-06-22,2021-06-22,from passage,no,,,,amends or references,no,,taxation and revenue; agency duties and rulemaking,cannabis establishments; consumers and the general public; state agencies,,the act prints no deleted text for this section,"(Effective from passage) Not later than January 1, 2022, the Banking Commissioner, in consultation with the Commissioner of Consumer Protection, shall report to the Governor and the joint standing committees of the General Assembly having cognizance of matters relating to banking, the judiciary and finance, revenue and bonding, regarding recommended legislation to implement the provisions of RERACA, to facilitate the use of electronic payments by cannabis establishments and consumers and regarding access for June Sp. Sess., cannabis establishments to (1) depository banking, and (2) commercial mortgages.",,SOURCE_0001,"June Sp. Sess. P.A. 21-1, Sec. 63"
PA2021_001_SEC64,PA2021_001,June Sp. Sess. P.A. 21-1,BILL_2021_SB1201,Sec. 64,2021 June Sp. Sess.,2021-06-22,2021-06-22,from passage,no,,,,amends or references,no,,uncategorized,cannabis establishments; state agencies,,the act prints no deleted text for this section,"(Effective from passage) Not later than January 1, 2022, the Insurance Commissioner shall report to the Governor and the joint standing committee of the General Assembly having cognizance of matters relating to insurance regarding access to insurance by cannabis establishments.",,SOURCE_0001,"June Sp. Sess. P.A. 21-1, Sec. 64"
PA2021_001_SEC65,PA2021_001,June Sp. Sess. P.A. 21-1,BILL_2021_SB1201,Sec. 65,2021 June Sp. Sess.,2021-06-22,2021-06-22,from passage,no,,,,amends or references,no,,taxation and revenue; data and reporting,consumers and the general public,,the act prints no deleted text for this section,"(Effective from passage) Not later than January 1, 2023, the Alcohol and Drug Policy Council, jointly with the Departments of Public Health, Mental Health and Addiction Services and Children and Families, shall make recommendations to the Governor and the joint standing committees of the General Assembly having cognizance of matters relating to public health, the judiciary and finance, revenue and bonding regarding (1) efforts to promote public health, science-based harm reduction, mitigate misuse and the risk of addiction to cannabis and the effective treatment of addiction to cannabis with a particular focus on individuals under twenty-one years of age; (2) the collection and reporting of data to allow for epidemiological surveillance and review of cannabis consumption and the impacts thereof in the state; (3) impacts of cannabis legalization on the education, mental health and social ",,SOURCE_0001,"June Sp. Sess. P.A. 21-1, Sec. 65"
PA2021_001_SEC66,PA2021_001,June Sp. Sess. P.A. 21-1,BILL_2021_SB1201,Sec. 66,2021 June Sp. Sess.,2021-06-22,2021-10-01,"October 1, 2021",yes,21a-408; 21a-408a; 21a-408o; 21a-408r; 21a-408v,21a-408,STAT_21A_408,section repealed and substituted,no,,testing and laboratories; medical patients and caregivers; licensing; ownership and control; home grow and possession; municipal authority; enforcement and penalties,cannabis establishments,"pursuant to regulations adopted under section 21a-408m / controlled substances pursuant to / and section 21a-408r; / (A) licensed / , or (B) holds a temporary certificate of registration issued pursuant to section 21a-408r; / pursuant to section 21a-408h / (9) ""Licensed producer"" or ""producer"" / (15) ""Primary caregiver""","text the act deletes, printed in square brackets in the enacted act","Section 21a-408 of the general statutes is repealed and the following is substituted in lieu thereof (Effective October 1, 2021): As used in this section, sections 21a-408a to 21a-408o, inclusive, and sections 21a-408r to 21a-408v, inclusive, unless the context otherwise requires: June Sp. Sess., (1) ""Advanced practice registered nurse"" means an advanced practice registered nurse licensed pursuant to chapter 378; (2) ""Cannabis establishment"" has the same meaning as provided in section 1 of this act; [(2)] (3) ""Cultivation"" includes planting, propagating, cultivating, growing and harvesting; [(3)] (4) ""Debilitating medical condition"" means (A) cancer, glaucoma, positive status for human immunodeficiency virus or acquired immune deficiency syndrome, Parkinson's disease, multiple sclerosis, damage to the nervous tissue of the spinal cord with objective neurological indication of intractable",,SOURCE_0001,"June Sp. Sess. P.A. 21-1, Sec. 66"
PA2021_001_SEC67,PA2021_001,June Sp. Sess. P.A. 21-1,BILL_2021_SB1201,Sec. 67,2021 June Sp. Sess.,2021-06-22,2021-07-01,"July 1, 2021",yes,21a-408a; 21a-408d; 21a-408; 21a-408n; 21a-408m,21a-408a,STAT_21A_408A,subsections (a) repealed and substituted,no,,medical patients and caregivers; licensing; home grow and possession; enforcement and penalties,qualifying patients and caregivers; consumers and the general public; state agencies,"an amount of usable marijuana reasonably necessary to ensure uninterrupted availability for a period of one month, as determined by the Department of Consumer Protection pursuant to regulations adopted under section 21a-408m; and","text the act deletes, printed in square brackets in the enacted act","Section 21a-408a of the general statutes is repealed and the June Sp. Sess., following is substituted in lieu thereof (Effective July 1, 2021): (a) A qualifying patient shall register with the Department of Consumer Protection pursuant to section 21a-408d prior to engaging in the palliative use of marijuana. A qualifying patient who has a valid registration certificate from the Department of Consumer Protection pursuant to subsection (a) of section 21a-408d and complies with the requirements of sections 21a-408 to [21a-408n] 21a-408m, inclusive, shall not be subject to arrest or prosecution, penalized in any manner, including, but not limited to, being subject to any civil penalty, or denied any right or privilege, including, but not limited to, being subject to any disciplinary action by a professional licensing board, for the palliative use of marijuana if: (1) The qualifying patient's",,SOURCE_0001,"June Sp. Sess. P.A. 21-1, Sec. 67"
PA2021_001_SEC68,PA2021_001,June Sp. Sess. P.A. 21-1,BILL_2021_SB1201,Sec. 68,2021 June Sp. Sess.,2021-06-22,2021-07-01,"July 1, 2021",yes,21a-408b; 21a-408d,21a-408b,STAT_21A_408B,subsections (a) repealed and substituted,no,,medical patients and caregivers; licensing; ownership and control; home grow and possession; enforcement and penalties,qualifying patients and caregivers; consumers and the general public; state agencies,"an amount reasonably necessary to ensure uninterrupted availability for a period of one month, as determined by the Department of Consumer Protection pursuant to regulations adopted under section 21a-408m, and (2) such amount is obtained solely within this state from a licensed dispensary. Any person with a valid registration certificate who is found to be in possession of marijuana that did not originate from the selected dispensary may be subject to a hearing before the commissioner for possible enforcement action concerning the registration certificate issued by the department","text the act deletes, printed in square brackets in the enacted act","Section 21a-408b of the general statutes is repealed and the following is substituted in lieu thereof (Effective July 1, 2021): (a) No person may serve as a [primary] caregiver for a qualifying patient (1) unless such qualifying patient has a valid registration certificate from the Department of Consumer Protection pursuant to subsection (a) of section 21a-408d, and (2) if such person has been convicted of a violation of any law pertaining to the illegal manufacture, sale or distribution of a controlled substance. A [primary] caregiver may not be responsible for the care of more than one qualifying patient at any time, except that a [primary] caregiver may be responsible for the care of more than one qualifying patient if the [primary] caregiver and June Sp. Sess., each qualifying patient have a parental, guardianship, conservatorship or sibling relationship. (b) A [primary] caregiver wh",,SOURCE_0001,"June Sp. Sess. P.A. 21-1, Sec. 68"
PA2021_001_SEC69,PA2021_001,June Sp. Sess. P.A. 21-1,BILL_2021_SB1201,Sec. 69,2021 June Sp. Sess.,2021-06-22,2021-07-01,"July 1, 2021",yes,21a-408c,21a-408c,STAT_21A_408C,section repealed and substituted,no,,medical patients and caregivers; licensing; home grow and possession; municipal authority; enforcement and penalties,qualifying patients and caregivers; consumers and the general public; state agencies,dispensary licensed under section 21a-408h or a producer licensed under section 21a-408i,"text the act deletes, printed in square brackets in the enacted act","Section 21a-408c of the general statutes is repealed and the following is substituted in lieu thereof (Effective July 1, 2021): (a) A physician or an advanced practice registered nurse may issue a written certification to a qualifying patient that authorizes the palliative use of marijuana by the qualifying patient. Such written certification shall be in the form prescribed by the Department of Consumer Protection and shall include a statement signed and dated by the qualifying patient's physician or advanced practice registered nurse stating that, in such physician's or advanced practice registered nurse's professional opinion, the qualifying patient has a debilitating medical condition and the potential benefits of the palliative use of marijuana would likely outweigh the health risks of such use to the qualifying patient. (b) Any written certification for the palliative use of marijua",,SOURCE_0001,"June Sp. Sess. P.A. 21-1, Sec. 69"
PA2021_001_SEC70,PA2021_001,June Sp. Sess. P.A. 21-1,BILL_2021_SB1201,Sec. 70,2021 June Sp. Sess.,2021-06-22,2021-10-01,"October 1, 2021",yes,21a-408d; 21a-408a,21a-408d,STAT_21A_408D,subsections (a) repealed and substituted,no,,medical patients and caregivers; licensing; ownership and control; home grow and possession; enforcement and penalties,qualifying patients and caregivers; consumers and the general public; state agencies,"(b) The qualifying patient, or, if the qualifying patient is under eighteen years of age and not an emancipated minor, the custodial parent, guardian or other person having legal custody of the qualifying patient, shall select a licensed, in-state dispensary to obtain the palliative marijuana products at the time of registration. Upon the issuance of the certificate of registration by the department, the qualifying patient, or the qualifying patient's custodial parent, guardian or other person having legal custody of the qualifying patient, shall purchase such palliative marijuana products from such dispensary, except that the qualifying patient, or the qualifying patient's custodial parent, guardian or other person having legal custody of the qualifying patient, may change such dispensary in accordance with regulations adopted by the department. Any person with a valid registration certificate who is found to be in possession of marijuana that did not originate from the selected dispensary may be subject to hearing before the commissioner for possible enforcement action concerning the registration certificate issued by the department. / and temporary registration information obtained under section 21a-408n","text the act deletes, printed in square brackets in the enacted act","Section 21a-408d of the general statutes is repealed and the following is substituted in lieu thereof (Effective October 1, 2021): (a) Each qualifying patient who is issued a written certification for the palliative use of marijuana under subdivision (1) of subsection (a) of section 21a-408a, and the [primary] caregiver of such qualifying patient, shall register with the Department of Consumer Protection. Such registration shall be effective from the date the Department of Consumer Protection issues a certificate of registration until the expiration of the written certification issued by the physician or advanced practice registered nurse. The qualifying patient and the [primary] caregiver shall provide sufficient identifying information, as determined by the department, to establish the personal identity of the qualifying patient and the [primary] caregiver. If the qualifying patient is",,SOURCE_0001,"June Sp. Sess. P.A. 21-1, Sec. 70"
PA2021_001_SEC71,PA2021_001,June Sp. Sess. P.A. 21-1,BILL_2021_SB1201,Sec. 71,2021 June Sp. Sess.,2021-06-22,2021-07-01,"July 1, 2021",yes,21a-408f; 21a-408; 21a-408n; 21a-408m,21a-408f,STAT_21A_408F,section repealed and substituted,no,,medical patients and caregivers; enforcement and penalties,qualifying patients and caregivers,,the act prints no deleted text for this section,"Section 21a-408f of the general statutes is repealed and the following is substituted in lieu thereof (Effective July 1, 2021): Any marijuana, paraphernalia relating to marijuana, or other property seized by law enforcement officials from a qualifying patient or a [primary] caregiver in connection with the claimed palliative use of marijuana under sections 21a-408 to [21a-408n] 21a-408m, inclusive, shall be returned to the qualifying patient or the [primary] caregiver immediately upon the determination by a court that the qualifying patient or the [primary] caregiver is entitled to the palliative use of marijuana under sections 21a-408 to [21a-408n] 21a-408m, inclusive, as evidenced by a decision not to prosecute, a dismissal of charges or an acquittal. The provisions of this section do not apply to any qualifying patient or [primary] caregiver who fails to comply with the June Sp. Sess.",,SOURCE_0001,"June Sp. Sess. P.A. 21-1, Sec. 71"
PA2021_001_SEC72,PA2021_001,June Sp. Sess. P.A. 21-1,BILL_2021_SB1201,Sec. 72,2021 June Sp. Sess.,2021-06-22,2021-07-01,"July 1, 2021",yes,21a-408h,21a-408h,STAT_21A_408H,section repealed and substituted,no,,medical patients and caregivers; licensing; ownership and control; home grow and possession; data and reporting; agency duties and rulemaking,cannabis establishments; qualifying patients and caregivers; consumers and the general public; state agencies,"dispensaries / dispensaries / dispensaries / , (2) the applicant is a pharmacist licensed under chapter 400j, and (3) the number of dispensary licenses issued does not exceed the number appropriate to meet the needs of qualifying patients in this state, as determined by the commissioner pursuant to this subsection. / dispensaries / (B) Provide that only a pharmacist licensed under chapter 400j may apply for and receive a dispensary license; / dispensaries / licensed dispensaries / licensed dispensaries","text the act deletes, printed in square brackets in the enacted act","Section 21a-408h of the general statutes is repealed and the following is substituted in lieu thereof (Effective July 1, 2021): (a) No person may act as a dispensary or represent that such person is a licensed dispensary unless such person has obtained a license from the Commissioner of Consumer Protection pursuant to this section. (b) No person may act as a dispensary facility or represent that such person is a licensed dispensary facility unless such person has obtained a license from the Commissioner of Consumer Protection pursuant to this section. [(b)] (c) The Commissioner of Consumer Protection shall determine the number of [dispensaries] dispensary facilities appropriate to meet the needs of qualifying patients in this state and shall adopt regulations, in accordance with chapter 54, to provide for the licensure and standards for [dispensaries] dispensary facilities in this state ",,SOURCE_0001,"June Sp. Sess. P.A. 21-1, Sec. 72"
PA2021_001_SEC73,PA2021_001,June Sp. Sess. P.A. 21-1,BILL_2021_SB1201,Sec. 73,2021 June Sp. Sess.,2021-06-22,2021-10-01,"October 1, 2021",yes,21a-408j; 21a-408d; 21a-408n,21a-408j,STAT_21A_408J,section repealed and substituted,no,,testing and laboratories; medical patients and caregivers; licensing; home grow and possession; advertising and packaging; enforcement and penalties,cannabis establishments; qualifying patients and caregivers; consumers and the general public,; (2) distribute or dispense / or 21a-408n;,"text the act deletes, printed in square brackets in the enacted act","Section 21a-408j of the general statutes is repealed and the following is substituted in lieu thereof (Effective October 1, 2021): (a) No [licensed] dispensary facility or employee of the dispensary facility may: (1) Acquire marijuana from a person other than a [licensed] producer [; (2) distribute or dispense] from a cultivator, micro- cultivator, product manufacturer, food and beverage manufacturer, product packager, or transporter, as such terms are defined in section 1 of this act; (2) transfer or transport marijuana to a person who is not (A) a qualifying patient registered under section 21a-408d; [or 21a-408n;] (B) a [primary] caregiver of such qualifying patient; (C) a hospice or other inpatient care facility licensed by the Department of Public Health pursuant to chapter 368v that has a protocol for the handling and distribution of marijuana that has been approved by the Departme",,SOURCE_0001,"June Sp. Sess. P.A. 21-1, Sec. 73"
PA2021_001_SEC74,PA2021_001,June Sp. Sess. P.A. 21-1,BILL_2021_SB1201,Sec. 74,2021 June Sp. Sess.,2021-06-22,2021-07-01,"July 1, 2021",yes,21a-408k; 21a-408; 21a-408n,21a-408k,STAT_21A_408K,section repealed and substituted,no,,testing and laboratories; licensing; enforcement and penalties,cannabis establishments; laboratories,"licensed dispensary / licensed dispensaries under sections 21a-408 to 21a-408n, inclusive","text the act deletes, printed in square brackets in the enacted act","Section 21a-408k of the general statutes is repealed and the following is substituted in lieu thereof (Effective July 1, 2021): (a) No [licensed] producer or employee of the producer may: (1) Sell, deliver, transport or distribute marijuana to a person who is not (A) a [licensed dispensary] cannabis establishment, (B) a laboratory, or (C) an organization engaged in a research program, or (2) obtain or transport marijuana outside of this state in violation of state or federal law. (b) No licensed producer or employee of the producer acting within the scope of his or her employment shall be subject to arrest or prosecution [,] or penalized in any manner, including, but not limited to, being subject to any civil penalty, or denied any right or privilege, including, but not limited to, being subject to any disciplinary action by a professional licensing board, for cultivating marijuana or se",,SOURCE_0001,"June Sp. Sess. P.A. 21-1, Sec. 74"
PA2021_001_SEC75,PA2021_001,June Sp. Sess. P.A. 21-1,BILL_2021_SB1201,Sec. 75,2021 June Sp. Sess.,2021-06-22,2021-10-01,"October 1, 2021",yes,21a-408m; 21a-408a; 21a-408d; 21a-408l,21a-408m,STAT_21A_408M,subsections (a) repealed and substituted,no,,medical patients and caregivers; licensing; enforcement and penalties; agency duties and rulemaking,qualifying patients and caregivers; consumers and the general public; state agencies,"regulations, in accordance with chapter 54, to implement the provisions of sections 21a-408 to 21a-408g, inclusive, and section 21a-408l. At a minimum, such regulations shall / Govern the manner in which the department considers / , and establish any additional information to be contained in such registration certificates; / (2) Define the protocols for determining the amount of usable marijuana that is necessary to constitute an adequate supply to ensure uninterrupted availability for a period of one month, including amounts for topical treatments; / in such manner and in such form as prescribed in the regulations, / (5) Establish a process for public comment and public hearings before the board regarding the addition of medical conditions, medical treatments or diseases to the list of debilitating medical conditions, medical treatments or diseases; June Sp. Sess., (6) Add additional medical conditions, medical treatments or diseases to the list of debilitating medical conditions that qualify for the palliative use of marijuana as recommended by the board; and / licensed dispensaries. / (d) The commissioner shall submit regulations pursuant to subsections (b) and (c) of this section to the standing legislative regulation review committee not later than July 1, 2013.","text the act deletes, printed in square brackets in the enacted act","Section 21a-408m of the general statutes is repealed and the following is substituted in lieu thereof (Effective October 1, 2021): (a) The Commissioner of Consumer Protection may adopt regulations, in accordance with chapter 54, to establish (1) a standard form for written certifications for the palliative use of marijuana issued by physicians and advanced practice registered nurses under June Sp. Sess., subdivision (1) of subsection (a) of section 21a-408a, and (2) procedures for registrations under section 21a-408d. Such regulations, if any, shall be adopted after consultation with the Board of Physicians established in section 21a-408l. (b) The Commissioner of Consumer Protection shall adopt regulations, in accordance with chapter 54, to establish a reasonable fee to be collected from each qualifying patient to whom a written certification for the palliative use of marijuana is issued",,SOURCE_0001,"June Sp. Sess. P.A. 21-1, Sec. 75"
PA2021_001_SEC76,PA2021_001,June Sp. Sess. P.A. 21-1,BILL_2021_SB1201,Sec. 76,2021 June Sp. Sess.,2021-06-22,2021-10-01,"October 1, 2021",yes,21a-408l,21a-408l,STAT_21A_408L,section repealed and substituted,no,,medical patients and caregivers; enforcement and penalties,qualifying patients and caregivers; consumers and the general public; state agencies,at least twice per year,"text the act deletes, printed in square brackets in the enacted act","Section 21a-408l of the general statutes is repealed and the following is substituted in lieu thereof (Effective October 1, 2021): June Sp. Sess., (a) The Commissioner of Consumer Protection shall establish a Board of Physicians consisting of eight physicians or surgeons who are knowledgeable about the palliative use of marijuana and certified by the appropriate American board in the medical specialty in which they practice, at least one of whom shall be a board certified pediatrician appointed in consultation with the Connecticut Chapter of the American Academy of Pediatrics. Four of the members of the board first appointed shall serve for a term of three years and four of the members of the board first appointed shall serve for a term of four years. Thereafter, members of the board shall serve for a term of four years and shall be eligible for reappointment. Any member of the board may",,SOURCE_0001,"June Sp. Sess. P.A. 21-1, Sec. 76"
PA2021_001_SEC77,PA2021_001,June Sp. Sess. P.A. 21-1,BILL_2021_SB1201,Sec. 77,2021 June Sp. Sess.,2021-06-22,2021-07-01,"July 1, 2021",yes,21a-408p; 21a-408,21a-408p,STAT_21A_408P,section repealed and substituted,no,,medical patients and caregivers; enforcement and penalties,qualifying patients and caregivers; consumers and the general public,"""Primary caregiver""","text the act deletes, printed in square brackets in the enacted act","Section 21a-408p of the general statutes is repealed and the following is substituted in lieu thereof (Effective July 1, 2021): (a) For the purposes of this section: (1) ""Action"" has the meaning provided in section 47a-1; (2) ""Dwelling unit"" has the meaning provided in section 47a-1; (3) ""Employer"" means a person engaged in business who has one or more employees, including the state and any political subdivision of the state; (4) ""Landlord"" has the meaning provided in section 47a-1; (5) ""Palliative use"" has the meaning provided in section 21a-408; (6) [""Primary caregiver""] ""Caregiver"" has the meaning provided in section 21a-408; (7) ""Qualifying patient"" has the meaning provided in section 21a-408; (8) ""School"" means a public or private elementary or secondary school in this state or a public or private institution of higher education in this state; and (9) ""Tenant"" has the meaning provid",,SOURCE_0001,"June Sp. Sess. P.A. 21-1, Sec. 77"
PA2021_001_SEC78,PA2021_001,June Sp. Sess. P.A. 21-1,BILL_2021_SB1201,Sec. 78,2021 June Sp. Sess.,2021-06-22,2021-10-01,"October 1, 2021",yes,21a-408r,21a-408r,STAT_21A_408R,section repealed and substituted,no,,testing and laboratories; licensing; agency duties and rulemaking,laboratories; consumers and the general public; state agencies,,the act prints no deleted text for this section,"Section 21a-408r of the general statutes is repealed and the following is substituted in lieu thereof (Effective October 1, 2021): (a) No person may act as a laboratory or represent that such person is a laboratory unless such person has (1) obtained a license from the Commissioner of Consumer Protection pursuant to this section, or (2) (A) been granted approval by the Commissioner of Consumer Protection as of October 1, 2021, and (B) submitted an application to the Commissioner of Consumer Protection for licensure pursuant to this section in a form and manner prescribed by the commissioner. Such person may continue to act as a laboratory until such application for licensure under this section is approved or denied by the Commissioner June Sp. Sess., of Consumer Protection. [(a)] (b) Except as provided in subsection [(b)] (c) of this section, no person may act as a laboratory employee or",,SOURCE_0001,"June Sp. Sess. P.A. 21-1, Sec. 78"
PA2021_001_SEC79,PA2021_001,June Sp. Sess. P.A. 21-1,BILL_2021_SB1201,Sec. 79,2021 June Sp. Sess.,2021-06-22,2021-07-01,"July 1, 2021",yes,21a-408t,21a-408t,STAT_21A_408T,section repealed and substituted,no,,licensing; advertising and packaging; enforcement and penalties; agency duties and rulemaking,cannabis establishments; consumers and the general public; state agencies,"(c) Prior to the effective date of regulations adopted under this section, the Commissioner of Consumer Protection may issue a temporary certificate of registration to a research program employee. The commissioner shall prescribe the standards, procedures and fees for obtaining a temporary certificate of registration as a research program employee.","text the act deletes, printed in square brackets in the enacted act","Section 21a-408t of the general statutes is repealed and the following is substituted in lieu thereof (Effective July 1, 2021): (a) The Commissioner of Consumer Protection may approve a research program if such research program will (1) be administered or overseen by (A) a hospital or health care facility licensed by the Connecticut Department of Public Health pursuant to chapter 368v, (B) an institution of higher education, as defined in section 10a-55, (C) a [licensed] producer, micro-cultivator, cultivator, food and beverage manufacturer product packager or product manufacturer, as such terms are defined in section 1 of this act, or (D) a [licensed] dispensary facility, hybrid retailer or retailer, as such terms are defined in section 1 of this act, and (2) have institutional review board oversight and, if the research program involves the use of animals, have an institutional animal ",,SOURCE_0001,"June Sp. Sess. P.A. 21-1, Sec. 79"
PA2021_001_SEC80,PA2021_001,June Sp. Sess. P.A. 21-1,BILL_2021_SB1201,Sec. 80,2021 June Sp. Sess.,2021-06-22,2021-07-01,"July 1, 2021",yes,21a-408s,21a-408s,STAT_21A_408S,section repealed and substituted,no,,testing and laboratories; licensing; ownership and control; home grow and possession; enforcement and penalties,cannabis establishments; laboratories,"licensed producer, licensed dispensary / licensed dispensary, (B) a person who is not a licensed producer, or (C) / licensed dispensary, a licensed producer / licensed dispensary, a licensed producer","text the act deletes, printed in square brackets in the enacted act","Section 21a-408s of the general statutes is repealed and the following is substituted in lieu thereof (Effective July 1, 2021): (a) No laboratory or laboratory employee may (1) acquire marijuana from a person other than a [licensed producer, licensed dispensary] cannabis establishment or an organization engaged in a research program, (2) deliver, transport or distribute marijuana to (A) a person who is not a [licensed dispensary, (B) a person who is not a licensed producer, or (C)] cannabis establishment from which the marijuana was originally acquired by the laboratory or laboratory employee, (B) an organization not engaged in a research program, or (3) obtain or transport marijuana outside of this state in violation of state or federal law. (b) (1) No laboratory employee acting within the scope of his or her employment shall be subject to arrest or prosecution, penalized in any manner,",,SOURCE_0001,"June Sp. Sess. P.A. 21-1, Sec. 80"
PA2021_001_SEC81,PA2021_001,June Sp. Sess. P.A. 21-1,BILL_2021_SB1201,Sec. 81,2021 June Sp. Sess.,2021-06-22,2021-07-01,"July 1, 2021",yes,21a-408u,21a-408u,STAT_21A_408U,section repealed and substituted,no,,testing and laboratories; licensing; home grow and possession; enforcement and penalties,cannabis establishments; laboratories,"licensed producer, licensed dispensary / licensed June Sp. Sess., dispensary / licensed producer / licensed dispensary, a licensed producer","text the act deletes, printed in square brackets in the enacted act","Section 21a-408u of the general statutes is repealed and the following is substituted in lieu thereof (Effective July 1, 2021): (a) No research program or research program employee may (1) acquire marijuana from a person other than a [licensed producer, licensed dispensary] cannabis establishment or laboratory, (2) deliver, transport or distribute marijuana to a person who is not (A) a [licensed June Sp. Sess., dispensary] cannabis establishment, (B) a [licensed producer] laboratory, or (C) a research program subject, (3) distribute or administer marijuana to an animal unless such animal is an animal research subject, or (4) obtain or transport marijuana outside of this state in violation of state or federal law. (b) No research program employee acting within the scope of his or her employment shall be subject to arrest or prosecution, penalized in any manner, including, but not limited ",,SOURCE_0001,"June Sp. Sess. P.A. 21-1, Sec. 81"
PA2021_001_SEC82,PA2021_001,June Sp. Sess. P.A. 21-1,BILL_2021_SB1201,Sec. 82,2021 June Sp. Sess.,2021-06-22,2021-10-01,"October 1, 2021",yes,NEW SECTION (codification not stated in the act),NEW SECTION (codification not stated in the act),,NEW section,no,,medical patients and caregivers; licensing,cannabis establishments; qualifying patients and caregivers; state agencies,,the act prints no deleted text for this section,"(NEW) (Effective October 1, 2021) A licensed pharmacist working as an employee at a dispensary facility or hybrid retailer shall transmit dispensing information, in a manner prescribed by the commissioner, on any cannabis sold to a qualifying patient or caregiver in real-time or immediately upon completion of the transaction, unless not reasonably feasible for a specific transaction, but in no case longer than one hour after completion of the transaction.",,SOURCE_0001,"June Sp. Sess. P.A. 21-1, Sec. 82"
PA2021_001_SEC83,PA2021_001,June Sp. Sess. P.A. 21-1,BILL_2021_SB1201,Sec. 83,2021 June Sp. Sess.,2021-06-22,2021-07-01,"July 1, 2021",yes,NEW SECTION (codification not stated in the act),NEW SECTION (codification not stated in the act),,NEW section,no,,medical patients and caregivers; licensing; advertising and packaging; municipal authority; enforcement and penalties,cannabis establishments; municipalities,,the act prints no deleted text for this section,"(NEW) (Effective July 1, 2021) (a) Upon the petition of not less than ten per cent of the electors of any municipality, lodged with the town clerk at least sixty days before the date of any regular election, as defined in section 9-1 of the general statutes, the selectmen of the municipality shall warn the electors of such municipality that, at such regular election, a vote shall be taken to determine: (1) Whether or not the recreational sale of marijuana shall be permitted in such municipality, or (2) whether the sale of marijuana shall be permitted in such municipality in one or more of the classes of license of cannabis June Sp. Sess., establishments. The ballot label designations in a vote upon the question of cannabis establishment license shall be ""Shall the sale of recreational marijuana be allowed in .... (Name of municipality)?"" or ""Shall the sale of cannabis under (Specified li",,SOURCE_0001,"June Sp. Sess. P.A. 21-1, Sec. 83"
PA2021_001_SEC86,PA2021_001,June Sp. Sess. P.A. 21-1,BILL_2021_SB1201,Sec. 86,2021 June Sp. Sess.,2021-06-22,2021-10-01,"October 1, 2021",yes,19a-342; 21a-240; 22-61l,19a-342,STAT_19A_342,section repealed and substituted,no,,ownership and control; advertising and packaging; municipal authority; enforcement and penalties; hemp and infused beverages,hemp businesses,"lighting or carrying / , provided no person shall be arrested for violating this subsection unless there is posted in such elevator a sign which indicates that smoking is prohibited by state law; / or (J) on and after April 1, 2004, / This section / (A) correctional facilities; (B) designated smoking areas in psychiatric facilities; (C) public / (E) smoking rooms provided by employers for employees, pursuant to section 31-40q; (F) / (c) The operator of a hotel, motel or similar lodging may allow guests to smoke in not more than twenty-five per cent of the rooms offered as accommodations to guests.","text the act deletes, printed in square brackets in the enacted act","Section 19a-342 of the general statutes is repealed and the following is substituted in lieu thereof (Effective October 1, 2021): (a) As used in this section: [, ""smoke""] (1) ""Smoke"" or ""smoking"" means the [lighting or carrying] burning of a lighted cigarette, cigar, pipe or any other similar device, [.] whether containing, wholly or in part, tobacco, cannabis, or hemp; (2) ""Any area"" means the interior of the facility, building or establishment and the outside area within twenty-five feet of any doorway, operable window or air intake vent of the facility, building or establishment; (3) ""Cannabis"" means marijuana, as defined in section 21a-240; and (4) ""Hemp"" has the same meaning as provided in section 22-61l. (b) (1) Notwithstanding the provisions of section 31-40q, no person shall smoke: (A) In any area of a building or portion of a building, partially enclosed shelter on a rail platfo",,SOURCE_0001,"June Sp. Sess. P.A. 21-1, Sec. 86"
PA2021_001_SEC87,PA2021_001,June Sp. Sess. P.A. 21-1,BILL_2021_SB1201,Sec. 87,2021 June Sp. Sess.,2021-06-22,2021-10-01,"October 1, 2021",yes,19a-342a; 21a-415,19a-342a,STAT_19A_342A,section repealed and substituted,no,,licensing; advertising and packaging; enforcement and penalties,consumers and the general public,"and section 2 of public act 15-206: / has the same meaning as provided in section 21a-415; / has the same meaning as provided in section 21a-415 / , provided no person shall be arrested for violating this subsection unless there is posted in such elevator a sign which indicates that such use is prohibited by state law; / This section / (A) correctional facilities; (B) designated smoking areas in psychiatric facilities; (C) public / (G) smoking rooms provided by employers for employees, pursuant to section 31-40q; (H) / (c) The operator of a hotel, motel or similar lodging may allow guests to use an electronic nicotine delivery system or vapor product in not more than twenty-five per cent of the rooms offered as accommodations June Sp. Sess., to guests.","text the act deletes, printed in square brackets in the enacted act","Section 19a-342a of the general statutes is repealed and the following is substituted in lieu thereof (Effective October 1, 2021): (a) As used in this section: [and section 2 of public act 15-206:] (1) ""Any area"" means the interior of the facility, building or establishment and the outside area within twenty-five feet of any doorway, operable window or air intake vent of the facility, building or establishment; [(1)] (2) ""Child care facility"" means a provider of child care services as defined in section 19a-77, or a person or entity required to be licensed under section 17a-145; [(2)] (3) ""Electronic nicotine delivery system"" [has the same meaning as provided in section 21a-415;] means an electronic device used in the delivery of nicotine to a person inhaling from the device, and includes, but is not limited to, an electronic cigarette, electronic cigar, electronic cigarillo, electronic ",,SOURCE_0001,"June Sp. Sess. P.A. 21-1, Sec. 87"
PA2021_001_SEC88,PA2021_001,June Sp. Sess. P.A. 21-1,BILL_2021_SB1201,Sec. 88,2021 June Sp. Sess.,2021-06-22,2021-10-01,"October 1, 2021",yes,19a-342; 19a-342a,19a-342,STAT_19A_342,subsections (b) repealed and substituted,no,,testing and laboratories; ownership and control; enforcement and penalties; hemp and infused beverages,not stated in the section head,"subparagraph (A), (C) or (H) of / matter or substance which contains tobacco. / (b) Each employer with fewer than five employees in a business facility shall establish one or more work areas, sufficient to accommodate nonsmokers who request to utilize such an area, within each business facility under his control, where smoking is prohibited. The employer shall clearly designate the existence and boundaries of each nonsmoking area by posting signs which can be readily seen by employees and visitors. In the areas within the business facility where smoking is permitted, existing physical barriers and ventilation systems shall be used to the extent practicable to minimize the effect of smoking in adjacent nonsmoking areas. / with five or more employees / , except that an employer may designate one or more smoking rooms. / (2) Each employer that provides a smoking room pursuant to this subsection shall provide sufficient nonsmoking break rooms for nonsmoking employees. (3) Each smoking room designated by an employer pursuant to this subsection shall meet the following requirements: (A) Air from the smoking room shall be exhausted directly to the outside by an exhaust June Sp. Sess., fan, and no air from such room shall be recirculated to other parts of the building; (B) the employer shall comply with any ventilation standard adopted by (i) the Commissioner of Labor pursuant to chapter 571, (ii) the United States Secretary of Labor under the authority of the Occupational Safety and","text the act deletes, printed in square brackets in the enacted act","Section 31-40q of the general statutes is repealed and the following is substituted in lieu thereof (Effective October 1, 2021): (a) As used in this section: June Sp. Sess., (1) ""Person"" means one or more individuals, partnerships, associations, corporations, limited liability companies, business trusts, legal representatives or any organized group of persons; [.] (2) ""Employer"" means a person engaged in business who has employees, including the state and any political subdivision thereof; [.] (3) ""Employee"" means any person engaged in service to an employer in the business of his employer; [.] (4) ""Business facility"" means a structurally enclosed location or portion thereof at which employees perform services for their employer. The term ""business facility"" does not include: (A) Facilities listed in [subparagraph (A), (C) or (H) of] subdivision (2) of subsection (b) of section 19a-342 o",,SOURCE_0001,"June Sp. Sess. P.A. 21-1, Sec. 88"
PA2021_001_SEC89,PA2021_001,June Sp. Sess. P.A. 21-1,BILL_2021_SB1201,Sec. 89,2021 June Sp. Sess.,2021-06-22,2022-07-01,"July 1, 2022",yes,19a-342a,19a-342a,STAT_19A_342A,NEW section,no,,home grow and possession,consumers and the general public,,the act prints no deleted text for this section,"(NEW) (Effective July 1, 2022) (a) As used in this section, ""cannabis"" has the same meaning as provided in section 1 of this act and ""electronic cannabis delivery system"" and ""vapor product"" have the same meanings as provided in section 19a-342a of the general statutes. No hotel, motel or similar lodging shall prohibit the legal possession or consumption of cannabis in any nonpublic area of such hotel, motel or similar lodging. (b) Notwithstanding the provisions of subsection (a) of this section, a hotel, motel or similar lodging shall prohibit the smoking of cannabis and the use of an electronic cannabis delivery system or a vapor product containing cannabis in any location of such hotel, motel or similar lodging.",,SOURCE_0001,"June Sp. Sess. P.A. 21-1, Sec. 89"
PA2021_001_SEC90,PA2021_001,June Sp. Sess. P.A. 21-1,BILL_2021_SB1201,Sec. 90,2021 June Sp. Sess.,2021-06-22,2022-07-01,"July 1, 2022",yes,NEW SECTION (codification not stated in the act),NEW SECTION (codification not stated in the act),,NEW section,no,,testing and laboratories; licensing; home grow and possession; enforcement and penalties,not stated in the section head,,the act prints no deleted text for this section,"(NEW) (Effective July 1, 2022) (a) As used in this section, ""tenant"", ""landlord"" and dwelling unit"" have the same meanings as provided in section 47a-1 of the general statutes. Except as provided in this section, a landlord or property manager may not refuse to rent to a June Sp. Sess., prospective tenant or an existing tenant, or otherwise discriminate against a prospective tenant or an existing tenant, based on a past conviction for possession of a cannabis-type substance under section 21a-279a of the general statutes, or for a past conviction for possession of four or fewer ounces of cannabis plant material, and any equivalencies and combinations thereof, pursuant to subsection (i) of section 21a-279a of the general statutes in any other jurisdiction. (b) Except as provided in this section, in the case of the rental of a dwelling unit, a landlord or property manager may not prohibit t",,SOURCE_0001,"June Sp. Sess. P.A. 21-1, Sec. 90"
PA2021_001_SEC91,PA2021_001,June Sp. Sess. P.A. 21-1,BILL_2021_SB1201,Sec. 91,2021 June Sp. Sess.,2021-06-22,2022-07-01,"July 1, 2022",yes,NEW SECTION (codification not stated in the act),NEW SECTION (codification not stated in the act),,NEW section,no,,enforcement and penalties,not stated in the section head,,the act prints no deleted text for this section,"(NEW) (Effective July 1, 2022) The use of cannabis shall be prohibited on any state lands or waters managed by the Department of Energy and Environmental Protection. Any person who violates such June Sp. Sess., prohibition shall be fined not more than two hundred fifty dollars. The provisions of this section may only be enforced by agents of the Department of Energy and Environmental Protection.",,SOURCE_0001,"June Sp. Sess. P.A. 21-1, Sec. 91"
PA2021_001_SEC92,PA2021_001,June Sp. Sess. P.A. 21-1,BILL_2021_SB1201,Sec. 92,2021 June Sp. Sess.,2021-06-22,2021-07-01,"July 1, 2021",yes,NEW SECTION (codification not stated in the act),NEW SECTION (codification not stated in the act),,NEW section,no,,home grow and possession,state agencies,,the act prints no deleted text for this section,"(NEW) (Effective July 1, 2021) The Commissioner of Correction may prohibit the possession of cannabis in any Department of Correction facility or halfway house.",,SOURCE_0001,"June Sp. Sess. P.A. 21-1, Sec. 92"
PA2021_001_SEC93,PA2021_001,June Sp. Sess. P.A. 21-1,BILL_2021_SB1201,Sec. 93,2021 June Sp. Sess.,2021-06-22,2022-07-01,"July 1, 2022",yes,NEW SECTION (codification not stated in the act),NEW SECTION (codification not stated in the act),,NEW section,no,,testing and laboratories,not stated in the section head,,the act prints no deleted text for this section,"(NEW) (Effective July 1, 2022) A drug test of an individual that yields a positive result solely for 11-nor-9-carboxy-delta-9- tetrahydrocannabinol shall not be construed, without other evidence, as proof that such individual is under the influence of or impaired by cannabis.",,SOURCE_0001,"June Sp. Sess. P.A. 21-1, Sec. 93"
PA2021_001_SEC94,PA2021_001,June Sp. Sess. P.A. 21-1,BILL_2021_SB1201,Sec. 94,2021 June Sp. Sess.,2021-06-22,2021-07-01,"July 1, 2021",yes,NEW SECTION (codification not stated in the act),NEW SECTION (codification not stated in the act),,NEW section,no,,uncategorized,not stated in the section head,,the act prints no deleted text for this section,"(NEW) (Effective July 1, 2021) The presence of cannabinoid metabolites in the bodily fluids of a person: (1) With respect to a patient, shall not constitute the use of an illicit substance resulting in denial of medical care, including organ transplantation, and a patient's use of cannabis products may only be considered with respect to evidence-based clinical criteria; and (2) With respect to a parent or legal guardian of a child or newborn infant, or a pregnant woman, shall not form the sole or primary basis for any action or proceeding by the Department of Children and Families, or any successor agencies provided, nothing in this subdivision shall preclude any action or proceeding by such department based on harm or risk of harm to a child or the use of information on the presence of cannabinoid metabolites in the bodily fluids of any person in any action or proceeding.",,SOURCE_0001,"June Sp. Sess. P.A. 21-1, Sec. 94"
PA2021_001_SEC95,PA2021_001,June Sp. Sess. P.A. 21-1,BILL_2021_SB1201,Sec. 95,2021 June Sp. Sess.,2021-06-22,2021-07-01,"July 1, 2021",yes,NEW SECTION (codification not stated in the act),NEW SECTION (codification not stated in the act),,NEW section,no,,testing and laboratories; enforcement and penalties,not stated in the section head,,the act prints no deleted text for this section,"(NEW) (Effective July 1, 2021) A drug test of a student that yields a positive result solely for 11-nor-9-carboxy-delta-9- tetrahydrocannabinol shall not form the sole basis for an educational institution to refuse to enroll or to continue to enroll, or otherwise June Sp. Sess., penalize such student, unless failing to do so would put the educational institution in violation of a federal contract or cause it to lose federal funding, or such student is being drug tested as required by the National Collegiate Athletic Association and any such action is taken as required by the policies of the National Collegiate Athletic Association.",,SOURCE_0001,"June Sp. Sess. P.A. 21-1, Sec. 95"
PA2021_001_SEC96,PA2021_001,June Sp. Sess. P.A. 21-1,BILL_2021_SB1201,Sec. 96,2021 June Sp. Sess.,2021-06-22,2021-07-01,"July 1, 2021",yes,NEW SECTION (codification not stated in the act),NEW SECTION (codification not stated in the act),,NEW section,no,,home grow and possession; enforcement and penalties,not stated in the section head,,the act prints no deleted text for this section,"(NEW) (Effective July 1, 2021) No institution of higher education, as defined in section 10a-55 of the general statutes, shall revoke any financial aid, student loans, or expel a student, solely for use or possession of less than (1) four ounces of cannabis plant material, (2) an equivalent amount of cannabis product, as provided in subsection (i) of section 21a-279a of the general statutes, or (3) an equivalent amount of a combination of cannabis and cannabis product, as provided in subsection (i) of section 21a-279a of the general statutes, unless complying with the provisions of this section would violate federal law or a federal contract, or failing to take the actions prohibited under this section would jeopardize an institution of higher education's federal funding.",,SOURCE_0001,"June Sp. Sess. P.A. 21-1, Sec. 96"
PA2021_001_SEC97,PA2021_001,June Sp. Sess. P.A. 21-1,BILL_2021_SB1201,Sec. 97,2021 June Sp. Sess.,2021-06-22,2022-07-01,"July 1, 2022",yes,NEW SECTION (codification not stated in the act),NEW SECTION (codification not stated in the act),,NEW section,no,,licensing; ownership and control; enforcement and penalties,not stated in the section head,,the act prints no deleted text for this section,"(NEW) (Effective July 1, 2022) As used in this section and sections 98 to 101, inclusive, of this act: (1) ""Employee"" means any individual employed or permitted to work by an employer, or an independent contractor; (2) ""Employer"" has the same meaning as provided in section 31-58 of the general statutes; (3) ""Exempted employer"" means an employer whose primary activity is (A) mining, including, but not limited to, an employer with a two- digit North American Industry Classification System code of 21, (B) utilities, including, but not limited to, any employer with a two-digit North American Industry Classification System code of 22, (C) construction, including, but not limited to, an employer with a two-digit June Sp. Sess., North American Industry Classification System code of 23, (D) manufacturing, including, but not limited to, an employer with a two- digit North American Industry Classi",,SOURCE_0001,"June Sp. Sess. P.A. 21-1, Sec. 97"
PA2021_001_SEC98,PA2021_001,June Sp. Sess. P.A. 21-1,BILL_2021_SB1201,Sec. 98,2021 June Sp. Sess.,2021-06-22,2022-07-01,"July 1, 2022",yes,21a-408p,21a-408p,STAT_21A_408P,NEW section,no,,testing and laboratories; medical patients and caregivers; home grow and possession; enforcement and penalties; agency duties and rulemaking,qualifying patients and caregivers,,the act prints no deleted text for this section,"(NEW) (Effective July 1, 2022) (a) No employer shall be required to make accommodations for an employee or be required to allow an employee to: (1) Perform his or her duties while under the influence of cannabis, or (2) possess, use or otherwise consume cannabis while performing such duties or on the premises of the employer, except possession of palliative cannabis by a qualifying patient under chapter 420f of the general statutes. (b) (1) An employer may implement a policy prohibiting the possession, use or other consumption of cannabis by an employee, except (A) as provided in section 21a-408p of the general statutes, and (B) for possession of palliative cannabis by a qualifying patient under chapter 420f of the general statutes, provided such policy is: (i) In June Sp. Sess., writing in either physical or electronic form, and (ii) made available to each employee prior to the enactmen",,SOURCE_0001,"June Sp. Sess. P.A. 21-1, Sec. 98"
PA2021_001_SEC99,PA2021_001,June Sp. Sess. P.A. 21-1,BILL_2021_SB1201,Sec. 99,2021 June Sp. Sess.,2021-06-22,2022-07-01,"July 1, 2022",yes,NEW SECTION (codification not stated in the act),NEW SECTION (codification not stated in the act),,NEW section,no,,testing and laboratories; enforcement and penalties,not stated in the section head,,the act prints no deleted text for this section,"(NEW) (Effective July 1, 2022) A drug test of a prospective or existing employee, other than a prospective or existing exempted employee, that yields a positive result solely for 11-nor-9-carboxy-delta- 9-tetrahydrocannabinol, shall not form the sole basis for refusal to employ or to continue to employ or otherwise penalize such prospective or existing employee, unless (1) failing to do so would put the employer in violation of a federal contract or cause it to lose federal funding, (2) the employer reasonably suspects an employee's usage of cannabis while engaged in the performance of the employee's work responsibilities, (3) the employee manifests specific, articulable symptoms of drug impairment while working that decrease or lessen the employee's performance of the duties or tasks of the employee's job position, including, but not limited to, (A) symptoms of the employee's June Sp. S",,SOURCE_0001,"June Sp. Sess. P.A. 21-1, Sec. 99"
PA2021_001_SEC100,PA2021_001,June Sp. Sess. P.A. 21-1,BILL_2021_SB1201,Sec. 100,2021 June Sp. Sess.,2021-06-22,2022-07-01,"July 1, 2022",yes,NEW SECTION (codification not stated in the act),NEW SECTION (codification not stated in the act),,NEW section,no,,testing and laboratories; medical patients and caregivers; home grow and possession; enforcement and penalties,not stated in the section head,,the act prints no deleted text for this section,"(NEW) (Effective July 1, 2022) (a) Except as provided in subsection (b) of this section, if an employer has violated any provision of section 98 or 99 of this act, an individual aggrieved by such violation may bring a civil action for judicial enforcement of such provision in the superior court for the judicial district where the violation is alleged to have occurred, or where the employer has its principal office, within ninety days of such alleged violation, except any action involving a state agency may be brought in the superior court for the judicial district of Hartford. Any individual who prevails in such civil action may be awarded reinstatement of the individual's previous employment or job offer, back wages and reasonable attorney's fees and costs, to be taxed by the court. (b) Nothing in this section shall be construed to create or imply a cause of action for any person agains",,SOURCE_0001,"June Sp. Sess. P.A. 21-1, Sec. 100"
PA2021_001_SEC101,PA2021_001,June Sp. Sess. P.A. 21-1,BILL_2021_SB1201,Sec. 101,2021 June Sp. Sess.,2021-06-22,2021-07-01,"July 1, 2021",yes,NEW SECTION (codification not stated in the act),NEW SECTION (codification not stated in the act),,NEW section,no,,testing and laboratories; licensing,not stated in the section head,,the act prints no deleted text for this section,"(NEW) (Effective July 1, 2021) (a) Notwithstanding the provisions of sections 98 to 100, inclusive, of this act, nothing in RERACA shall be construed to apply to drug testing, conditions of continued employment or conditions for hiring employees required pursuant to: (1) Any regulation of the federal Department of Transportation, if such regulation requires testing of a prospective employee in accordance with 49 CFR 40 or any regulations of state agencies that adopt a federal regulation for purposes of enforcing the requirements of such regulation with respect to intrastate commerce; (2) Any contract entered into between the federal government and an employer or any grant of financial assistance from the federal government to an employer that requires drug testing of prospective employees as a condition of receiving the contract or grant; (3) Any federal law or state statute, regulation ",,SOURCE_0001,"June Sp. Sess. P.A. 21-1, Sec. 101"
PA2021_001_SEC102,PA2021_001,June Sp. Sess. P.A. 21-1,BILL_2021_SB1201,Sec. 102,2021 June Sp. Sess.,2021-06-22,2021-07-01,"July 1, 2021",yes,NEW SECTION (codification not stated in the act),NEW SECTION (codification not stated in the act),,NEW section,no,,testing and laboratories; medical patients and caregivers; licensing; advertising and packaging; enforcement and penalties,cannabis establishments,,the act prints no deleted text for this section,"(NEW) (Effective July 1, 2021) (a) As used in this section: (1) ""Bona fide labor organization"" means a labor union that (A) represents employees in this state with regard to wages, hours and June Sp. Sess., working conditions, (B) whose officers have been elected by a secret ballot or otherwise in a manner consistent with federal law, (C) is free of domination or interference by any employer and has received no improper assistance or support from any employer, and (D) is actively seeking to represent cannabis workers in the state; (2) ""Labor peace agreement"" means an agreement between a cannabis establishment and a bona fide labor organization under this section pursuant to which the owners and management of the cannabis establishment agree not to lock out employees and that prohibits the bona fide labor organization from engaging in picketing, work stoppages or boycotts against the cann",,SOURCE_0001,"June Sp. Sess. P.A. 21-1, Sec. 102"
PA2021_001_SEC103,PA2021_001,June Sp. Sess. P.A. 21-1,BILL_2021_SB1201,Sec. 103,2021 June Sp. Sess.,2021-06-22,2021-07-01,"July 1, 2021",yes,NEW SECTION (codification not stated in the act),NEW SECTION (codification not stated in the act),,NEW section,no,,enforcement and penalties,cannabis establishments,,the act prints no deleted text for this section,"(NEW) (Effective July 1, 2021) (a) As used in this section, ""project labor agreement"" means an agreement between a subcontractor or contractor and a cannabis establishment that: (1) Binds all contractors and subcontractors on the covered project to the project labor agreement through the inclusion of specifications in all relevant solicitation provisions and contract documents; (2) allows all contractors and subcontractors to compete for contracts and subcontracts on the project June Sp. Sess., without regard to whether they are otherwise parties to collective bargaining agreements; (3) establishes uniform terms and conditions of employment for all construction labor employed on the projects; (4) guarantees against strikes, lockouts and similar job disruptions; (5) sets forth mutually binding procedures for resolving labor disputes arising during the project labor agreement; and (6) incl",,SOURCE_0001,"June Sp. Sess. P.A. 21-1, Sec. 103"
PA2021_001_SEC104,PA2021_001,June Sp. Sess. P.A. 21-1,BILL_2021_SB1201,Sec. 104,2021 June Sp. Sess.,2021-06-22,2021-07-01,"July 1, 2021",yes,NEW SECTION (codification not stated in the act),NEW SECTION (codification not stated in the act),,NEW section,no,,uncategorized,not stated in the section head,,the act prints no deleted text for this section,"(NEW) (Effective July 1, 2021) As used in this section, ""hospital"" has the same meaning as provided in section 19a-490 of the general statutes and ""cannabis"" has the same meaning as provided in section 1 of this act. No hospital shall be required to allow a patient to use cannabis while at such hospital. A hospital may have a policy that sets forth restrictions patients shall follow regarding cannabis use. June Sp. Sess.,",,SOURCE_0001,"June Sp. Sess. P.A. 21-1, Sec. 104"
PA2021_001_SEC105,PA2021_001,June Sp. Sess. P.A. 21-1,BILL_2021_SB1201,Sec. 105,2021 June Sp. Sess.,2021-06-22,2021-07-01,"July 1, 2021",yes,NEW SECTION (codification not stated in the act),NEW SECTION (codification not stated in the act),,NEW section,no,,licensing,cannabis establishments; consumers and the general public,,the act prints no deleted text for this section,"(NEW) (Effective July 1, 2021) Any cannabis establishment licensee or any servant or agent of a licensee who sells or delivers cannabis or cannabis paraphernalia to any person under twenty-one years of age shall be guilty of a class A misdemeanor. For purposes of this section, ""paraphernalia"" has the same meaning as provided in section 1 of this act.",,SOURCE_0001,"June Sp. Sess. P.A. 21-1, Sec. 105"
PA2021_001_SEC106,PA2021_001,June Sp. Sess. P.A. 21-1,BILL_2021_SB1201,Sec. 106,2021 June Sp. Sess.,2021-06-22,2021-07-01,"July 1, 2021",yes,NEW SECTION (codification not stated in the act),NEW SECTION (codification not stated in the act),,NEW section,no,,licensing; advertising and packaging; enforcement and penalties,cannabis establishments,,the act prints no deleted text for this section,"(NEW) (Effective July 1, 2021) (a) A cannabis establishment issued a license pursuant to RERACA or an agent or employee of such licensee may require any person whose age is in question to have such person's photograph be taken by, and a photocopy of such person's driver's license or identity card issued in accordance with the provisions of section 1-1h of the general statutes be made by, such licensee, agent or employee as a condition of selling or delivering cannabis or cannabis products to such person. (b) No licensee or agent or employee of a licensee shall use a photograph taken or a photocopy made pursuant to subsection (a) of this section for a purpose other than the purpose specified in said subsection. (c) No licensee or agent or employee of a licensee shall sell or otherwise disseminate a photograph taken or a photocopy made pursuant to subsection (a) of this section, or any inf",,SOURCE_0001,"June Sp. Sess. P.A. 21-1, Sec. 106"
PA2021_001_SEC107,PA2021_001,June Sp. Sess. P.A. 21-1,BILL_2021_SB1201,Sec. 107,2021 June Sp. Sess.,2021-06-22,2021-07-01,"July 1, 2021",yes,NEW SECTION (codification not stated in the act),NEW SECTION (codification not stated in the act),,NEW section,no,,licensing; enforcement and penalties,consumers and the general public,,the act prints no deleted text for this section,"(NEW) (Effective July 1, 2021) Any person who induces any person under twenty-one years of age to procure cannabis from any person licensed to sell such cannabis shall be guilty of a class A misdemeanor. The provisions of this section shall not apply to (1) the procurement of cannabis by a person over eighteen years of age who is an employee registered pursuant to the provisions of section 29 of this act where such procurement is made in the course of such person's employment or business, or (2) any such inducement in furtherance of an official investigation or enforcement activity conducted by a law enforcement agency. Nothing in this section shall be construed to prevent any action from being taken against any person permitted to sell cannabis who has sold cannabis to a person under twenty-one years of age who is participating in an official investigation or enforcement activity conduc",,SOURCE_0001,"June Sp. Sess. P.A. 21-1, Sec. 107"
PA2021_001_SEC108,PA2021_001,June Sp. Sess. P.A. 21-1,BILL_2021_SB1201,Sec. 108,2021 June Sp. Sess.,2021-06-22,2021-07-01,"July 1, 2021",yes,NEW SECTION (codification not stated in the act),NEW SECTION (codification not stated in the act),,NEW section,no,,testing and laboratories; licensing; ownership and control; enforcement and penalties,cannabis establishments; consumers and the general public,,the act prints no deleted text for this section,"(NEW) (Effective July 1, 2021) (a) Each person who attains the age of twenty-one years and has a motor vehicle operator's license or identity card issued in accordance with the provisions of section 1-1h of the general statutes, containing a full-face photograph of such person, may use, and each licensee may accept, such license as legal proof of the age of the person for the purposes of RERACA. (b) Any person who, for the purpose of procuring cannabis, June Sp. Sess., misrepresents his or her age or uses or exhibits an operator's license belonging to any other person shall for (1) a first offense, be fined not more than two hundred fifty dollars, and (2) any subsequent offense, be guilty of a class D misdemeanor. (c) The provisions of this section shall not apply to any person employed by, or who has contracted directly or indirectly with, a state agency for the purposes of testing the ",,SOURCE_0001,"June Sp. Sess. P.A. 21-1, Sec. 108"
PA2021_001_SEC109,PA2021_001,June Sp. Sess. P.A. 21-1,BILL_2021_SB1201,Sec. 109,2021 June Sp. Sess.,2021-06-22,2021-07-01,"July 1, 2021",yes,NEW SECTION (codification not stated in the act),NEW SECTION (codification not stated in the act),,NEW section,no,,ownership and control; home grow and possession; enforcement and penalties,consumers and the general public,,the act prints no deleted text for this section,"(NEW) (Effective July 1, 2021) (a) No person having possession of, or exercising dominion and control over, any dwelling unit or private property shall: (1) Knowingly or recklessly permit any person under twenty-one years of age to possess cannabis in violation of section 21-279a of the general statutes, in such dwelling unit or on such private property, or (2) knowing that any person under twenty-one years of age possesses cannabis in violation of section 21-279a of the general statutes, in such dwelling unit or on such private property, fail to make reasonable efforts to halt such possession. (b) Any person who violates the provisions of subsection (a) of this section shall be guilty of a class A misdemeanor.",,SOURCE_0001,"June Sp. Sess. P.A. 21-1, Sec. 109"
PA2021_001_SEC110,PA2021_001,June Sp. Sess. P.A. 21-1,BILL_2021_SB1201,Sec. 110,2021 June Sp. Sess.,2021-06-22,2021-07-01,"July 1, 2021",yes,NEW SECTION (codification not stated in the act),NEW SECTION (codification not stated in the act),,NEW section,no,,home grow and possession; enforcement and penalties,cannabis establishments; consumers and the general public,,the act prints no deleted text for this section,"(NEW) (Effective July 1, 2021) (a) No retailer or hybrid retailer or employee or agent of a retailer or hybrid retailer shall permit any person under twenty-one years of age to loiter on his or her premises where cannabis is kept for sale or be in any room on such premises where cannabis is consumed, unless such person is (1) an employee of the retailer or hybrid retailer, (2) in the case of hybrid retailer or employee or agent of a hybrid retailer, permitted under chapter 420f of the general statutes to possess or consume cannabis, or (3) accompanied by his or her parent or guardian. (b) Any retailer or hybrid retailer or employee or agent of a retailer June Sp. Sess., or hybrid retailer who violates the provisions of subsection (a) of this section shall be (1) fined not more than one thousand dollars for a first offense, and (2) guilty of a class B misdemeanor for any subsequent offens",,SOURCE_0001,"June Sp. Sess. P.A. 21-1, Sec. 110"
PA2021_001_SEC112,PA2021_001,June Sp. Sess. P.A. 21-1,BILL_2021_SB1201,Sec. 112,2021 June Sp. Sess.,2021-06-22,2021-07-01,"July 1, 2021",yes,NEW SECTION (codification not stated in the act),NEW SECTION (codification not stated in the act),,NEW section,no,,ownership and control; home grow and possession; municipal authority; enforcement and penalties,consumers and the general public; municipalities,,the act prints no deleted text for this section,"(NEW) (Effective July 1, 2021) (a) A person is guilty of smoking, otherwise inhaling or ingesting cannabis, as defined in section 1 of this act, while operating a motor vehicle when he or she smokes, otherwise inhales or ingests cannabis, as defined in section 1 of this act, while operating a motor vehicle upon a public highway of this state or upon any road of any specially chartered municipal association or of any district organized under the provisions of chapter 105 of the general statutes, a purpose of which is the construction and maintenance of roads and sidewalks, or in any parking area for ten cars or more, or upon any private road on which a speed limit has been established in accordance with the provisions of section 14-218a of the general statutes or upon any school property. No person shall be convicted of smoking or otherwise inhaling or ingesting cannabis while operating a",,SOURCE_0001,"June Sp. Sess. P.A. 21-1, Sec. 112"
PA2021_001_SEC113,PA2021_001,June Sp. Sess. P.A. 21-1,BILL_2021_SB1201,Sec. 113,2021 June Sp. Sess.,2021-06-22,2021-07-01,"July 1, 2021",yes,NEW SECTION (codification not stated in the act),NEW SECTION (codification not stated in the act),,NEW section,no,,ownership and control; home grow and possession; municipal authority; enforcement and penalties,consumers and the general public; municipalities,,the act prints no deleted text for this section,"(NEW) (Effective July 1, 2021) (a) A person is guilty of smoking or otherwise inhaling or ingesting cannabis, as defined in section 1 of this act, in a motor vehicle when he or she smokes or otherwise inhales or ingests cannabis in a motor vehicle that is being operated by another person upon a public highway of this state or upon any road of any specially chartered municipal association or of any district organized under the provisions of chapter 105 of the general statutes, a purpose of which is the construction and maintenance of roads and sidewalks, or in any parking area for ten cars or more, or upon any private road on which a speed limit has been established in accordance with the provisions of section 14-218a of the general statutes or upon any school property. No person shall be convicted of smoking or otherwise inhaling or ingesting cannabis as a passenger in a motor vehicle an",,SOURCE_0001,"June Sp. Sess. P.A. 21-1, Sec. 113"
PA2021_001_SEC114,PA2021_001,June Sp. Sess. P.A. 21-1,BILL_2021_SB1201,Sec. 114,2021 June Sp. Sess.,2021-06-22,2021-07-01,"July 1, 2021",yes,NEW SECTION (codification not stated in the act),NEW SECTION (codification not stated in the act),,NEW section,no,,enforcement and penalties; data and reporting,not stated in the section head,,the act prints no deleted text for this section,"(NEW) (Effective July 1, 2021) (a) Not later than January 1, 2022, each law enforcement unit shall report to the Police Officer Standards and Training Council, in the manner specified by the council, a recommendation as to the minimum number of officers that such law enforcement unit should have accredited as drug recognition experts in order to ensure adequate availability of drug recognition experts to respond to instances of impaired driving, allowing that law enforcement units may call upon drug recognition experts from other law enforcement units as necessary and available. Such recommendation shall be based on data on impaired driving made available to law enforcement units by the Department of Transportation and any guidance issued by the council. (b) The Police Officer Standards and Training Council, in conjunction with the Highway Safety Office within the Department of Transport",,SOURCE_0001,"June Sp. Sess. P.A. 21-1, Sec. 114"
PA2021_001_SEC121,PA2021_001,June Sp. Sess. P.A. 21-1,BILL_2021_SB1201,Sec. 121,2021 June Sp. Sess.,2021-06-22,2021-07-01,"July 1, 2021",yes,NEW SECTION (codification not stated in the act),NEW SECTION (codification not stated in the act),,NEW section,no,,uncategorized,not stated in the section head,,the act prints no deleted text for this section,"(NEW) (Effective July 1, 2021) The state Traffic Safety Resource Prosecutor, in consultation with the Department of Transportation, the Department of Motor Vehicles, the state-wide drug June Sp. Sess., recognition expert coordinator, and the Connecticut Police Chiefs Association, shall seek any guidance available from the National Highway Traffic Safety Administration, and shall (1) develop educational materials and programs about the drug recognition expert program and drug influence evaluations, and (2) make such materials and programs available to the Judicial Branch and the Connecticut Judges Association.",,SOURCE_0001,"June Sp. Sess. P.A. 21-1, Sec. 121"
PA2021_001_SEC125,PA2021_001,June Sp. Sess. P.A. 21-1,BILL_2021_SB1201,Sec. 125,2021 June Sp. Sess.,2021-06-22,2021-07-01,"July 1, 2021",yes,NEW SECTION (codification not stated in the act),NEW SECTION (codification not stated in the act),,NEW section,no,,medical patients and caregivers; social equity; advertising and packaging; municipal authority; taxation and revenue; enforcement and penalties,cannabis establishments; consumers and the general public,,the act prints no deleted text for this section,"(NEW) (Effective July 1, 2021) (a) As used in this section and sections 126 and 127 of this act: June Sp. Sess., (1) ""Cannabis"" has the same meaning as provided in section 1 of this act; (2) ""Cannabis concentrate"" has the same meaning as provided in section 1 of this act; (3) ""Cannabis edible product"" means a product containing cannabis or cannabis concentrate, combined with other ingredients, that is intended for use or consumption through ingestion, including sublingual or oral absorption; (4) ""Cannabis plant material"" has the same meaning as provided in section 21a-279a of the general statutes; (5) ""Cannabis retailer"" means ""retailer"", as defined in section 1 of this act; (6) ""Consumer"" has the same meaning as provided in section 1 of this act; (7) ""Cultivator"" has the same meaning as provided in section 1 of this act; (8) ""Delivery service"" has the same meaning as provided in section",,SOURCE_0001,"June Sp. Sess. P.A. 21-1, Sec. 125"
PA2021_001_SEC126,PA2021_001,June Sp. Sess. P.A. 21-1,BILL_2021_SB1201,Sec. 126,2021 June Sp. Sess.,2021-06-22,2021-07-01,"July 1, 2021",yes,NEW SECTION (codification not stated in the act),NEW SECTION (codification not stated in the act),,NEW section,no,,medical patients and caregivers; advertising and packaging; municipal authority; taxation and revenue; enforcement and penalties; agency duties and rulemaking,cannabis establishments; qualifying patients and caregivers,,the act prints no deleted text for this section,"(NEW) (Effective July 1, 2021) (a) (1) There is imposed a tax, which shall be administered in accordance with the provisions of chapter 219 of the general statutes, on each cannabis retailer, hybrid retailer and micro-cultivator at the rate of three per cent on the gross receipts from the sale of cannabis by a cannabis retailer, hybrid retailer or micro-cultivator. For the purposes of this section, ""gross receipts"" means the total amount received from sales of cannabis by a cannabis retailer, hybrid retailer or micro-cultivator. (2) The tax under this section: June Sp. Sess., (A) Shall not apply to the sale of cannabis for palliative use; (B) Shall not apply to the transfer of cannabis to a transporter for transport to any cultivator, micro-cultivator, food and beverage manufacturer, product manufacturer, product packager, dispensary facility, cannabis retailer, hybrid retailer or produc",,SOURCE_0001,"June Sp. Sess. P.A. 21-1, Sec. 126"
PA2021_001_SEC127,PA2021_001,June Sp. Sess. P.A. 21-1,BILL_2021_SB1201,Sec. 127,2021 June Sp. Sess.,2021-06-22,2021-07-01,"July 1, 2021",yes,NEW SECTION (codification not stated in the act),NEW SECTION (codification not stated in the act),,NEW section,no,,medical patients and caregivers; advertising and packaging; taxation and revenue; enforcement and penalties,cannabis establishments; qualifying patients and caregivers,,the act prints no deleted text for this section,"(NEW) (Effective July 1, 2021) (a) The tax under chapter 219 of the general statutes shall not be imposed on the transfer of cannabis to a transporter by a cultivator, micro-cultivator, food and beverage manufacturer, product manufacturer, product packager, dispensary facility, cannabis retailer, hybrid retailer or producer, for transport to any other cultivator, micro-cultivator, food and beverage manufacturer, product manufacturer, product packager, dispensary facility, cannabis retailer, hybrid retailer or producer. (b) No person may purchase cannabis on a resale basis and no exemption under chapter 219 of the general statutes shall apply to the sale of cannabis, except as provided under section 12-412 of the general statutes, for the sale of cannabis for palliative use. (c) (1) No cannabis retailer, hybrid retailer, micro-cultivator or delivery service, nor the Department of Revenue ",,SOURCE_0001,"June Sp. Sess. P.A. 21-1, Sec. 127"
PA2021_001_SEC128,PA2021_001,June Sp. Sess. P.A. 21-1,BILL_2021_SB1201,Sec. 128,2021 June Sp. Sess.,2021-06-22,2021-07-01,"July 1, 2021",yes,NEW SECTION (codification not stated in the act),NEW SECTION (codification not stated in the act),,NEW section,no,,testing and laboratories; social equity; taxation and revenue; enforcement and penalties; data and reporting; agency duties and rulemaking,not stated in the section head,,the act prints no deleted text for this section,"(NEW) (Effective July 1, 2021) (a) (1) There is established an account to be known as the ""cannabis regulatory and investment account"" which shall be a separate, nonlapsing account within the General Fund. The account shall contain any moneys required by law to be deposited in the account. Moneys in the account shall be allocated by the Secretary of the Office of Policy and Management to state agencies for the purpose of paying costs incurred to implement the activities authorized under RERACA, as defined in section 1 of this act. (2) Notwithstanding the provisions of section 34 of this act, for the fiscal year ending June 30, 2022, the following shall be deposited in the cannabis regulatory and investment account: (A) All fees received by the state pursuant to section 30 of this act and subdivisions (1) to (11), inclusive, of subsection (c) of section 34 of this act; (B) the tax receive",,SOURCE_0001,"June Sp. Sess. P.A. 21-1, Sec. 128"
PA2021_001_SEC129,PA2021_001,June Sp. Sess. P.A. 21-1,BILL_2021_SB1201,Sec. 129,2021 June Sp. Sess.,2021-06-22,2021-07-01,"July 1, 2021",yes,,,,section repealed and substituted,no,,medical patients and caregivers; enforcement and penalties,qualifying patients and caregivers,"On and after April 1, 2015, sales / dentrifrices","text the act deletes, printed in square brackets in the enacted act","Subdivision (120) of section 12-412 of the general statutes is repealed and the following is substituted in lieu thereof (Effective July 1, 2021): (120) [On and after April 1, 2015, sales] (A) Sales of the following nonprescription drugs or medicines available for purchase for use in or on the body: Vitamin or mineral concentrates; dietary supplements; natural or herbal drugs or medicines; products intended to be taken for coughs, cold, asthma or allergies, or antihistamines; laxatives; antidiarrheal medicines; analgesics; antibiotic, antibacterial, antiviral and antifungal medicines; antiseptics; astringents; anesthetics; steroidal medicines; anthelmintics; emetics and antiemetics; antacids; [and] any medication prepared to be used in the eyes, ears or nose; and cannabis sold for palliative use under the provisions of chapter 420f. (B) Nonprescription drugs or medicines [shall] do not i",,SOURCE_0001,"June Sp. Sess. P.A. 21-1, Sec. 129"
PA2021_001_SEC130,PA2021_001,June Sp. Sess. P.A. 21-1,BILL_2021_SB1201,Sec. 130,2021 June Sp. Sess.,2021-06-22,2021-07-01,"July 1, 2021",yes,21a-240,21a-240,STAT_21A_240,section repealed and substituted,no,,ownership and control; home grow and possession; taxation and revenue; enforcement and penalties,not stated in the section head,"As used in this chapter: (1) ""Marijuana"" means any marijuana, whether real or counterfeit, as defined in subdivision (29) of section 21a-240, that is held, possessed, transported, sold or offered to be sold in violation of any provision of the general statutes; (2) ""Controlled substance"" means any controlled substance as defined in subdivision (9) of section 21a-240, that is held, possessed, transported, sold or offered to be sold in violation of any provision of the general statutes; (3) ""Dealer"" means any person who, in violation of any provision of the general statutes, manufactures, produces, ships, transports, or imports into the state or in any manner acquires or possesses more than forty-two and one-half grams of marijuana or seven or more grams of any controlled substance or ten or more dosage units of any controlled substance which is not sold by weight; and (4) ""Commissioner"" means the Commissioner of Revenue Services.","text the act deletes, printed in square brackets in the enacted act","Section 12-650 of the general statutes is repealed and the following is substituted in lieu thereof (Effective July 1, 2021): [As used in this chapter: (1) ""Marijuana"" means any marijuana, whether real or counterfeit, as defined in subdivision (29) of section 21a-240, that is held, possessed, transported, sold or offered to be sold in violation of any provision of the general statutes; (2) ""Controlled substance"" means any controlled substance as defined in subdivision (9) of section 21a-240, that is held, possessed, transported, sold or offered to be sold in violation of any provision of the general statutes; (3) ""Dealer"" means any person who, in violation of any provision of the general statutes, manufactures, produces, ships, transports, or imports into the state or in any manner acquires or possesses more than forty-two and one-half grams of marijuana or seven or more grams of any con",,SOURCE_0001,"June Sp. Sess. P.A. 21-1, Sec. 130"
PA2021_001_SEC133,PA2021_001,June Sp. Sess. P.A. 21-1,BILL_2021_SB1201,Sec. 133,2021 June Sp. Sess.,2021-06-22,2021-07-01,"July 1, 2021",yes,,,,section repealed and substituted,no,,testing and laboratories; licensing; ownership and control; social equity; taxation and revenue; enforcement and penalties; data and reporting,not stated in the section head,"by an angel investor / qualified Connecticut / shall not exceed / . Each fiscal year, / available under this section / Connecticut Innovations, Incorporated, shall not reserve tax credits under this section for any investment made on or after July 1, 2024. / July 1, 2014, and by","text the act deletes, printed in square brackets in the enacted act","Section 12-704d of the general statutes is repealed and the following is substituted in lieu thereof (Effective July 1, 2021): (a) As used in this section: (1) ""Angel investor"" means an accredited investor, as defined by the Securities and Exchange Commission, or network of accredited investors who review new or proposed businesses for potential investment and who may seek active involvement, such as consulting and mentoring, in a qualified Connecticut business or a qualified cannabis business, but ""angel investor"" does not include (A) a person controlling fifty per cent or more of the Connecticut business or cannabis business invested in by the angel investor, (B) a venture capital company, or (C) any bank, bank and trust company, insurance company, trust company, national bank, savings association or building and loan association for activities that are a part of its normal course of b",,SOURCE_0001,"June Sp. Sess. P.A. 21-1, Sec. 133"
PA2021_001_SEC134,PA2021_001,June Sp. Sess. P.A. 21-1,BILL_2021_SB1201,Sec. 134,2021 June Sp. Sess.,2021-06-22,2021-07-01,"July 1, 2021",yes,NEW SECTION (codification not stated in the act),NEW SECTION (codification not stated in the act),,NEW section,no,,ownership and control; social equity; municipal authority; taxation and revenue,social equity applicants; municipalities; state agencies,,the act prints no deleted text for this section,"(NEW) (Effective July 1, 2021) (a) For the purposes described in subsection (b) of this section, the State Bond Commission shall have the power from time to time to authorize the issuance of bonds of the state in one or more series and in principal amounts not exceeding in the aggregate fifty million dollars. (b) The proceeds of the sale of such bonds, to the extent of the amount stated in subsection (a) of this section, shall be used by the Department of Economic and Community Development jointly with the Social Equity Council for the purposes of providing (1) low-interest loans to social equity applicants, municipalities or organizations exempt from taxation under Section 501(c)(3) of the Internal Revenue Code of 1986, or any subsequent corresponding internal revenue code of the United States, as amended from time to time, to facilitate the rehabilitation, renovation or development of ",,SOURCE_0001,"June Sp. Sess. P.A. 21-1, Sec. 134"
PA2021_001_SEC135,PA2021_001,June Sp. Sess. P.A. 21-1,BILL_2021_SB1201,Sec. 135,2021 June Sp. Sess.,2021-06-22,2021-07-01,"July 1, 2021",yes,NEW SECTION (codification not stated in the act),NEW SECTION (codification not stated in the act),,NEW section,no,,licensing; ownership and control; social equity; advertising and packaging; agency duties and rulemaking,cannabis establishments; social equity applicants; consumers and the general public; state agencies,,the act prints no deleted text for this section,"(NEW) (Effective July 1, 2021) (a) As used in this section, ""Social Equity Council"", ""cannabis establishment"" and ""social equity applicant"" have the same meanings as provided in section 1 of this act. (b) (1) The Department of Economic and Community Development and the Social Equity Council shall jointly develop and establish: (A) A revolving loan program for the purposes of subdivision (1) of subsection (b) of section 134 of this act, including (i) requirements for loan eligibility under the program, (ii) an application form and the information and documentation required to be submitted with such application, (iii) the terms of the loans to be offered, including the rates June Sp. Sess., of interest to be charged and the length of the loans, (iv) a plan for publicizing and marketing the program, and (v) any other requirements necessary to implement the program; and (B) Application forms",,SOURCE_0001,"June Sp. Sess. P.A. 21-1, Sec. 135"
PA2021_001_SEC136,PA2021_001,June Sp. Sess. P.A. 21-1,BILL_2021_SB1201,Sec. 136,2021 June Sp. Sess.,2021-06-22,2021-07-01,"July 1, 2021",yes,21a-408e; 21a-408; 21a-408n; 21a-408m,21a-408e,STAT_21A_408E,section repealed and substituted,no,,medical patients and caregivers,qualifying patients and caregivers,,the act prints no deleted text for this section,"Section 21a-408e of the general statutes is repealed and the following is substituted in lieu thereof (Effective July 1, 2021): No person shall be subject to arrest or prosecution solely for being in the presence or vicinity of the palliative use of marijuana as permitted under sections 21a-408 to [21a-408n] 21a-408m, inclusive.",,SOURCE_0001,"June Sp. Sess. P.A. 21-1, Sec. 136"
PA2021_001_SEC137,PA2021_001,June Sp. Sess. P.A. 21-1,BILL_2021_SB1201,Sec. 137,2021 June Sp. Sess.,2021-06-22,2021-07-01,"July 1, 2021",yes,21a-408i,21a-408i,STAT_21A_408I,subsections (b) repealed and substituted,no,,medical patients and caregivers; licensing; ownership and control; municipal authority; enforcement and penalties; agency duties and rulemaking,cannabis establishments; qualifying patients and caregivers; consumers and the general public; state agencies,,the act prints no deleted text for this section,"Subsection (b) of section 21a-408i of the general statutes is repealed and the following is substituted in lieu thereof (Effective July 1, 2021): (b) The Commissioner of Consumer Protection shall determine the number of producers appropriate to meet the needs of qualifying patients in this state and shall adopt regulations, in accordance with chapter 54, to provide for the licensure, standards and locations for producers in this state and specify the maximum number of producers that may be licensed in this state at any time. On and after the effective date of such regulations, the commissioner may license any person who applies for a license in accordance with such regulations, provided (1) such person is organized for the purpose of cultivating marijuana for palliative use in this state, (2) the commissioner finds that such applicant June Sp. Sess., has appropriate expertise in agricult",,SOURCE_0001,"June Sp. Sess. P.A. 21-1, Sec. 137"
PA2021_001_SEC138,PA2021_001,June Sp. Sess. P.A. 21-1,BILL_2021_SB1201,Sec. 138,2021 June Sp. Sess.,2021-06-22,2021-07-01,"July 1, 2021",yes,21a-408o; 21a-408; 21a-408n; 21a-408m,21a-408o,STAT_21A_408O,section repealed and substituted,no,,medical patients and caregivers,qualifying patients and caregivers,,the act prints no deleted text for this section,"Section 21a-408o of the general statutes is repealed and the following is substituted in lieu thereof (Effective July 1, 2021): Nothing in sections 21a-408 to [21a-408n] 21a-408m, inclusive, or section 21a-243 shall be construed to require health insurance coverage for the palliative use of marijuana.",,SOURCE_0001,"June Sp. Sess. P.A. 21-1, Sec. 138"
PA2021_001_SEC139,PA2021_001,June Sp. Sess. P.A. 21-1,BILL_2021_SB1201,Sec. 139,2021 June Sp. Sess.,2021-06-22,2021-07-01,"July 1, 2021",yes,21a-408v; 21a-408; 21a-408n; 21a-408m,21a-408v,STAT_21A_408V,subsections (d) repealed and substituted,no,,medical patients and caregivers; licensing; ownership and control; enforcement and penalties,consumers and the general public,,the act prints no deleted text for this section,"Subsection (d) of section 21a-408v of the general statutes is repealed and the following is substituted in lieu thereof (Effective July 1, 2021): (d) Information obtained under this section shall be confidential and shall not be subject to disclosure under the Freedom of Information Act, June Sp. Sess., as defined in section 1-200, except that reasonable access to registry information obtained under this section shall be provided to (1) state agencies, federal agencies and local law enforcement agencies for the purpose of investigating or prosecuting a violation of law, (2) physicians and pharmacists for the purpose of providing patient care and drug therapy management and monitoring controlled substances obtained by the research program subject, (3) public or private entities for research or educational purposes, provided no individually identifiable health information may be disclosed,",,SOURCE_0001,"June Sp. Sess. P.A. 21-1, Sec. 139"
PA2021_001_SEC140,PA2021_001,June Sp. Sess. P.A. 21-1,BILL_2021_SB1201,Sec. 140,2021 June Sp. Sess.,2021-06-22,2021-07-01,"July 1, 2021",yes,,,,subsections (a) repealed and substituted,no,,uncategorized,consumers and the general public; state agencies,,the act prints no deleted text for this section,"Subsection (a) of section 21a-10 of the general statutes is repealed and the following is substituted in lieu thereof (Effective July 1, 2021): (a) The Commissioner of Consumer Protection may establish, combine or abolish divisions, sections or other units within the Department of Consumer Protection and allocate powers, duties and functions among such units, but no function vested by statute in any officer, division, board, agency or other unit within the department shall be removed from the jurisdiction of such officer, division, board, agency or other unit under the provisions of this section. The Governor shall appoint a deputy commissioner of the department, with the advice and consent of one house of the General Assembly in accordance with the provisions of section 4-7, who shall have responsibilities related to the regulation of cannabis under RERACA.",,SOURCE_0001,"June Sp. Sess. P.A. 21-1, Sec. 140"
PA2021_001_SEC141,PA2021_001,June Sp. Sess. P.A. 21-1,BILL_2021_SB1201,Sec. 141,2021 June Sp. Sess.,2021-06-22,2021-07-01,"July 1, 2021",yes,21a-240; 22-61l,21a-240,STAT_21A_240,section repealed and substituted,no,,ownership and control; enforcement and penalties; hemp and infused beverages,hemp businesses,". Marijuana does not include the mature stalks of such plant, fiber produced from such stalks, oil or cake made from the seeds of such plant, any other compound, manufacture, salt, derivative, mixture or preparation of such mature stalks, except the resin extracted therefrom, fiber, oil, or cake, the sterilized seed of such plant which is incapable of germination, or hemp, as defined in 7 USC 1639o, as amended from time to time. Included are / and which show a like potential for abuse,","text the act deletes, printed in square brackets in the enacted act","Subdivision (29) of section 21a-240 of the general statutes is repealed and the following is substituted in lieu thereof (Effective July 1, 2021): (29) ""Marijuana"" means all parts of any plant, or species of the genus June Sp. Sess., cannabis or any infra specific taxon thereof, whether growing or not; the seeds thereof; the resin extracted from any part of the plant; [and] every compound, manufacture, salt, derivative, mixture, or preparation of such plant, its seeds or resin, [. Marijuana does not include the mature stalks of such plant, fiber produced from such stalks, oil or cake made from the seeds of such plant, any other compound, manufacture, salt, derivative, mixture or preparation of such mature stalks, except the resin extracted therefrom, fiber, oil, or cake, the sterilized seed of such plant which is incapable of germination, or hemp, as defined in 7 USC 1639o, as amended fr",,SOURCE_0001,"June Sp. Sess. P.A. 21-1, Sec. 141"
PA2021_001_SEC142,PA2021_001,June Sp. Sess. P.A. 21-1,BILL_2021_SB1201,Sec. 142,2021 June Sp. Sess.,2021-06-22,2021-07-01,"July 1, 2021",yes,21a-240,21a-240,STAT_21A_240,NEW section,no,,ownership and control; enforcement and penalties,not stated in the section head,,the act prints no deleted text for this section,"Section 21a-240 of the general statutes is amended by adding subdivisions (59) to (62), inclusive, as follows (Effective July 1, 2021): (NEW) (59) ""THC"" means tetrahydrocannabinol, including, but not limited to, delta-7, delta-8-tetrahydrocannabinol, delta-9- tetrahydrocannabinol and delta-10-tetrahydrocannabinol, and any material, compound, mixture or preparation which contain their salts, isomers and salts of isomers, whenever the existence of such salts, isomers and salts of isomers is possible within the specific chemical designation, regardless of the source, except: (A) Dronabinol substituted in sesame oil and encapsulated in a soft gelatin capsule in a federal Food and Drug Administration or successor agency approved product, or (B) any tetrahydrocannabinol product that has been approved by the federal Food and Drug Administration or successor agency to have a medical use and recl",,SOURCE_0001,"June Sp. Sess. P.A. 21-1, Sec. 142"
PA2021_001_SEC143,PA2021_001,June Sp. Sess. P.A. 21-1,BILL_2021_SB1201,Sec. 143,2021 June Sp. Sess.,2021-06-22,2021-07-01,"July 1, 2021",yes,1-1,1-1,STAT_1_1,subsections (q) repealed and substituted,no,,advertising and packaging; municipal authority; enforcement and penalties,not stated in the section head,,the act prints no deleted text for this section,"Subsection (q) of section 1-1 of the general statutes is repealed and the following is substituted in lieu thereof (Effective July 1, 2021): (q) Except as otherwise specifically defined, the words ""agriculture"" and ""farming"" [shall] include cultivation of the soil, dairying, forestry, raising or harvesting any agricultural or horticultural commodity, including the raising, shearing, feeding, caring for, training and management of livestock, including horses, bees, the production of honey, poultry, fur-bearing animals and wildlife, and the raising or harvesting of oysters, clams, mussels, other molluscan shellfish or fish; the operation, management, conservation, improvement or maintenance of a farm and its buildings, tools and equipment, or salvaging timber or cleared land of brush or other debris left by a storm, as an incident to such farming operations; the production or harvesting of",,SOURCE_0001,"June Sp. Sess. P.A. 21-1, Sec. 143"
PA2021_001_SEC144,PA2021_001,June Sp. Sess. P.A. 21-1,BILL_2021_SB1201,Sec. 144,2021 June Sp. Sess.,2021-06-22,2021-06-22,from passage,no,,,,amends or references,no,,social equity; data and reporting,cannabis establishments; social equity applicants; state agencies,,the act prints no deleted text for this section,"(Effective from passage) Not later than January 1, 2025, the Social Equity Council established pursuant to section 22 of this act shall report to the Governor and, in accordance with the provisions of section 11-4a of the general statutes, to the joint standing committees of the General Assembly having cognizance of matters relating to the judiciary and general law, data regarding the location of cannabis establishments and whether such establishments are predominantly located in communities of color.",,SOURCE_0001,"June Sp. Sess. P.A. 21-1, Sec. 144"
PA2021_001_SEC145,PA2021_001,June Sp. Sess. P.A. 21-1,BILL_2021_SB1201,Sec. 145,2021 June Sp. Sess.,2021-06-22,2021-07-01,"July 1, 2021",yes,NEW SECTION (codification not stated in the act),NEW SECTION (codification not stated in the act),,NEW section,no,,licensing; ownership and control; social equity,cannabis establishments; social equity applicants; state agencies,,the act prints no deleted text for this section,"(NEW) (Effective July 1, 2021) (a) In order for a dispensary facility to convert its license to a hybrid-retailer license, a dispensary facility shall have a workforce development plan that has been approved by the Social Equity Council under section 22 of this act and shall either pay the fee of one million dollars established in section 34 of this act or, if such dispensary facility has committed to create one equity joint venture to be approved by the Social Equity Council for ownership purposes under section 22 of this act and subsequent to obtaining such approval, approved by the department for licensure under this section, pay a reduced fee of five hundred thousand dollars. June Sp. Sess., (b) Any equity joint venture created under this section shall be created for the development of a cannabis establishment business with a social equity applicant that owns at least fifty per cent ",,SOURCE_0001,"June Sp. Sess. P.A. 21-1, Sec. 145"
PA2021_001_SEC146,PA2021_001,June Sp. Sess. P.A. 21-1,BILL_2021_SB1201,Sec. 146,2021 June Sp. Sess.,2021-06-22,2022-01-01,"January 1, 2022",yes,NEW SECTION (codification not stated in the act),NEW SECTION (codification not stated in the act),,NEW section,no,,testing and laboratories; data and reporting,consumers and the general public,,the act prints no deleted text for this section,"(NEW) (Effective January 1, 2022) (a) There is established, within the Department of Public Health, a program to collect and abstract timely public health information on cannabis associated illness and adverse events, nonfatal and fatal injuries and cannabis use poisoning data, from state and national data sources. Such program shall include, but need not be limited to, the following: (1) Serving as a data coordinator, analysis and reporting source of cannabis data and statistics that include, but are not limited to, illness, adverse events, injury, pregnancy outcomes, childhood poisoning, adult and youth use, cannabis-related emergency room visits and urgent care episodic mental health visits; (2) performing epidemiologic analysis on demographic, health and mortality data to identify risk factors and changes in trends; (3) working with the Departments of Consumer Protection and Mental H",,SOURCE_0001,"June Sp. Sess. P.A. 21-1, Sec. 146"
PA2021_001_SEC147,PA2021_001,June Sp. Sess. P.A. 21-1,BILL_2021_SB1201,Sec. 147,2021 June Sp. Sess.,2021-06-22,2021-07-01,"July 1, 2021",yes,22-61l,22-61l,STAT_22_61L,NEW section,no,,testing and laboratories; licensing; home grow and possession; advertising and packaging; hemp and infused beverages,cannabis establishments; hemp businesses,,the act prints no deleted text for this section,"(NEW) (Effective July 1, 2021) (a) As used in this section, ""producer"", ""cultivator"", ""micro-cultivator"", ""product manufacturer"", ""hybrid retailer"" and ""retailer"" have the same meanings as provided in section 1 of this act; and ""hemp"" and ""hemp products"" have the same meanings as provided in section 22-61l of the general statutes. (b) Any producer, cultivator, micro-cultivator and product manufacturer may manufacture, market, cultivate or store hemp and hemp products in accordance with the provisions of chapter 424 of the general statutes and any regulations adopted under said chapter, except that a producer, cultivator, micro-cultivator and product manufacturer may obtain hemp and hemp products from a person authorized under the laws of this state or another state, territory or possession of the United States or another sovereign entity to possess and sell such hemp and hemp products. (",,SOURCE_0001,"June Sp. Sess. P.A. 21-1, Sec. 147"
PA2021_001_SEC148,PA2021_001,June Sp. Sess. P.A. 21-1,BILL_2021_SB1201,Sec. 148,2021 June Sp. Sess.,2021-06-22,2021-07-01,"July 1, 2021",yes,NEW SECTION (codification not stated in the act),NEW SECTION (codification not stated in the act),,NEW section,no,,licensing; municipal authority; enforcement and penalties,cannabis establishments; municipalities,,the act prints no deleted text for this section,"(NEW) (Effective July 1, 2021) (a) As used in this section, ""municipality"" means any town, city or borough, consolidated town and city or consolidated town and borough, and a district establishing a zoning commission under section 7-326 of the general statutes. (b) Any municipality may, by amendment to such municipality's zoning regulations or by local ordinance, (1) prohibit the establishment of a cannabis establishment, (2) establish reasonable restrictions regarding the hours and signage within the limits of such municipality, or (3) establish restrictions on the proximity of cannabis establishments to any of the establishments listed in subsection (a) of subdivision (1) of section 30-46 of the general statutes. The chief zoning official of a municipality shall report, in writing, any zoning changes adopted by the municipality regarding cannabis establishments pursuant to this subsect",,SOURCE_0001,"June Sp. Sess. P.A. 21-1, Sec. 148"
PA2021_001_SEC149,PA2021_001,June Sp. Sess. P.A. 21-1,BILL_2021_SB1201,Sec. 149,2021 June Sp. Sess.,2021-06-22,2021-07-01,"July 1, 2021",yes,NEW SECTION (codification not stated in the act),NEW SECTION (codification not stated in the act),,NEW section,no,,licensing; ownership and control; social equity; municipal authority,cannabis establishments; social equity applicants; state agencies,,the act prints no deleted text for this section,"(NEW) (Effective July 1, 2021) (a) Thirty days after the Social Equity Council posts the criteria for social equity applicants on its Internet web site, the department shall open up a three-month application period for cultivators during which a social equity applicant June Sp. Sess., may apply to the department for a provisional cultivator license and final license for a cultivation facility located in a disproportionately impacted area without participating in a lottery or request for proposals. Such application for a provisional license shall be granted upon (1) verification by the Social Equity Council that the applicant meets the criteria for a social equity applicant; (2) the applicant submitting to and passing a criminal background check; and (3) payment of a three- million-dollar fee to be deposited in the Social Equity and Innovation Fund established in section 128 of this act. ",,SOURCE_0001,"June Sp. Sess. P.A. 21-1, Sec. 149"
PA2021_001_SEC150,PA2021_001,June Sp. Sess. P.A. 21-1,BILL_2021_SB1201,Sec. 150,2021 June Sp. Sess.,2021-06-22,2021-07-01,"July 1, 2021",yes,NEW SECTION (codification not stated in the act),NEW SECTION (codification not stated in the act),,NEW section,no,,testing and laboratories; licensing; home grow and possession; enforcement and penalties,not stated in the section head,,the act prints no deleted text for this section,"(NEW) (Effective July 1, 2021) (a) The Governor may enter into one or more compacts, amendments to existing compacts, memoranda of understanding or agreements with the Mashantucket Pequot Tribe or with the Mohegan Tribe of Indians of Connecticut, or both, to coordinate the administration and execution of laws and regulations of this state, as set forth in RERACA, and of laws and regulations of said tribes relating to the possession, delivery, production, processing or use of cannabis. Any such compact, amendment to existing compact, memorandum of understanding or June Sp. Sess., agreement may contain provisions including, but not limited to, those relating to: (1) Criminal and civil law enforcement; (2) Laws and regulations relating to the possession, delivery, production, processing or use of cannabis; and (3) Laws and regulations relating to taxation. (b) Any compact, amendment to exis",,SOURCE_0001,"June Sp. Sess. P.A. 21-1, Sec. 150"
PA2021_001_SEC153,PA2021_001,June Sp. Sess. P.A. 21-1,BILL_2021_SB1201,Sec. 153,2021 June Sp. Sess.,2021-06-22,2022-01-01,"January 1, 2022",yes,NEW SECTION (codification not stated in the act),NEW SECTION (codification not stated in the act),,NEW section,no,,home grow and possession,not stated in the section head,,the act prints no deleted text for this section,"(NEW) (Effective January 1, 2022) Not later than January 1, 2022, the Police Officer Standards and Training Council shall issue guidance concerning how police officers shall determine whether the cannabis possessed by a person is in excess of such person's possession limit pursuant to subsection (a) of section 21a-279a of the general statutes.",,SOURCE_0001,"June Sp. Sess. P.A. 21-1, Sec. 153"
PA2021_001_SEC162,PA2021_001,June Sp. Sess. P.A. 21-1,BILL_2021_SB1201,Sec. 162,2021 June Sp. Sess.,2021-06-22,2023-07-01,"July 1, 2023",yes,NEW SECTION (codification not stated in the act),NEW SECTION (codification not stated in the act),,NEW section,no,,uncategorized,consumers and the general public,,the act prints no deleted text for this section,"(NEW) (Effective July 1, 2023) Notwithstanding the provisions of section 13 of this act, any consumer may cultivate up to three mature cannabis plants and three immature cannabis plants in the consumer's primary residence, provided such plants are secure from access by any individual other than the consumer and no more than twelve cannabis plants may be grown at any given time per household. June Sp. Sess.,",,SOURCE_0001,"June Sp. Sess. P.A. 21-1, Sec. 162"
PA2021_001_SEC163,PA2021_001,June Sp. Sess. P.A. 21-1,BILL_2021_SB1201,Sec. 163,2021 June Sp. Sess.,2021-06-22,2021-10-01,"October 1, 2021",yes,NEW SECTION (codification not stated in the act),NEW SECTION (codification not stated in the act),,NEW section,no,,enforcement and penalties,consumers and the general public,,the act prints no deleted text for this section,"(NEW) (Effective October 1, 2021) Any person twenty-three years of age or older who sells, delivers or gives cannabis, as defined in section 1 of this act, to any person under twenty-one years of age, and who knew or should have known that such person was under twenty- one years of age, shall be guilty of a class A misdemeanor.",,SOURCE_0001,"June Sp. Sess. P.A. 21-1, Sec. 163"
PA2021_001_SEC165,PA2021_001,June Sp. Sess. P.A. 21-1,BILL_2021_SB1201,Sec. 165,2021 June Sp. Sess.,2021-06-22,2021-06-22,from passage,no,NEW SECTION (codification not stated in the act),NEW SECTION (codification not stated in the act),,NEW section,no,,uncategorized,consumers and the general public; state agencies,,the act prints no deleted text for this section,"(NEW) (Effective from passage) Not later than January 1, 2022, the Commissioner of Emergency Services and Public Protection shall report to the Governor and, in accordance with the provisions of section 11-4a of the general statutes, to the joint standing committees of the General Assembly having cognizance of matters relating to public safety and security and transportation, regarding the merits and feasibility of establishing (1) a phlebotomy program for police departments in the state, and (2) a facility to train police officers on the symptoms of cannabis impairment.",,SOURCE_0001,"June Sp. Sess. P.A. 21-1, Sec. 165"
PA2021_001_SEC166,PA2021_001,June Sp. Sess. P.A. 21-1,BILL_2021_SB1201,Sec. 166,2021 June Sp. Sess.,2021-06-22,2022-04-01,"April 1, 2022",yes,NEW SECTION (codification not stated in the act),NEW SECTION (codification not stated in the act),,NEW section,no,,licensing; enforcement and penalties,not stated in the section head,,the act prints no deleted text for this section,"(NEW) (Effective April 1, 2022) (a) (1) There is established a pretrial drug intervention and community service program for persons charged with a violation of section 21a-257 of the general statutes, 21a- 267 of the general statutes, 21a-279 of the general statutes or 21a-279a of the general statutes. The program shall consist of a twelve-session drug June Sp. Sess., education component or a substance use treatment program of not less than fifteen sessions, and the performance of community service as ordered by the court pursuant to subsection (c) of this section. (2) The provisions of this section shall not apply to any person who has twice previously participated in: (A) The pretrial drug education program established under the provisions of section 54-56i of the general statutes; (B) the community service labor program established under section 53a-39c of the general statutes; (C) th",,SOURCE_0001,"June Sp. Sess. P.A. 21-1, Sec. 166"
PA2021_001_SEC167,PA2021_001,June Sp. Sess. P.A. 21-1,BILL_2021_SB1201,Sec. 167,2021 June Sp. Sess.,2021-06-22,2022-04-01,"April 1, 2022",yes,NEW SECTION (codification not stated in the act),NEW SECTION (codification not stated in the act),,NEW section,no,,licensing; enforcement and penalties,not stated in the section head,,the act prints no deleted text for this section,"(NEW) (Effective April 1, 2022) (a) (1) There is established a pretrial impaired driving intervention program for persons charged with a violation of section 14-227a of the general statutes, section 14- 227g of the general statutes, section 14-227m of the general statutes, section 14-227n of the general statutes, subsection (d) of section 15-133 of the general statutes or section 15-140n of the general statutes. The program shall consist of a twelve-session alcohol education component or a substance use treatment component of not less than fifteen sessions, and may also include a victim impact component, as ordered by the court pursuant to subsection (d) of this section. (2) The provisions of this section shall not apply to any person: (A) Who has been placed in the pretrial impaired driving intervention program under this section or the pretrial alcohol education program established und",,SOURCE_0001,"June Sp. Sess. P.A. 21-1, Sec. 167"
PA2021_001_SEC173,PA2021_001,June Sp. Sess. P.A. 21-1,BILL_2021_SB1201,Sec. 173,2021 June Sp. Sess.,2021-06-22,2021-07-01,"July 1, 2021",yes,21a-408n,21a-408n,STAT_21A_408N,amends or references,no,,uncategorized,not stated in the section head,,the act prints no deleted text for this section,"Sections 12-651 to 12-660, inclusive, and 21a-408n of the general statutes are repealed. (Effective July 1, 2021) Approved June 22, 2021 June Sp. Sess.,",,SOURCE_0001,"June Sp. Sess. P.A. 21-1, Sec. 173"
PA2022_103_SEC1,PA2022_103,P.A. 22-103,BILL_2022_HB5329,Sec. 1,2022,2022-05-24,2022-05-24,from passage,no,21a-420; 7-294kk; 7-294ll; 12-330ll; 12-330nn; 14-227p; 21a-278b; 21a-278c; 21a-279c; 21a-279d; 21a-420a; 21a-420i; 21a-420l; 21a-421r; 21a-421aa; 21a-421ff; 21a-422; 21a-422c; 21a-422e; 21a-422g; 21a-422j; 21a-422s; 22-61n; 19a-342,21a-420,STAT_21A_420,section repealed and substituted,no,,medical patients and caregivers; licensing; ownership and control; social equity; advertising and packaging; enforcement and penalties; hemp and infused beverages,consumers and the general public,,the act prints no deleted text for this section,"Section 21a-420 of the 2022 supplement to the general statutes is repealed and the following is substituted in lieu thereof (Effective from passage): As used in RERACA, unless the context otherwise requires: (1) ""Responsible and Equitable Regulation of Adult-Use Cannabis Act"" or ""RERACA"" means this section, sections 2-56j, 7-294kk, 7-294ll, 12-330ll to 12-330nn, inclusive, 14-227p, 21a-278b, 21a-278c, 21a-279c, 21a-279d, 21a-420a to 21a-420i, inclusive, 21a-420l to 21a-421r, inclusive, 21a-421aa to 21a-421ff, inclusive, 21a-421aaa to 21a-421ggg, inclusive, 21a-422 to 21a-422c, inclusive, 21a-422e to 21a-422g, inclusive, 21a-422j to 21a-422s, inclusive, 22-61n, 23-4b, 47a-9a, 53-247a, 53a-213a, 53a-213b, 54-33p, 54-56q, 54-56r, 54-125k and 54-142u, sections 23, 60, 63 to 65, inclusive, 124, 144 and 165 of public act 21-1 of the June special session and the amendments in public act 21-1 of",,SOURCE_0002,"P.A. 22-103, Sec. 1"
PA2022_103_SEC2,PA2022_103,P.A. 22-103,BILL_2022_HB5329,Sec. 2,2022,2022-05-24,2022-05-24,from passage,no,NEW SECTION (codification not stated in the act),NEW SECTION (codification not stated in the act),,NEW section,no,,municipal authority; taxation and revenue; enforcement and penalties,cannabis establishments; consumers and the general public,,the act prints no deleted text for this section,"(NEW) (Effective from passage) (a) Notwithstanding any provision of the general statutes, no person shall gift, sell or transfer cannabis to another person: (1) To induce, or in exchange for, any donation for any purpose, including, but not limited to, any charitable donation or any donation made to gain admission to any event; (2) at any location, other than a dispensary facility, retailer or hybrid-retailer, (A) where a consumer may purchase any item other than cannabis, a cannabis product or services related to cannabis, or (B) that requires consideration, including, but not limited to, membership in any club, in order to gain admission to such location; or (3) as part of any giveaway associated with attendance at any event, including, but not limited to, any giveaway made by way of a door prize, goodie bag or swag bag. The provisions of this subsection shall not be construed to prohi",,SOURCE_0002,"P.A. 22-103, Sec. 2"
PA2022_103_SEC3,PA2022_103,P.A. 22-103,BILL_2022_HB5329,Sec. 3,2022,2022-05-24,2022-05-24,from passage,no,NEW SECTION (codification not stated in the act),NEW SECTION (codification not stated in the act),,NEW section,no,,municipal authority; enforcement and penalties,municipalities,,the act prints no deleted text for this section,"(NEW) (Effective from passage) Any municipality may establish, by ordinance, a fine for violations of section 2 of this act, provided the amount of any such fine shall not be greater than one thousand dollars per violation. Any police officer or other person authorized by the chief executive officer of the municipality may issue a citation to any person who commits such a violation. Any municipality that adopts an ordinance pursuant to this section shall also adopt a citation hearing procedure pursuant to section 7-152c of the general statutes. Any fine collected by a municipality pursuant to this section shall be deposited into the general fund of the municipality or in any special fund designated by the municipality.",,SOURCE_0002,"P.A. 22-103, Sec. 3"
PA2022_103_SEC5,PA2022_103,P.A. 22-103,BILL_2022_HB5329,Sec. 5,2022,2022-05-24,2022-05-24,from passage,no,21a-420o; 21a-420d,21a-420o,STAT_21A_420O,NEW section,no,,licensing; ownership and control; social equity,cannabis establishments; social equity applicants; state agencies,,the act prints no deleted text for this section,"(NEW) (Effective from passage) (a) A cultivator licensed under section 21a-420o of the general statutes may create not more than two equity joint ventures to be approved by the Social Equity Council under section 21a-420d of the general statutes, as amended by this act, and licensed by the department under this section. The equity joint venture shall be in any cannabis establishment licensed business, other than a cultivator license. (b) The equity joint venture applicant shall submit an application to the Social Equity Council that may include, but need not be limited to, evidence of business formation, ownership allocation, terms of ownership and financing and proof of social equity status. The equity joint venture applicant shall submit to the Social Equity Council information including, but not limited to, the organizing documents of the entity that outline the ownership stake of eac",,SOURCE_0002,"P.A. 22-103, Sec. 5"
PA2022_103_SEC6,PA2022_103,P.A. 22-103,BILL_2022_HB5329,Sec. 6,2022,2022-05-24,2022-05-24,from passage,no,21a-420m; 21a-420l; 21a-420d; 21a-420,21a-420m,STAT_21A_420M,subsections (b) repealed and substituted,no,,licensing; ownership and control; social equity,cannabis establishments; social equity applicants; state agencies,the social equity applicant shall own at least fifty per cent of such business / producer or social equity applicant of an / applicant involvement / producer or social equity applicant of an / the producer or social equity applicant of,"text the act deletes, printed in square brackets in the enacted act","Section 21a-420m of the 2022 supplement to the general statutes is repealed and the following is substituted in lieu thereof (Effective from passage): (a) In order to pay a reduced license expansion authorization fee as described in subsection (b) of section 21a-420l, a producer shall commit to create two equity joint ventures to be approved by the Social Equity Council under section 21a-420d, as amended by this act, and licensed by the department under this section. (b) The equity joint venture shall be in any cannabis establishment licensed business, other than a cultivator license, provided [the social equity applicant shall own at least fifty per cent of such business] such equity joint venture is at least fifty per cent owned and controlled by an individual or individuals who meet, or the equity joint venture applicant is an individual who meets, the criteria established in subparag",,SOURCE_0002,"P.A. 22-103, Sec. 6"
PA2022_103_SEC7,PA2022_103,P.A. 22-103,BILL_2022_HB5329,Sec. 7,2022,2022-05-24,2022-05-24,from passage,no,21a-420u; 21a-420d; 21a-420e,21a-420u,STAT_21A_420U,section repealed and substituted,no,,licensing; ownership and control; social equity,cannabis establishments; social equity applicants; state agencies,"business with a social equity applicant that owns at least fifty per cent of such business and where the dispensary facility owns at most fifty per cent of such business / applicant involvement. The dispensary facility or social equity applicant of an equity joint venture shall submit an application to the Social Equity Council that may include, but need not be limited to, evidence of business formation, ownership allocation, terms of ownership and financing and proof of social equity applicant involvement. The dispensary facility or social equity applicant of an / the dispensary facility or social equity applicant of","text the act deletes, printed in square brackets in the enacted act","Section 21a-420u of the 2022 supplement to the general statutes is repealed and the following is substituted in lieu thereof (Effective from passage): (a) In order for a dispensary facility to convert its license to a hybrid- retailer license, a dispensary facility shall have a workforce development plan that has been approved by the Social Equity Council under section 21a-420d, as amended by this act, and shall either pay the fee of one million dollars established in section 21a-420e or, if such dispensary facility has committed to create one equity joint venture to be approved by the Social Equity Council for ownership purposes under section 21a-420d, as amended by this act, and subsequent to obtaining such approval, approved by the department for licensure under this section, pay a reduced fee of five hundred thousand dollars. (b) Any equity joint venture created under this section sh",,SOURCE_0002,"P.A. 22-103, Sec. 7"
PA2022_103_SEC8,PA2022_103,P.A. 22-103,BILL_2022_HB5329,Sec. 8,2022,2022-05-24,2022-05-24,from passage,no,21a-421bb,21a-421bb,STAT_21A_421BB,section repealed and substituted,no,,medical patients and caregivers; licensing; advertising and packaging; enforcement and penalties,cannabis establishments,(a) Cannabis / and any person advertising any cannabis or services related to cannabis / applications / sponsor or advertiser / subsection (a) or (b),"text the act deletes, printed in square brackets in the enacted act","Section 21a-421bb of the 2022 supplement to the general statutes is repealed and the following is substituted in lieu thereof (Effective from passage): (a) No person other than the holder of a cannabis establishment license issued by this state shall advertise any cannabis or services related to cannabis in this state. [(a) Cannabis] (b) Except as provided in subsection (d) of this section, cannabis establishments [and any person advertising any cannabis or services related to cannabis] shall not: (1) Advertise, including, but not limited to, through a business name or logo, cannabis, cannabis paraphernalia or goods or services related to cannabis: [in] (A) In ways that target or are designed to appeal to individuals under twenty-one years of age, including, but not limited to, spokespersons or celebrities who appeal to individuals under the legal age to purchase cannabis or cannabis pro",,SOURCE_0002,"P.A. 22-103, Sec. 8"
PA2022_103_SEC9,PA2022_103,P.A. 22-103,BILL_2022_HB5329,Sec. 9,2022,2022-05-24,2022-05-24,from passage,no,21a-422f,21a-422f,STAT_21A_422F,subsections (a) repealed and substituted,no,,licensing; municipal authority; enforcement and penalties,cannabis establishments; municipalities,"(e) Until June 30, 2024, no municipality shall grant zoning approval for more retailers or micro-cultivators than a number that would allow for one retailer and one micro-cultivator for every twenty-five thousand residents of such municipality, as determined by the most recent decennial census. (f) On and after July 1, 2024, the Commissioner of Consumer Protection may, in the discretion of the commissioner, post on the Department of Consumer Protection's Internet web site a specific number of residents such that no municipality shall grant zoning approval for more retailers or micro-cultivators than would result in one retailer and one micro-cultivator for every such specific number of residents, as determined by the commissioner. Any such determination shall be made to ensure reasonable access to cannabis by consumers. / A municipality shall not grant such special permit or approval for any retailer or micro-cultivator applying for such special permit or approval if that would result in an amount that (1) until June 30, 2024, exceeds the density cap of one retailer and one micro-cultivator for every twenty- five thousand residents, and (2) on and after July 1, 2024, exceeds any density cap determined by the commissioner under subsection (f) of this section.","text the act deletes, printed in square brackets in the enacted act","Section 21a-422f of the 2022 supplement to the general statutes is repealed and the following is substituted in lieu thereof (Effective from passage): (a) As used in this section, ""municipality"" means any town, city or borough, consolidated town and city or consolidated town and borough, and a district establishing a zoning commission under section 7-326. (b) Any municipality may, by amendment to such municipality's zoning regulations or by local ordinance, (1) prohibit the establishment of a cannabis establishment, (2) establish reasonable restrictions regarding the hours and signage within the limits of such municipality, or (3) establish restrictions on the proximity of cannabis establishments to any of the establishments listed in subdivision (1) of subsection (a) of section 30-46. The chief zoning official of a municipality shall report, in writing, any zoning changes adopted by the",,SOURCE_0002,"P.A. 22-103, Sec. 9"
PA2022_103_SEC10,PA2022_103,P.A. 22-103,BILL_2022_HB5329,Sec. 10,2022,2022-05-24,2022-05-24,from passage,no,,,,amends or references,no,,licensing; hemp and infused beverages; data and reporting,cannabis establishments; hemp businesses,,the act prints no deleted text for this section,"(Effective from passage) (a) The chairpersons of the joint standing committee of the General Assembly having cognizance of matters pertaining to general law shall convene a working group to study hemp, hemp products and hemp producers. Such study shall include, but need not be limited to, an examination of (1) the regulation of hemp, hemp products and hemp producers licensed in this state and neighboring states, (2) the manner in which neighboring states have integrated hemp, hemp products and hemp producers into their recreational cannabis programs, statutes and regulations, and (3) possible legislation that would integrate hemp, hemp products and hemp producers licensed in this state into this state's recreational cannabis statutes by, among other things, allowing (A) such licensees to convert their licenses to licenses issued under this state's recreational cannabis statutes, and (B) ",,SOURCE_0002,"P.A. 22-103, Sec. 10"
PA2022_103_SEC11,PA2022_103,P.A. 22-103,BILL_2022_HB5329,Sec. 11,2022,2022-05-24,2022-07-01,"July 1, 2022",yes,21a-408; 21a-408a; 21a-408o; 21a-408r; 21a-408v; 21a-420,21a-408,STAT_21A_408,section repealed and substituted,no,,testing and laboratories; medical patients and caregivers; licensing; ownership and control; home grow and possession; municipal authority; enforcement and penalties,cannabis establishments,", but does not include a physician assistant, as defined in section 20-12a;","text the act deletes, printed in square brackets in the enacted act","Section 21a-408 of the 2022 supplement to the general statutes is repealed and the following is substituted in lieu thereof (Effective July 1, 2022): As used in this section, sections 21a-408a to 21a-408o, inclusive, as amended by this act, and sections 21a-408r to 21a-408v, inclusive, unless the context otherwise requires: (1) ""Advanced practice registered nurse"" means an advanced practice registered nurse licensed pursuant to chapter 378; (2) ""Cannabis establishment"" has the same meaning as provided in section 21a-420, as amended by this act; (3) ""Cultivation"" includes planting, propagating, cultivating, growing and harvesting; (4) ""Debilitating medical condition"" means (A) cancer, glaucoma, positive status for human immunodeficiency virus or acquired immune deficiency syndrome, Parkinson's disease, multiple sclerosis, damage to the nervous tissue of the spinal cord with objective neur",,SOURCE_0002,"P.A. 22-103, Sec. 11"
PA2022_103_SEC12,PA2022_103,P.A. 22-103,BILL_2022_HB5329,Sec. 12,2022,2022-05-24,2022-07-01,"July 1, 2022",yes,21a-408a; 21a-408d; 21a-408; 21a-408m,21a-408a,STAT_21A_408A,subsections (a) repealed and substituted,no,,medical patients and caregivers; licensing; home grow and possession; enforcement and penalties,qualifying patients and caregivers; consumers and the general public; state agencies,,the act prints no deleted text for this section,"Section 21a-408a of the 2022 supplement to the general statutes is repealed and the following is substituted in lieu thereof (Effective July 1, 2022): (a) A qualifying patient shall register with the Department of Consumer Protection pursuant to section 21a-408d, as amended by this act, prior to engaging in the palliative use of marijuana. A qualifying patient who has a valid registration certificate from the Department of Consumer Protection pursuant to subsection (a) of section 21a-408d, as amended by this act, and complies with the requirements of sections 21a-408 to 21a-408m, as amended by this act, inclusive, shall not be subject to arrest or prosecution, penalized in any manner, including, but not limited to, being subject to any civil penalty, or denied any right or privilege, including, but not limited to, being subject to any disciplinary action by a professional licensing board",,SOURCE_0002,"P.A. 22-103, Sec. 12"
PA2022_103_SEC13,PA2022_103,P.A. 22-103,BILL_2022_HB5329,Sec. 13,2022,2022-05-24,2022-07-01,"July 1, 2022",yes,21a-408c,21a-408c,STAT_21A_408C,section repealed and substituted,no,,medical patients and caregivers; licensing; home grow and possession; municipal authority; enforcement and penalties,qualifying patients and caregivers; consumers and the general public; state agencies,,the act prints no deleted text for this section,"Section 21a-408c of the 2022 supplement to the general statutes is repealed and the following is substituted in lieu thereof (Effective July 1, 2022): (a) A physician, physician assistant or [an] advanced practice registered nurse may issue a written certification to a qualifying patient that authorizes the palliative use of marijuana by the qualifying patient. Such written certification shall be in the form prescribed by the Department of Consumer Protection and shall include a statement signed and dated by the qualifying patient's physician, physician assistant or advanced practice registered nurse stating that, in such physician's, physician assistant's or advanced practice registered nurse's professional opinion, the qualifying patient has a debilitating medical condition and the potential benefits of the palliative use of marijuana would likely outweigh the health risks of such use ",,SOURCE_0002,"P.A. 22-103, Sec. 13"
PA2022_103_SEC14,PA2022_103,P.A. 22-103,BILL_2022_HB5329,Sec. 14,2022,2022-05-24,2022-07-01,"July 1, 2022",yes,21a-408d; 21a-408a,21a-408d,STAT_21A_408D,subsections (a) repealed and substituted,no,,medical patients and caregivers; licensing; ownership and control; enforcement and penalties,qualifying patients and caregivers; consumers and the general public; state agencies,,the act prints no deleted text for this section,"Section 21a-408d of the 2022 supplement to the general statutes is repealed and the following is substituted in lieu thereof (Effective July 1, 2022): (a) Each qualifying patient who is issued a written certification for the palliative use of marijuana under subdivision (1) of subsection (a) of section 21a-408a, as amended by this act, and the caregiver of such qualifying patient, shall register with the Department of Consumer Protection. Such registration shall be effective from the date the Department of Consumer Protection issues a certificate of registration until the expiration of the written certification issued by the physician, physician assistant or advanced practice registered nurse. The qualifying patient and the caregiver shall provide sufficient identifying information, as determined by the department, to establish the personal identity of the qualifying patient and the care",,SOURCE_0002,"P.A. 22-103, Sec. 14"
PA2022_103_SEC15,PA2022_103,P.A. 22-103,BILL_2022_HB5329,Sec. 15,2022,2022-05-24,2023-07-01,"July 1, 2023",yes,21a-408d; 21a-408a,21a-408d,STAT_21A_408D,subsections (a) repealed and substituted,no,,medical patients and caregivers,qualifying patients and caregivers; consumers and the general public; state agencies,"and may charge a reasonable fee, not to exceed twenty-five dollars, for each registration certificate issued under this subsection. Any registration fees collected by the department under this subsection shall be paid to the State Treasurer and credited to the General Fund.","text the act deletes, printed in square brackets in the enacted act","Subsection (a) of section 21a-408d of the 2022 supplement to the general statutes, as amended by section 14 of this act, is repealed and the following is substituted in lieu thereof (Effective July 1, 2023): (a) Each qualifying patient who is issued a written certification for the palliative use of marijuana under subdivision (1) of subsection (a) of section 21a-408a, as amended by this act, and the caregiver of such qualifying patient, shall register with the Department of Consumer Protection. Such registration shall be effective from the date the Department of Consumer Protection issues a certificate of registration until the expiration of the written certification issued by the physician, physician assistant or advanced practice registered nurse. The qualifying patient and the caregiver shall provide sufficient identifying information, as determined by the department, to establish the",,SOURCE_0002,"P.A. 22-103, Sec. 15"
PA2022_103_SEC16,PA2022_103,P.A. 22-103,BILL_2022_HB5329,Sec. 16,2022,2022-05-24,2022-07-01,"July 1, 2022",yes,21a-408m; 21a-408a; 21a-408d; 21a-408l,21a-408m,STAT_21A_408M,subsections (a) repealed and substituted,no,,medical patients and caregivers; licensing; enforcement and penalties; agency duties and rulemaking,qualifying patients and caregivers; consumers and the general public; state agencies,,the act prints no deleted text for this section,"Section 21a-408m of the 2022 supplement to the general statutes is repealed and the following is substituted in lieu thereof (Effective July 1, 2022): (a) The Commissioner of Consumer Protection may adopt regulations, in accordance with chapter 54, to establish (1) a standard form for written certifications for the palliative use of marijuana issued by physicians, physician assistants and advanced practice registered nurses under subdivision (1) of subsection (a) of section 21a-408a, as amended by this act, and (2) procedures for registrations under section 21a-408d, as amended by this act. Such regulations, if any, shall be adopted after consultation with the Board of Physicians established in section 21a-408l. (b) The Commissioner of Consumer Protection shall adopt regulations, in accordance with chapter 54, to establish a reasonable fee to be collected from each qualifying patient to ",,SOURCE_0002,"P.A. 22-103, Sec. 16"
PA2022_103_SEC17,PA2022_103,P.A. 22-103,BILL_2022_HB5329,Sec. 17,2022,2022-05-24,2023-07-01,"July 1, 2023",yes,21a-408m; 21a-408a; 21a-408d; 21a-408l,21a-408m,STAT_21A_408M,subsections (a) repealed and substituted,no,,medical patients and caregivers; licensing; enforcement and penalties; agency duties and rulemaking,qualifying patients and caregivers; consumers and the general public; state agencies,"(b) The Commissioner of Consumer Protection shall adopt regulations, in accordance with chapter 54, to establish a reasonable fee to be collected from each qualifying patient to whom a written certification for the palliative use of marijuana is issued under subdivision (1) of subsection (a) of section 21a-408a, for the purpose of offsetting the direct and indirect costs of administering the provisions of sections 21a-408 to 21a-408m, inclusive. The commissioner shall collect such fee at the time the qualifying patient registers with the Department of Consumer Protection under subsection (a) of section 21a- 408d. Such fee shall be in addition to any registration fee that may be charged under said subsection. The fees required to be collected by the commissioner from qualifying patients under this subsection shall be paid to the State Treasurer and credited to the General Fund.","text the act deletes, printed in square brackets in the enacted act","Section 21a-408m of the 2022 supplement to the general statutes, as amended by section 16 of this act, is repealed and the following is substituted in lieu thereof (Effective July 1, 2023): (a) The Commissioner of Consumer Protection may adopt regulations, in accordance with chapter 54, to establish (1) a standard form for written certifications for the palliative use of marijuana issued by physicians, physician assistants and advanced practice registered nurses under subdivision (1) of subsection (a) of section 21a-408a, as amended by this act, and (2) procedures for registrations under section 21a-408d, as amended by this act. Such regulations, if any, shall be adopted after consultation with the Board of Physicians established in section 21a-408l. [(b) The Commissioner of Consumer Protection shall adopt regulations, in accordance with chapter 54, to establish a reasonable fee to be co",,SOURCE_0002,"P.A. 22-103, Sec. 17"
PA2022_103_SEC18,PA2022_103,P.A. 22-103,BILL_2022_HB5329,Sec. 18,2022,2022-05-24,2022-07-01,"July 1, 2022",yes,,,,subsections (a) repealed and substituted,no,,testing and laboratories; medical patients and caregivers; licensing; ownership and control; home grow and possession; advertising and packaging; enforcement and penalties,laboratories; consumers and the general public; state agencies,,the act prints no deleted text for this section,"Subsection (a) of section 21a-246 of the general statutes is repealed and the following is substituted in lieu thereof (Effective July 1, 2022): (a) No person within this state shall manufacture, wholesale, repackage, supply, compound, mix, cultivate or grow, or by other process produce or prepare, controlled substances without first obtaining a license to do so from the Commissioner of Consumer Protection and no person within this state shall operate a laboratory for the purpose of research or analysis using controlled substances without first obtaining a license to do so from the Commissioner of Consumer Protection, except that such activities by pharmacists or pharmacies in the filling and dispensing of prescriptions or activities incident thereto, or the dispensing or administering of controlled substances by dentists, podiatrists, physicians, physician assistants, advanced practice ",,SOURCE_0002,"P.A. 22-103, Sec. 18"
PA2022_103_SEC19,PA2022_103,P.A. 22-103,BILL_2022_HB5329,Sec. 19,2022,2022-05-24,2022-07-01,"July 1, 2022",yes,,,,subsections (a) repealed and substituted,no,,medical patients and caregivers; licensing; ownership and control; home grow and possession,consumers and the general public; state agencies,,the act prints no deleted text for this section,"Section 21a-253 of the general statutes is repealed and the following is substituted in lieu thereof (Effective July 1, 2022): Any person may possess or have under his control a quantity of marijuana less than or equal to that quantity supplied to him pursuant to a prescription made in accordance with the provisions of section 21a- 249 by (1) a physician licensed under the provisions of chapter 370 and further authorized by subsection (a) of section 21a-246, as amended by this act, by the Commissioner of Consumer Protection to possess and supply marijuana for the treatment of glaucoma or the side effects of chemotherapy, or (2) a physician assistant licensed under the provisions of chapter 370, or an advanced practice registered nurse licensed under the provisions of chapter 378, and further authorized by subsection (a) of section 21a-246, as amended by this act, by said commissioner to ",,SOURCE_0002,"P.A. 22-103, Sec. 19"
PA2022_103_SEC20,PA2022_103,P.A. 22-103,BILL_2022_HB5329,Sec. 20,2022,2022-05-24,2022-07-01,"July 1, 2022",yes,21a-408; 21a-408n,21a-408,STAT_21A_408,section repealed and substituted,no,,medical patients and caregivers; licensing,qualifying patients and caregivers; consumers and the general public,,the act prints no deleted text for this section,"Section 7 of public act 21-9 is repealed and the following is substituted in lieu thereof (Effective July 1, 2022): (a) As used in this section: (1) ""Advanced practice registered nurse"" means an advanced practice registered nurse licensed pursuant to chapter 378 of the general statutes; (2) ""Physician"" has the same meaning as provided in section 21a-408 of the general statutes, as amended by this act; (3) ""Physician assistant"" has the same meaning as provided in section 21a-408 of the general statutes, as amended by this act; [(3)] (4) ""Qualifying patient"" has the same meaning as provided in section 21a-408 of the general statutes, as amended by this act; and [(4)] (5) ""Written certification"" has the same meaning as provided in section 21a-408 of the general statutes, as amended by this act. (b) Notwithstanding the provisions of sections 21a-408 to 21a-408n, inclusive, of the general sta",,SOURCE_0002,"P.A. 22-103, Sec. 20"
PA2022_103_SEC21,PA2022_103,P.A. 22-103,BILL_2022_HB5329,Sec. 21,2022,2022-05-24,2022-05-24,from passage,no,21a-420d,21a-420d,STAT_21A_420D,section repealed and substituted,no,,social equity; enforcement and penalties; data and reporting; agency duties and rulemaking,social equity applicants; state agencies,thirty days after the effective date of this section,"text the act deletes, printed in square brackets in the enacted act","Section 21a-420d of the 2022 supplement to the general statutes is repealed and the following is substituted in lieu thereof (Effective from passage): (a) There is established a Social Equity Council, which shall be within the Department of Economic and Community Development for administrative purposes only. (b) The council shall consist of fifteen members as follows: (1) One appointed by the speaker of the House of Representatives, who has a professional background of not less than five years working in the field of either social justice or civil rights; (2) One appointed by the president pro tempore of the Senate, who has a professional background of not less than five years working in the field of either social justice or civil rights; (3) One appointed by the majority leader of the House of Representatives, who has a professional background of not less than five years working in the ",,SOURCE_0002,"P.A. 22-103, Sec. 21"
PA2024_076_SEC1,PA2024_076,P.A. 24-76,BILL_2024_HB5150,Sec. 1,2024,2024-05-30,2024-07-01,"July 1, 2024",yes,21a-240,21a-240,STAT_21A_240,section repealed and substituted,no,,medical patients and caregivers; licensing; ownership and control; advertising and packaging; municipal authority; enforcement and penalties; hemp and infused beverages,not stated in the section head,"the seeds thereof; / which is incapable of germination, / the seeds thereof; / , synthetic cannabinoids, except as provided in subparagraph (E) of this subdivision; / which is incapable of germination; / synthetic cannabinoids which are controlled substances that are designated by the Commissioner of Consumer Protection, by whatever official, common, usual, chemical or trade name designation, as controlled substances and are classified in the appropriate schedule in accordance with subsections (i) and (j) of section 21a-243 / naturally occurring from a source other than marijuana that are similar in chemical structure or physiological effect to cannabinoids derived from marijuana, as defined in section 21a-243, but are derived by a chemical or biological process / any material, compound, mixture or preparation which contains any quantity of a substance having a psychotropic response primarily by agonist activity at cannabinoid-specific receptors affecting the central nervous system that is produced artificially and not derived from an organic source naturally containing cannabinoids, unless listed in another schedule pursuant to section 21a-243","text the act deletes, printed in square brackets in the enacted act","Section 21a-240 of the 2024 supplement to the general statutes is repealed and the following is substituted in lieu thereof (Effective July 1, 2024): The following words and phrases, as used in this chapter, shall have the following meanings, unless the context otherwise requires: (1) ""Abuse of drugs"" means the use of controlled substances solely for their stimulant, depressant or hallucinogenic effect upon the higher functions of the central nervous system and not as a therapeutic agent prescribed in the course of medical treatment or in a program of research operated under the direction of a physician or pharmacologist. (2) ""Administer"" means the direct application of a controlled substance, whether by injection, inhalation, ingestion or any other means, to the body of a patient or research subject by: (A) A practitioner, or, in the practitioner's presence, by the practitioner's author",,SOURCE_0003,"P.A. 24-76, Sec. 1"
PA2024_076_SEC2,PA2024_076,P.A. 24-76,BILL_2024_HB5150,Sec. 2,2024,2024-05-30,2024-07-01,"July 1, 2024",yes,21a-408; 21a-408a; 21a-408o; 21a-408r; 21a-408v; 21a-420,21a-408,STAT_21A_408,subsections (d) repealed and substituted,no,,testing and laboratories; medical patients and caregivers; licensing; home grow and possession; municipal authority; enforcement and penalties,cannabis establishments; laboratories,"means marijuana, as defined","text the act deletes, printed in square brackets in the enacted act","Section 21a-408 of the 2024 supplement to the general statutes is repealed and the following is substituted in lieu thereof (Effective July 1, 2024): As used in this section, sections 21a-408a to 21a-408o, inclusive, [and] sections 21a-408r to 21a-408v, inclusive, and section 3 of this act, unless the context otherwise requires: (1) ""Advanced practice registered nurse"" means an advanced practice registered nurse licensed pursuant to chapter 378; (2) ""Cannabis establishment"" has the same meaning as provided in section 21a-420, as amended by this act; (3) ""Cannabis testing laboratory"" means a person who (A) is located in this state, (B) is licensed by the department to analyze marijuana, and (C) meets the licensure requirements established in section 21a-408r and the regulations adopted pursuant to subsection (d) of section 21a-408r; (4) ""Cannabis testing laboratory employee"" means a perso",,SOURCE_0003,"P.A. 24-76, Sec. 2"
PA2024_076_SEC3,PA2024_076,P.A. 24-76,BILL_2024_HB5150,Sec. 3,2024,2024-05-30,2024-07-01,"July 1, 2024",yes,NEW SECTION (codification not stated in the act),NEW SECTION (codification not stated in the act),,NEW section,no,,testing and laboratories,cannabis establishments; laboratories; consumers and the general public; state agencies,,the act prints no deleted text for this section,"(NEW) (Effective July 1, 2024) (a) Each cannabis establishment shall submit marijuana samples to a cannabis testing laboratory for testing as set forth in subsection (b) of this section. (b) (1) A cannabis testing laboratory shall test each marijuana sample submitted pursuant to subsection (a) of this section (A) for microbiological contaminants, mycotoxins, heavy metals and pesticide chemical residue, and (B) for purposes of conducting an active ingredient analysis, if applicable. (2) Microbiological contaminant testing conducted pursuant to subparagraph (A) of subdivision (1) of this subsection shall include, but not be limited to, microbiological contaminant testing for Aspergillus species as set forth by the Department of Consumer Protection and posted on the department's Internet web site. (c) When conducting microbiological testing as set forth in subsection (b) of this section, th",,SOURCE_0003,"P.A. 24-76, Sec. 3"
PA2024_076_SEC4,PA2024_076,P.A. 24-76,BILL_2024_HB5150,Sec. 4,2024,2024-05-30,2024-07-01,"July 1, 2024",yes,21a-420; 7-294kk; 7-294ll; 12-330ll; 12-330nn; 14-227p; 21a-278b; 21a-278c; 21a-279c; 21a-279d; 21a-420a; 21a-420j; 21a-420l; 21a-421r; 21a-421aa; 21a-421ff; 21a-422; 21a-422c; 21a-422e; 21a-422g; 21a-422j; 21a-422s; 22-61n,21a-420,STAT_21A_420,section repealed and substituted,no,,testing and laboratories; medical patients and caregivers; licensing; ownership and control; home grow and possession; advertising and packaging; enforcement and penalties; hemp and infused beverages,consumers and the general public,,the act prints no deleted text for this section,"Section 21a-420 of the 2024 supplement to the general statutes is repealed and the following is substituted in lieu thereof (Effective July 1, 2024): As used in RERACA, unless the context otherwise requires: (1) ""Responsible and Equitable Regulation of Adult-Use Cannabis Act"" or ""RERACA"" means this section, sections 2-56j, 7-294kk, 7-294ll, 12-330ll to 12-330nn, inclusive, 14-227p, 21a-278b, 21a-278c, 21a-279c, 21a-279d, 21a-420a to 21a-420j, inclusive, 21a-420l to 21a-421r, inclusive, 21a-421aa to 21a-421ff, inclusive, 21a-421aaa to 21a-421hhh, inclusive, 21a-422 to 21a-422c, inclusive, 21a-422e to 21a-422g, inclusive, 21a-422j to 21a-422s, inclusive, 22-61n, as amended by this act, 23-4b, 47a-9a, 53- 247a, 53a-213a, 53a-213b, 54-33p, 54-56q, 54-56r, 54-125k and 54-142u, sections 23, 60, 63 to 65, inclusive, 124, 144 and 165 of public act 21-1 of the June special session, and the amendm",,SOURCE_0003,"P.A. 24-76, Sec. 4"
PA2024_076_SEC5,PA2024_076,P.A. 24-76,BILL_2024_HB5150,Sec. 5,2024,2024-05-30,2024-07-01,"July 1, 2024",yes,21a-420o,21a-420o,STAT_21A_420O,NEW section,no,,licensing; ownership and control; social equity; enforcement and penalties,cannabis establishments; social equity applicants; state agencies,,the act prints no deleted text for this section,"(NEW) (Effective July 1, 2024) (a) (1) During the period beginning July 1, 2024, and ending March 31, 2025, a social equity applicant that has submitted an application to the department for a cultivator license pursuant to subsection (a) of section 21a-420o of the general statutes, as amended by this act, may withdraw such application and apply for a micro-cultivator license pursuant to this section if: (A) The Social Equity Council has verified that the applicant meets the criteria for a social equity applicant pursuant to subdivision (1) of subsection (a) of section 21a-420o of the general statutes, as amended by this act; (B) The social equity applicant is eligible to receive a provisional cultivator license pursuant to subsection (a) of section 21a-420o of the general statutes, as amended by this act; (C) The department has not already issued a provisional cultivator license to the s",,SOURCE_0003,"P.A. 24-76, Sec. 5"
PA2024_076_SEC6,PA2024_076,P.A. 24-76,BILL_2024_HB5150,Sec. 6,2024,2024-05-30,2024-07-01,"July 1, 2024",yes,NEW SECTION (codification not stated in the act),NEW SECTION (codification not stated in the act),,NEW section,no,,licensing; ownership and control; advertising and packaging; taxation and revenue; enforcement and penalties; hemp and infused beverages,cannabis establishments; consumers and the general public; hemp businesses,,the act prints no deleted text for this section,"(NEW) (Effective July 1, 2024) (a) For the purposes of this section: (1) ""Container"" (A) means an object that is offered, intended for sale or sold to a consumer and directly contains an infused beverage or legacy infused beverage, and (B) does not include an object or packaging that indirectly contains, or contains in bulk for transportation purposes, an infused beverage or legacy infused beverage; and (2) ""Legacy infused beverage"" has the same meaning as provided in section 26 of this act. (b) A fee of one dollar shall be assessed by a dispensary facility, hybrid retailer or retailer on each infused beverage container and legacy infused beverage container sold by such cannabis establishment. Such fee shall not be subject to any sales tax or treated as income pursuant to any provision of the general statutes. (c) On October 1, 2024, and every six months thereafter, each dispensary facil",,SOURCE_0003,"P.A. 24-76, Sec. 6"
PA2024_076_SEC7,PA2024_076,P.A. 24-76,BILL_2024_HB5150,Sec. 7,2024,2024-05-30,2024-07-01,"July 1, 2024",yes,21a-420c; 21a-420z,21a-420c,STAT_21A_420C,section repealed and substituted,no,,medical patients and caregivers; licensing,cannabis establishments; qualifying patients and caregivers; consumers and the general public,"except that retailers, hybrid retailers, micro-cultivators and dispensary facilities may utilize their own employees to deliver cannabis to the same individuals they may sell to pursuant to subsection (a) of this section until thirty days after the date the first five delivery service licensees have commenced public operation, which date shall be published by the commissioner on the department's Internet web site, and thereafter all delivery to consumers, patients or caregivers shall be done through a delivery service licensee.","text the act deletes, printed in square brackets in the enacted act","Section 21a-420c of the general statutes is repealed and the following is substituted in lieu thereof (Effective July 1, 2024): (a) Except as provided in RERACA and chapter 420b or 420f, (1) no person, other than a retailer, hybrid retailer, micro-cultivator or delivery service, or an employee thereof in the course of [his or her] such employee's employment, may sell or offer cannabis to a consumer, and (2) no person, other than a hybrid retailer, dispensary facility or a delivery service, or an employee thereof in the course of [his or her] such employee's employment, may sell or offer cannabis to qualifying patients and caregivers. (b) No person except a delivery service, or an employee [thereof] of a delivery service, subject to the restrictions set forth in section 21a-420z, acting in the course of [his or her] such employee's employment may deliver cannabis to consumers, patients or",,SOURCE_0003,"P.A. 24-76, Sec. 7"
PA2024_076_SEC8,PA2024_076,P.A. 24-76,BILL_2024_HB5150,Sec. 8,2024,2024-05-30,2024-10-01,"October 1, 2024",yes,21a-420c; 21a-420z,21a-420c,STAT_21A_420C,section repealed and substituted,no,,medical patients and caregivers; licensing; ownership and control; home grow and possession; municipal authority; enforcement and penalties,cannabis establishments; qualifying patients and caregivers; consumers and the general public,,the act prints no deleted text for this section,"Section 21a-420c of the general statutes, as amended by section 7 of this act, is repealed and the following is substituted in lieu thereof (Effective October 1, 2024): (a) Except as provided in RERACA and chapter 420b or 420f, (1) no person, other than a retailer, hybrid retailer, micro-cultivator or delivery service, or an employee thereof in the course of such employee's employment, may sell or offer cannabis to a consumer, and (2) no person, other than a hybrid retailer, dispensary facility or a delivery service, or an employee thereof in the course of such employee's employment, may sell or offer cannabis to qualifying patients and caregivers. (b) No person except a delivery service, or an employee of a delivery service, subject to the restrictions set forth in section 21a-420z, acting in the course of such employee's employment may deliver cannabis to consumers, patients or caregiv",,SOURCE_0003,"P.A. 24-76, Sec. 8"
PA2024_076_SEC9,PA2024_076,P.A. 24-76,BILL_2024_HB5150,Sec. 9,2024,2024-05-30,2024-07-01,"July 1, 2024",yes,21a-420d; 21a-420m; 21a-420u; 21a-420j,21a-420d,STAT_21A_420D,subsections (k) repealed and substituted,no,,licensing; ownership and control; social equity; municipal authority,cannabis establishments; social equity applicants,,the act prints no deleted text for this section,"Subsection (k) of section 21a-420d of the 2024 supplement to the general statutes is repealed and the following is substituted in lieu thereof (Effective July 1, 2024): (k) The council shall develop criteria for evaluating the ownership and control of any equity joint venture created under section 21a-420m, as amended by this act, 21a-420u, as amended by this act, [or] 21a-420j or section 5 of this act and shall review and approve or deny in writing such equity joint venture prior to such equity joint venture being licensed under section 21a-420m, as amended by this act, 21a-420u, as amended by this act, [or] 21a-420j or section 5 of this act. After developing criteria for social equity plans as described in subdivision (5) of subsection (h) of this section, the council shall review and approve or deny in writing any such plan submitted by a cannabis establishment as part of its final li",,SOURCE_0003,"P.A. 24-76, Sec. 9"
PA2024_076_SEC10,PA2024_076,P.A. 24-76,BILL_2024_HB5150,Sec. 10,2024,2024-05-30,2024-07-01,"July 1, 2024",yes,21a-420e,21a-420e,STAT_21A_420E,subsections (c) repealed and substituted,no,,licensing; ownership and control; advertising and packaging,cannabis establishments,,the act prints no deleted text for this section,"Subsection (c) of section 21a-420e of the 2024 supplement to the general statutes is repealed and the following is substituted in lieu thereof (Effective July 1, 2024): (c) Except as provided in subsection (d) of this section, the following fees shall be paid by each applicant: (1) For a retailer license, the fee to enter the lottery shall be five hundred dollars, the fee to receive a provisional license shall be five thousand dollars and the fee to receive a final license or a renewal of a final license shall be twenty-five thousand dollars. (2) For a hybrid retailer license, the fee to enter the lottery shall be five hundred dollars, the fee to receive a provisional license shall be five thousand dollars and the fee to receive a final license or a renewal of a final license shall be twenty-five thousand dollars. (3) For a cultivator license, the fee to enter the lottery shall be one th",,SOURCE_0003,"P.A. 24-76, Sec. 10"
PA2024_076_SEC11,PA2024_076,P.A. 24-76,BILL_2024_HB5150,Sec. 11,2024,2024-05-30,2024-07-01,"July 1, 2024",yes,21a-420g; 21a-420o,21a-420g,STAT_21A_420G,subsections (b) repealed and substituted,no,,licensing; ownership and control; social equity,social equity applicants; state agencies,,the act prints no deleted text for this section,"Subsection (b) of section 21a-420g of the 2024 supplement to the general statutes is repealed and the following is substituted in lieu thereof (Effective July 1, 2024): (b) Except as provided in section 21a-420o, as amended by this act, and section 5 of this act, prior to the first date that the department begins accepting applications for a license type, the department shall determine the maximum number of applications that shall be considered for such license type and post such information on its Internet web site. Fifty per cent of the maximum number of applications that shall be considered for each license type (1) shall be selected through a social equity lottery for such license type, and (2) shall be reserved by the department for social equity applicants. If, upon the close of the application period for a license type, the department receives more applications than the maximum nu",,SOURCE_0003,"P.A. 24-76, Sec. 11"
PA2024_076_SEC12,PA2024_076,P.A. 24-76,BILL_2024_HB5150,Sec. 12,2024,2024-05-30,2024-07-01,"July 1, 2024",yes,21a-420m; 21a-420,21a-420m,STAT_21A_420M,subsections (b) repealed and substituted,no,,licensing; ownership and control,cannabis establishments; social equity applicants,,the act prints no deleted text for this section,"Subsection (b) of section 21a-420m of the 2024 supplement to the general statutes is repealed and the following is substituted in lieu thereof (Effective July 1, 2024): (b) The equity joint venture shall be in any cannabis establishment licensed business, other than a cultivator license, provided such equity joint venture is at least fifty per cent owned and controlled by an individual or individuals who meet, or the equity joint venture applicant is an individual who meets, the criteria established in subparagraphs (A) and (B) of subdivision [(50)] (51) of section 21a-420, as amended by this act.",,SOURCE_0003,"P.A. 24-76, Sec. 12"
PA2024_076_SEC13,PA2024_076,P.A. 24-76,BILL_2024_HB5150,Sec. 13,2024,2024-05-30,2024-07-01,"July 1, 2024",yes,21a-420o; 21a-420f,21a-420o,STAT_21A_420O,section repealed and substituted,no,,licensing; ownership and control; social equity; municipal authority; enforcement and penalties; agency duties and rulemaking,cannabis establishments; social equity applicants; state agencies,verification / in a disproportionately impacted area,"text the act deletes, printed in square brackets in the enacted act","Section 21a-420o of the 2024 supplement to the general statutes is repealed and the following is substituted in lieu thereof (Effective July 1, 2024): (a) Thirty days after the Social Equity Council posts the criteria for social equity applicants on its Internet web site, the department shall open up a three-month application period for cultivators during which a social equity applicant may apply to the department for a provisional cultivator license and final license for a cultivation facility located in a disproportionately impacted area without participating in a lottery or request for proposals. Such application for a provisional license shall be granted upon: (1) [verification] Verification by the Social Equity Council that the applicant meets the criteria for a social equity applicant; (2) the applicant submitting to and passing a criminal background check; and (3) payment of a thr",,SOURCE_0003,"P.A. 24-76, Sec. 13"
PA2024_076_SEC14,PA2024_076,P.A. 24-76,BILL_2024_HB5150,Sec. 14,2024,2024-05-30,2024-07-01,"July 1, 2024",yes,21a-420p; 21a-420q,21a-420p,STAT_21A_420P,section repealed and substituted,no,,testing and laboratories; medical patients and caregivers; licensing; ownership and control; advertising and packaging; agency duties and rulemaking,cannabis establishments; state agencies,"or utilizing its own employees, subject to the requirements of subsection (b) of section 21a- 420c. Any micro-cultivator that engages in the delivery of cannabis shall maintain a secure location, in a manner approved by the commissioner, at the micro-cultivator's premises where cannabis that is unable to be delivered may be returned to the micro-cultivator. Such secure cannabis return location shall meet specifications set forth by the commissioner and published on the department's Internet web site or included in regulations adopted by the department. A micro-cultivator shall cease delivery of cannabis to consumers if it converts to being a cultivator.","text the act deletes, printed in square brackets in the enacted act","Section 21a-420p of the 2024 supplement to the general statutes is repealed and the following is substituted in lieu thereof (Effective July 1, 2024): (a) On and after July 1, 2021, the department may issue or renew a license for a person to be a micro-cultivator. No person may act as a micro-cultivator or represent that such person is a licensed micro- cultivator unless such person has obtained a license from the department pursuant to this section. (b) A micro-cultivator is authorized to cultivate, grow, propagate, manufacture and package the cannabis plant at an establishment containing not less than two thousand square feet and not more than ten thousand square feet of grow space, prior to any expansion authorized by the commissioner, provided such micro-cultivator complies with the provisions of any regulations adopted under section 21a-420q concerning grow space. A micro-cultivator",,SOURCE_0003,"P.A. 24-76, Sec. 14"
PA2024_076_SEC15,PA2024_076,P.A. 24-76,BILL_2024_HB5150,Sec. 15,2024,2024-05-30,2024-07-01,"July 1, 2024",yes,21a-420u; 21a-420,21a-420u,STAT_21A_420U,subsections (b) repealed and substituted,no,,ownership and control,cannabis establishments; social equity applicants,,the act prints no deleted text for this section,"Subsection (b) of section 21a-420u of the 2024 supplement to the general statutes is repealed and the following is substituted in lieu thereof (Effective July 1, 2024): (b) Any equity joint venture created under this section shall be created for the development of a cannabis establishment, other than a cultivator, provided such equity joint venture is at least fifty per cent owned and controlled by an individual or individuals who meet, or the equity joint venture applicant is an individual who meets, the criteria established in subparagraphs (A) and (B) of subdivision [(50)] (51) of section 21a-420, as amended by this act.",,SOURCE_0003,"P.A. 24-76, Sec. 15"
PA2024_076_SEC16,PA2024_076,P.A. 24-76,BILL_2024_HB5150,Sec. 16,2024,2024-05-30,2024-07-01,"July 1, 2024",yes,21a-420w,21a-420w,STAT_21A_420W,subsections (d) repealed and substituted,no,,testing and laboratories,cannabis establishments; laboratories; consumers and the general public,,the act prints no deleted text for this section,"Subsection (d) of section 21a-420w of the 2024 supplement to the general statutes is repealed and the following is substituted in lieu thereof (Effective July 1, 2024): (d) A food and beverage manufacturer may sell, transfer or transport its own products to a cannabis establishment, cannabis testing laboratory or research program, or obtain cannabis from a cannabis establishment, cannabis testing laboratory or research program for manufacturing purposes, provided such transportation is performed by utilizing its own employees or a transporter. A food and beverage manufacturer may not deliver any cannabis, cannabis products or food or beverage incorporating cannabis to a consumer, directly or through a delivery service.",,SOURCE_0003,"P.A. 24-76, Sec. 16"
PA2024_076_SEC17,PA2024_076,P.A. 24-76,BILL_2024_HB5150,Sec. 17,2024,2024-05-30,2024-07-01,"July 1, 2024",yes,21a-420x,21a-420x,STAT_21A_420X,subsections (d) repealed and substituted,no,,testing and laboratories,cannabis establishments; laboratories; consumers and the general public,,the act prints no deleted text for this section,"Subsection (d) of section 21a-420x of the 2024 supplement to the general statutes is repealed and the following is substituted in lieu thereof (Effective July 1, 2024): (d) A product manufacturer may sell, transfer or transport its own products to a cannabis establishment, cannabis testing laboratory or research program, or obtain cannabis from a cannabis establishment, cannabis testing laboratory or research program for manufacturing purposes, provided such transportation is performed by utilizing its own employees or a transporter. A product manufacturer may not deliver any cannabis to a consumer directly or through a delivery service.",,SOURCE_0003,"P.A. 24-76, Sec. 17"
PA2024_076_SEC18,PA2024_076,P.A. 24-76,BILL_2024_HB5150,Sec. 18,2024,2024-05-30,2024-07-01,"July 1, 2024",yes,21a-420y,21a-420y,STAT_21A_420Y,section repealed and substituted,no,,testing and laboratories; licensing; advertising and packaging; agency duties and rulemaking,cannabis establishments; laboratories,,the act prints no deleted text for this section,"Section 21a-420y of the 2024 supplement to the general statutes is repealed and the following is substituted in lieu thereof (Effective July 1, 2024): (a) On and after July 1, 2021, the department may issue or renew a license for a person to be a product packager. No person may act as a product packager or represent that such person is a product packager unless such person has obtained a license from the department pursuant to this section. (b) A product packager may obtain cannabis from a producer, cultivator, micro-cultivator, food and beverage manufacturer or a product manufacturer, provided the product packager utilizes its own employees or a transporter. The product packager may sell, transfer or transport cannabis to and from any cannabis establishment, cannabis testing laboratory or research program, provided the product packager only transports cannabis packaged at its licensed e",,SOURCE_0003,"P.A. 24-76, Sec. 18"
PA2024_076_SEC19,PA2024_076,P.A. 24-76,BILL_2024_HB5150,Sec. 19,2024,2024-05-30,2024-07-01,"July 1, 2024",yes,21a-421e,21a-421e,STAT_21A_421E,section repealed and substituted,no,,ownership and control; enforcement and penalties,cannabis establishments,", ""project labor agreement"" / an agreement between a subcontractor or contractor and a cannabis establishment that: (1) Binds all contractors and subcontractors on the covered project to the project labor / all contractors and subcontractors / agreements; (3) / on the projects; (4) / project labor / ; and ""employee organization"" means any lawful association, labor organization, federation or council having as a primary purpose the improvement of wages, hours and other conditions of employment for employees of cannabis establishments. / A project for the construction or renovation of any facility for the operation of a cannabis establishment in an amount of five million dollars or greater / between the contractors and subcontractors of such project and the cannabis establishment. / where the cannabis establishment project is located","text the act deletes, printed in square brackets in the enacted act","Section 21a-421e of the general statutes is repealed and the following is substituted in lieu thereof (Effective July 1, 2024): (a) As used in this section: [, ""project labor agreement""] (1) ""Affiliated business entity"" means a business entity that, either directly or indirectly through one or more intermediaries, is controlled by, or is under common control with, a cannabis establishment; (2) ""Control"" means the power to direct, or cause the direction of, the management and policies of a business entity; (3) ""Covered project"" means a project that is (A) for the construction or renovation of any facility for the operation of a cannabis establishment, (B) in an amount of at least five million dollars, and (C) performed by or on behalf of (i) a cannabis establishment, or (ii) an affiliated business entity; (4) ""Labor organization"" (A) means any organization that exists and is constituted, ",,SOURCE_0003,"P.A. 24-76, Sec. 19"
PA2024_076_SEC20,PA2024_076,P.A. 24-76,BILL_2024_HB5150,Sec. 20,2024,2024-05-30,2024-07-01,"July 1, 2024",yes,21a-421j,21a-421j,STAT_21A_421J,subsections (b) repealed and substituted,no,,testing and laboratories; licensing; advertising and packaging; agency duties and rulemaking,consumers and the general public; state agencies,"Child-resistant / , including requiring that an edible product be individually wrapped. / Packaging for","text the act deletes, printed in square brackets in the enacted act","Subsection (b) of section 21a-421j of the 2024 supplement to the general statutes is repealed and the following is substituted in lieu thereof (Effective July 1, 2024): (b) The commissioner shall adopt regulations in accordance with chapter 54 to implement the provisions of RERACA. Notwithstanding the requirements of sections 4-168 to 4-172, inclusive, in order to effectuate the purposes of RERACA and protect public health and safety, prior to adopting such regulations the commissioner shall issue policies and procedures to implement the provisions of RERACA that shall have the force and effect of law. The commissioner shall post all policies and procedures on the department's Internet web site and submit such policies and procedures to the Secretary of the State for posting on the eRegulations System, at least fifteen days prior to the effective date of any policy or procedure. The comm",,SOURCE_0003,"P.A. 24-76, Sec. 20"
PA2024_076_SEC21,PA2024_076,P.A. 24-76,BILL_2024_HB5150,Sec. 21,2024,2024-05-30,2024-07-01,"July 1, 2024",yes,21a-421l,21a-421l,STAT_21A_421L,subsections (b) repealed and substituted,no,,ownership and control,cannabis establishments,,the act prints no deleted text for this section,"Subsection (b) of section 21a-421l of the general statutes is repealed and the following is substituted in lieu thereof (Effective July 1, 2024): (b) A cannabis establishment shall (1) store all cannabis in such a manner as to prevent diversion, theft or loss, (2) make cannabis accessible only to the minimum number of specifically authorized employees essential for efficient operation, and (3) return any cannabis to a secure location at the end of the scheduled business day. For the purposes of this subsection, a location shall be deemed to be secure if the location satisfies the requirements imposed in subsection (b) of section 21a-262-4 of the regulations of Connecticut state agencies for controlled substances listed in schedules III, IV and V of the Connecticut controlled substance scheduling regulations adopted pursuant to section 21a-243.",,SOURCE_0003,"P.A. 24-76, Sec. 21"
PA2024_076_SEC22,PA2024_076,P.A. 24-76,BILL_2024_HB5150,Sec. 22,2024,2024-05-30,2024-07-01,"July 1, 2024",yes,21a-421bb,21a-421bb,STAT_21A_421BB,subsections (b) repealed and substituted,no,,medical patients and caregivers; licensing; advertising and packaging; enforcement and penalties,cannabis establishments; consumers and the general public,,the act prints no deleted text for this section,"Subsection (b) of section 21a-421bb of the 2024 supplement to the general statutes is repealed and the following is substituted in lieu thereof (Effective July 1, 2024): (b) Except as provided in subsection (d) of this section, cannabis establishments shall not: (1) Advertise, including, but not limited to, through a business name or logo, cannabis, cannabis paraphernalia or goods or services related to cannabis: (A) In ways that target or are designed to appeal to individuals under twenty-one years of age, including, but not limited to, spokespersons or celebrities who appeal to individuals under the legal age to purchase cannabis or cannabis products, depictions of a person under twenty-five years of age consuming cannabis, or, the inclusion of objects, such as toys, characters or cartoon characters, suggesting the presence of a person under twenty-one years of age, or any other depict",,SOURCE_0003,"P.A. 24-76, Sec. 22"
PA2024_076_SEC23,PA2024_076,P.A. 24-76,BILL_2024_HB5150,Sec. 23,2024,2024-05-30,2024-07-01,"July 1, 2024",yes,22-61l,22-61l,STAT_22_61L,section repealed and substituted,no,,enforcement and penalties; hemp and infused beverages,hemp businesses,,the act prints no deleted text for this section,"Subdivision (30) of section 22-61l of the 2024 supplement to the general statutes is repealed and the following is substituted in lieu thereof (Effective July 1, 2024): (30) ""Manufacturer hemp product"" (A) means a commodity manufactured from the hemp plant, for commercial or research purposes, that is intended for human ingestion, inhalation, absorption or other internal consumption, that contains a THC concentration of not more than 0.3 per cent on a dry weight basis or per volume or weight of such manufacturer hemp product, and (B) does not include an infused beverage, as defined in section 26 of this act;",,SOURCE_0003,"P.A. 24-76, Sec. 23"
PA2024_076_SEC24,PA2024_076,P.A. 24-76,BILL_2024_HB5150,Sec. 24,2024,2024-05-30,2024-07-01,"July 1, 2024",yes,22-61m,22-61m,STAT_22_61M,section repealed and substituted,no,,testing and laboratories; licensing; home grow and possession; advertising and packaging; enforcement and penalties; hemp and infused beverages,consumers and the general public; state agencies; hemp businesses,"two thousand five hundred / two hundred fifty / two thousand five hundred / sells manufacturer hemp products in violation of subdivision (1) of this subsection or subsections (v) to (y), inclusive, of this section / (z) Any violation of subsections (u) to (y), inclusive, of this section shall be deemed an unfair or deceptive trade practice under subsection (a) of section 42-110b.","text the act deletes, printed in square brackets in the enacted act","Section 22-61m of the 2024 supplement to the general statutes is repealed and the following is substituted in lieu thereof (Effective July 1, 2024): (a) No person shall manufacture in the state without a license to manufacture issued by the Commissioner of Consumer Protection. Nothing in this section shall be construed to prohibit a person who is licensed in another state to manufacture, handle, store and market manufacturer hemp products from applying for and obtaining a license in accordance with the provisions of this section. (b) Each applicant for a manufacturer license shall submit an application on a form and in a manner prescribed by the Commissioner of Consumer Protection. (c) The following fees shall apply for a license to manufacture: (1) A nonrefundable license application fee of seventy-five dollars; and (2) A nonrefundable licensing fee of three hundred seventy-five dollars",,SOURCE_0003,"P.A. 24-76, Sec. 24"
PA2024_076_SEC25,PA2024_076,P.A. 24-76,BILL_2024_HB5150,Sec. 25,2024,2024-05-30,2024-07-01,"July 1, 2024",yes,22-61n,22-61n,STAT_22_61N,subsections (c) repealed and substituted,no,,testing and laboratories; hemp and infused beverages,cannabis establishments; hemp businesses,,the act prints no deleted text for this section,"Subsection (c) of section 22-61n of the 2024 supplement to the general statutes is repealed and the following is substituted in lieu thereof (Effective July 1, 2024): (c) Hemp or hemp products purchased by a producer, cultivator, micro-cultivator, [or] product manufacturer or food and beverage manufacturer from a third party shall be tracked as a separate batch throughout the manufacturing process in order to document the disposition of such hemp or hemp products. Once hemp or hemp products are received by a producer, cultivator, micro-cultivator, [or] product manufacturer or food and beverage manufacturer, such hemp or hemp products shall be deemed cannabis and shall comply with the requirements for cannabis contained in the applicable provisions of the general statutes and any regulations adopted pursuant to such provisions. A producer, cultivator, micro-cultivator, [and] product manuf",,SOURCE_0003,"P.A. 24-76, Sec. 25"
PA2024_076_SEC26,PA2024_076,P.A. 24-76,BILL_2024_HB5150,Sec. 26,2024,2024-05-30,2024-07-01,"July 1, 2024",yes,21a-240; 21a-420; 21a-408,21a-240,STAT_21A_240,NEW section,no,,testing and laboratories; licensing; advertising and packaging; enforcement and penalties; hemp and infused beverages; agency duties and rulemaking,cannabis establishments; laboratories; consumers and the general public; state agencies,,the act prints no deleted text for this section,"(NEW) (Effective July 1, 2024) For the purposes of this section and sections 27 and 28 of this act: (1) ""Cannabis"" means marijuana, as defined in section 21a-240 of the general statutes, as amended by this act; (2) ""Cannabis establishment"" has the same meaning as provided in section 21a-420 of the general statutes, as amended by this act; (3) ""Cannabis product"" has the same meaning as provided in section 21a-420 of the general statutes, as amended by this act; (4) ""Cannabis testing laboratory"" has the same meaning as provided in section 21a-408 of the general statutes, as amended by this act; (5) ""Commissioner"" means the Commissioner of Consumer Protection; (6) ""Consumer"" has the same meaning as provided in section 21a-420 of the general statutes, as amended by this act; (7) ""Container"" (A) means an object that is offered, intended for sale or sold to a consumer and directly contains an ",,SOURCE_0003,"P.A. 24-76, Sec. 26"
PA2024_076_SEC27,PA2024_076,P.A. 24-76,BILL_2024_HB5150,Sec. 27,2024,2024-05-30,2024-07-01,"July 1, 2024",yes,22-61m; 22-61n,22-61m,STAT_22_61M,NEW section,no,,testing and laboratories; licensing; home grow and possession; advertising and packaging; municipal authority; enforcement and penalties; hemp and infused beverages; agency duties and rulemaking,consumers and the general public; state agencies; hemp businesses,,the act prints no deleted text for this section,"(NEW) (Effective July 1, 2024) (a) Notwithstanding the provisions of sections 22-61m of the general statutes, as amended by this act, and 22-61n of the general statutes, as amended by this act, and except as provided in subsection (c) of this section, no person shall, on or after October 1, 2024, manufacture any infused beverage that is intended to be sold or offered for sale in this state unless such person has received an infused beverage manufacturer license issued by the Commissioner of Consumer Protection pursuant to this section. (b) A person seeking an infused beverage manufacturer license under this section shall submit to the Department of Consumer Protection, in a form and manner prescribed by the Commissioner of Consumer Protection, an application accompanied by an application fee in the amount of five thousand dollars. Each license issued pursuant to this section shall be val",,SOURCE_0003,"P.A. 24-76, Sec. 27"
PA2024_076_SEC28,PA2024_076,P.A. 24-76,BILL_2024_HB5150,Sec. 28,2024,2024-05-30,2024-07-01,"July 1, 2024",yes,21a-409; 21a-420r,21a-409,STAT_21A_409,NEW section,no,,licensing; advertising and packaging; enforcement and penalties; hemp and infused beverages,cannabis establishments; hemp businesses,,the act prints no deleted text for this section,"(NEW) (Effective July 1, 2024) (a) (1) Beginning on October 1, 2024, no infused beverage shall be sold, offered for sale or distributed in this state unless: (A) The infused beverage is sold or offered for sale (i) on premises operating under a package store permit issued pursuant to subsection (b) of section 30-20 of the general statutes, as amended by this act, or (ii) at a dispensary facility, hybrid retailer or retailer; (B) If the infused beverage is sold at a dispensary facility, hybrid retailer or retailer, the infused beverage is stored and displayed separately from any cannabis, in the same manner provided for manufacturer hemp products, in accordance with section 21a-409, 21a- 420s or 21a-420r of the general statutes, respectively; and (C) The infused beverage meets the standards set forth for manufacturer hemp products in subsections (v) and (x) of section 22- 61m of the gener",,SOURCE_0003,"P.A. 24-76, Sec. 28"
PA2024_076_SEC29,PA2024_076,P.A. 24-76,BILL_2024_HB5150,Sec. 29,2024,2024-05-30,2024-05-30,from passage,no,21a-420,21a-420,STAT_21A_420,NEW section,no,,licensing; home grow and possession; advertising and packaging; enforcement and penalties; hemp and infused beverages; agency duties and rulemaking,cannabis establishments; consumers and the general public; state agencies; hemp businesses,,the act prints no deleted text for this section,"(NEW) (Effective from passage) (a) For the purposes of this section: (1) ""Business"" means any individual or sole proprietorship, partnership, firm, corporation, trust, limited liability company, limited liability partnership, joint stock company, joint venture, association or other legal entity through which business for profit or not-for-profit is conducted; (2) ""Commissioner"" means the Commissioner of Consumer Protection; (3) ""Container"" (A) means an object that is intended for sale to a consumer, as defined in section 21a-420 of the general statutes, as amended by this act, and directly contains an infused beverage or legacy infused beverage, and (B) does not include an object or packaging that indirectly contains, or contains in bulk for transportation purposes, an infused beverage or legacy infused beverage; (4) ""Dispensary facility"" has the same meaning as provided in section 21a-4",,SOURCE_0003,"P.A. 24-76, Sec. 29"
PA2024_076_SEC30,PA2024_076,P.A. 24-76,BILL_2024_HB5150,Sec. 30,2024,2024-05-30,2024-05-30,from passage,no,21a-420,21a-420,STAT_21A_420,NEW section,no,,licensing; home grow and possession; advertising and packaging; enforcement and penalties; hemp and infused beverages; agency duties and rulemaking,cannabis establishments; consumers and the general public; state agencies; hemp businesses,,the act prints no deleted text for this section,"(NEW) (Effective from passage) (a) For the purposes of this section: (1) ""Dispensary facility"" has the same meaning as provided in section 21a-420 of the general statutes, as amended by this act; (2) ""Hybrid retailer"" has the same meaning as provided in section 21a- 420 of the general statutes, as amended by this act; (3) ""Legacy infused beverage"" means a beverage that (A) is not an alcoholic beverage, as defined in section 30-1 of the general statutes, (B) is intended for human consumption, (C) contains, or is advertised, labeled or offered for sale as containing, THC, as defined in section 21a- 240 of the general statutes, as amended by this act, and (D) as of June 30, 2024, is in compliance with (i) the provisions of RERACA, and (ii) the policies and procedures issued by the Commissioner of Consumer Protection to implement, and any regulations adopted pursuant to, RERACA; (4) ""RERACA""",,SOURCE_0003,"P.A. 24-76, Sec. 30"
PA2024_076_SEC31,PA2024_076,P.A. 24-76,BILL_2024_HB5150,Sec. 31,2024,2024-05-30,2025-01-01,"January 1, 2025",yes,21a-420; 22-61l; 21a-240,21a-420,STAT_21A_420,NEW section,no,,licensing; advertising and packaging; taxation and revenue; enforcement and penalties; hemp and infused beverages,cannabis establishments; consumers and the general public; hemp businesses,,the act prints no deleted text for this section,"(NEW) (Effective January 1, 2025) (a) As used in this section: (1) ""Cannabis establishment"" has the same meaning as provided in section 21a-420 of the general statutes, as amended by this act; (2) ""Consumer"" has the same meaning as provided in section 21a-420 of the general statutes, as amended by this act; (3) ""Container"" (A) means an object that is offered, intended for sale or sold to a consumer and directly contains (i) a manufacturer hemp product, or (ii) a moderate-THC hemp product, and (B) does not include an object or packaging that indirectly contains, or contains in bulk for transportation purposes, (i) a manufacturer hemp product, or (ii) a moderate-THC hemp product; (4) ""Manufacturer hemp product"" has the same meaning as provided in section 22-61l of the general statutes, as amended by this act; (5) ""Moderate-THC hemp product"" (A) means a manufacturer hemp product that has to",,SOURCE_0003,"P.A. 24-76, Sec. 31"
PA2024_076_SEC35,PA2024_076,P.A. 24-76,BILL_2024_HB5150,Sec. 35,2024,2024-05-30,2024-07-01,"July 1, 2024",yes,NEW SECTION (codification not stated in the act),NEW SECTION (codification not stated in the act),,NEW section,no,,licensing; ownership and control; advertising and packaging; taxation and revenue; enforcement and penalties; hemp and infused beverages,hemp businesses,,the act prints no deleted text for this section,"(NEW) (Effective July 1, 2024) (a) For the purposes of this section: (1) ""Container"" has the same meaning as provided in section 26 of this act; and (2) ""Infused beverage"" has the same meaning as provided in section 26 of this act. (b) A fee of one dollar shall be assessed by the holder of a wholesaler permit or a wholesaler permit for beer issued under section 30-17 of the general statutes on each infused beverage container sold to the holder of a package store permit issued under subsection (b) of section 30-20 of the general statutes, as amended by this act. Such fee shall not be subject to any sales tax or treated as income pursuant to any provision of the general statutes. (c) On January 2, 2025, and every six months thereafter, each holder of a wholesaler permit or a wholesaler permit for beer issued under section 30-17 of the general statutes shall remit payment to the department ",,SOURCE_0003,"P.A. 24-76, Sec. 35"
PA2024_076_SEC36,PA2024_076,P.A. 24-76,BILL_2024_HB5150,Sec. 36,2024,2024-05-30,2024-07-01,"July 1, 2024",yes,21a-420c,21a-420c,STAT_21A_420C,NEW section,no,,enforcement and penalties,consumers and the general public; state agencies,,the act prints no deleted text for this section,"(NEW) (Effective July 1, 2024) Notwithstanding the provisions of section 21a-8a of the general statutes, the Commissioner of Consumer Protection shall, upon request by the Attorney General, execute an agreement with the Attorney General pursuant to which the Department of Consumer Protection shall provide to the Office of the Attorney General, from such funds as may be available in the consumer protection enforcement account established in said section, such funds as the commissioner and Attorney General may agree are necessary to pay for any personal services and other enforcement expenses incurred by said office in enforcing the provisions of section 21a-420c of the general statutes, as amended by this act. Approved May 11, 2024",,SOURCE_0003,"P.A. 24-76, Sec. 36"
PA2025_101_SEC1,PA2025_101,P.A. 25-101,BILL_2025_HB6855,Sec. 1,2025,2025-06-24,2025-10-01,"October 1, 2025",yes,21a-420; 21a-426,21a-420,STAT_21A_420,NEW section,no,,licensing; hemp and infused beverages,cannabis establishments; hemp businesses,,the act prints no deleted text for this section,"(NEW) (Effective October 1, 2025) (a) For the purposes of this section: (1) ""Cannabis establishment"" has the same meaning as provided in section 21a-420 of the general statutes, as amended by this act; (2) ""Hemp flower"" has the same meaning as provided in section 21a- 426 of the general statutes, as amended by this act; (3) ""Moderate-THC hemp product vendor"" has the same meaning as provided in section 21a-426 of the general statutes, as amended by this act; and (4) ""Person"" has the same meaning as provided in section 21a-420 of the general statutes, as amended by this act. (b) (1) Any person who is not a moderate-THC hemp product vendor or a licensed cannabis establishment may sell hemp flower, provided such person exclusively sells hemp flower through (A) a direct, in- person exchange on commercial premises that (i) requires such person's assistance, or the assistance of such person's a",,SOURCE_0004,"P.A. 25-101, Sec. 1"
PA2025_101_SEC4,PA2025_101,P.A. 25-101,BILL_2025_HB6855,Sec. 4,2025,2025-06-24,2025-06-24,from passage,no,,,,section repealed and substituted,no,,ownership and control; enforcement and penalties; agency duties and rulemaking,consumers and the general public; state agencies,"Notwithstanding the provisions of subsections (a) to (d), inclusive, of this section, not later than January 1, 2013, the Commissioner of Consumer Protection shall submit amendments to sections 21a-243-7 and 21a-243-8 of the regulations of Connecticut state agencies to the standing legislative regulation review committee to reclassify / 2-(4-morpholinyl)ethyl / (1R,3S)-3-hydroxycyclohexyl / (1R,3S)-3-hydroxycyclohexyl","text the act deletes, printed in square brackets in the enacted act","Section 21a-243 of the general statutes is repealed and the following is substituted in lieu thereof (Effective from passage): (a) The Commissioner of Consumer Protection shall adopt regulations for the efficient enforcement and operation of sections 21a- 244 to 21a-282, inclusive. (b) The Commissioner of Consumer Protection may, so far as may be consistent with sections 21a-244 to 21a-282, inclusive, adopt the regulations existing under the federal Controlled Substances Act and pertinent regulations existing under the federal food and drug laws and conform regulations adopted hereunder with those existing under the federal Controlled Substances Act and federal food and drug laws. (c) The Commissioner of Consumer Protection, acting upon the advice of the Commission of Pharmacy, may by regulation designate, after investigation, as a controlled substance, a substance or chemical compositio",,SOURCE_0004,"P.A. 25-101, Sec. 4"
PA2025_101_SEC5,PA2025_101,P.A. 25-101,BILL_2025_HB6855,Sec. 5,2025,2025-06-24,2026-01-01,"January 1, 2026",yes,21a-408c,21a-408c,STAT_21A_408C,section repealed and substituted,no,,medical patients and caregivers; licensing; home grow and possession; municipal authority; enforcement and penalties,qualifying patients and caregivers; consumers and the general public; state agencies,"for the palliative use of marijuana / under subsection (a) of this section / from the date such written certification is signed and dated by the physician, physician assistant or advanced practice registered nurse. Not / for the palliative use of marijuana","text the act deletes, printed in square brackets in the enacted act","Section 21a-408c of the general statutes is repealed and the following is substituted in lieu thereof (Effective January 1, 2026): (a) (1) A physician, physician assistant or advanced practice registered nurse may issue a written certification to a qualifying patient that authorizes the palliative use of marijuana by the qualifying patient. Such written certification shall be in the form prescribed by the Department of Consumer Protection and shall include a statement signed and dated by the qualifying patient's physician, physician assistant or advanced practice registered nurse stating that, in such physician's, physician assistant's or advanced practice registered nurse's professional opinion, (A) the qualifying patient has a debilitating medical condition, and (B) the potential benefits of the palliative use of marijuana would likely outweigh the health risks of such use to the quali",,SOURCE_0004,"P.A. 25-101, Sec. 5"
PA2025_101_SEC6,PA2025_101,P.A. 25-101,BILL_2025_HB6855,Sec. 6,2025,2025-06-24,2025-07-01,"July 1, 2025",yes,21a-420; 7-294kk; 7-294ll; 12-330ll; 12-330nn; 14-227p; 21a-278b; 21a-278c; 21a-279c; 21a-279d; 21a-420a; 21a-420j; 21a-421r; 21a-421aa; 21a-421ff; 21a-422; 21a-422c; 21a-422e; 21a-422j; 21a-422s; 22-61n; 19a-342; 19a-342a,21a-420,STAT_21A_420,section repealed and substituted,no,,uncategorized,consumers and the general public,section 20 of public act 23-79,"text the act deletes, printed in square brackets in the enacted act","Subdivision (1) of section 21a-420 of the general statutes is repealed and the following is substituted in lieu thereof (Effective July 1, 2025): (1) ""Responsible and Equitable Regulation of Adult-Use Cannabis Act"" or ""RERACA"" means this section, sections 2-56j, 7-294kk, 7-294ll, 12-330ll to 12-330nn, inclusive, 14-227p, 21a-278b, 21a-278c, 21a-279c, 21a-279d, 21a-420a to 21a-420j, inclusive, as amended by this act, 21a- 420l to 21a-421r, inclusive, 21a-421aa to 21a-421ff, inclusive, 21a-421aaa to 21a-421hhh, inclusive, 21a-422 to 21a-422c, inclusive, 21a-422e to 21a- 422g, inclusive, 21a-422j to 21a-422s, inclusive, 22-61n, 23-4b, 47a-9a, 53- 247a, 53a-213a, 53a-213b, 54-33p, 54-56q, 54-56r, 54-125k and 54-142u, sections 23, 60, 63 to 65, inclusive, 124, 144 and 165 of public act 21-1 of the June special session, and the amendments in public act 21-1 of the June special session to secti",,SOURCE_0004,"P.A. 25-101, Sec. 6"
PA2025_101_SEC7,PA2025_101,P.A. 25-101,BILL_2025_HB6855,Sec. 7,2025,2025-06-24,2025-06-24,from passage,no,21a-420,21a-420,STAT_21A_420,section repealed and substituted,no,,ownership and control; enforcement and penalties,cannabis establishments,,the act prints no deleted text for this section,"Subdivision (2) of section 21a-420 of the general statutes is repealed and the following is substituted in lieu thereof (Effective from passage): (2) ""Backer"" means any individual with a direct or indirect financial interest in a cannabis establishment. ""Backer"" does not include (A) a bank, bank and trust company, bank holding company, Connecticut bank, Connecticut credit union, federal bank, federal branch, federal credit union, financial institution, foreign bank, holding company, out- of-state bank, out-of-state credit union, out-of-state trust company, savings and loan association, savings bank or savings and loan holding company, as such terms are defined in section 36a-2, or a wholly-owned subsidiary thereof, that provides nonequity financing to a cannabis establishment and does not directly participate in the control, management or operation of the cannabis establishment, or (B) a",,SOURCE_0004,"P.A. 25-101, Sec. 7"
PA2025_101_SEC8,PA2025_101,P.A. 25-101,BILL_2025_HB6855,Sec. 8,2025,2025-06-24,2025-07-01,"July 1, 2025",yes,NEW SECTION (codification not stated in the act),NEW SECTION (codification not stated in the act),,NEW section,no,,licensing; enforcement and penalties; agency duties and rulemaking,cannabis establishments; consumers and the general public; state agencies,,the act prints no deleted text for this section,"(NEW) (Effective July 1, 2025) (a) As used in this section: (1) ""Court appointee"" (A) means a person appointed or designated as part of a court supervised proceeding to exercise court oversight with respect to the property, assets, management or operations of a cannabis establishment, and (B) includes, but is not limited to, a receiver, custodian, guardian or trustee or the executor or administrator of an estate; and (2) ""Court supervised proceeding"" means a proceeding in which a court of competent jurisdiction appoints or designates a court appointee to exercise court oversight with respect to the property, assets, management or operations of a cannabis establishment. (b) (1) The Department of Consumer Protection may, upon receipt of a complete application and payment of the fee required under subsection (c) of this section, issue a temporary cannabis operator license to a court appoint",,SOURCE_0004,"P.A. 25-101, Sec. 8"
PA2025_101_SEC9,PA2025_101,P.A. 25-101,BILL_2025_HB6855,Sec. 9,2025,2025-06-24,2025-07-01,"July 1, 2025",yes,NEW SECTION (codification not stated in the act),NEW SECTION (codification not stated in the act),,NEW section,no,,licensing; enforcement and penalties,cannabis establishments; consumers and the general public; state agencies,,the act prints no deleted text for this section,"(NEW) (Effective July 1, 2025) (a) The Department of Consumer Protection shall develop standardized signage which shall include a quick response code or comparable electronic identifier that will enable any person using such code or identifier to determine whether the cannabis establishment displaying such signage holds an active cannabis establishment license issued by the department. (b) Each cannabis establishment shall display the standardized signage developed by the department pursuant to subsection (a) of this section in a form and manner prescribed by the department. No cannabis establishment shall display such signage in any other form or manner. (c) No person or establishment other than a cannabis establishment shall display the standardized signage developed by the department pursuant to subsection (a) of this section, or any substantially similar signage, that incorrectly ind",,SOURCE_0004,"P.A. 25-101, Sec. 9"
PA2025_101_SEC10,PA2025_101,P.A. 25-101,BILL_2025_HB6855,Sec. 10,2025,2025-06-24,2025-07-01,"July 1, 2025",yes,NEW SECTION (codification not stated in the act),NEW SECTION (codification not stated in the act),,NEW section,no,,testing and laboratories; licensing; ownership and control; social equity; home grow and possession,cannabis establishments; consumers and the general public; state agencies,,the act prints no deleted text for this section,"(NEW) (Effective July 1, 2025) (a) If a cannabis establishment elects not to renew its cannabis establishment license, the cannabis establishment shall submit a nonrenewal notice to the Department of Consumer Protection, in a form and manner prescribed by the Commissioner of Consumer Protection, for the purpose of coordinating efforts to dispose of any cannabis that may be in the possession of such cannabis establishment upon expiration of such license. The cannabis establishment shall submit such nonrenewal notice to the department not more than thirty days prior to the expiration date of such license. (b) No holder of a lapsed cannabis establishment license shall (1) engage in any activity for which an active cannabis establishment license is required, or (2) possess any cannabis on the premises of the lapsed cannabis establishment. (c) (1) If the Department of Consumer Protection does",,SOURCE_0004,"P.A. 25-101, Sec. 10"
PA2025_101_SEC11,PA2025_101,P.A. 25-101,BILL_2025_HB6855,Sec. 11,2025,2025-06-24,2025-07-01,"July 1, 2025",yes,21a-420g; 21a-421n; 21a-421d,21a-420g,STAT_21A_420G,subsections (k) repealed and substituted,no,,licensing; social equity; municipal authority; enforcement and penalties,cannabis establishments; state agencies,,the act prints no deleted text for this section,"Subsection (k) of section 21a-420g of the general statutes is repealed and the following is substituted in lieu thereof (Effective July 1, 2025): (k) Final license applications shall be submitted on a form and in a manner approved by the commissioner and shall include, but not be limited to, the information set forth in this section, as well as evidence of the following: (1) A contract with an entity providing an approved electronic tracking system as set forth in section 21a-421n; (2) A right to occupy the location at which the cannabis establishment operation will be located, as evidenced by a certificate of occupancy or temporary certificate of occupancy issued by, or a substantively similar written approval obtained from, the local building official verifying that the premises to be occupied for the cannabis establishment operation are substantially complete; (3) Any necessary local ",,SOURCE_0004,"P.A. 25-101, Sec. 11"
PA2025_101_SEC12,PA2025_101,P.A. 25-101,BILL_2025_HB6855,Sec. 12,2025,2025-06-24,2025-06-24,from passage,no,21a-420p,21a-420p,STAT_21A_420P,subsections (e) repealed and substituted,no,,testing and laboratories; licensing; advertising and packaging,cannabis establishments; laboratories; consumers and the general public,"dispensary facility, hybrid retailer, retailer, delivery service, food and beverage manufacturer, product manufacturer, / cannabis testing laboratory or product packager,","text the act deletes, printed in square brackets in the enacted act","Subsection (e) of section 21a-420p of the general statutes is repealed and the following is substituted in lieu thereof (Effective from passage): (e) A micro-cultivator may sell, transfer or transport its cannabis to a [dispensary facility, hybrid retailer, retailer, delivery service, food and beverage manufacturer, product manufacturer,] cannabis establishment, cannabis testing laboratory or research program, [cannabis testing laboratory or product packager,] provided the cannabis is cultivated, grown and propagated at the micro-cultivator's licensed establishment and transported utilizing the micro-cultivator's own employees or a transporter. A micro-cultivator shall not gift or transfer cannabis or cannabis products at no cost to a consumer as part of a commercial transaction.",,SOURCE_0004,"P.A. 25-101, Sec. 12"
PA2025_101_SEC13,PA2025_101,P.A. 25-101,BILL_2025_HB6855,Sec. 13,2025,2025-06-24,2025-06-24,from passage,no,21a-420r,21a-420r,STAT_21A_420R,subsections (b) repealed and substituted,no,,testing and laboratories; medical patients and caregivers; advertising and packaging,cannabis establishments; qualifying patients and caregivers; laboratories; consumers and the general public,delivery service,"text the act deletes, printed in square brackets in the enacted act","Subsection (b) of section 21a-420r of the general statutes is repealed and the following is substituted in lieu thereof (Effective from passage): (b) A retailer may obtain cannabis from a cultivator, micro-cultivator, producer, product packager, food and beverage manufacturer, product manufacturer or transporter or an undeliverable return from a delivery service. A retailer may sell, transport or transfer cannabis or cannabis products to a [delivery service] cannabis establishment, cannabis testing laboratory or research program. A retailer may sell cannabis to a consumer or research program. A retailer may not conduct sales of medical marijuana products nor offer discounts or other inducements to qualifying patients or caregivers. A retailer shall not gift or transfer cannabis at no cost to a consumer as part of a commercial transaction.",,SOURCE_0004,"P.A. 25-101, Sec. 13"
PA2025_101_SEC14,PA2025_101,P.A. 25-101,BILL_2025_HB6855,Sec. 14,2025,2025-06-24,2025-06-24,from passage,no,21a-420s; 21a-420t,21a-420s,STAT_21A_420S,subsections (b) repealed and substituted,no,,testing and laboratories; medical patients and caregivers; advertising and packaging,cannabis establishments; qualifying patients and caregivers; laboratories; consumers and the general public,delivery service,"text the act deletes, printed in square brackets in the enacted act","Subsection (b) of section 21a-420s of the general statutes is repealed and the following is substituted in lieu thereof (Effective from passage): (b) A hybrid retailer may obtain cannabis from a cultivator, micro- cultivator, producer, product packager, food and beverage manufacturer, product manufacturer or transporter. In addition to the activities authorized under section 21a-420t, a hybrid retailer may sell, transport or transfer cannabis to a [delivery service] cannabis establishment, cannabis testing laboratory or research program. A hybrid retailer may sell cannabis products to a consumer or research program. A hybrid retailer shall not gift or transfer cannabis at no cost to a consumer, qualifying patient or caregiver as part of a commercial transaction.",,SOURCE_0004,"P.A. 25-101, Sec. 14"
PA2025_101_SEC15,PA2025_101,P.A. 25-101,BILL_2025_HB6855,Sec. 15,2025,2025-06-24,2026-01-01,"January 1, 2026",yes,21a-420j; 21a-420e,21a-420j,STAT_21A_420J,subsections (e) repealed and substituted,yes,"REPEALS the cultivator twenty-mile rule, former CGS 21a-420j(e). Effected by re-enacting the section with the subsection struck and the rest redesignated.",licensing; ownership and control,cannabis establishments; social equity applicants,(e) Equity joint ventures that are retailers or hybrid retailers that share a common cultivator backer or owner shall not be located within twenty miles of each other.,"text the act deletes, printed in square brackets in the enacted act","Subsections (e) and (f) of section 21a-420j of the general statutes are repealed and the following is substituted in lieu thereof (Effective January 1, 2026): [(e) Equity joint ventures that are retailers or hybrid retailers that share a common cultivator backer or owner shall not be located within twenty miles of each other.] [(f)] (e) An equity joint venture applicant shall pay fifty per cent of the amount of any applicable fee specified in subsection (c) of section 21a-420e for the first three renewal cycles of the applicable cannabis establishment license applied for, and shall pay the full amount of such fee thereafter.",,SOURCE_0004,"P.A. 25-101, Sec. 15"
PA2025_101_SEC16,PA2025_101,P.A. 25-101,BILL_2025_HB6855,Sec. 16,2025,2025-06-24,2026-01-01,"January 1, 2026",yes,21a-420m; 21a-420l,21a-420m,STAT_21A_420M,subsections (f) to (i) repealed and substituted,yes,"REPEALS the producer twenty-mile rule, former CGS 21a-420m(f).",licensing; ownership and control,cannabis establishments; social equity applicants; consumers and the general public; state agencies,(f) Equity joint ventures that are retailers or hybrid retailers that share a common producer backer or owner shall not be located within twenty miles of each other.,"text the act deletes, printed in square brackets in the enacted act","Subsections (f) to (i), inclusive, of section 21a-420m of the general statutes are repealed and the following is substituted in lieu thereof (Effective January 1, 2026): [(f) Equity joint ventures that are retailers or hybrid retailers that share a common producer backer or owner shall not be located within twenty miles of each other.] [(g)] (f) If a producer has paid a reduced conversion fee, as described in subsection (b) of section 21a-420l, and subsequently did not create two equity joint ventures under this section that, not later than fourteen months after the Department of Consumer Protection approved the producer's license expansion application under section 21a-420l, each received a final license from the department, the producer shall be liable for the full conversion fee of three million dollars established in section 21a-420l minus such paid reduced conversion fee. [(h)] (g) ",,SOURCE_0004,"P.A. 25-101, Sec. 16"
PA2025_101_SEC17,PA2025_101,P.A. 25-101,BILL_2025_HB6855,Sec. 17,2025,2025-06-24,2026-01-01,"January 1, 2026",yes,21a-420u; 21a-420t; 21a-420e,21a-420u,STAT_21A_420U,subsections (f) to (i) repealed and substituted,yes,"REPEALS the hybrid-retailer twenty-mile rule, former CGS 21a-420u(f). The act brackets the subsection out entirely and redesignates (g), (h) and (i) as (f), (g) and (h).",licensing; ownership and control,cannabis establishments; social equity applicants; consumers and the general public; state agencies,"(f) Equity joint ventures that are retailers or hybrid retailers that share a common dispensary facility backer or owner, or hybrid retailer backer or owner, shall not be located within twenty miles of each other.","text the act deletes, printed in square brackets in the enacted act","Subsections (f) to (i), inclusive, of section 21a-420u of the general statutes are repealed and the following is substituted in lieu thereof (Effective January 1, 2026): [(f) Equity joint ventures that are retailers or hybrid retailers that share a common dispensary facility backer or owner, or hybrid retailer backer or owner, shall not be located within twenty miles of each other.] [(g)] (f) If a dispensary facility has paid the reduced conversion fee, in accordance with subsection (a) of this section, and did not subsequently create one equity joint venture under this section that, not later than fourteen months after the Department of Consumer Protection approved the dispensary facility's license conversion application under section 21a-420t, receives a final license from the department, the dispensary facility shall be liable for the full conversion fee of one million dollars establi",,SOURCE_0004,"P.A. 25-101, Sec. 17"
PA2025_101_SEC18,PA2025_101,P.A. 25-101,BILL_2025_HB6855,Sec. 18,2025,2025-06-24,2025-07-01,"July 1, 2025",yes,21a-421a,21a-421a,STAT_21A_421A,section repealed and substituted,no,,testing and laboratories; licensing; ownership and control; enforcement and penalties; agency duties and rulemaking,cannabis establishments; laboratories; state agencies,,the act prints no deleted text for this section,"Section 21a-421a of the general statutes is repealed and the following is substituted in lieu thereof (Effective July 1, 2025): (a) Each employee of a cannabis establishment, cannabis testing laboratory or research program, other than a key employee, shall annually apply for and obtain a registration, on a form and in a manner prescribed by the commissioner, prior to commencing employment at the cannabis establishment business. (b) No person shall act as a backer or key employee, or represent that such person is a backer or key employee, unless such person has obtained a license from the department pursuant to this subsection. Such person shall apply for a license on a form and in a manner prescribed by the commissioner. Such form may require the applicant to: (1) [Submit] Except as provided in subsection (c) of this section, submit to a state and national criminal history records check ",,SOURCE_0004,"P.A. 25-101, Sec. 18"
PA2025_101_SEC19,PA2025_101,P.A. 25-101,BILL_2025_HB6855,Sec. 19,2025,2025-06-24,2025-06-24,from passage,no,,,,subsections (a) repealed and substituted,no,,ownership and control; home grow and possession; enforcement and penalties,consumers and the general public,,the act prints no deleted text for this section,"Subsection (a) of section 21a-421ccc of the general statutes is repealed and the following is substituted in lieu thereof (Effective from passage): (a) No person having possession of, or exercising dominion and control over, any dwelling unit or private property shall: (1) Knowingly or recklessly permit any person under twenty-one years of age to possess cannabis in violation of section [21-279a] 21a-279a, in such dwelling unit or on such private property, or (2) knowing that any person under twenty-one years of age possesses cannabis in violation of section [21-279a] 21a-279a, in such dwelling unit or on such private property, fail to make reasonable efforts to halt such possession.",,SOURCE_0004,"P.A. 25-101, Sec. 19"
PA2025_101_SEC20,PA2025_101,P.A. 25-101,BILL_2025_HB6855,Sec. 20,2025,2025-06-24,2025-10-01,"October 1, 2025",yes,21a-426; 21a-420; 22-61l,21a-426,STAT_21A_426,section repealed and substituted,no,,licensing; advertising and packaging; taxation and revenue; enforcement and penalties; hemp and infused beverages,cannabis establishments; consumers and the general public; hemp businesses,,the act prints no deleted text for this section,"Section 21a-426 of the general statutes is repealed and the following is substituted in lieu thereof (Effective October 1, 2025): (a) As used in this section: (1) ""Cannabis establishment"" has the same meaning as provided in section 21a-420, as amended by this act; (2) ""Consumer"" has the same meaning as provided in section 21a-420, as amended by this act; (3) ""Container"" (A) means an object that is offered, intended for sale or sold to a consumer and directly contains (i) a manufacturer hemp product, or (ii) a moderate-THC hemp product, and (B) does not include an object or packaging that indirectly contains, or contains in bulk for transportation purposes, (i) a manufacturer hemp product, or (ii) a moderate-THC hemp product; (4) ""Hemp flower"" (A) means the flower, including, but not limited to, any abnormal or immature flower, of hemp, as defined in section 22- 61l, and (B) does not incl",,SOURCE_0004,"P.A. 25-101, Sec. 20"
PA2025_101_SEC21,PA2025_101,P.A. 25-101,BILL_2025_HB6855,Sec. 21,2025,2025-06-24,2025-10-01,"October 1, 2025",yes,22-61m; 21a-426,22-61m,STAT_22_61M,subsections (s) repealed and substituted,no,,advertising and packaging; enforcement and penalties; hemp and infused beverages,hemp businesses,,the act prints no deleted text for this section,"Subsection (s) of section 22-61m of the general statutes is repealed and the following is substituted in lieu thereof (Effective October 1, 2025): (s) Any claim of health impacts, medical effects or physical or mental benefits shall be prohibited on any advertising for, labeling of or marketing of manufacturer hemp products, including, but not limited to, moderate-THC hemp products, as defined in section 21a-426, as amended by this act, or hemp flower, as defined in section 21a-426, as amended by this act, regardless of whether such manufacturer hemp products were manufactured, or hemp flower was cultivated, in this state or another jurisdiction. Any violation of this subsection shall be deemed an unfair or deceptive trade practice under subsection (a) of section 42-110b.",,SOURCE_0004,"P.A. 25-101, Sec. 21"
PA2025_101_SEC22,PA2025_101,P.A. 25-101,BILL_2025_HB6855,Sec. 22,2025,2025-06-24,2025-07-01,"July 1, 2025",yes,,,,amends or references,no,,licensing; ownership and control; social equity; municipal authority,consumers and the general public; municipalities; state agencies,,the act prints no deleted text for this section,"(Effective July 1, 2025) During the period beginning July 1, 2025, and ending October 1, 2026, the Department of Consumer Protection shall, not later than the first day of August, November, February and May, submit a report, in accordance with the provisions of section 11-4a of the general statutes, to the Governor and the joint standing committee of the General Assembly having cognizance of matters relating to consumer protection. Each report shall contain the following: (1) For each fiscal quarter, (A) the number of applicants that were selected from the lottery, broken down by license type, (B) the number of provisional licenses that the department issued pursuant to RERACA, broken down by license type, (C) the number of final licenses that the department issued pursuant to RERACA, broken down by license type and town, and (D) the mechanism by which the department issued each final li",,SOURCE_0004,"P.A. 25-101, Sec. 22"
PA2025_166_SEC3,PA2025_166,P.A. 25-166,BILL_2025_HB7181,Sec. 3,2025,2025-06-30,2025-07-01,"July 1, 2025",yes,21a-420; 21a-425; 22-61l; 21a-426,21a-420,STAT_21A_420,NEW section,no,,licensing; ownership and control; home grow and possession; municipal authority; taxation and revenue; enforcement and penalties; hemp and infused beverages,hemp businesses,,the act prints no deleted text for this section,"(NEW) (Effective July 1, 2025) (a) As used in this section: (1) ""Cannabis"" has the same meaning as provided in section 21a-420 of the general statutes, as amended by this act; (2) ""Cannabis product"" has the same meaning as provided in section 21a-420 of the general statutes, as amended by this act; (3) ""Comprehensive compliance initiative"" means a coordinated effort by multiple government agencies to conduct unannounced compliance checks on not fewer than two business entities per day to ensure compliance with the provisions of chapters 420f, 420h, 420i, 420j and 424 of the general statutes; (4) ""Division"" means the Cannabis Control Division established in subsection (b) of this section; (5) ""Infused beverage"" has the same meaning as provided in section 21a-425 of the general statutes, as amended by this act; (6) ""Manufacturer hemp product"" has the same meaning as provided in section 22-",,SOURCE_0005,"P.A. 25-166, Sec. 3"
PA2025_166_SEC4,PA2025_166,P.A. 25-166,BILL_2025_HB7181,Sec. 4,2025,2025-06-30,2025-07-01,"July 1, 2025",yes,NEW SECTION (codification not stated in the act),NEW SECTION (codification not stated in the act),,NEW section,no,,social equity; taxation and revenue; enforcement and penalties; hemp and infused beverages,social equity applicants; consumers and the general public; state agencies; hemp businesses,,the act prints no deleted text for this section,"(NEW) (Effective July 1, 2025) (a) There shall be a State-Wide Cannabis and Hemp Enforcement Policy Board consisting of the Attorney General, the Chief State's Attorney, the Commissioner of Consumer Protection, the Commissioner of Emergency Services and Public Protection, the Commissioner of Mental Health and Addiction Services, the Commissioner of Public Health, the Commissioner of Revenue Services and the executive director of the Social Equity Council, or their designees. (b) The policy board shall convene quarterly to (1) identify areas of need and enforcement opportunities concerning illegal cannabis sales and intoxicating hemp product sales, (2) examine scientific developments and public health studies concerning cannabis and hemp, (3) examine developments in national trends and best practices concerning cannabis and hemp regulation and enforcement, and (4) examine developments in ",,SOURCE_0005,"P.A. 25-166, Sec. 4"
PA2025_166_SEC5,PA2025_166,P.A. 25-166,BILL_2025_HB7181,Sec. 5,2025,2025-06-30,2025-10-01,"October 1, 2025",yes,21a-415,21a-415,STAT_21A_415,subsections (b) repealed and substituted,no,,licensing; ownership and control; home grow and possession; advertising and packaging; taxation and revenue; enforcement and penalties,consumers and the general public; state agencies,"(4) ""Manufacturer registration"" means an electronic nicotine delivery system certificate of manufacturer registration issued by the Commissioner of Consumer Protection pursuant to section 21a-415a to any person who mixes, compounds, repackages or resizes any nicotine- containing electronic nicotine delivery system or vapor product; / (8) ""Sale"" or ""sell"" means an act done intentionally by any person, whether done as principal, proprietor, agent, servant or employee, of transferring, or offering or attempting to transfer, for consideration, including bartering or exchanging, or offering to barter or exchange; and (9) ""Deliver"" or ""delivering"" means an act done intentionally by any person, whether as principal, proprietor, agent, servant or employee, of transferring, or offering or attempting to transfer, physical possession or control of an electronic nicotine delivery system or vapor product. / , offer for sale / of the business entity / an authorized owner and such authorized owner's contact information, the / Any applicant or business entity aggrieved by a denial of an application, refusal to renew a dealer registration or suspension or revocation of a dealer registration may appeal in the manner prescribed for permits under section 30-55. / seventy-five / , except that the annual fee shall be four hundred dollars for any person holding a dealer registration who also holds any additional dealer registrations issued by the department under this chapter. / commissioner / The ","text the act deletes, printed in square brackets in the enacted act","Section 21a-415 of the general statutes is repealed and the following is substituted in lieu thereof (Effective October 1, 2025): (a) As used in this chapter and section [53-344] 6 of this act: (1) ""Authorized owner"" means the owner or authorized designee of a business entity that is applying for a registration or is registered with the Department of Consumer Protection pursuant to this chapter; (2) ""Business entity"" means any corporation, limited liability company, association, partnership, sole proprietorship, government, governmental subdivision or agency, business trust, estate, trust or any other legal entity; (3) ""Cigarette"" has the same meaning as provided in subsection (b) of section 12-285; [(3)] (4) ""Dealer registration"" means an electronic nicotine delivery system certificate of dealer registration issued by the Commissioner of Consumer Protection pursuant to this section; (5)",,SOURCE_0005,"P.A. 25-166, Sec. 5"
PA2025_166_SEC7,PA2025_166,P.A. 25-166,BILL_2025_HB7181,Sec. 7,2025,2025-06-30,2025-06-30,from passage,no,21a-420; 7-294kk; 7-294ll; 12-330ll; 12-330nn; 14-227p; 21a-278b; 21a-278c; 21a-279c; 21a-279d; 21a-420a; 21a-420j; 21a-421r; 21a-421aa; 21a-421ff; 21a-422; 21a-422c; 21a-422e; 21a-422g; 21a-422j; 21a-422s; 22-61n; 19a-342; 19a-342a,21a-420,STAT_21A_420,section repealed and substituted,no,,uncategorized,consumers and the general public,,the act prints no deleted text for this section,"Subdivision (1) of section 21a-420 of the general statutes is repealed and the following is substituted in lieu thereof (Effective from passage): (1) ""Responsible and Equitable Regulation of Adult-Use Cannabis Act"" or ""RERACA"" means this section, sections 2-56j, 7-294kk, 7-294ll, 12-330ll to 12-330nn, inclusive, 14-227p, 21a-278b, 21a-278c, 21a-279c, 21a-279d, 21a-420a to 21a-420j, inclusive, as amended by this act, 21a- 420l to 21a-421r, inclusive, 21a-421aa to 21a-421ff, inclusive, 21a-421aaa to 21a-421hhh, inclusive, as amended by this act, 21a-422 to 21a-422c, inclusive, 21a-422e to 21a-422g, inclusive, 21a-422j to 21a-422s, inclusive, 22-61n, 23-4b, 47a-9a, 53-247a, 53a-213a, 53a-213b, 54-33p, 54-56q, 54-56r, 54-125k and 54-142u, sections 23, 60, 63 to 65, inclusive, 124, 144 and 165 of public act 21-1 of the June special session, and the amendments in public act 21-1 of the June sp",,SOURCE_0005,"P.A. 25-166, Sec. 7"
PA2025_166_SEC8,PA2025_166,P.A. 25-166,BILL_2025_HB7181,Sec. 8,2025,2025-06-30,2025-07-01,"July 1, 2025",yes,21a-420o,21a-420o,STAT_21A_420O,NEW section,no,,licensing; ownership and control; social equity; enforcement and penalties,cannabis establishments; social equity applicants; state agencies,,the act prints no deleted text for this section,"(NEW) (Effective July 1, 2025) (a) (1) During the period beginning July 1, 2025, and ending December 31, 2026, a social equity applicant that has submitted an application to the department for a cultivator license, or has received a provisional cultivator license, pursuant to subsection (a) of section 21a-420o of the general statutes, as amended by this act, may withdraw such application and apply for a micro-cultivator license pursuant to this section if: (A) The Social Equity Council has verified that the applicant meets the criteria for a social equity applicant pursuant to subdivision (1) of subsection (a) of section 21a-420o of the general statutes, as amended by this act; (B) The social equity applicant is eligible to receive a provisional cultivator license pursuant to subsection (a) of section 21a-420o of the general statutes, as amended by this act; and (C) The social equity app",,SOURCE_0005,"P.A. 25-166, Sec. 8"
PA2025_166_SEC9,PA2025_166,P.A. 25-166,BILL_2025_HB7181,Sec. 9,2025,2025-06-30,2025-06-30,from passage,no,21a-420o,21a-420o,STAT_21A_420O,NEW section,no,,testing and laboratories; licensing; ownership and control; social equity; advertising and packaging; enforcement and penalties; hemp and infused beverages,cannabis establishments; social equity applicants; state agencies,,the act prints no deleted text for this section,"(NEW) (Effective from passage) (a) During the period beginning January 1, 2026, and ending December 31, 2027, the department shall issue a cultivator license or micro-cultivator license to a social equity applicant, which permits such applicant to locate such applicant's cultivator or micro-cultivator facility outside of a disproportionately impacted area, provided: (1) On or before July 1, 2026, the social equity applicant submits to the department a complete application for a provisional cultivator or micro-cultivator license pursuant to subsection (a) of section 21a-420o of the general statutes, as amended by this act; (2) On or before June 30, 2027, the Social Equity Council verifies, pursuant to subdivision (1) of subsection (a) of section 21a-420o of the general statutes, as amended by this act, that such applicant meets the criteria established for a social equity applicant; (3) O",,SOURCE_0005,"P.A. 25-166, Sec. 9"
PA2025_166_SEC10,PA2025_166,P.A. 25-166,BILL_2025_HB7181,Sec. 10,2025,2025-06-30,2025-10-01,"October 1, 2025",yes,NEW SECTION (codification not stated in the act),NEW SECTION (codification not stated in the act),,NEW section,no,,licensing; enforcement and penalties,cannabis establishments; consumers and the general public; state agencies,,the act prints no deleted text for this section,"(NEW) (Effective October 1, 2025) (a) The Department of Consumer Protection shall develop signage containing a quick response code, or a comparable electronic identifier, that verifies whether the person displaying such signage holds an active cannabis establishment license issued by the department. Such signage shall be displayed in the form and manner prescribed by the Commissioner of Consumer Protection. (b) No person shall display the signage developed by the Department of Consumer Protection pursuant to subsection (a) of this section, or any substantially similar signage, unless such person holds an active cannabis establishment license issued by the department. (c) No cannabis establishment shall display the signage developed by the Department of Consumer Protection pursuant to subsection (a) of this section in any form or manner other than the form and manner prescribed by the Com",,SOURCE_0005,"P.A. 25-166, Sec. 10"
PA2025_166_SEC11,PA2025_166,P.A. 25-166,BILL_2025_HB7181,Sec. 11,2025,2025-06-30,2025-10-01,"October 1, 2025",yes,21a-420c; 21a-415; 19a-342a,21a-420c,STAT_21A_420C,section repealed and substituted,no,,medical patients and caregivers; licensing; ownership and control; home grow and possession; municipal authority; enforcement and penalties,consumers and the general public,"patients and caregivers / consumers, patients or caregivers / (A) ""cigarette"" has the same meaning as provided in section 4-28h, (B) ""immediate threat to public health and safety"" includes, but is not limited to, the presence of (i) any cannabis or cannabis product in connection with a violation of this section, or (ii) any cigarette or tobacco product alongside any cannabis or cannabis product, and (C) / , or otherwise offering for sale, / to reimburse such municipality for the costs incurred in instituting such action. One-half of the remainder, if any, shall be payable to the treasurer of such municipality and one-half of such remainder shall be payable to the Treasurer and deposited in the General Fund.","text the act deletes, printed in square brackets in the enacted act","Section 21a-420c of the general statutes is repealed and the following is substituted in lieu thereof (Effective October 1, 2025): (a) As used in this section: (1) ""Cigarette"" has the same meaning as provided in section 4-28h; (2) ""Electronic cigarette liquid"" has the same meaning as provided in section 21a-415, as amended by this act; (3) ""Electronic nicotine delivery system"" has the same meaning as provided in section 21a-415, as amended by this act; (4) ""Immediate threat to public health and safety"" includes, but is not limited to, the presence of (A) any cannabis or cannabis product in connection with a violation of this section, or (B) any cigarette, tobacco product, electronic cigarette liquid, electronic nicotine delivery system or liquid nicotine container stored or displayed adjacent or proximate to any cannabis or cannabis product or otherwise being sold unlawfully; (5) ""Liquid",,SOURCE_0005,"P.A. 25-166, Sec. 11"
PA2025_166_SEC12,PA2025_166,P.A. 25-166,BILL_2025_HB7181,Sec. 12,2025,2025-06-30,2025-06-30,from passage,no,21a-420d,21a-420d,STAT_21A_420D,subsections (h) to (k) repealed and substituted,no,,testing and laboratories; licensing; ownership and control; social equity; advertising and packaging; taxation and revenue; enforcement and penalties; data and reporting; agency duties and rulemaking,social equity applicants; consumers and the general public; state agencies,"that is not owned by a social equity applicant, / a producer under section 21a-420l or a hybrid- retailer under section 21a-420u","text the act deletes, printed in square brackets in the enacted act","Subsections (h) to (k), inclusive, of section 21a-420d of the general statutes are repealed and the following is substituted in lieu thereof (Effective from passage): (h) Not later than January 1, 2022, the Social Equity Council shall, taking into account the results of the study conducted in accordance with subsection (g) of this section, make written recommendations, in accordance with the provisions of section 11-4a, to the Governor and the joint standing committees of the General Assembly having cognizance of matters relating to finance, revenue and bonding, consumer protection and the judiciary regarding legislation to implement the provisions of this section. The council shall make recommendations regarding: (1) Creating programs to ensure that individuals from communities that have been disproportionately harmed by cannabis prohibition and enforcement are provided equal access to ",,SOURCE_0005,"P.A. 25-166, Sec. 12"
PA2025_166_SEC13,PA2025_166,P.A. 25-166,BILL_2025_HB7181,Sec. 13,2025,2025-06-30,2025-07-01,"July 1, 2025",yes,21a-420e,21a-420e,STAT_21A_420E,subsections (c) repealed and substituted,no,,licensing; ownership and control; advertising and packaging,cannabis establishments,,the act prints no deleted text for this section,"Subsection (c) of section 21a-420e of the general statutes is repealed and the following is substituted in lieu thereof (Effective July 1, 2025): (c) Except as provided in subsection (d) of this section, the following fees shall be paid by each applicant: (1) For a retailer license, the fee to enter the lottery shall be five hundred dollars, the fee to receive a provisional license shall be five thousand dollars and the fee to receive a final license or a renewal of a final license shall be twenty-five thousand dollars. (2) For a hybrid retailer license, the fee to enter the lottery shall be five hundred dollars, the fee to receive a provisional license shall be five thousand dollars and the fee to receive a final license or a renewal of a final license shall be twenty-five thousand dollars. (3) For a cultivator license, the fee to enter the lottery shall be one thousand dollars, the fee",,SOURCE_0005,"P.A. 25-166, Sec. 13"
PA2025_166_SEC14,PA2025_166,P.A. 25-166,BILL_2025_HB7181,Sec. 14,2025,2025-06-30,2025-06-30,from passage,no,21a-420g; 21a-420o; 21a-420aa,21a-420g,STAT_21A_420G,subsections (b) to (j) repealed and substituted,no,,licensing; ownership and control; social equity,social equity applicants; state agencies,"on or before June 30, 2023, / A provisional license issued by the department to an applicant on or after July 1, 2023, other than a provisional license issued pursuant to section 21a-420o, shall expire after fourteen months and shall not be renewed.","text the act deletes, printed in square brackets in the enacted act","Subsections (b) to (j), inclusive, of section 21a-420g of the general statutes are repealed and the following is substituted in lieu thereof (Effective from passage): (b) Except as provided in sections 21a-420o, as amended by this act, and 21a-420aa and sections 8 and 9 of this act, prior to the first date that the department begins accepting applications for a license type, the department shall determine the maximum number of applications that shall be considered for such license type and post such information on its Internet web site. Fifty per cent of the maximum number of applications that shall be considered for each license type (1) shall be selected through a social equity lottery for such license type, and (2) shall be reserved by the department for social equity applicants. If, upon the close of the application period for a license type, the department receives more applications",,SOURCE_0005,"P.A. 25-166, Sec. 14"
PA2025_166_SEC15,PA2025_166,P.A. 25-166,BILL_2025_HB7181,Sec. 15,2025,2025-06-30,2025-06-30,from passage,no,21a-420h,21a-420h,STAT_21A_420H,section repealed and substituted,no,,licensing; ownership and control; social equity; enforcement and penalties; agency duties and rulemaking,cannabis establishments; social equity applicants; state agencies,", if such regulations have not been submitted to the legislative regulation review committee for consideration under section 4-170.","text the act deletes, printed in square brackets in the enacted act","Section 21a-420h of the general statutes is repealed and the following is substituted in lieu thereof (Effective from passage): The Social Equity Council shall adopt regulations, in accordance with the provisions of chapter 54, to prevent the sale or change in ownership or control of a cannabis establishment license awarded to a social equity applicant to someone other than another qualifying social equity applicant during the period of provisional licensure, and for three years following the issuance of a final license, unless the backer of such licensee has died or has a condition, including, but not limited to, a physical illness or loss of skill or deterioration due to the aging process, emotional disorder or mental illness that would interfere with the backer's ability to operate. If the council approves any sale or change in ownership or control of a cannabis establishment license ",,SOURCE_0005,"P.A. 25-166, Sec. 15"
PA2025_166_SEC16,PA2025_166,P.A. 25-166,BILL_2025_HB7181,Sec. 16,2025,2025-06-30,2025-06-30,from passage,no,21a-420j; 21a-420o,21a-420j,STAT_21A_420J,subsections (d) repealed and substituted,no,,licensing; ownership and control,cannabis establishments; social equity applicants,,the act prints no deleted text for this section,"Subsection (d) of section 21a-420j of the general statutes is repealed and the following is substituted in lieu thereof (Effective from passage): (d) [A] (1) Except as provided in subdivision (2) of this subsection, a cultivator licensed under section 21a-420o, as amended by this act, including the backer of such cultivator, shall not increase its ownership in an equity joint venture in excess of fifty per cent during the seven- year period after a license is issued by the department under this section. (2) A cultivator licensed under section 21a-420o, as amended by this act, who satisfies the criteria established in subparagraph (A) of subdivision (2) of subsection (b) of section 21a-420o, as amended by this act, including the backer of such cultivator, shall not increase its ownership in an equity joint venture in excess of fifty per cent during the seven-year period beginning on the d",,SOURCE_0005,"P.A. 25-166, Sec. 16"
PA2025_166_SEC17,PA2025_166,P.A. 25-166,BILL_2025_HB7181,Sec. 17,2025,2025-06-30,2025-06-30,from passage,no,21a-420m; 21a-420l,21a-420m,STAT_21A_420M,subsections (g) repealed and substituted,no,,licensing; ownership and control,cannabis establishments; social equity applicants; consumers and the general public; state agencies,,the act prints no deleted text for this section,"Subsection (g) of section 21a-420m of the general statutes is repealed and the following is substituted in lieu thereof (Effective from passage): (g) If a producer has paid a reduced conversion fee, as described in subsection (b) of section 21a-420l, and subsequently did not create two equity joint ventures under this section that, not later than [fourteen] twenty-four months after the Department of Consumer Protection approved the producer's license expansion application under section 21a-420l, each received a final license from the department, the producer shall be liable for the full conversion fee of three million dollars established in section 21a-420l minus such paid reduced conversion fee.",,SOURCE_0005,"P.A. 25-166, Sec. 17"
PA2025_166_SEC18,PA2025_166,P.A. 25-166,BILL_2025_HB7181,Sec. 18,2025,2025-06-30,2025-06-30,from passage,no,21a-420n; 21a-420q; 21a-420o,21a-420n,STAT_21A_420N,subsections (b) repealed and substituted,no,,licensing; ownership and control; enforcement and penalties; agency duties and rulemaking,cannabis establishments; state agencies,,the act prints no deleted text for this section,"Subsection (b) of section 21a-420n of the general statutes is repealed and the following is substituted in lieu thereof (Effective from passage): (b) (1) A cultivator is authorized to cultivate, grow and propagate cannabis at an establishment containing not less than fifteen thousand square feet of grow space, provided such cultivator complies with the provisions of any regulations adopted under section 21a-420q, as amended by this act, concerning grow space. A cultivator establishment shall meet physical security controls and protocols set forth and required by the commissioner. (2) (A) Notwithstanding the provisions of subdivision (1) of this subsection, during the period beginning on June 6, 2024, through December 31, [2025] 2027, the department may grant a final cultivator license to the holder of a provisional cultivator license issued under section 21a-420o, as amended by this act,",,SOURCE_0005,"P.A. 25-166, Sec. 18"
PA2025_166_SEC19,PA2025_166,P.A. 25-166,BILL_2025_HB7181,Sec. 19,2025,2025-06-30,2025-06-30,from passage,no,21a-420o; 21a-420f,21a-420o,STAT_21A_420O,section repealed and substituted,no,,licensing; ownership and control; social equity; municipal authority; enforcement and penalties; agency duties and rulemaking,cannabis establishments; social equity applicants; state agencies,Social Equity Council; (6),"text the act deletes, printed in square brackets in the enacted act","Section 21a-420o of the general statutes is repealed and the following is substituted in lieu thereof (Effective from passage): (a) Thirty days after the Social Equity Council posts the criteria for social equity applicants on its Internet web site, the department shall open up a three-month application period for cultivators during which a social equity applicant may apply to the department for a provisional cultivator license and final license for a cultivation facility located in a disproportionately impacted area, or at another location described in subparagraph (B) of subdivision (1) of subsection (b) of this section, without participating in a lottery or request for proposals. Such application for a provisional license shall be granted upon: (1) Verification by the Social Equity Council that the applicant meets the criteria for a social equity applicant; (2) the applicant submittin",,SOURCE_0005,"P.A. 25-166, Sec. 19"
PA2025_166_SEC20,PA2025_166,P.A. 25-166,BILL_2025_HB7181,Sec. 20,2025,2025-06-30,2025-07-01,"July 1, 2025",yes,21a-420p; 21a-420q,21a-420p,STAT_21A_420P,section repealed and substituted,no,,testing and laboratories; medical patients and caregivers; licensing; ownership and control; advertising and packaging; agency duties and rulemaking,cannabis establishments; state agencies,"On and after July 1, 2021, the / Subject to the requirements of this subsection and subsection (b) of section 21a-420c, a / , including, but not limited to, its own cannabis seedlings,","text the act deletes, printed in square brackets in the enacted act","Section 21a-420p of the general statutes is repealed and the following is substituted in lieu thereof (Effective July 1, 2025): (a) [On and after July 1, 2021, the] The department may issue or renew a license for a person to be a micro-cultivator. No person may act as a micro-cultivator or represent that such person is a licensed micro- cultivator unless such person has obtained a license from the department pursuant to this section. (b) A micro-cultivator is authorized to cultivate, grow, propagate, manufacture and package the cannabis plant at an establishment containing not less than two thousand square feet and not more than ten thousand square feet of grow space, prior to any expansion authorized by the commissioner, provided such micro-cultivator complies with the provisions of any regulations adopted under section 21a-420q, as amended by this act, concerning grow space. A micro-cu",,SOURCE_0005,"P.A. 25-166, Sec. 20"
PA2025_166_SEC21,PA2025_166,P.A. 25-166,BILL_2025_HB7181,Sec. 21,2025,2025-06-30,2025-10-01,"October 1, 2025",yes,21a-420p; 21a-420c,21a-420p,STAT_21A_420P,subsections (f) repealed and substituted,no,,testing and laboratories; medical patients and caregivers; licensing; advertising and packaging; enforcement and penalties; agency duties and rulemaking,cannabis establishments; qualifying patients and caregivers; consumers and the general public,,the act prints no deleted text for this section,"Subsections (f) and (g) of section 21a-420p of the general statutes, as amended by section 20 of this act, are repealed and the following is substituted in lieu thereof (Effective October 1, 2025): (f) (1) A micro-cultivator may sell cannabis seedlings cultivated at its micro-cultivator establishment directly to consumers, excluding qualifying patients and caregivers, solely through delivery by either utilizing a delivery service or its own employees, subject to the requirements of subsection [(b)] (c) of section 21a-420c, as amended by this act. No cannabis establishment other than a micro-cultivator shall sell cannabis seedlings to consumers, and no cannabis establishment other than a delivery service or a micro-cultivator utilizing its own employees shall deliver cannabis seedlings cultivated and sold by a micro-cultivator to consumers. (2) No micro-cultivator shall sell a cannabis se",,SOURCE_0005,"P.A. 25-166, Sec. 21"
PA2025_166_SEC22,PA2025_166,P.A. 25-166,BILL_2025_HB7181,Sec. 22,2025,2025-06-30,2025-06-30,from passage,no,21a-420q,21a-420q,STAT_21A_420Q,section repealed and substituted,no,,advertising and packaging; agency duties and rulemaking,cannabis establishments; state agencies,", if such regulations have not been submitted to the legislative regulation review committee for consideration under section 4-170.","text the act deletes, printed in square brackets in the enacted act","Section 21a-420q of the general statutes is repealed and the following is substituted in lieu thereof (Effective from passage): The commissioner shall adopt regulations, in accordance with the provisions of chapter 54, to establish the maximum grow space permitted by a cultivator and micro-cultivator. In adopting such regulations, the commissioner shall seek to ensure an adequate supply of cannabis for the market. Notwithstanding the requirements of sections 4-168 to 4-172, inclusive, in order to effectuate this section, prior to adopting such regulations, the commissioner shall issue policies and procedures to implement the provisions of this section that shall have the force and effect of law. The commissioner shall post all policies and procedures on the department's Internet web site and submit such policies and procedures to the Secretary of the State for posting on the eRegulations",,SOURCE_0005,"P.A. 25-166, Sec. 22"
PA2025_166_SEC23,PA2025_166,P.A. 25-166,BILL_2025_HB7181,Sec. 23,2025,2025-06-30,2025-10-01,"October 1, 2025",yes,21a-420r; 21a-420c,21a-420r,STAT_21A_420R,subsections (d) repealed and substituted,no,,uncategorized,cannabis establishments,,the act prints no deleted text for this section,"Subsection (d) of section 21a-420r of the general statutes is repealed and the following is substituted in lieu thereof (Effective October 1, 2025): (d) A retailer may deliver cannabis through a delivery service or by utilizing its own employees, subject to the provisions of subsection [(b)] (c) of section 21a-420c, as amended by this act.",,SOURCE_0005,"P.A. 25-166, Sec. 23"
PA2025_166_SEC24,PA2025_166,P.A. 25-166,BILL_2025_HB7181,Sec. 24,2025,2025-06-30,2025-10-01,"October 1, 2025",yes,21a-420s; 21a-420t,21a-420s,STAT_21A_420S,section repealed and substituted,no,,testing and laboratories; medical patients and caregivers; licensing; advertising and packaging; enforcement and penalties; data and reporting,cannabis establishments; laboratories; consumers and the general public,"On and after July 1, 2021, the / at all times","text the act deletes, printed in square brackets in the enacted act","Section 21a-420s of the general statutes is repealed and the following is substituted in lieu thereof (Effective October 1, 2025): (a) [On and after July 1, 2021, the] The department may issue or renew a license for a hybrid retailer. No person may act as a hybrid retailer or represent that such person is a hybrid retailer unless such person has obtained a license from the department pursuant to this section. (b) A hybrid retailer may obtain cannabis from a cultivator, micro- cultivator, producer, product packager, food and beverage manufacturer, product manufacturer or transporter. In addition to the activities authorized under section 21a-420t, as amended by this act, a hybrid retailer may sell, transport or transfer cannabis to a delivery service, cannabis testing laboratory or research program. A hybrid retailer may sell cannabis products to a consumer or research program. A hybrid r",,SOURCE_0005,"P.A. 25-166, Sec. 24"
PA2025_166_SEC25,PA2025_166,P.A. 25-166,BILL_2025_HB7181,Sec. 25,2025,2025-06-30,2025-10-01,"October 1, 2025",yes,21a-420t; 21a-420c; 21a-408,21a-420t,STAT_21A_420T,subsections (d) repealed and substituted,no,,medical patients and caregivers; licensing; enforcement and penalties,cannabis establishments; qualifying patients and caregivers; consumers and the general public; state agencies,"On and after September 1, 2021, a","text the act deletes, printed in square brackets in the enacted act","Subsections (d) and (e) of section 21a-420t of the general statutes are repealed and the following is substituted in lieu thereof (Effective October 1, 2025): (d) [On and after September 1, 2021, a] A dispensary facility or hybrid retailer may apply to the department, in a form and in a manner prescribed by the commissioner, to provide delivery services through a delivery service or utilizing its own employees, subject to the provisions of subsection [(b)] (c) of section 21a-420c, as amended by this act, to qualifying patients, caregivers, research program subjects, as defined in section 21a-408, and hospice and other inpatient care facilities licensed by the Department of Public Health pursuant to chapter 368v that have a protocol for the handling and distribution of cannabis that has been approved by the Department of Consumer Protection. A dispensary facility or hybrid retailer may de",,SOURCE_0005,"P.A. 25-166, Sec. 25"
PA2025_166_SEC26,PA2025_166,P.A. 25-166,BILL_2025_HB7181,Sec. 26,2025,2025-06-30,2025-06-30,from passage,no,21a-420u; 21a-420t; 21a-420e,21a-420u,STAT_21A_420U,subsections (g) repealed and substituted,no,,licensing; ownership and control,cannabis establishments; social equity applicants; consumers and the general public; state agencies,,the act prints no deleted text for this section,"Subsection (g) of section 21a-420u of the general statutes is repealed and the following is substituted in lieu thereof (Effective from passage): (g) If a dispensary facility has paid the reduced conversion fee, in accordance with subsection (a) of this section, and did not subsequently create one equity joint venture under this section that, not later than [fourteen] twenty-four months after the Department of Consumer Protection approved the dispensary facility's license conversion application under section 21a-420t, as amended by this act, receives a final license from the department, the dispensary facility shall be liable for the full conversion fee of one million dollars established in section 21a-420e, as amended by this act, minus such paid reduced conversion fee.",,SOURCE_0005,"P.A. 25-166, Sec. 26"
PA2025_166_SEC27,PA2025_166,P.A. 25-166,BILL_2025_HB7181,Sec. 27,2025,2025-06-30,2025-06-30,from passage,no,21a-420z,21a-420z,STAT_21A_420Z,subsections (e) repealed and substituted,no,,medical patients and caregivers; licensing; data and reporting; agency duties and rulemaking,consumers and the general public; state agencies,"forty- eight / , if such final regulations have not been submitted to the legislative regulation review committee for consideration under section 4-170.","text the act deletes, printed in square brackets in the enacted act","Subsection (e) of section 21a-420z of the general statutes is repealed and the following is substituted in lieu thereof (Effective from passage): (e) The commissioner shall adopt regulations, in accordance with chapter 54, to implement the provisions of RERACA. Notwithstanding the requirements of sections 4-168 to 4-172, inclusive, in order to effectuate the purposes of RERACA and protect public health and safety, prior to adopting such regulations the commissioner shall issue policies and procedures to implement the provisions of this section that shall have the force and effect of law. The commissioner shall post all policies and procedures on the department's Internet web site, and submit such policies and procedures to the Secretary of the State for posting on the eRegulations System, at least fifteen days prior to the effective date of any policy or procedure. Any such policy or pro",,SOURCE_0005,"P.A. 25-166, Sec. 27"
PA2025_166_SEC28,PA2025_166,P.A. 25-166,BILL_2025_HB7181,Sec. 28,2025,2025-06-30,2025-10-01,"October 1, 2025",yes,21a-420z,21a-420z,STAT_21A_420Z,section repealed and substituted,no,,testing and laboratories; medical patients and caregivers; licensing; ownership and control; home grow and possession; advertising and packaging; enforcement and penalties; agency duties and rulemaking,cannabis establishments; qualifying patients and caregivers; consumers and the general public,"On and after July 1, 2021, the","text the act deletes, printed in square brackets in the enacted act","Section 21a-420z of the general statutes, as amended by section 27 of this act, is repealed and the following is substituted in lieu thereof (Effective October 1, 2025): (a) [On and after July 1, 2021, the] The department may issue or renew a license for a person to be a delivery service or a transporter. No person may act as a delivery service or transporter or represent that such person is a licensed delivery service or transporter unless such person has obtained a license from the department pursuant to this section. (b) Upon application for a delivery service or transporter license, the applicant shall indicate whether the applicant is applying to transport cannabis (1) between cannabis establishments, in which case the applicant shall apply for a transporter license, or (2) from certain cannabis establishments to consumers or qualifying patients and caregivers, or a combination ther",,SOURCE_0005,"P.A. 25-166, Sec. 28"
PA2025_166_SEC29,PA2025_166,P.A. 25-166,BILL_2025_HB7181,Sec. 29,2025,2025-06-30,2025-06-30,from passage,no,21a-421j,21a-421j,STAT_21A_421J,subsections (b) repealed and substituted,no,,testing and laboratories; licensing; advertising and packaging; agency duties and rulemaking,consumers and the general public; state agencies,", if such regulations have not been submitted to the legislative regulation review committee for consideration under section 4-170.","text the act deletes, printed in square brackets in the enacted act","Subsection (b) of section 21a-421j of the general statutes is repealed and the following is substituted in lieu thereof (Effective from passage): (b) The commissioner shall adopt regulations in accordance with chapter 54 to implement the provisions of RERACA. Notwithstanding the requirements of sections 4-168 to 4-172, inclusive, in order to effectuate the purposes of RERACA and protect public health and safety, prior to adopting such regulations the commissioner shall issue policies and procedures to implement the provisions of RERACA that shall have the force and effect of law. The commissioner shall post all policies and procedures on the department's Internet web site and submit such policies and procedures to the Secretary of the State for posting on the eRegulations System, at least fifteen days prior to the effective date of any policy or procedure. The commissioner shall also pro",,SOURCE_0005,"P.A. 25-166, Sec. 29"
PA2025_166_SEC30,PA2025_166,P.A. 25-166,BILL_2025_HB7181,Sec. 30,2025,2025-06-30,2025-10-01,"October 1, 2025",yes,21a-421j; 21a-240,21a-421j,STAT_21A_421J,section repealed and substituted,no,,testing and laboratories; licensing; advertising and packaging; agency duties and rulemaking,consumers and the general public; state agencies,,the act prints no deleted text for this section,"Section 21a-421j of the general statutes, as amended by section 29 of this act, is repealed and the following is substituted in lieu thereof (Effective October 1, 2025): (a) As used in this section, ""total THC"" has the same meaning as provided in section 21a-240. (b) The commissioner shall adopt regulations in accordance with chapter 54 to implement the provisions of RERACA. Notwithstanding the requirements of sections 4-168 to 4-172, inclusive, in order to effectuate the purposes of RERACA and protect public health and safety, prior to adopting such regulations the commissioner shall issue policies and procedures to implement the provisions of RERACA that shall have the force and effect of law. The commissioner shall post all policies and procedures on the department's Internet web site and submit such policies and procedures to the Secretary of the State for posting on the eRegulations",,SOURCE_0005,"P.A. 25-166, Sec. 30"
PA2025_166_SEC31,PA2025_166,P.A. 25-166,BILL_2025_HB7181,Sec. 31,2025,2025-06-30,2025-06-30,from passage,no,21a-421k,21a-421k,STAT_21A_421K,subsections (b) repealed and substituted,no,,agency duties and rulemaking,consumers and the general public; state agencies,", if such regulations have not been submitted to the legislative regulation review committee for consideration under section 4-170.","text the act deletes, printed in square brackets in the enacted act","Subsection (b) of section 21a-421k of the general statutes is repealed and the following is substituted in lieu thereof (Effective from passage): (b) Notwithstanding the requirements of sections 4-168 to 4-172, inclusive, in order to effectuate the purposes of RERACA and protect public health and safety, prior to adopting such regulations the commissioner shall implement policies and procedures to implement the provisions of RERACA that shall have the force and effect of law. The commissioner shall post all such policies and procedures on the department's Internet web site and submit such policies and procedures to the Secretary of the State for posting on the eRegulations System, at least fifteen days prior to the effective date of any policy or procedure. Any such policies and procedures shall no longer be effective upon the earlier of either adoption of such policies and procedures as",,SOURCE_0005,"P.A. 25-166, Sec. 31"
PA2025_166_SEC32,PA2025_166,P.A. 25-166,BILL_2025_HB7181,Sec. 32,2025,2025-06-30,2025-10-01,"October 1, 2025",yes,21a-421l,21a-421l,STAT_21A_421L,section repealed and substituted,no,,licensing; ownership and control; advertising and packaging; agency duties and rulemaking,cannabis establishments; state agencies,,the act prints no deleted text for this section,"Section 21a-421l of the general statutes is repealed and the following is substituted in lieu thereof (Effective October 1, 2025): (a) Each cannabis establishment shall establish, maintain and comply with written policies and procedures for the cultivation, processing, manufacture, security, storage, inventory and distribution of cannabis, as applicable to the specific license type. Such policies and procedures shall include methods for identifying, recording and reporting diversion, theft or loss, and for correcting all errors and inaccuracies in inventories. Cannabis establishments shall include in their written policies and procedures a process for each of the following, if the establishment engages in such activity: (1) Handling mandatory and voluntary recalls of cannabis. Such process shall be adequate to deal with recalls due to any order of the commissioner and any voluntary actio",,SOURCE_0005,"P.A. 25-166, Sec. 32"
PA2025_166_SEC33,PA2025_166,P.A. 25-166,BILL_2025_HB7181,Sec. 33,2025,2025-06-30,2025-06-30,from passage,no,21a-421p,21a-421p,STAT_21A_421P,subsections (a) repealed and substituted,no,,licensing; enforcement and penalties,cannabis establishments; state agencies,,the act prints no deleted text for this section,"Subsection (a) of section 21a-421p of the general statutes is repealed and the following is substituted in lieu thereof (Effective from passage): (a) For sufficient cause found pursuant to subsection (b) of this section, the commissioner may suspend or revoke a license or registration, issue fines of not more than twenty-five thousand dollars per violation, accept an offer in compromise or refuse to grant or renew a license or registration issued pursuant to RERACA, or place such licensee or registrant on probation, place conditions on such licensee or registrant or take other actions authorized by law. Information from inspections and investigations conducted by the department related to administrative complaints or cases shall not be subject to disclosure under the Freedom of Information Act, as defined in section 1-200, except after the department has entered into a settlement agreeme",,SOURCE_0005,"P.A. 25-166, Sec. 33"
PA2025_166_SEC34,PA2025_166,P.A. 25-166,BILL_2025_HB7181,Sec. 34,2025,2025-06-30,2025-10-01,"October 1, 2025",yes,21a-421bb,21a-421bb,STAT_21A_421BB,subsections (a) repealed and substituted,no,,licensing; advertising and packaging,cannabis establishments,,the act prints no deleted text for this section,"Subsection (a) of section 21a-421bb of the general statutes is repealed and the following is substituted in lieu thereof (Effective October 1, 2025): (a) No person, other than the holder of a cannabis establishment license issued pursuant to this chapter, [or] a person who provides professional services related to the purchase, sale or use of cannabis or a person who displays advertising or promotional materials that are solely visible within the interior of a cannabis establishment, shall advertise any cannabis or services related to cannabis in this state.",,SOURCE_0005,"P.A. 25-166, Sec. 34"
PA2025_166_SEC35,PA2025_166,P.A. 25-166,BILL_2025_HB7181,Sec. 35,2025,2025-06-30,2025-07-01,"July 1, 2025",yes,21a-422f,21a-422f,STAT_21A_422F,section repealed and substituted,no,,licensing; municipal authority; enforcement and penalties,cannabis establishments; municipalities,,the act prints no deleted text for this section,"Section 21a-422f of the general statutes is repealed and the following is substituted in lieu thereof (Effective July 1, 2025): (a) As used in this section, ""municipality"" means any town, city or borough, consolidated town and city or consolidated town and borough, and a district establishing a zoning commission under section 7-326. (b) Any municipality may, by amendment to such municipality's zoning regulations or by local ordinance, (1) prohibit the establishment of a cannabis establishment, (2) except as provided in subsection (f) of this section, establish reasonable restrictions regarding the hours and signage within the limits of such municipality, or (3) establish restrictions on the proximity of cannabis establishments to any of the establishments listed in subdivision (1) of subsection (a) of section 30- 46. The chief zoning official of a municipality shall report, in writing, a",,SOURCE_0005,"P.A. 25-166, Sec. 35"
PA2025_166_SEC36,PA2025_166,P.A. 25-166,BILL_2025_HB7181,Sec. 36,2025,2025-06-30,2025-10-01,"October 1, 2025",yes,21a-425; 21a-425a; 21a-425b; 21a-240; 21a-420; 21a-408,21a-425,STAT_21A_425,section repealed and substituted,no,,testing and laboratories; licensing; advertising and packaging; enforcement and penalties; hemp and infused beverages; agency duties and rulemaking,cannabis establishments; laboratories; consumers and the general public; state agencies,"as defined in section 30-1, / as defined in section 30-1, / as defined in section 21a-240, / as defined in section 21a-420, / , as defined in section 21a- 420;","text the act deletes, printed in square brackets in the enacted act","Section 21a-425 of the general statutes is repealed and the following is substituted in lieu thereof (Effective October 1, 2025): For the purposes of this section, [and] sections 21a-425a, as amended by this act, and 21a-425b, and sections 37 and 38 of this act: (1) ""Alcoholic beverage"" has the same meaning as provided in section 30-1; [(1)] (2) ""Cannabis"" means marijuana, as defined in section 21a-240; [(2)] (3) ""Cannabis establishment"" has the same meaning as provided in section 21a-420, as amended by this act; [(3)] (4) ""Cannabis product"" has the same meaning as provided in section 21a-420, as amended by this act; [(4)] (5) ""Cannabis testing laboratory"" has the same meaning as provided in section 21a-408; [(5)] (6) ""Commissioner"" means the Commissioner of Consumer Protection; [(6)] (7) ""Consumer"" has the same meaning as provided in section 21a- 420, as amended by this act; [(7)] (8) """,,SOURCE_0005,"P.A. 25-166, Sec. 36"
PA2025_166_SEC37,PA2025_166,P.A. 25-166,BILL_2025_HB7181,Sec. 37,2025,2025-06-30,2025-10-01,"October 1, 2025",yes,NEW SECTION (codification not stated in the act),NEW SECTION (codification not stated in the act),,NEW section,no,,licensing; ownership and control; advertising and packaging; taxation and revenue; enforcement and penalties; hemp and infused beverages,consumers and the general public; state agencies; hemp businesses,,the act prints no deleted text for this section,"(NEW) (Effective October 1, 2025) (a) The Department of Consumer Protection may issue or renew a license for a person to be an infused beverage wholesaler. No person, other than the holder of a wholesaler permit or a wholesaler permit for beer issued under section 30-17 of the general statutes, may act as an infused beverage wholesaler or represent that such person is an infused beverage wholesaler unless such person has obtained an infused beverage wholesaler license from the department pursuant to this section. No infused beverage wholesaler shall distribute alcoholic liquor. A holder of a wholesaler permit or a wholesaler permit for beer issued under section 30-17 of the general statutes shall not be required to apply for or maintain an infused beverage wholesaler license in order to engage in the distribution of infused beverages as set forth in this section and chapter 420i of the g",,SOURCE_0005,"P.A. 25-166, Sec. 37"
PA2025_166_SEC38,PA2025_166,P.A. 25-166,BILL_2025_HB7181,Sec. 38,2025,2025-06-30,2025-10-01,"October 1, 2025",yes,NEW SECTION (codification not stated in the act),NEW SECTION (codification not stated in the act),,NEW section,no,,testing and laboratories; licensing; home grow and possession; advertising and packaging; hemp and infused beverages; agency duties and rulemaking,consumers and the general public; state agencies; hemp businesses,,the act prints no deleted text for this section,"(NEW) (Effective October 1, 2025) (a) On and after January 1, 2026, no person shall manufacture a high-THC beverage in this state unless such person is an infused beverage manufacturer that has received a high-THC beverage endorsement issued by the Commissioner of Consumer Protection pursuant to this section. A high- THC beverage endorsement shall authorize the infused beverage manufacturer to manufacture high-THC beverages for sale exclusively outside of this state. No infused beverage manufacturer shall advertise, offer or sell any high-THC beverage in this state or offer or sell any high- THC beverage directly to any individual. An infused beverage manufacturer shall verify that purchasers of high-THC beverages intend to engage in the commercial resale of such beverages exclusively outside of this state. (b) Beginning on January 1, 2026, an infused beverage manufacturer seeking a high",,SOURCE_0005,"P.A. 25-166, Sec. 38"
PA2025_166_SEC39,PA2025_166,P.A. 25-166,BILL_2025_HB7181,Sec. 39,2025,2025-06-30,2025-10-01,"October 1, 2025",yes,21a-425a,21a-425a,STAT_21A_425A,subsections (f) repealed and substituted,no,,advertising and packaging; hemp and infused beverages; agency duties and rulemaking,cannabis establishments; consumers and the general public; hemp businesses,"Beginning on October 1, 2024, no / Beginning on October 1, 2024, a","text the act deletes, printed in square brackets in the enacted act","Subsection (f) of section 21a-425a of the general statutes is repealed and the following is substituted in lieu thereof (Effective October 1, 2025): (f) (1) [Beginning on October 1, 2024, no] No infused beverage manufacturer shall sell an infused beverage to any person in this state other than (A) a dispensary facility, (B) a hybrid retailer, (C) a retailer, [or] (D) the holder of a wholesaler permit or a wholesaler permit for beer issued under section 30-17, or (E) an infused beverage wholesaler. (2) [Beginning on October 1, 2024, a] A dispensary facility, hybrid retailer or retailer, before selling an infused beverage to a consumer in this state, [or] a wholesaler permittee under section 30-17, before selling an infused beverage to a package store permittee under subsection (b) of section 30-20, or an infused beverage wholesaler, before selling an infused beverage to a dispensary facil",,SOURCE_0005,"P.A. 25-166, Sec. 39"
PA2025_166_SEC40,PA2025_166,P.A. 25-166,BILL_2025_HB7181,Sec. 40,2025,2025-06-30,2025-06-30,from passage,no,22-61m,22-61m,STAT_22_61M,subsections (x) repealed and substituted,no,,testing and laboratories; licensing; advertising and packaging; hemp and infused beverages,cannabis establishments; laboratories; hemp businesses,"Children, or those","text the act deletes, printed in square brackets in the enacted act","Subsection (x) of section 22-61m of the general statutes is repealed and the following is substituted in lieu thereof (Effective from passage): (x) No manufacturer hemp product that is a food, beverage, oil or other product intended for human ingestion shall be distributed or sold in this state unless such product is derived from hemp grown by a United States Department of Agriculture hemp producer licensee under an approved state or tribal hemp production plan and such product is contained within a package, or a label is affixed to such package, that includes: (1) A scannable barcode, Internet web site address or quick response code that is linked to the certificate of analysis of the final form product batch by an independent testing laboratory and discloses: (A) The name of such product; (B) The name, address and telephone number of such product's manufacturer, packer and distributor,",,SOURCE_0005,"P.A. 25-166, Sec. 40"
PA2025_166_SEC41,PA2025_166,P.A. 25-166,BILL_2025_HB7181,Sec. 41,2025,2025-06-30,2025-10-01,"October 1, 2025",yes,21a-240,21a-240,STAT_21A_240,NEW section,no,,licensing,cannabis establishments,,the act prints no deleted text for this section,"(NEW) (Effective October 1, 2025) Any cannabis establishment licensee or any servant or agent of a cannabis establishment licensee who sells or delivers any synthetic cannabinoid to any person shall be guilty of a class E felony. For purposes of this section, ""synthetic cannabinoid"" has the same meaning as provided in section 21a-240 of the general statutes.",,SOURCE_0005,"P.A. 25-166, Sec. 41"
PA2025_166_SEC42,PA2025_166,P.A. 25-166,BILL_2025_HB7181,Sec. 42,2025,2025-06-30,2025-10-01,"October 1, 2025",yes,21a-420,21a-420,STAT_21A_420,section repealed and substituted,no,,licensing,cannabis establishments; consumers and the general public,or cannabis paraphernalia / A misdemeanor,"text the act deletes, printed in square brackets in the enacted act","Section 21a-421aaa of the general statutes is repealed and the following is substituted in lieu thereof (Effective October 1, 2025): (a) Any cannabis establishment licensee or any [servant or] agent of a cannabis establishment licensee who sells or delivers cannabis [or cannabis paraphernalia] to any person under twenty-one years of age shall be guilty of a class [A misdemeanor] E felony. (b) Any cannabis establishment licensee or any agent of a cannabis establishment licensee who sells or delivers cannabis paraphernalia to any person under twenty-one years of age shall be guilty of a class C misdemeanor. For purposes of this section, ""paraphernalia"" has the same meaning as provided in section 21a-420, as amended by this act.",,SOURCE_0005,"P.A. 25-166, Sec. 42"
PA2025_166_SEC43,PA2025_166,P.A. 25-166,BILL_2025_HB7181,Sec. 43,2025,2025-06-30,2025-06-30,from passage,no,,,,amends or references,no,,ownership and control; social equity; advertising and packaging; municipal authority; taxation and revenue; data and reporting; agency duties and rulemaking,cannabis establishments; social equity applicants; municipalities; state agencies,,the act prints no deleted text for this section,"(Effective from passage) (a) Not later than September 1, 2025, the Social Equity Council shall convene a working group to study and develop recommendations regarding: (1) The availability of suitable locations within disproportionately impacted areas, and the municipalities in which disproportionately impacted areas are located, for the indoor and outdoor cultivation of cannabis by cultivators and micro-cultivators; (2) The estimated cost of developing a cultivator or micro-cultivator establishment in each disproportionally impacted area; (3) The average cost of developing a cultivator or micro-cultivator establishment in a municipality that contains a disproportionally impacted area compared to the average cost of developing a cultivator or micro-cultivator establishment in a municipality that does not contain a disproportionately impacted area; (4) Any challenges faced by the cannabis ",,SOURCE_0005,"P.A. 25-166, Sec. 43"
PA2025_166_SEC44,PA2025_166,P.A. 25-166,BILL_2025_HB7181,Sec. 44,2025,2025-06-30,2025-07-01,"July 1, 2025",yes,21a-415,21a-415,STAT_21A_415,section repealed and substituted,no,,licensing; ownership and control; home grow and possession; municipal authority; enforcement and penalties; data and reporting,not stated in the section head,"three hundred dollars for the first offense, not more than seven hundred fifty dollars for a second offense on or before twenty-four months after the date of the first offense and not more than / on or before twenty-four months after the date of the first offense. / (3) Subdivision (1) of this subsection does not preclude a seller or seller's agent or employee from using a transaction scan device to check the validity of a document other than a driver's license or an identity card, if the document includes a bar code or magnetic strip that may be scanned by the device, as a condition for selling, giving or otherwise delivering an electronic nicotine delivery system or vapor product to the person presenting the document.","text the act deletes, printed in square brackets in the enacted act","Section 53-344b of the general statutes is repealed and the following is substituted in lieu thereof (Effective July 1, 2025): (a) As used in this section: (1) ""Electronic nicotine delivery system"" has the same meaning as provided in section 21a-415, as amended by this act; (2) ""Cardholder"" means any person who presents a driver's license, a passport or an identity card to a seller or seller's agent or employee, to purchase or receive an electronic nicotine delivery system or a vapor product from such seller or seller's agent or employee; (3) ""Identity card"" means an identification card issued in accordance with the provisions of section 1-1h; (4) ""Transaction scan"" means the process by which a seller or seller's agent or employee checks, by means of a transaction scan device, the validity of a driver's license, a passport or an identity card; (5) ""Transaction scan device"" means any comm",,SOURCE_0005,"P.A. 25-166, Sec. 44"
PA2025_166_SEC45,PA2025_166,P.A. 25-166,BILL_2025_HB7181,Sec. 45,2025,2025-06-30,2025-10-01,"October 1, 2025",yes,21a-418,21a-418,STAT_21A_418,REPEALED outright,yes,,uncategorized,not stated in the section head,,the act prints no deleted text for this section,"Section 21a-418 of the general statutes is repealed. (Effective October 1, 2025)",,SOURCE_0005,"P.A. 25-166, Sec. 45"
PA2025_168_SEC10,PA2025_168,P.A. 25-168,BILL_2025_HB7287,Sec. 10,2025,2025-06-30,2025-07-01,"July 1, 2025",yes,,,,amends or references,no,,uncategorized,not stated in the section head,,the act prints no deleted text for this section,"(Effective July 1, 2025) The following sums are appropriated from the CANNABIS PREVENTION AND RECOVERY SERVICES FUND for the annual periods indicated for the purposes described. 2025-2026 2026-2027 HEALTH DEPARTMENT OF MENTAL HEALTH AND ADDICTION SERVICES Fringe Benefits 221,000 221,000 Cannabis Prevention 3,144,268 3,144,268 AGENCY TOTAL 3,365,268 3,365,268",,SOURCE_0006,"P.A. 25-168, Sec. 10"
PA2025_168_SEC11,PA2025_168,P.A. 25-168,BILL_2025_HB7287,Sec. 11,2025,2025-06-30,2025-07-01,"July 1, 2025",yes,,,,amends or references,no,,taxation and revenue,consumers and the general public; state agencies,,the act prints no deleted text for this section,"(Effective July 1, 2025) The following sums are appropriated from the CANNABIS REGULATORY FUND for the annual periods indicated for the purposes described. 2025-2026 2026-2027 GENERAL GOVERNMENT DEPARTMENT OF REVENUE SERVICES Personal Services 484,188 484,188 ATTORNEY GENERAL Personal Services 407,309 407,309 REGULATION AND PROTECTION DEPARTMENT OF EMERGENCY SERVICES AND PUBLIC PROTECTION Personal Services 509,758 509,758 Other Expenses 124,000 124,000 AGENCY TOTAL 633,758 633,758 DEPARTMENT OF MOTOR VEHICLES Personal Services 540,135 540,135 DEPARTMENT OF CONSUMER PROTECTION Personal Services 5,335,317 5,335,317 Other Expenses 348,769 348,769 AGENCY TOTAL 5,684,086 5,684,086 CONSERVATION AND DEVELOPMENT DEPARTMENT OF ECONOMIC AND COMMUNITY DEVELOPMENT Personal Services 104,305 104,305 AGRICULTURAL EXPERIMENT STATION Personal Services 259,067 259,067 Other Expenses 65,000 65,000 AGENCY T",,SOURCE_0006,"P.A. 25-168, Sec. 11"
PA2025_168_SEC39,PA2025_168,P.A. 25-168,BILL_2025_HB7287,Sec. 39,2025,2025-06-30,2025-07-01,"July 1, 2025",yes,,,,amends or references,no,,uncategorized,not stated in the section head,,the act prints no deleted text for this section,"(Effective July 1, 2025) The following amounts shall be transferred from the resources of the General Fund to the Cannabis Regulatory Fund: (1) For the fiscal year ending June 30, 2026, ten million three hundred thousand dollars, and (2) for the fiscal year ending June 30, 2027, ten million five hundred thousand dollars.",,SOURCE_0006,"P.A. 25-168, Sec. 39"
PA2025_168_SEC127,PA2025_168,P.A. 25-168,BILL_2025_HB7287,Sec. 127,2025,2025-06-30,2025-07-01,"July 1, 2025",yes,21a-420f; 21a-420; 21a-420e; 21a-421b,21a-420f,STAT_21A_420F,subsections (c) repealed and substituted,no,,social equity; taxation and revenue; enforcement and penalties; agency duties and rulemaking,social equity applicants; state agencies,,the act prints no deleted text for this section,"Section 21a-420f of the general statutes is repealed and the following is substituted in lieu thereof (Effective July 1, 2025): [(a) (1) There is established an account to be known as the ""cannabis regulatory and investment account"" which shall be a separate, nonlapsing account within the General Fund. The account shall contain any moneys required by law to be deposited in the account. Moneys in the account shall be allocated by the Secretary of the Office of Policy and Management, in consultation with the Social Equity Council, as defined in section 21a-420, to state agencies for the purpose of paying costs incurred to implement the activities authorized under RERACA, as defined in section 21a-420. (2) Notwithstanding the provisions of section 21a-420e, for the fiscal years ending June 30, 2022, and June 30, 2023, the following shall be deposited in the cannabis regulatory and investmen",,SOURCE_0006,"P.A. 25-168, Sec. 127"
PA2025_168_SEC128,PA2025_168,P.A. 25-168,BILL_2025_HB7287,Sec. 128,2025,2025-06-30,2025-07-01,"July 1, 2025",yes,12-330ll; 12-330mm; 12-330nn; 21a-420,12-330ll,STAT_12_330LL,section repealed and substituted,no,,medical patients and caregivers; social equity; advertising and packaging; municipal authority; taxation and revenue; enforcement and penalties,cannabis establishments; consumers and the general public,"and June 30, 2026, / Cannabis Social Equity and Innovation Fund / Cannabis Social Equity and Innovation Fund / (j) At the close of each fiscal year in which the tax imposed under the provisions of this section are received by the commissioner, the Comptroller is authorized to record as revenue for such fiscal year the amounts of such tax that are received by the commissioner not later than five business days from the July thirty-first immediately following the end of such fiscal year.","text the act deletes, printed in square brackets in the enacted act","Section 12-330ll of the general statutes is repealed and the following is substituted in lieu thereof (Effective July 1, 2025): (a) As used in this section and sections 12-330mm and 12-330nn: (1) ""Cannabis"" has the same meaning as provided in section 21a-420; (2) ""Cannabis concentrate"" has the same meaning as provided in section 21a-420; (3) ""Cannabis edible product"" means a product containing cannabis or cannabis concentrate, combined with other ingredients, that is intended for use or consumption through ingestion, including sublingual or oral absorption; (4) ""Cannabis plant material"" has the same meaning as provided in section 21a-279a; (5) ""Cannabis retailer"" means ""retailer"", as defined in section 21a-420; (6) ""Consumer"" has the same meaning as provided in section 21a-420; (7) ""Cultivator"" has the same meaning as provided in section 21a-420; (8) ""Delivery service"" has the same meani",,SOURCE_0006,"P.A. 25-168, Sec. 128"
PA2025_168_SEC129,PA2025_168,P.A. 25-168,BILL_2025_HB7287,Sec. 129,2025,2025-06-30,2025-07-01,"July 1, 2025",yes,21a-420f,21a-420f,STAT_21A_420F,amends or references,no,,social equity,social equity applicants,,the act prints no deleted text for this section,"(Effective July 1, 2025) After the accounts for the Social Equity and Innovation Fund, established under section 21a-420f of the general statutes, revision of 1958, revised to January 1, 2025, have been closed for the fiscal year ending June 30, 2025, the Comptroller shall transfer the balance remaining in said fund to the social equity and innovation account established under section 21a-420f of the general statutes.",,SOURCE_0006,"P.A. 25-168, Sec. 129"
PA2025_168_SEC130,PA2025_168,P.A. 25-168,BILL_2025_HB7287,Sec. 130,2025,2025-06-30,2025-07-01,"July 1, 2025",yes,12-330ll,12-330ll,STAT_12_330LL,NEW section,no,,taxation and revenue,state agencies,,the act prints no deleted text for this section,"(NEW) (Effective July 1, 2025) At the close of each fiscal year in which the tax imposed under the provisions of section 12-330ll of the general statutes are received by the commissioner, the Comptroller is authorized to record as revenue for such fiscal year the amounts of such tax that are received by the Commissioner of Revenue Services not later than five business days from the July thirty-first immediately following the end of such fiscal year.",,SOURCE_0006,"P.A. 25-168, Sec. 130"
PA2025_168_SEC131,PA2025_168,P.A. 25-168,BILL_2025_HB7287,Sec. 131,2025,2025-06-30,2025-07-01,"July 1, 2025",yes,21a-420d,21a-420d,STAT_21A_420D,subsections (c) repealed and substituted,no,,social equity; enforcement and penalties,social equity applicants; state agencies,"the budgetary information that the council is required to annually submit to the Secretary of the Office of Policy and Management pursuant to subdivision (2) of subsection (c) of section 21a-420f, (B) / subparagraph (B) of subdivision (1) of subsection (b)","text the act deletes, printed in square brackets in the enacted act","Subsection (c) of section 21a-420d of the general statutes is repealed and the following is substituted in lieu thereof (Effective July 1, 2025): (c) (1) In making the appointments in subsection (b) of this section, the appointing authority shall use best efforts to make appointments that reflect the racial, gender and geographic diversity of the population of the state. (2) Members appointed by the Governor shall serve a term of four years from the time of appointment and members appointed by any other appointing authority shall serve a term of three years from the time of appointment. The appointing authority shall fill any vacancy for the unexpired term. (3) (A) The Governor shall appoint an interim executive director to operationalize and support the Social Equity Council until, notwithstanding the provisions of section 4-9a, the council appoints an executive director. Subject to the",,SOURCE_0006,"P.A. 25-168, Sec. 131"
PA2025_168_SEC132,PA2025_168,P.A. 25-168,BILL_2025_HB7287,Sec. 132,2025,2025-06-30,2025-07-01,"July 1, 2025",yes,21a-420e; 21a-420f,21a-420e,STAT_21A_420E,subsections (e) repealed and substituted,no,,social equity,social equity applicants,Cannabis Social Equity and Innovation Fund,"text the act deletes, printed in square brackets in the enacted act","Subsection (e) of section 21a-420e of the general statutes is repealed and the following is substituted in lieu thereof (Effective July 1, 2025): (e) For the fiscal year ending June 30, 2023, and thereafter, fees collected by the department under this section shall be paid to the State Treasurer and credited to the General Fund, except that the fees collected under subdivisions (12) and (13) of subsection (c) of this section shall be deposited in the [Cannabis Social Equity and Innovation Fund] social equity and innovation account established under section 21a-420f.",,SOURCE_0006,"P.A. 25-168, Sec. 132"
PA2025_168_SEC133,PA2025_168,P.A. 25-168,BILL_2025_HB7287,Sec. 133,2025,2025-06-30,2025-07-01,"July 1, 2025",yes,21a-420o; 21a-420f,21a-420o,STAT_21A_420O,subsections (a) repealed and substituted,no,,licensing; ownership and control; social equity,cannabis establishments; social equity applicants; state agencies,Cannabis Social Equity and Innovation Fund,"text the act deletes, printed in square brackets in the enacted act","Subsection (a) of section 21a-420o of the general statutes is repealed and the following is substituted in lieu thereof (Effective July 1, 2025): (a) Thirty days after the Social Equity Council posts the criteria for social equity applicants on its Internet web site, the department shall open up a three-month application period for cultivators during which a social equity applicant may apply to the department for a provisional cultivator license and final license for a cultivation facility located in a disproportionately impacted area without participating in a lottery or request for proposals. Such application for a provisional license shall be granted upon: (1) Verification by the Social Equity Council that the applicant meets the criteria for a social equity applicant; (2) the applicant submitting to and passing a criminal background check; and (3) payment of a three-million-dollar fe",,SOURCE_0006,"P.A. 25-168, Sec. 133"
PA2025_168_SEC134,PA2025_168,P.A. 25-168,BILL_2025_HB7287,Sec. 134,2025,2025-06-30,2025-07-01,"July 1, 2025",yes,21a-420aa; 21a-420d; 21a-420f,21a-420aa,STAT_21A_420AA,subsections (e) repealed and substituted,no,,licensing; ownership and control; social equity,cannabis establishments; social equity applicants; state agencies,Cannabis Social Equity and Innovation Fund,"text the act deletes, printed in square brackets in the enacted act","Subsection (e) of section 21a-420aa of the general statutes is repealed and the following is substituted in lieu thereof (Effective July 1, 2025): (e) No social equity applicant that receives a micro-cultivator license under this section shall be eligible to apply for a provisional license and a final license to create more than one equity joint venture to be approved by the Social Equity Council under section 21a-420d, and no such social equity applicant shall operate any such equity joint venture unless such social equity applicant has received a micro-cultivator license under this section, commenced cultivation activities under such micro-cultivator license and submitted to the department both the application fee required under subdivision (1) of subsection (c) of this section and a conversion fee in the amount of five hundred thousand dollars. The conversion fee collected pursuant to",,SOURCE_0006,"P.A. 25-168, Sec. 134"
PA2025_168_SEC161,PA2025_168,P.A. 25-168,BILL_2025_HB7287,Sec. 161,2025,2025-06-30,2025-06-30,from passage,no,21a-420h,21a-420h,STAT_21A_420H,section repealed and substituted,no,,licensing; ownership and control; social equity; enforcement and penalties; agency duties and rulemaking,cannabis establishments; social equity applicants; state agencies,", if such regulations have not been submitted to the legislative regulation review committee for consideration under section 4-170.","text the act deletes, printed in square brackets in the enacted act","Section 21a-420h of the general statutes is repealed and the following is substituted in lieu thereof (Effective from passage): The Social Equity Council shall adopt regulations, in accordance with the provisions of chapter 54, to prevent the sale or change in ownership or control of a cannabis establishment license awarded to a social equity applicant to someone other than another qualifying social equity applicant during the period of provisional licensure, and for three years following the issuance of a final license, unless the backer of such licensee has died or has a condition, including, but not limited to, a physical illness or loss of skill or deterioration due to the aging process, emotional disorder or mental illness that would interfere with the backer's ability to operate. Notwithstanding the requirements of sections 4-168 to 4-172, inclusive, in order to effectuate this sec",,SOURCE_0006,"P.A. 25-168, Sec. 161"
PA2025_168_SEC162,PA2025_168,P.A. 25-168,BILL_2025_HB7287,Sec. 162,2025,2025-06-30,2025-06-30,from passage,no,21a-420q,21a-420q,STAT_21A_420Q,section repealed and substituted,no,,advertising and packaging; agency duties and rulemaking,cannabis establishments; state agencies,", if such regulations have not been submitted to the legislative regulation review committee for consideration under section 4-170.","text the act deletes, printed in square brackets in the enacted act","Section 21a-420q of the general statutes is repealed and the following is substituted in lieu thereof (Effective from passage): The commissioner shall adopt regulations, in accordance with the provisions of chapter 54, to establish the maximum grow space permitted by a cultivator and micro-cultivator. In adopting such regulations, the commissioner shall seek to ensure an adequate supply of cannabis for the market. Notwithstanding the requirements of sections 4-168 to 4-172, inclusive, in order to effectuate this section, prior to adopting such regulations, the commissioner shall issue policies and procedures to implement the provisions of this section that shall have the force and effect of law. The commissioner shall post all policies and procedures on the department's Internet web site and submit such policies and procedures to the Secretary of the State for posting on the eRegulations",,SOURCE_0006,"P.A. 25-168, Sec. 162"
PA2025_168_SEC163,PA2025_168,P.A. 25-168,BILL_2025_HB7287,Sec. 163,2025,2025-06-30,2025-06-30,from passage,no,21a-420z,21a-420z,STAT_21A_420Z,subsections (e) repealed and substituted,no,,medical patients and caregivers; licensing; data and reporting; agency duties and rulemaking,consumers and the general public; state agencies,"forty- eight / , if such final regulations have not been submitted to the legislative regulation review committee for consideration under section 4-170.","text the act deletes, printed in square brackets in the enacted act","Subsection (e) of section 21a-420z of the general statutes is repealed and the following is substituted in lieu thereof (Effective from passage): (e) The commissioner shall adopt regulations, in accordance with chapter 54, to implement the provisions of RERACA. Notwithstanding the requirements of sections 4-168 to 4-172, inclusive, in order to effectuate the purposes of RERACA and protect public health and safety, prior to adopting such regulations the commissioner shall issue policies and procedures to implement the provisions of this section that shall have the force and effect of law. The commissioner shall post all policies and procedures on the department's Internet web site, and submit such policies and procedures to the Secretary of the State for posting on the eRegulations System, at least fifteen days prior to the effective date of any policy or procedure. Any such policy or pro",,SOURCE_0006,"P.A. 25-168, Sec. 163"
PA2025_168_SEC164,PA2025_168,P.A. 25-168,BILL_2025_HB7287,Sec. 164,2025,2025-06-30,2025-06-30,from passage,no,21a-421j,21a-421j,STAT_21A_421J,subsections (b) repealed and substituted,no,,testing and laboratories; licensing; advertising and packaging; agency duties and rulemaking,consumers and the general public; state agencies,", if such regulations have not been submitted to the legislative regulation review committee for consideration under section 4-170.","text the act deletes, printed in square brackets in the enacted act","Subsection (b) of section 21a-421j of the general statutes is repealed and the following is substituted in lieu thereof (Effective from passage): (b) The commissioner shall adopt regulations in accordance with chapter 54 to implement the provisions of RERACA. Notwithstanding the requirements of sections 4-168 to 4-172, inclusive, in order to effectuate the purposes of RERACA and protect public health and safety, prior to adopting such regulations the commissioner shall issue policies and procedures to implement the provisions of RERACA that shall have the force and effect of law. The commissioner shall post all policies and procedures on the department's Internet web site and submit such policies and procedures to the Secretary of the State for posting on the eRegulations System, at least fifteen days prior to the effective date of any policy or procedure. The commissioner shall also pro",,SOURCE_0006,"P.A. 25-168, Sec. 164"
PA2025_168_SEC165,PA2025_168,P.A. 25-168,BILL_2025_HB7287,Sec. 165,2025,2025-06-30,2025-06-30,from passage,no,21a-421k,21a-421k,STAT_21A_421K,subsections (b) repealed and substituted,no,,agency duties and rulemaking,consumers and the general public; state agencies,", if such regulations have not been submitted to the legislative regulation review committee for consideration under section 4-170.","text the act deletes, printed in square brackets in the enacted act","Subsection (b) of section 21a-421k of the general statutes is repealed and the following is substituted in lieu thereof (Effective from passage): (b) Notwithstanding the requirements of sections 4-168 to 4-172, inclusive, in order to effectuate the purposes of RERACA and protect public health and safety, prior to adopting such regulations the commissioner shall implement policies and procedures to implement the provisions of RERACA that shall have the force and effect of law. The commissioner shall post all such policies and procedures on the department's Internet web site and submit such policies and procedures to the Secretary of the State for posting on the eRegulations System, at least fifteen days prior to the effective date of any policy or procedure. Any such policies and procedures shall no longer be effective upon the earlier of either adoption of such policies and procedures as",,SOURCE_0006,"P.A. 25-168, Sec. 165"
PA2025_168_SEC395,PA2025_168,P.A. 25-168,BILL_2025_HB7287,Sec. 395,2025,2025-06-30,2025-07-01,"July 1, 2025",yes,21a-418; 21a-415,21a-418,STAT_21A_418,section repealed and substituted,no,,licensing; advertising and packaging; taxation and revenue; enforcement and penalties,consumers and the general public,"(b) A person with an electronic nicotine delivery system certificate of dealer registration, when selling and shipping an electronic nicotine delivery system or a vapor product directly to a consumer in the state, shall: (1) Ensure that the shipping labels on all containers of an electronic nicotine delivery system or vapor product shipped directly to a consumer in the state conspicuously states the following: ""CONTAINS AN ELECTRONIC NICOTINE DELIVERY SYSTEM OR VAPOR PRODUCT—SIGNATURE OF A PERSON AGE 21 OR OLDER REQUIRED FOR DELIVERY""; and (2) obtain the signature of a person age twenty-one or older at the shipping address prior to delivery, after requiring the signer to demonstrate that he or she is age twenty-one or older by providing a valid motor vehicle operator's license or a valid identity card described in section 1-1h.","text the act deletes, printed in square brackets in the enacted act","Section 21a-418 of the general statutes is repealed and the following is substituted in lieu thereof (Effective July 1, 2025): (a) As used in this section: (1) ""Person"" means any individual, firm, fiduciary, partnership, corporation, limited liability company, trust or association, however formed; (2) ""Electronic nicotine delivery system"" has the same meaning as provided in section 21a-415; and (3) ""Vapor product"" has the same meaning as provided in section 21a- 415. [(b) A person with an electronic nicotine delivery system certificate of dealer registration, when selling and shipping an electronic nicotine delivery system or a vapor product directly to a consumer in the state, shall: (1) Ensure that the shipping labels on all containers of an electronic nicotine delivery system or vapor product shipped directly to a consumer in the state conspicuously states the following: ""CONTAINS AN ",,SOURCE_0006,"P.A. 25-168, Sec. 395"
PA2025_168_SEC396,PA2025_168,P.A. 25-168,BILL_2025_HB7287,Sec. 396,2025,2025-06-30,2025-07-01,"July 1, 2025",yes,21a-415,21a-415,STAT_21A_415,section repealed and substituted,no,,licensing; ownership and control; home grow and possession; municipal authority; enforcement and penalties; data and reporting,not stated in the section head,"three hundred dollars for the first offense, not more than seven hundred fifty dollars for a second offense on or before twenty-four months after the date of the first offense and not more than / on or before twenty-four months after the date of the first offense. / (3) Subdivision (1) of this subsection does not preclude a seller or seller's agent or employee from using a transaction scan device to check the validity of a document other than a driver's license or an identity card, if the document includes a bar code or magnetic strip that may be scanned by the device, as a condition for selling, giving or otherwise delivering an electronic nicotine delivery system or vapor product to the person presenting the document.","text the act deletes, printed in square brackets in the enacted act","Section 53-344b of the general statutes is repealed and the following is substituted in lieu thereof (Effective July 1, 2025): (a) As used in this section: (1) ""Electronic nicotine delivery system"" has the same meaning as provided in section 21a-415; (2) ""Cardholder"" means any person who presents a driver's license, a passport or an identity card to a seller or seller's agent or employee, to purchase or receive an electronic nicotine delivery system or a vapor product from such seller or seller's agent or employee; (3) ""Identity card"" means an identification card issued in accordance with the provisions of section 1-1h; (4) ""Transaction scan"" means the process by which a seller or seller's agent or employee checks, by means of a transaction scan device, the validity of a driver's license, a passport or an identity card; (5) ""Transaction scan device"" means any commercial device or combina",,SOURCE_0006,"P.A. 25-168, Sec. 396"
PA2025_168_SEC469,PA2025_168,P.A. 25-168,BILL_2025_HB7287,Sec. 469,2025,2025-06-30,2025-07-01,"July 1, 2025",yes,,,,amends or references,no,,taxation and revenue,not stated in the section head,,the act prints no deleted text for this section,"(Effective July 1, 2025) The appropriations in section 10 of this act are supported by the CANNABIS PREVENTION AND RECOVERY SERVICES FUND revenue estimates as follows: 2025-2026 2026-2027 Cannabis Excise Tax $5,900,000 $6,200,000 TOTAL CANNABIS PREVENTION AND 5,900,000 6,200,000 RECOVERY SERVICES FUND REVENUE",,SOURCE_0006,"P.A. 25-168, Sec. 469"
PA2025_168_SEC470,PA2025_168,P.A. 25-168,BILL_2025_HB7287,Sec. 470,2025,2025-06-30,2025-07-01,"July 1, 2025",yes,,,,amends or references,no,,taxation and revenue,not stated in the section head,,the act prints no deleted text for this section,"(Effective July 1, 2025) The appropriations in section 11 of this act are supported by the CANNABIS REGULATORY FUND revenue estimates as follows: 2025-2026 2026-2027 Cannabis Excise Tax $10,300,000 $10,500,000 TOTAL CANNABIS REGULATORY 10,300,000 10,500,000 FUND REVENUE",,SOURCE_0006,"P.A. 25-168, Sec. 470"
PA2026_008_SEC1,PA2026_008,P.A. 26-8,BILL_2026_HB5350,Sec. 1,2026,2026-05-20,2026-10-01,"October 1, 2026",yes,1-1,1-1,STAT_1_1,subsections (q) repealed and substituted,no,,advertising and packaging; municipal authority; enforcement and penalties,not stated in the section head,,the act prints no deleted text for this section,"Subsection (q) of section 1-1 of the general statutes is repealed and the following is substituted in lieu thereof (Effective October 1, 2026): (q) Except as otherwise specifically defined, the words ""agriculture"" and ""farming"" include cultivation of the soil, dairying, forestry, raising or harvesting any agricultural or horticultural commodity, including the raising, shearing, feeding, caring for, training and management of livestock, including horses, bees, the production of honey, poultry, fur- bearing animals and wildlife, and the raising or harvesting of oysters, clams, mussels, other molluscan shellfish or fish; the operation, management, conservation, improvement or maintenance of a farm and its buildings, tools and equipment, or salvaging timber or cleared land of brush or other debris left by a storm, as an incident to such farming operations; the production or harvesting of map",,SOURCE_0007,"P.A. 26-8, Sec. 1"
PA2026_008_SEC3,PA2026_008,P.A. 26-8,BILL_2026_HB5350,Sec. 3,2026,2026-05-20,2026-10-01,"October 1, 2026",yes,12-330ll; 21a-420; 21a-240,12-330ll,STAT_12_330LL,subsections (a) repealed and substituted,no,,uncategorized,not stated in the section head,,the act prints no deleted text for this section,"Subdivision (1) of subsection (a) of section 12-330ll of the 2026 supplement to the general statutes is repealed and the following is substituted in lieu thereof (Effective October 1, 2026): (1) ""Cannabis"" has the same meaning as provided in section [21a-420] 21a-240, as amended by this act;",,SOURCE_0007,"P.A. 26-8, Sec. 3"
PA2026_008_SEC4,PA2026_008,P.A. 26-8,BILL_2026_HB5350,Sec. 4,2026,2026-05-20,2026-10-01,"October 1, 2026",yes,21a-420; 21a-240,21a-420,STAT_21A_420,section repealed and substituted,no,,enforcement and penalties,not stated in the section head,,the act prints no deleted text for this section,"Subparagraph (B) of subdivision (120) of section 12-412 of the 2026 supplement to the general statutes is repealed and the following is substituted in lieu thereof (Effective October 1, 2026): (B) Nonprescription drugs or medicines do not include cosmetics, dentifrices, mouthwash, shaving and hair care products, soaps, deodorants or products containing cannabis or cannabinoids. As used in this subparagraph, ""cannabis"" has the same meaning as provided in section [21a-420] 21a-240, as amended by this act, and ""cannabinoids"" means manufactured cannabinoids or synthetic cannabinoids, as such terms are defined in section 21a-240, as amended by this act.",,SOURCE_0007,"P.A. 26-8, Sec. 4"
PA2026_008_SEC5,PA2026_008,P.A. 26-8,BILL_2026_HB5350,Sec. 5,2026,2026-05-20,2026-10-01,"October 1, 2026",yes,21a-240,21a-240,STAT_21A_240,section repealed and substituted,no,,home grow and possession; taxation and revenue; enforcement and penalties,state agencies,,the act prints no deleted text for this section,"Section 12-650 of the general statutes is repealed and the following is substituted in lieu thereof (Effective October 1, 2026): Notwithstanding the provisions of this chapter, revision of 1958, revised to January 1, 2021, any outstanding liabilities or assessments, or any portion thereof, made under said chapter related to the sale, purchase, acquisition or possession within the state or the transport or importation into the state, of [marijuana] cannabis, as defined in section 21a-240, as amended by this act, shall be cancelled. The Commissioner of Revenue Services may take any action necessary to effectuate the cancellation of such liabilities and assessments. No cancellation of a liability or an assessment pursuant to this section shall entitle any person affected by such cancellation to a refund or credit of any amount previously paid or collected in connection with such liability o",,SOURCE_0007,"P.A. 26-8, Sec. 5"
PA2026_008_SEC6,PA2026_008,P.A. 26-8,BILL_2026_HB5350,Sec. 6,2026,2026-05-20,2026-10-01,"October 1, 2026",yes,21a-240,21a-240,STAT_21A_240,subsections (a) repealed and substituted,no,,uncategorized,not stated in the section head,,the act prints no deleted text for this section,"Subdivision (13) of subsection (a) of section 12-704d of the general statutes is repealed and the following is substituted in lieu thereof (Effective October 1, 2026): (13) ""Cannabis"" has the same meaning as provided in section [21a- 420] 21a-240, as amended by this act; and",,SOURCE_0007,"P.A. 26-8, Sec. 6"
PA2026_008_SEC7,PA2026_008,P.A. 26-8,BILL_2026_HB5350,Sec. 7,2026,2026-05-20,2026-10-01,"October 1, 2026",yes,,,,subsections (d) repealed and substituted,no,,testing and laboratories; licensing; enforcement and penalties; data and reporting,consumers and the general public; state agencies,subparagraph,"text the act deletes, printed in square brackets in the enacted act","Subdivision (1) of subsection (d) of section 14-36 of the 2026 supplement to the general statutes is repealed and the following is substituted in lieu thereof (Effective October 1, 2026): (d) (1) No motor vehicle operator's license shall be issued to any applicant who is sixteen or seventeen years of age unless the applicant has held a youth instruction permit and has satisfied the requirements specified in this subsection. The applicant shall (A) submit to the commissioner, in such manner as the commissioner shall direct, a certificate of the successful completion (i) in a public secondary school, a technical education and career school or a private secondary school of a full course of study in motor vehicle operation prepared as provided in section 14-36e, (ii) of training of similar nature provided by a licensed drivers' school approved by the commissioner, or (iii) of home training i",,SOURCE_0007,"P.A. 26-8, Sec. 7"
PA2026_008_SEC8,PA2026_008,P.A. 26-8,BILL_2026_HB5350,Sec. 8,2026,2026-05-20,2026-10-01,"October 1, 2026",yes,21a-420; 21a-240,21a-420,STAT_21A_420,subsections (e) repealed and substituted,no,,ownership and control; enforcement and penalties,not stated in the section head,,the act prints no deleted text for this section,"Subdivision (2) of subsection (e) of section 14-227a of the 2026 supplement to the general statutes is repealed and the following is substituted in lieu thereof (Effective October 1, 2026): (2) In any prosecution for a violation of subdivision (1) of subsection (a) of this section in which it is alleged that the defendant's operation of a motor vehicle was impaired, in whole or in part, by consumption of cannabis, as defined in section [21a-420] 21a-240, as amended by this act, the court may take judicial notice that the ingestion of cannabis (A) can impair a person's ability to operate a motor vehicle; (B) can cause impairment of motor function, reaction time, tracking ability, cognitive attention, decision-making, judgment, perception, peripheral vision, impulse control or memory; and (C) does not enhance a person's ability to safely operate a motor vehicle.",,SOURCE_0007,"P.A. 26-8, Sec. 8"
PA2026_008_SEC9,PA2026_008,P.A. 26-8,BILL_2026_HB5350,Sec. 9,2026,2026-05-20,2026-10-01,"October 1, 2026",yes,21a-420; 21a-240,21a-420,STAT_21A_420,subsections (d) repealed and substituted,no,,ownership and control; enforcement and penalties,not stated in the section head,,the act prints no deleted text for this section,"Subdivision (2) of subsection (d) of section 15-140r of the general statutes is repealed and the following is substituted in lieu thereof (Effective October 1, 2026): (2) In any prosecution for a violation of subsection (a) of this section in which it is alleged that the defendant's operation of a vessel was impaired, in whole or in part, by consumption of cannabis, as defined in section [21a-420] 21a-240, as amended by this act, the court may take judicial notice that the ingestion of cannabis (A) can impair a person's ability to operate a vessel; (B) can cause impairment of motor function, reaction time, tracking ability, cognitive attention, decision-making, judgment, perception, peripheral vision, impulse control or memory; and (C) does not enhance a person's ability to safely operate a vessel.",,SOURCE_0007,"P.A. 26-8, Sec. 9"
PA2026_008_SEC10,PA2026_008,P.A. 26-8,BILL_2026_HB5350,Sec. 10,2026,2026-05-20,2026-10-01,"October 1, 2026",yes,19a-342; 21a-240,19a-342,STAT_19A_342,subsections (a) repealed and substituted,no,,enforcement and penalties,not stated in the section head,"means marijuana, as defined","text the act deletes, printed in square brackets in the enacted act","Subdivision (3) of subsection (a) of section 19a-342 of the general statutes is repealed and the following is substituted in lieu thereof (Effective October 1, 2026): (3) ""Cannabis"" [means marijuana, as defined] has the same meaning as provided in section 21a-240, as amended by this act; and",,SOURCE_0007,"P.A. 26-8, Sec. 10"
PA2026_008_SEC11,PA2026_008,P.A. 26-8,BILL_2026_HB5350,Sec. 11,2026,2026-05-20,2026-10-01,"October 1, 2026",yes,19a-342a; 21a-240,19a-342a,STAT_19A_342A,subsections (a) repealed and substituted,no,,enforcement and penalties,not stated in the section head,"means marijuana, as defined","text the act deletes, printed in square brackets in the enacted act","Subdivision (6) of subsection (a) of section 19a-342a of the general statutes is repealed and the following is substituted in lieu thereof (Effective October 1, 2026): (6) ""Cannabis"" [means marijuana, as defined] has the same meaning as provided in section 21a-240, as amended by this act;",,SOURCE_0007,"P.A. 26-8, Sec. 11"
PA2026_008_SEC12,PA2026_008,P.A. 26-8,BILL_2026_HB5350,Sec. 12,2026,2026-05-20,2026-10-01,"October 1, 2026",yes,21a-420; 21a-240,21a-420,STAT_21A_420,subsections (a) repealed and substituted,no,,uncategorized,not stated in the section head,,the act prints no deleted text for this section,"Subdivision (1) of subsection (a) of section 21a-3b of the 2026 supplement to the general statutes is repealed and the following is substituted in lieu thereof (Effective October 1, 2026): (1) ""Cannabis"" has the same meaning as provided in section [21a-420] 21a-240, as amended by this act;",,SOURCE_0007,"P.A. 26-8, Sec. 12"
PA2026_008_SEC13,PA2026_008,P.A. 26-8,BILL_2026_HB5350,Sec. 13,2026,2026-05-20,2026-10-01,"October 1, 2026",yes,,,,section repealed and substituted,no,,ownership and control; social equity; taxation and revenue; enforcement and penalties; hemp and infused beverages,social equity applicants; consumers and the general public; state agencies; hemp businesses,", the Commissioner of Public Health, / and the executive director of the Social Equity Council, / examine scientific developments and public health studies concerning cannabis and hemp, (3) / , and (4) examine developments in the cannabis and hemp industries.","text the act deletes, printed in square brackets in the enacted act","Section 21a-8c of the 2026 supplement to the general statutes is repealed and the following is substituted in lieu thereof (Effective October 1, 2026): (a) There shall be a State-Wide Cannabis, [and] Hemp and Controlled Substances Enforcement [Policy] Board consisting of the Attorney General, the Chief State's Attorney, the Commissioner of Consumer Protection, the Commissioner of Emergency Services and Public Protection, the Commissioner of Mental Health and Addiction Services [, the Commissioner of Public Health,] and the Commissioner of Revenue Services, [and the executive director of the Social Equity Council,] or their designees. (b) The [policy] board shall convene quarterly to (1) identify areas of need and enforcement opportunities concerning illegal cannabis sales, [and] intoxicating hemp product sales and controlled substance sales, and (2) [examine scientific developments and p",,SOURCE_0007,"P.A. 26-8, Sec. 13"
PA2026_008_SEC14,PA2026_008,P.A. 26-8,BILL_2026_HB5350,Sec. 14,2026,2026-05-20,2026-10-01,"October 1, 2026",yes,21a-420; 21a-240,21a-420,STAT_21A_420,section repealed and substituted,no,,enforcement and penalties,consumers and the general public; state agencies,,the act prints no deleted text for this section,"Section 21a-12g of the general statutes is repealed and the following is substituted in lieu thereof (Effective October 1, 2026): Not later than December 1, 2022, the Department of Consumer Protection shall develop documents concerning the safe storage by consumers of (1) prescription drugs, as defined in section 19a-754b, and (2) cannabis, as defined in section [21a-420] 21a-240, as amended by this act, and cannabis products, as defined in section 21a-420, as amended by this act. Such documents shall contain, but need not be limited to, information concerning best practices for (A) storing prescription drugs and cannabis and cannabis products in a manner that renders such items inaccessible to children, and (B) disposal of unused and expired prescription drugs and cannabis and cannabis products. Not later than December 15, 2022, the department shall publish such documents on its Interne",,SOURCE_0007,"P.A. 26-8, Sec. 14"
PA2026_008_SEC15,PA2026_008,P.A. 26-8,BILL_2026_HB5350,Sec. 15,2026,2026-05-20,2026-10-01,"October 1, 2026",yes,,,,subsections (d) repealed and substituted,no,,advertising and packaging,not stated in the section head,,the act prints no deleted text for this section,"Subsection (d) of section 21a-106 of the general statutes is repealed and the following is substituted in lieu thereof (Effective October 1, 2026): (d) If it is for use by man and contains any quantity of the narcotic or hypnotic substance alpha-eucaine, beta-eucaine, bromal, cannabis, carbromal, chloral, coca, cocaine, codeine, heroin, [marijuana,] morphine, opium, paraldehyde, peyote or sulphonmethane, or any chemical derivative of any such substance, which derivative has been designated as habit-forming by regulations promulgated under Section 352(d) of the federal act; unless its label bears the name and quantity or proportion of such substance or derivative and in juxtaposition therewith the statement ""Warning-may be habit-forming"";",,SOURCE_0007,"P.A. 26-8, Sec. 15"
PA2026_008_SEC16,PA2026_008,P.A. 26-8,BILL_2026_HB5350,Sec. 16,2026,2026-05-20,2026-10-01,"October 1, 2026",yes,21a-240,21a-240,STAT_21A_240,amends or references,no,,testing and laboratories; licensing; ownership and control; advertising and packaging,not stated in the section head,"the plant; every / cannabinoids; / . ""Marijuana"" / such stalks, / , except the resin extracted from such mature stalks or fiber, oil or cake; (B) the seed","text the act deletes, printed in square brackets in the enacted act","Subdivisions (20) to (29), inclusive, of section 21a-240 of the general statutes are repealed and the following is substituted in lieu thereof (Effective October 1, 2026): (20) (A) ""Drug paraphernalia"" means equipment, products and materials of any kind that are used, intended for use or designed for use in planting, propagating, cultivating, growing, harvesting, manufacturing, compounding, converting, producing, processing, preparing, testing, analyzing, packaging, repackaging, storing, containing or concealing, or ingesting, inhaling or otherwise introducing into the human body, any controlled substance contrary to the provisions of this chapter, including, but not limited to: (i) Kits intended for use or designed for use in planting, propagating, cultivating, growing or harvesting [of] any species of plant that is a controlled substance or from which a controlled substance can be deri",,SOURCE_0007,"P.A. 26-8, Sec. 16"
PA2026_008_SEC17,PA2026_008,P.A. 26-8,BILL_2026_HB5350,Sec. 17,2026,2026-05-20,2026-10-01,"October 1, 2026",yes,,,,subsections (e) repealed and substituted,no,,ownership and control; enforcement and penalties,consumers and the general public; state agencies,,the act prints no deleted text for this section,"Subsection (e) of section 21a-243 of the 2026 supplement to the general statutes is repealed and the following is substituted in lieu thereof (Effective October 1, 2026): (e) The Commissioner of Consumer Protection shall classify [marijuana] cannabis as a controlled substance in schedule II under the Connecticut controlled substance scheduling regulations, except that for any [marijuana] cannabis product that has been approved by the federal Food and Drug Administration or successor agency to have a medical use and that is reclassified in any schedule of controlled substances or unscheduled by the federal Drug Enforcement Administration or successor agency, the commissioner shall adopt the schedule designated by the Drug Enforcement Administration or successor agency. In the event that [marijuana] cannabis is reclassified as a controlled substance in schedule III, IV or V of the federal ",,SOURCE_0007,"P.A. 26-8, Sec. 17"
PA2026_008_SEC18,PA2026_008,P.A. 26-8,BILL_2026_HB5350,Sec. 18,2026,2026-05-20,2026-10-01,"October 1, 2026",yes,,,,subsections (a) repealed and substituted,no,,testing and laboratories; medical patients and caregivers; licensing; ownership and control; home grow and possession; advertising and packaging; enforcement and penalties,laboratories; consumers and the general public; state agencies,,the act prints no deleted text for this section,"Subsection (a) of section 21a-246 of the general statutes is repealed and the following is substituted in lieu thereof (Effective October 1, 2026): (a) No person within this state shall manufacture, wholesale, repackage, supply, compound, mix, cultivate or grow, or by other process produce or prepare, controlled substances without first obtaining a license to do so from the Commissioner of Consumer Protection and no person within this state shall operate a laboratory for the purpose of research or analysis using controlled substances without first obtaining a license to do so from the Commissioner of Consumer Protection, except that such activities by pharmacists or pharmacies in the filling and dispensing of prescriptions or activities incident thereto, or the dispensing or administering of controlled substances by dentists, podiatrists, physicians, physician assistants, advanced practi",,SOURCE_0007,"P.A. 26-8, Sec. 18"
PA2026_008_SEC19,PA2026_008,P.A. 26-8,BILL_2026_HB5350,Sec. 19,2026,2026-05-20,2026-10-01,"October 1, 2026",yes,,,,subsections (a) repealed and substituted,no,,medical patients and caregivers; licensing; ownership and control; home grow and possession,consumers and the general public; state agencies,,the act prints no deleted text for this section,"Section 21a-253 of the general statutes is repealed and the following is substituted in lieu thereof (Effective October 1, 2026): Any person may possess or have under [his] such person's control a quantity of [marijuana] cannabis less than or equal to that quantity supplied to [him] such person pursuant to a prescription made in accordance with the provisions of section 21a-249 by (1) a physician licensed under the provisions of chapter 370 and further authorized by subsection (a) of section 21a-246, as amended by this act, by the Commissioner of Consumer Protection to possess and supply [marijuana] cannabis for the treatment of glaucoma or the side effects of chemotherapy, or (2) a physician assistant licensed under the provisions of chapter 370, or an advanced practice registered nurse licensed under the provisions of chapter 378, and further authorized by subsection (a) of section 21a",,SOURCE_0007,"P.A. 26-8, Sec. 19"
PA2026_008_SEC20,PA2026_008,P.A. 26-8,BILL_2026_HB5350,Sec. 20,2026,2026-05-20,2026-10-01,"October 1, 2026",yes,21a-420; 21a-240,21a-420,STAT_21A_420,subsections (b) repealed and substituted,no,,uncategorized,not stated in the section head,,the act prints no deleted text for this section,"Subdivision (3) of subsection (b) of section 21a-277 of the general statutes is repealed and the following is substituted in lieu thereof (Effective October 1, 2026): (3) For purposes of this subsection, ""cannabis"" has the same meaning as provided in section [21a-420] 21a-240, as amended by this act.",,SOURCE_0007,"P.A. 26-8, Sec. 20"
PA2026_008_SEC21,PA2026_008,P.A. 26-8,BILL_2026_HB5350,Sec. 21,2026,2026-05-20,2026-10-01,"October 1, 2026",yes,21a-420; 21a-240,21a-420,STAT_21A_420,subsections (a) repealed and substituted,no,,ownership and control; home grow and possession; enforcement and penalties,not stated in the section head,,the act prints no deleted text for this section,"Subdivision (1) of subsection (a) of section 21a-279 of the general statutes is repealed and the following is substituted in lieu thereof (Effective October 1, 2026): (a) (1) Any person who possesses or has under such person's control any quantity of any controlled substance, except any quantity of cannabis, as defined in section [21a-420] 21a-240, as amended by this act, and except as authorized in this chapter or chapter 420f, shall be guilty of a class A misdemeanor.",,SOURCE_0007,"P.A. 26-8, Sec. 21"
PA2026_008_SEC22,PA2026_008,P.A. 26-8,BILL_2026_HB5350,Sec. 22,2026,2026-05-20,2026-10-01,"October 1, 2026",yes,21a-240; 21a-420,21a-240,STAT_21A_240,subsections (j) repealed and substituted,no,,uncategorized,not stated in the section head,,the act prints no deleted text for this section,"Subdivision (1) of subsection (j) of section 21a-279a of the general statutes is repealed and the following is substituted in lieu thereof (Effective October 1, 2026): (j) (1) As used in this section, ""cannabis"" [,] has the same meaning as provided in section 21a-240, as amended by this act, and ""cannabis flower"", ""cannabis trim"", ""cannabis concentrate"" and ""cannabis product"" have the same meanings as provided in section 21a-420, as amended by this act.",,SOURCE_0007,"P.A. 26-8, Sec. 22"
PA2026_008_SEC23,PA2026_008,P.A. 26-8,BILL_2026_HB5350,Sec. 23,2026,2026-05-20,2026-10-01,"October 1, 2026",yes,21a-408; 21a-408a; 21a-408o; 21a-408r; 21a-408w; 21a-240; 21a-420,21a-408,STAT_21A_408,subsections (d) repealed and substituted,no,,testing and laboratories; medical patients and caregivers; licensing; home grow and possession; municipal authority; enforcement and penalties,cannabis establishments; laboratories,"and for which the department has issued a dispensary facility license pursuant to this chapter / (13) ""Marijuana"" has the same meaning as provided in section 21a- 240; / (24) ""Usable marijuana""","text the act deletes, printed in square brackets in the enacted act","Section 21a-408 of the general statutes is repealed and the following is substituted in lieu thereof (Effective October 1, 2026): As used in this section, sections 21a-408a to 21a-408o, inclusive, as amended by this act, and sections 21a-408r to 21a-408w, inclusive, as amended by this act, unless the context otherwise requires: (1) ""Advanced practice registered nurse"" means an advanced practice registered nurse licensed pursuant to chapter 378; (2) ""Cannabis"" has the same meaning as provided in section 21a-240, as amended by this act; [(2)] (3) ""Cannabis establishment"" has the same meaning as provided in section 21a-420, as amended by this act; [(3)] (4) ""Cannabis testing laboratory"" means a person who (A) is located in this state, (B) is licensed by the department to analyze [marijuana] cannabis, and (C) meets the licensure requirements established in section 21a-408r, as amended by thi",,SOURCE_0007,"P.A. 26-8, Sec. 23"
PA2026_008_SEC24,PA2026_008,P.A. 26-8,BILL_2026_HB5350,Sec. 24,2026,2026-05-20,2026-10-01,"October 1, 2026",yes,21a-408a; 21a-408d; 21a-408; 21a-408m,21a-408a,STAT_21A_408A,subsections (a) repealed and substituted,no,,medical patients and caregivers; licensing; home grow and possession; enforcement and penalties,qualifying patients and caregivers; consumers and the general public; state agencies,,the act prints no deleted text for this section,"Section 21a-408a of the general statutes is repealed and the following is substituted in lieu thereof (Effective October 1, 2026): (a) A qualifying patient shall register with the Department of Consumer Protection pursuant to section 21a-408d, as amended by this act, prior to engaging in the palliative use of [marijuana] cannabis. A qualifying patient who has a valid registration certificate from the Department of Consumer Protection pursuant to subsection (a) of section 21a-408d, as amended by this act, and complies with the requirements of sections 21a-408 to 21a-408m, inclusive, as amended by this act, shall not be subject to arrest or prosecution, penalized in any manner, including, but not limited to, being subject to any civil penalty, or denied any right or privilege, including, but not limited to, being subject to any disciplinary action by a professional licensing board, for the",,SOURCE_0007,"P.A. 26-8, Sec. 24"
PA2026_008_SEC25,PA2026_008,P.A. 26-8,BILL_2026_HB5350,Sec. 25,2026,2026-05-20,2026-10-01,"October 1, 2026",yes,21a-408b; 21a-408d; 21a-408; 21a-408m,21a-408b,STAT_21A_408B,subsections (a) repealed and substituted,no,,medical patients and caregivers; licensing; home grow and possession; enforcement and penalties,qualifying patients and caregivers; consumers and the general public; state agencies,,the act prints no deleted text for this section,"Section 21a-408b of the general statutes is repealed and the following is substituted in lieu thereof (Effective October 1, 2026): (a) No person may serve as a caregiver for a qualifying patient unless such qualifying patient has a valid registration certificate from the Department of Consumer Protection pursuant to subsection (a) of section 21a-408d, as amended by this act. A caregiver may not be responsible for the care of more than one qualifying patient at any time, except that a caregiver may be responsible for the care of more than one qualifying patient if the caregiver and each qualifying patient have a parental, grandparental, guardianship, conservatorship, spousal or sibling relationship. (b) (1) A caregiver who has a valid registration certificate from the Department of Consumer Protection pursuant to subsection (a) of section 21a-408d, as amended by this act, and complies wit",,SOURCE_0007,"P.A. 26-8, Sec. 25"
PA2026_008_SEC26,PA2026_008,P.A. 26-8,BILL_2026_HB5350,Sec. 26,2026,2026-05-20,2026-10-01,"October 1, 2026",yes,21a-408c,21a-408c,STAT_21A_408C,subsections (a) repealed and substituted,no,,medical patients and caregivers; licensing; home grow and possession; municipal authority; enforcement and penalties,qualifying patients and caregivers; consumers and the general public; state agencies,,the act prints no deleted text for this section,"Subsections (a) and (b) of section 21a-408c of the 2026 supplement to the general statutes are repealed and the following is substituted in lieu thereof (Effective October 1, 2026): (a) (1) A physician, physician assistant or advanced practice registered nurse may issue a written certification to a qualifying patient that authorizes the palliative use of [marijuana] cannabis by the qualifying patient. Such written certification shall be in the form prescribed by the Department of Consumer Protection and shall include a statement signed and dated by the qualifying patient's physician, physician assistant or advanced practice registered nurse stating that, in such physician's, physician assistant's or advanced practice registered nurse's professional opinion, (A) the qualifying patient has a debilitating medical condition, and (B) the potential benefits of the palliative use of [marijuana]",,SOURCE_0007,"P.A. 26-8, Sec. 26"
PA2026_008_SEC27,PA2026_008,P.A. 26-8,BILL_2026_HB5350,Sec. 27,2026,2026-05-20,2026-10-01,"October 1, 2026",yes,21a-408d; 21a-408a,21a-408d,STAT_21A_408D,subsections (a) to (c) repealed and substituted,no,,medical patients and caregivers,qualifying patients and caregivers; consumers and the general public; state agencies,,the act prints no deleted text for this section,"Subsections (a) to (c), inclusive, of section 21a-408d of the general statutes are repealed and the following is substituted in lieu thereof (Effective October 1, 2026): (a) Each qualifying patient who is issued a written certification for the palliative use of [marijuana] cannabis under subdivision (1) of subsection (a) of section 21a-408a, as amended by this act, and the caregiver of such qualifying patient, shall register with the Department of Consumer Protection. Such registration shall be effective from the date the Department of Consumer Protection issues a certificate of registration until the expiration of the written certification issued by the physician, physician assistant or advanced practice registered nurse. The qualifying patient and the caregiver shall provide sufficient identifying information, as determined by the department, to establish the personal identity of the q",,SOURCE_0007,"P.A. 26-8, Sec. 27"
PA2026_008_SEC28,PA2026_008,P.A. 26-8,BILL_2026_HB5350,Sec. 28,2026,2026-05-20,2026-10-01,"October 1, 2026",yes,21a-408e; 21a-408; 21a-408m,21a-408e,STAT_21A_408E,section repealed and substituted,no,,medical patients and caregivers,qualifying patients and caregivers,,the act prints no deleted text for this section,"Section 21a-408e of the general statutes is repealed and the following is substituted in lieu thereof (Effective October 1, 2026): No person shall be subject to arrest or prosecution solely for being in the presence or vicinity of the palliative use of [marijuana] cannabis as permitted under sections 21a-408 to 21a-408m, inclusive, as amended by this act.",,SOURCE_0007,"P.A. 26-8, Sec. 28"
PA2026_008_SEC29,PA2026_008,P.A. 26-8,BILL_2026_HB5350,Sec. 29,2026,2026-05-20,2026-10-01,"October 1, 2026",yes,21a-408f; 21a-408,21a-408f,STAT_21A_408F,section repealed and substituted,no,,medical patients and caregivers; enforcement and penalties,qualifying patients and caregivers,,the act prints no deleted text for this section,"Section 21a-408f of the general statutes is repealed and the following is substituted in lieu thereof (Effective October 1, 2026): Any [marijuana] cannabis, paraphernalia relating to [marijuana] cannabis, or other property seized by law enforcement officials from a qualifying patient, [or a] qualifying out-of-state patient, caregiver or qualifying out-of-state caregiver in connection with the claimed palliative use of [marijuana] cannabis under sections 21a-408 to 21a- 408m, inclusive, as amended by this act, shall be returned to the qualifying patient, [or the] qualifying out-of-state patient, caregiver or qualifying out-of-state caregiver immediately upon the determination by a court that the qualifying patient, [or the] qualifying out-of-state patient, caregiver or qualifying out-of-state caregiver is entitled to the palliative use of [marijuana] cannabis under sections 21a-408 to 21a",,SOURCE_0007,"P.A. 26-8, Sec. 29"
PA2026_008_SEC30,PA2026_008,P.A. 26-8,BILL_2026_HB5350,Sec. 30,2026,2026-05-20,2026-10-01,"October 1, 2026",yes,21a-408g,21a-408g,STAT_21A_408G,section repealed and substituted,no,,medical patients and caregivers; enforcement and penalties,qualifying patients and caregivers,,the act prints no deleted text for this section,"Section 21a-408g of the general statutes is repealed and the following is substituted in lieu thereof (Effective October 1, 2026): (a) Any person who makes a fraudulent representation to a law enforcement official of any fact or circumstance relating to the palliative use of [marijuana] cannabis in order to avoid arrest or prosecution under chapter 420b or any other provision of the general statutes shall be guilty of a class C misdemeanor. (b) Any person who makes a fraudulent representation to a law enforcement official of any fact or circumstance relating to the issuance, contents or validity of a written certification for the palliative use of [marijuana] cannabis, or a document purporting to be such a written certification, shall be guilty of a class A misdemeanor.",,SOURCE_0007,"P.A. 26-8, Sec. 30"
PA2026_008_SEC31,PA2026_008,P.A. 26-8,BILL_2026_HB5350,Sec. 31,2026,2026-05-20,2026-05-20,from passage,no,21a-408h,21a-408h,STAT_21A_408H,section repealed and substituted,no,,medical patients and caregivers; licensing; ownership and control; home grow and possession; data and reporting; agency duties and rulemaking,cannabis establishments; qualifying patients and caregivers; consumers and the general public; state agencies,,the act prints no deleted text for this section,"Section 21a-408h of the general statutes is repealed and the following is substituted in lieu thereof (Effective from passage): (a) No person may act as a dispensary or represent that such person is a licensed dispensary unless such person has obtained a license from the Commissioner of Consumer Protection pursuant to this section. (b) No person may act as a dispensary facility or represent that such person is a licensed dispensary facility unless such person has obtained a license from the Commissioner of Consumer Protection pursuant to this section. (c) The Commissioner of Consumer Protection shall determine the number of dispensary facilities appropriate to meet the needs of qualifying patients in this state and shall adopt regulations, in accordance with chapter 54, to provide for the licensure and standards for dispensary facilities in this state and specify the maximum number of di",,SOURCE_0007,"P.A. 26-8, Sec. 31"
PA2026_008_SEC32,PA2026_008,P.A. 26-8,BILL_2026_HB5350,Sec. 32,2026,2026-05-20,2026-10-01,"October 1, 2026",yes,21a-408h,21a-408h,STAT_21A_408H,section repealed and substituted,no,,medical patients and caregivers; licensing; ownership and control; home grow and possession; advertising and packaging; enforcement and penalties; data and reporting; agency duties and rulemaking,cannabis establishments; qualifying patients and caregivers; consumers and the general public; state agencies,,the act prints no deleted text for this section,"Section 21a-408h of the general statutes, as amended by section 31 of this act, is repealed and the following is substituted in lieu thereof (Effective October 1, 2026): (a) No person may act as a dispensary or represent that such person is a licensed dispensary unless such person has obtained a license from the Commissioner of Consumer Protection pursuant to this section. (b) No person may act as a dispensary facility or represent that such person is a licensed dispensary facility unless such person has obtained a license from the Commissioner of Consumer Protection pursuant to this section. (c) The Commissioner of Consumer Protection shall determine the number of dispensary facilities appropriate to meet the needs of qualifying patients in this state and shall adopt regulations, in accordance with chapter 54, to provide for the licensure and standards for dispensary facilities in this ",,SOURCE_0007,"P.A. 26-8, Sec. 32"
PA2026_008_SEC33,PA2026_008,P.A. 26-8,BILL_2026_HB5350,Sec. 33,2026,2026-05-20,2026-10-01,"October 1, 2026",yes,21a-408i; 21a-408,21a-408i,STAT_21A_408I,subsections (b) repealed and substituted,no,,medical patients and caregivers; licensing; ownership and control; municipal authority; enforcement and penalties; agency duties and rulemaking,cannabis establishments; qualifying patients and caregivers; consumers and the general public; state agencies,,the act prints no deleted text for this section,"Subsection (b) of section 21a-408i of the general statutes is repealed and the following is substituted in lieu thereof (Effective October 1, 2026): (b) The Commissioner of Consumer Protection shall determine the number of producers appropriate to meet the needs of qualifying patients in this state and shall adopt regulations, in accordance with chapter 54, to provide for the licensure, standards and locations for producers in this state and specify the maximum number of producers that may be licensed in this state at any time. On and after the effective date of such regulations, the commissioner may license any person who applies for a license in accordance with such regulations, provided (1) such person is organized for the purpose of cultivating [marijuana] cannabis for palliative use in this state, (2) the commissioner finds that such applicant has appropriate expertise in agricultur",,SOURCE_0007,"P.A. 26-8, Sec. 33"
PA2026_008_SEC34,PA2026_008,P.A. 26-8,BILL_2026_HB5350,Sec. 34,2026,2026-05-20,2026-10-01,"October 1, 2026",yes,21a-408j; 21a-420; 21a-408d,21a-408j,STAT_21A_408J,section repealed and substituted,no,,testing and laboratories; medical patients and caregivers; licensing; home grow and possession; advertising and packaging; enforcement and penalties,cannabis establishments; qualifying patients and caregivers,,the act prints no deleted text for this section,"Section 21a-408j of the general statutes is repealed and the following is substituted in lieu thereof (Effective October 1, 2026): (a) No dispensary facility or employee of the dispensary facility may: (1) Acquire [marijuana] cannabis from a person other than a producer, [from a] cultivator, micro-cultivator, product manufacturer, food and beverage manufacturer, product packager [,] or transporter, as such terms are defined in section 21a-420, as amended by this act; (2) transfer or transport [marijuana] cannabis to a person who is not (A) a qualifying patient registered under section 21a-408d, as amended by this act; (B) a caregiver of [such] a qualifying patient [; (C)] registered under section 21a-408d, as amended by this act; (C) a qualifying out-of-state patient; (D) a qualifying out-of-state caregiver of a qualifying out-of-state patient; (E) a hospice or other inpatient care facil",,SOURCE_0007,"P.A. 26-8, Sec. 34"
PA2026_008_SEC35,PA2026_008,P.A. 26-8,BILL_2026_HB5350,Sec. 35,2026,2026-05-20,2026-10-01,"October 1, 2026",yes,21a-408k,21a-408k,STAT_21A_408K,section repealed and substituted,no,,testing and laboratories; licensing; enforcement and penalties,cannabis establishments; laboratories,,the act prints no deleted text for this section,"Section 21a-408k of the general statutes is repealed and the following is substituted in lieu thereof (Effective October 1, 2026): (a) No producer or employee of the producer may: (1) Sell, deliver, transport or distribute [marijuana] cannabis to a person who is not (A) a cannabis establishment, (B) a cannabis testing laboratory, or (C) an organization engaged in a research program, or (2) obtain or transport [marijuana] cannabis outside of this state in violation of state or federal law. (b) No licensed producer or employee of the producer acting within the scope of such employee's employment shall be subject to arrest or prosecution or penalized in any manner, including, but not limited to, being subject to any civil penalty, or denied any right or privilege, including, but not limited to, being subject to any disciplinary action by a professional licensing board, for cultivating [mari",,SOURCE_0007,"P.A. 26-8, Sec. 35"
PA2026_008_SEC36,PA2026_008,P.A. 26-8,BILL_2026_HB5350,Sec. 36,2026,2026-05-20,2026-10-01,"October 1, 2026",yes,21a-408l,21a-408l,STAT_21A_408L,section repealed and substituted,no,,medical patients and caregivers; enforcement and penalties,qualifying patients and caregivers; consumers and the general public; state agencies,"On and after October 1, 2021, conditions","text the act deletes, printed in square brackets in the enacted act","Section 21a-408l of the general statutes is repealed and the following is substituted in lieu thereof (Effective October 1, 2026): (a) The Commissioner of Consumer Protection shall establish a Board of Physicians consisting of eight physicians or surgeons who are knowledgeable about the palliative use of [marijuana] cannabis and certified by the appropriate American board in the medical specialty in which they practice, at least one of whom shall be a board certified pediatrician appointed in consultation with the Connecticut Chapter of the American Academy of Pediatrics. Four of the members of the board first appointed shall serve for a term of three years and four of the members of the board first appointed shall serve for a term of four years. Thereafter, members of the board shall serve for a term of four years and shall be eligible for reappointment. Any member of the board may serv",,SOURCE_0007,"P.A. 26-8, Sec. 36"
PA2026_008_SEC37,PA2026_008,P.A. 26-8,BILL_2026_HB5350,Sec. 37,2026,2026-05-20,2026-10-01,"October 1, 2026",yes,21a-408m; 21a-408a; 21a-408d; 21a-408l; 21a-408; 21a-408g,21a-408m,STAT_21A_408M,subsections (a) repealed and substituted,no,,medical patients and caregivers; licensing; enforcement and penalties; agency duties and rulemaking,qualifying patients and caregivers; consumers and the general public; state agencies,,the act prints no deleted text for this section,"Section 21a-408m of the general statutes is repealed and the following is substituted in lieu thereof (Effective October 1, 2026): (a) The Commissioner of Consumer Protection may adopt regulations, in accordance with chapter 54, to establish (1) a standard form for written certifications for the palliative use of [marijuana] cannabis issued by physicians, physician assistants and advanced practice registered nurses under subdivision (1) of subsection (a) of section 21a-408a, as amended by this act, and (2) procedures for registrations under section 21a-408d, as amended by this act. Such regulations, if any, shall be adopted after consultation with the Board of Physicians established in section 21a-408l, as amended by this act. (b) The Commissioner of Consumer Protection shall adopt or amend regulations, as applicable, in accordance with chapter 54, to implement the provisions of sections",,SOURCE_0007,"P.A. 26-8, Sec. 37"
PA2026_008_SEC38,PA2026_008,P.A. 26-8,BILL_2026_HB5350,Sec. 38,2026,2026-05-20,2026-10-01,"October 1, 2026",yes,21a-408o; 21a-408; 21a-408m,21a-408o,STAT_21A_408O,section repealed and substituted,no,,medical patients and caregivers,qualifying patients and caregivers,,the act prints no deleted text for this section,"Section 21a-408o of the general statutes is repealed and the following is substituted in lieu thereof (Effective October 1, 2026): Nothing in sections 21a-408 to 21a-408m, inclusive, as amended by this act, or section 21a-243, as amended by this act, shall be construed to require health insurance coverage for the palliative use of [marijuana] cannabis.",,SOURCE_0007,"P.A. 26-8, Sec. 38"
PA2026_008_SEC39,PA2026_008,P.A. 26-8,BILL_2026_HB5350,Sec. 39,2026,2026-05-20,2026-10-01,"October 1, 2026",yes,21a-408p; 21a-408,21a-408p,STAT_21A_408P,section repealed and substituted,no,,medical patients and caregivers; enforcement and penalties,qualifying patients and caregivers,,the act prints no deleted text for this section,"Section 21a-408p of the general statutes is repealed and the following is substituted in lieu thereof (Effective October 1, 2026): (a) For the purposes of this section: (1) ""Action"" has the meaning provided in section 47a-1; (2) ""Dwelling unit"" has the meaning provided in section 47a-1; (3) ""Employer"" means a person engaged in business who has one or more employees, including the state and any political subdivision of the state; (4) ""Landlord"" has the meaning provided in section 47a-1; (5) ""Palliative use"" has the meaning provided in section 21a-408, as amended by this act; (6) ""Caregiver"" has the meaning provided in section 21a-408, as amended by this act; (7) ""Qualifying out-of-state caregiver"" has the meaning provided in section 21a-408, as amended by this act; (8) ""Qualifying out-of-state patient"" has the meaning provided in section 21a-408, as amended by this act; [(7)] (9) ""Qualify",,SOURCE_0007,"P.A. 26-8, Sec. 39"
PA2026_008_SEC40,PA2026_008,P.A. 26-8,BILL_2026_HB5350,Sec. 40,2026,2026-05-20,2026-10-01,"October 1, 2026",yes,21a-408r,21a-408r,STAT_21A_408R,subsections (d) repealed and substituted,no,,testing and laboratories; medical patients and caregivers; licensing; agency duties and rulemaking,laboratories; consumers and the general public; state agencies,,the act prints no deleted text for this section,"Subsection (d) of section 21a-408r of the general statutes is repealed and the following is substituted in lieu thereof (Effective October 1, 2026): (d) The Commissioner of Consumer Protection shall adopt regulations, in accordance with chapter 54, to (1) provide for the licensure or registration of cannabis testing laboratories and cannabis testing laboratory employees, (2) establish standards and procedures for the revocation, suspension, summary suspension and nonrenewal of cannabis testing laboratory licenses and cannabis testing laboratory employee registrations, provided such standards and procedures are consistent with the provisions of subsection (c) of section 4-182, (3) establish a registration renewal fee for each registered cannabis testing laboratory employee, provided the aggregate amount of such fees shall not be less than the amount necessary to cover the direct and indir",,SOURCE_0007,"P.A. 26-8, Sec. 40"
PA2026_008_SEC41,PA2026_008,P.A. 26-8,BILL_2026_HB5350,Sec. 41,2026,2026-05-20,2026-10-01,"October 1, 2026",yes,21a-408s; 21a-420; 21a-408r,21a-408s,STAT_21A_408S,subsections (a) to (c) repealed and substituted,no,,testing and laboratories; medical patients and caregivers; licensing; home grow and possession; enforcement and penalties,cannabis establishments; qualifying patients and caregivers; laboratories; consumers and the general public; state agencies,or marijuana,"text the act deletes, printed in square brackets in the enacted act","Subsections (a) to (c), inclusive, of section 21a-408s of the general statutes are repealed and the following is substituted in lieu thereof (Effective October 1, 2026): (a) No cannabis testing laboratory or cannabis testing laboratory employee may (1) acquire [marijuana] cannabis from a person other than (A) a cannabis establishment or an organization engaged in a research program, or (B) a caregiver, a qualifying patient or a consumer, as defined in section 21a-420, as amended by this act, providing a [marijuana] cannabis sample under regulations adopted by the Commissioner of Consumer Protection pursuant to subsection (d) of section 21a-408r, as amended by this act, (2) deliver, transport or distribute [marijuana] cannabis to (A) a person who is not a cannabis establishment from which the [marijuana] cannabis was originally acquired by the cannabis testing laboratory or cannabis testi",,SOURCE_0007,"P.A. 26-8, Sec. 41"
PA2026_008_SEC42,PA2026_008,P.A. 26-8,BILL_2026_HB5350,Sec. 42,2026,2026-05-20,2026-10-01,"October 1, 2026",yes,21a-408u,21a-408u,STAT_21A_408U,section repealed and substituted,no,,testing and laboratories; licensing; home grow and possession; enforcement and penalties,cannabis establishments; laboratories,,the act prints no deleted text for this section,"Section 21a-408u of the general statutes is repealed and the following is substituted in lieu thereof (Effective October 1, 2026): (a) No research program or research program employee may (1) acquire [marijuana] cannabis from a person other than a cannabis establishment or cannabis testing laboratory, (2) deliver, transport or distribute [marijuana] cannabis to a person who is not (A) a cannabis establishment, (B) a cannabis testing laboratory, or (C) a research program subject, (3) distribute or administer [marijuana] cannabis to an animal unless such animal is an animal research subject, or (4) obtain or transport [marijuana] cannabis outside of this state in violation of state or federal law. (b) No research program employee acting within the scope of such research program employee's employment shall be subject to arrest or prosecution, penalized in any manner, including, but not limi",,SOURCE_0007,"P.A. 26-8, Sec. 42"
PA2026_008_SEC43,PA2026_008,P.A. 26-8,BILL_2026_HB5350,Sec. 43,2026,2026-05-20,2026-10-01,"October 1, 2026",yes,21a-408v,21a-408v,STAT_21A_408V,subsections (b) repealed and substituted,no,,medical patients and caregivers; licensing; enforcement and penalties,consumers and the general public; state agencies,,the act prints no deleted text for this section,"Subsections (b) and (c) of section 21a-408v of the general statutes are repealed and the following is substituted in lieu thereof (Effective October 1, 2026): (b) A research program subject who has a valid registration certificate from the Department of Consumer Protection and is acting within the scope of [his or her] the research program subject's involvement in an approved research program shall not be subject to arrest or prosecution, penalized in any manner, including, but not limited to, being subject to any civil penalty or denied any right or privilege, including, but not limited to, being subject to any disciplinary action by a professional licensing board, for the use of [marijuana] cannabis. (c) The provisions of subsection (b) of this section do not apply to: (1) Any use of [marijuana] cannabis that endangers the health or well- being of a person other than the research progr",,SOURCE_0007,"P.A. 26-8, Sec. 43"
PA2026_008_SEC44,PA2026_008,P.A. 26-8,BILL_2026_HB5350,Sec. 44,2026,2026-05-20,2026-10-01,"October 1, 2026",yes,21a-408w; 21a-421j,21a-408w,STAT_21A_408W,section repealed and substituted,no,,testing and laboratories,cannabis establishments; laboratories; consumers and the general public; state agencies,as set forth in subsection (b) of this section,"text the act deletes, printed in square brackets in the enacted act","Section 21a-408w of the general statutes is repealed and the following is substituted in lieu thereof (Effective October 1, 2026): (a) (1) Each cannabis establishment shall submit [marijuana] cannabis samples to a cannabis testing laboratory for testing [as set forth in subsection (b) of this section] in accordance with the laboratory testing standards established in the regulations adopted by the Commissioner of Consumer Protection pursuant to section 21a-421j, as amended by this act. The quantity and number of cannabis samples submitted shall be sufficient to ensure representative sampling of the corresponding cannabis batch size. [(b) (1) A cannabis testing laboratory shall test each marijuana sample submitted pursuant to subsection (a) of this section (A) for microbiological contaminants, mycotoxins, heavy metals and pesticide chemical residue, and (B) for purposes of conducting an a",,SOURCE_0007,"P.A. 26-8, Sec. 44"
PA2026_008_SEC45,PA2026_008,P.A. 26-8,BILL_2026_HB5350,Sec. 45,2026,2026-05-20,2026-10-01,"October 1, 2026",yes,21a-409,21a-409,STAT_21A_409,subsections (b) repealed and substituted,no,,testing and laboratories; licensing; advertising and packaging; hemp and infused beverages,cannabis establishments; hemp businesses,"or marijuana, / or marijuana;","text the act deletes, printed in square brackets in the enacted act","Subsections (b) and (c) of section 21a-409 of the general statutes are repealed and the following is substituted in lieu thereof (Effective October 1, 2026): (b) Hemp or manufacturer hemp products purchased by producers from third parties shall be tracked as a separate batch throughout the manufacturing process in order to document the disposition of such hemp or manufacturer hemp products. Hemp or manufacturer hemp products obtained, manufactured, marketed, cultivated or stored by a producer shall be deemed [marijuana] cannabis and shall comply with the requirements for [marijuana] cannabis contained in the applicable provisions of the general statutes and any regulations adopted pursuant to such provisions. Producers shall retain a copy of the certificate of analysis for purchased hemp or manufacturer hemp products and invoice and transport documents that evidence the quantity purchase",,SOURCE_0007,"P.A. 26-8, Sec. 45"
PA2026_008_SEC46,PA2026_008,P.A. 26-8,BILL_2026_HB5350,Sec. 46,2026,2026-05-20,2026-10-01,"October 1, 2026",yes,21a-410,21a-410,STAT_21A_410,subsections (a) repealed and substituted,no,,licensing; ownership and control,cannabis establishments,"""Medical marijuana business""","text the act deletes, printed in square brackets in the enacted act","Subsections (a) and (b) of section 21a-410 of the general statutes are repealed and the following is substituted in lieu thereof (Effective October 1, 2026): (a) For purposes of this section: (1) ""Material change"" means: (A) The addition of a dispensary facility backer or producer backer, (B) a change in the ownership interest of an existing dispensary facility backer or producer backer, (C) the merger, consolidation or other affiliation of a medical [marijuana] cannabis business with another person, (D) the acquisition of all or part of a medical [marijuana] cannabis business by another person, and (E) the transfer of assets or security interests from a medical [marijuana] cannabis business to another person; (2) [""Medical marijuana business""] ""Medical cannabis business"" means a medical [marijuana] cannabis dispensary facility or production facility, licensed pursuant to this chapter an",,SOURCE_0007,"P.A. 26-8, Sec. 46"
PA2026_008_SEC47,PA2026_008,P.A. 26-8,BILL_2026_HB5350,Sec. 47,2026,2026-05-20,2026-10-01,"October 1, 2026",yes,21a-420; 7-294kk; 7-294ll; 12-330ll; 12-330nn; 14-227p; 21a-278c; 21a-279c; 21a-279d; 21a-408w; 21a-420a; 21a-420j; 21a-420l; 21a-421aa; 21a-421ff; 21a-422; 21a-422c; 21a-422e; 21a-422g; 21a-422j; 21a-422s; 21a-422u; 22-61n,21a-420,STAT_21A_420,section repealed and substituted,no,,testing and laboratories; licensing; ownership and control; advertising and packaging; enforcement and penalties; hemp and infused beverages,not stated in the section head,"means marijuana, as defined / , and to which the department has issued a dispensary facility license pursuant to chapter 420f and any regulations adopted pursuant to said chapter / ""Medical marijuana product""","text the act deletes, printed in square brackets in the enacted act","Section 21a-420 of the 2026 supplement to the general statutes is repealed and the following is substituted in lieu thereof (Effective October 1, 2026): As used in RERACA, unless the context otherwise requires: (1) ""Responsible and Equitable Regulation of Adult-Use Cannabis Act"" or ""RERACA"" means this section, sections 2-56j, 7-294kk, 7-294ll, 12-330ll to 12-330nn, inclusive, as amended by this act, 14-227p, 21a- 278b, 21a-278c, 21a-279c, 21a-279d, 21a-408w, as amended by this act, 21a-420a to 21a-420j, inclusive, as amended by this act, 21a-420l to 21a- 421u, inclusive, as amended by this act, 21a-421aa to 21a-421ff, inclusive, as amended by this act, 21a-421aaa to 21a-421iii, inclusive, 21a-422 to 21a-422c, inclusive, 21a-422e to 21a-422g, inclusive, as amended by this act, 21a-422j to 21a-422s, inclusive, 21a-422u, 22-61n, as amended by this act, 23-4b, 47a-9a, 53-247a, as amended by ",,SOURCE_0007,"P.A. 26-8, Sec. 47"
PA2026_008_SEC48,PA2026_008,P.A. 26-8,BILL_2026_HB5350,Sec. 48,2026,2026-05-20,2026-10-01,"October 1, 2026",yes,NEW SECTION (codification not stated in the act),NEW SECTION (codification not stated in the act),,NEW section,no,,social equity; data and reporting; agency duties and rulemaking,social equity applicants; consumers and the general public; state agencies,,the act prints no deleted text for this section,"(NEW) (Effective October 1, 2026) (a) There is established a cannabis regulatory working group to (1) study regulations adopted or proposed, and policies and procedures issued or proposed, by the Commissioner of Consumer Protection and the Social Equity Council concerning cannabis, (2) recommend the adoption or amendment of regulations concerning cannabis, (3) recommend the issuance or amendment of policies and procedures concerning cannabis, and (4) propose legislation concerning cannabis. (b) The working group shall consist of the following members: (1) One appointed by the House chairperson of the joint standing committee of the General Assembly having cognizance of matters relating to consumer protection; (2) One appointed by the Senate chairperson of the joint standing committee of the General Assembly having cognizance of matters relating to consumer protection; (3) One appointed b",,SOURCE_0007,"P.A. 26-8, Sec. 48"
PA2026_008_SEC49,PA2026_008,P.A. 26-8,BILL_2026_HB5350,Sec. 49,2026,2026-05-20,2026-10-01,"October 1, 2026",yes,NEW SECTION (codification not stated in the act),NEW SECTION (codification not stated in the act),,NEW section,no,,uncategorized,cannabis establishments,,the act prints no deleted text for this section,"(NEW) (Effective October 1, 2026) No retailer, hybrid retailer or dispensary facility shall borrow money or receive credit, directly or indirectly, in any form for a period in excess of thirty days from any cultivator, micro-cultivator or producer.",,SOURCE_0007,"P.A. 26-8, Sec. 49"
PA2026_008_SEC50,PA2026_008,P.A. 26-8,BILL_2026_HB5350,Sec. 50,2026,2026-05-20,2026-10-01,"October 1, 2026",yes,NEW SECTION (codification not stated in the act),NEW SECTION (codification not stated in the act),,NEW section,no,,testing and laboratories; licensing; agency duties and rulemaking,cannabis establishments; laboratories,,the act prints no deleted text for this section,"(NEW) (Effective October 1, 2026) (a) Notwithstanding any provision of chapter 420f or 420h of the general statutes, no cannabis establishment licensed to deliver or transport cannabis shall be required to staff any cannabis delivery or transport vehicle with more than one employee in order to deliver or transport cannabis to another cannabis establishment, a cannabis testing laboratory or a research program location if such vehicle is equipped with the following devices and container for the purpose of preventing any diversion, theft or loss of cannabis: (1) An electronic recording device that electronically records video of such vehicle's interior at all times while such vehicle is used to deliver or transport cannabis; (2) An electronic tracking device that tracks, in real time, the geospatial location of such vehicle by means of the global positioning system at all times while such v",,SOURCE_0007,"P.A. 26-8, Sec. 50"
PA2026_008_SEC51,PA2026_008,P.A. 26-8,BILL_2026_HB5350,Sec. 51,2026,2026-05-20,2026-10-01,"October 1, 2026",yes,NEW SECTION (codification not stated in the act),NEW SECTION (codification not stated in the act),,NEW section,no,,uncategorized,cannabis establishments,,the act prints no deleted text for this section,"(NEW) (Effective October 1, 2026) Notwithstanding any provision of chapter 420f or 420h of the general statutes, no producer, cultivator or micro-cultivator engaged in the outdoor cultivation of cannabis shall be required to maintain a fence on the perimeter of the outdoor cannabis cultivation area that is more than eight feet in height.",,SOURCE_0007,"P.A. 26-8, Sec. 51"
PA2026_008_SEC52,PA2026_008,P.A. 26-8,BILL_2026_HB5350,Sec. 52,2026,2026-05-20,2026-10-01,"October 1, 2026",yes,21a-421j,21a-421j,STAT_21A_421J,NEW section,no,,testing and laboratories,cannabis establishments; laboratories; consumers and the general public; state agencies,,the act prints no deleted text for this section,"(NEW) (Effective October 1, 2026) (a) (1) Each cannabis establishment shall submit cannabis samples to a cannabis testing laboratory for testing in accordance with the laboratory testing standards established in the regulations adopted by the Commissioner of Consumer Protection pursuant to section 21a-421j of the general statutes, as amended by this act. The quantity and number of cannabis samples submitted shall be sufficient to ensure representative sampling of the corresponding cannabis batch size. (2) If the cannabis samples taken from a cannabis batch pass the laboratory testing required under subdivision (1) of this subsection, the cannabis batch shall be released for sale. (3) If the cannabis samples taken from a cannabis batch fail the laboratory testing required under subdivision (1) of this subsection, the cannabis establishment that submitted the failing cannabis samples to th",,SOURCE_0007,"P.A. 26-8, Sec. 52"
PA2026_008_SEC53,PA2026_008,P.A. 26-8,BILL_2026_HB5350,Sec. 53,2026,2026-05-20,2026-10-01,"October 1, 2026",yes,21a-420c; 21a-415,21a-420c,STAT_21A_420C,subsections (a) to (e) repealed and substituted,no,,medical patients and caregivers; licensing; ownership and control; home grow and possession; municipal authority; enforcement and penalties,consumers and the general public,,the act prints no deleted text for this section,"Subsections (a) to (e), inclusive, of section 21a-420c of the 2026 supplement to the general statutes are repealed and the following is substituted in lieu thereof (Effective October 1, 2026): (a) As used in this section: (1) ""Cigarette"" has the same meaning as provided in section 4-28h; (2) ""Electronic cigarette liquid"" has the same meaning as provided in section 21a-415; (3) ""Electronic nicotine delivery system"" has the same meaning as provided in section 21a-415; (4) ""Immediate threat to public health and safety"" includes, but is not limited to, (A) the presence of [(A)] (i) any cannabis or cannabis product in connection with a violation of this section, [or (B)] (ii) any cigarette, tobacco product, electronic cigarette liquid, electronic nicotine delivery system, [or] liquid nicotine container or nicotine product stored or displayed adjacent or proximate to any cannabis or cannabis p",,SOURCE_0007,"P.A. 26-8, Sec. 53"
PA2026_008_SEC54,PA2026_008,P.A. 26-8,BILL_2026_HB5350,Sec. 54,2026,2026-05-20,2026-05-20,from passage,no,21a-420d,21a-420d,STAT_21A_420D,section repealed and substituted,no,,social equity; enforcement and penalties,social equity applicants; state agencies,"the purposes of the council / for the purpose of performing the / of the council, (5) / of the council, / of the council. / 1, 2026, and annually thereafter / July 1, 2024, and quarterly thereafter","text the act deletes, printed in square brackets in the enacted act","Section 21a-420d of the 2026 supplement to the general statutes is repealed and the following is substituted in lieu thereof (Effective from passage): (a) There is established a Social Equity Council, which shall be within the Department of Economic and Community Development for administrative purposes only. (b) The Social Equity Council shall consist of seventeen members as follows: (1) One appointed by the speaker of the House of Representatives, who has a professional background of not less than five years working in the field of either social justice or civil rights; (2) One appointed by the president pro tempore of the Senate, who has a professional background of not less than five years working in the field of either social justice or civil rights; (3) One appointed by the majority leader of the House of Representatives, who has a professional background of not less than five years",,SOURCE_0007,"P.A. 26-8, Sec. 54"
PA2026_008_SEC55,PA2026_008,P.A. 26-8,BILL_2026_HB5350,Sec. 55,2026,2026-05-20,2026-10-01,"October 1, 2026",yes,21a-420d,21a-420d,STAT_21A_420D,subsections (e) to (s) repealed and substituted,no,,medical patients and caregivers; licensing; ownership and control; social equity; advertising and packaging; taxation and revenue; enforcement and penalties; data and reporting; agency duties and rulemaking,social equity applicants; state agencies,,the act prints no deleted text for this section,"Subsections (e) to (s), inclusive, of section 21a-420d of the 2026 supplement to the general statutes, as amended by section 54 of this act, are repealed and the following is substituted in lieu thereof (Effective October 1, 2026): (e) The Social Equity Council may (1) request, and shall receive, from any state agency such information and assistance as the council may require to carry out its duties, (2) use such funds as may be available from federal, state or other sources to carry out its duties, (3) enter into contracts or agreements to carry out its duties, including, but not limited to, contracts or agreements with Connecticut Innovations, Incorporated, constituent units of the state system of higher education, regional workforce development boards and community development financial institutions, (4) utilize such voluntary and uncompensated services of private individuals, state o",,SOURCE_0007,"P.A. 26-8, Sec. 55"
PA2026_008_SEC56,PA2026_008,P.A. 26-8,BILL_2026_HB5350,Sec. 56,2026,2026-05-20,2026-05-20,from passage,no,21a-420g; 21a-420h,21a-420g,STAT_21A_420G,subsections (a) repealed and substituted,no,,licensing; ownership and control; social equity,cannabis establishments; social equity applicants; state agencies,,the act prints no deleted text for this section,"Subsection (a) of section 21a-420g of the 2026 supplement to the general statutes is repealed and the following is substituted in lieu thereof (Effective from passage): (a) The Social Equity Council shall review the ownership information and any other information necessary to confirm that an applicant qualifies as a social equity applicant for all cannabis establishment license type applications submitted to the department and designated by the applicant as a social equity applicant. The Social Equity Council shall prescribe the documentation necessary for applicants to submit to establish that the ownership, residency and income requirements for social equity applicants are met. On or before September 1, 2021, the Social Equity Council shall post such necessary documentation requirements on its Internet web site to inform applicants of such requirements prior to the start of the applica",,SOURCE_0007,"P.A. 26-8, Sec. 56"
PA2026_008_SEC57,PA2026_008,P.A. 26-8,BILL_2026_HB5350,Sec. 57,2026,2026-05-20,2026-10-01,"October 1, 2026",yes,21a-420g,21a-420g,STAT_21A_420G,subsections (g) repealed and substituted,no,,licensing; ownership and control; social equity,cannabis establishments; social equity applicants; state agencies,cause the applicant to no longer qualify,"text the act deletes, printed in square brackets in the enacted act","Subsection (g) of section 21a-420g of the 2026 supplement to the general statutes is repealed and the following is substituted in lieu thereof (Effective October 1, 2026): (g) (1) No additional backers may be added to a cannabis establishment application between the time of lottery entry, or any initial application for a license, and when a final license is awarded to the cannabis establishment, except: [, if] (A) If a backer of an applicant or provisional licensee dies, the applicant or provisional licensee may apply to the commissioner, in a form and manner prescribed by the commissioner, to replace the deceased backer, provided if such applicant or provisional licensee is a social equity applicant, the Social Equity Council shall review ownership to ensure such replacement would not [cause the applicant to no longer qualify] disqualify such applicant or provisional licensee as a socia",,SOURCE_0007,"P.A. 26-8, Sec. 57"
PA2026_008_SEC58,PA2026_008,P.A. 26-8,BILL_2026_HB5350,Sec. 58,2026,2026-05-20,2026-07-01,"July 1, 2026",yes,21a-420h,21a-420h,STAT_21A_420H,section repealed and substituted,no,,licensing; ownership and control; social equity; enforcement and penalties; agency duties and rulemaking,cannabis establishments; social equity applicants; state agencies,"sixty- three months from July 1, 2021","text the act deletes, printed in square brackets in the enacted act","Section 21a-420h of the 2026 supplement to the general statutes is repealed and the following is substituted in lieu thereof (Effective July 1, 2026): The Social Equity Council shall adopt regulations, in accordance with the provisions of chapter 54, to prevent the sale or change in ownership or control of a cannabis establishment license awarded to a social equity applicant to someone other than another qualifying social equity applicant during the period of provisional licensure, and for three years following the issuance of a final license, unless the backer of such licensee has died or has a condition, including, but not limited to, a physical illness or loss of skill or deterioration due to the aging process, emotional disorder or mental illness that would interfere with the backer's ability to operate. If the council approves any sale or change in ownership or control of a cannabis",,SOURCE_0007,"P.A. 26-8, Sec. 58"
PA2026_008_SEC59,PA2026_008,P.A. 26-8,BILL_2026_HB5350,Sec. 59,2026,2026-05-20,2026-05-20,from passage,no,21a-420j; 21a-420d; 21a-420o,21a-420j,STAT_21A_420J,subsections (d) repealed and substituted,no,,licensing; ownership and control,cannabis establishments; social equity applicants,,the act prints no deleted text for this section,"Subsection (d) of section 21a-420j of the 2026 supplement to the general statutes is repealed and the following is substituted in lieu thereof (Effective from passage): (d) (1) Except as provided in subdivision (2) of this subsection or subdivision (2) of subsection (k) of section 21a-420d, as amended by this act, a cultivator licensed under section 21a-420o, including the backer of such cultivator, shall not increase its ownership in an equity joint venture in excess of fifty per cent during the seven-year period after a license is issued by the department under this section. (2) A cultivator licensed under section 21a-420o who satisfies the criteria established in subparagraph (A) of subdivision (2) of subsection (b) of section 21a-420o, including the backer of such cultivator, shall not, except as provided in subdivision (2) of subsection (k) of section 21a- 420d, as amended by this a",,SOURCE_0007,"P.A. 26-8, Sec. 59"
PA2026_008_SEC60,PA2026_008,P.A. 26-8,BILL_2026_HB5350,Sec. 60,2026,2026-05-20,2026-10-01,"October 1, 2026",yes,21a-420l; 21a-420m; 21a-420d,21a-420l,STAT_21A_420L,subsections (b) repealed and substituted,no,,licensing; ownership and control; social equity,cannabis establishments; social equity applicants; state agencies,,the act prints no deleted text for this section,"Subsection (b) of section 21a-420l of the general statutes is repealed and the following is substituted in lieu thereof (Effective October 1, 2026): (b) To obtain approval from the commissioner to engage in expanded activity as described in subsection (a) of this section, a producer shall submit (1) a complete license expansion application on a form prescribed by the commissioner, (2) a medical cannabis preservation plan, to ensure against supply shortages of medical [marijuana] cannabis products, which shall be approved or denied at the commissioner's discretion, (3) payment of a conversion fee of three million dollars, provided, if the producer participates in at least two approved equity joint ventures as described in section 21a-420m, as amended by this act, such fee shall be one million five hundred thousand dollars, (4) a workforce development plan in accordance with requirements d",,SOURCE_0007,"P.A. 26-8, Sec. 60"
PA2026_008_SEC61,PA2026_008,P.A. 26-8,BILL_2026_HB5350,Sec. 61,2026,2026-05-20,2026-10-01,"October 1, 2026",yes,21a-420m; 21a-420,21a-420m,STAT_21A_420M,subsections (b) repealed and substituted,no,,licensing; ownership and control,cannabis establishments; social equity applicants,,the act prints no deleted text for this section,"Subsection (b) of section 21a-420m of the 2026 supplement to the general statutes is repealed and the following is substituted in lieu thereof (Effective October 1, 2026): (b) The equity joint venture shall be in any cannabis establishment licensed business, other than a cultivator license, provided such equity joint venture is at least fifty per cent owned and controlled by an individual or individuals who meet, or the equity joint venture applicant is an individual who meets, the criteria established in subparagraphs (A) and (B) of subdivision [(51)] (54) of section 21a-420, as amended by this act.",,SOURCE_0007,"P.A. 26-8, Sec. 61"
PA2026_008_SEC62,PA2026_008,P.A. 26-8,BILL_2026_HB5350,Sec. 62,2026,2026-05-20,2026-05-20,from passage,no,21a-420m; 21a-420d,21a-420m,STAT_21A_420M,subsections (e) repealed and substituted,no,,licensing; ownership and control,cannabis establishments; social equity applicants,,the act prints no deleted text for this section,"Subsection (e) of section 21a-420m of the 2026 supplement to the general statutes is repealed and the following is substituted in lieu thereof (Effective from passage): (e) [A] Except as provided in subdivision (2) of subsection (k) of section 21a-420d, as amended by this act, a producer, including the backer of such producer, shall not increase its ownership in an equity joint venture in excess of fifty per cent during the seven-year period after a license is issued by the department under this section.",,SOURCE_0007,"P.A. 26-8, Sec. 62"
PA2026_008_SEC63,PA2026_008,P.A. 26-8,BILL_2026_HB5350,Sec. 63,2026,2026-05-20,2026-10-01,"October 1, 2026",yes,21a-420n,21a-420n,STAT_21A_420N,subsections (d) repealed and substituted,no,,testing and laboratories; medical patients and caregivers,cannabis establishments; qualifying patients and caregivers; laboratories; consumers and the general public,,the act prints no deleted text for this section,"Subsection (d) of section 21a-420n of the 2026 supplement to the general statutes is repealed and the following is substituted in lieu thereof (Effective October 1, 2026): (d) A cultivator may sell, transfer or transport its cannabis to a cannabis establishment, research program or cannabis testing laboratory utilizing its own employees or a transporter. A cultivator shall not sell, transfer or deliver to consumers, qualifying patients, [or] qualifying out-of-state patients, caregivers or qualifying out-of-state caregivers, directly or through a delivery service.",,SOURCE_0007,"P.A. 26-8, Sec. 63"
PA2026_008_SEC64,PA2026_008,P.A. 26-8,BILL_2026_HB5350,Sec. 64,2026,2026-05-20,2026-10-01,"October 1, 2026",yes,21a-420p; 21a-420c,21a-420p,STAT_21A_420P,subsections (f) repealed and substituted,no,,testing and laboratories; medical patients and caregivers; licensing; advertising and packaging; enforcement and penalties; agency duties and rulemaking,cannabis establishments; qualifying patients and caregivers; consumers and the general public,,the act prints no deleted text for this section,"Subsections (f) and (g) of section 21a-420p of the 2026 supplement to the general statutes are repealed and the following is substituted in lieu thereof (Effective October 1, 2026): (f) (1) A micro-cultivator may sell cannabis seedlings cultivated at its micro-cultivator establishment directly to consumers, excluding qualifying patients, [and] qualifying out-of-state patients, caregivers and qualifying out-of-state caregivers, solely through delivery by either utilizing a delivery service or its own employees, subject to the requirements of subsection (c) of section 21a-420c, as amended by this act. No cannabis establishment other than a micro-cultivator shall sell cannabis seedlings to consumers, and no cannabis establishment other than a delivery service or a micro-cultivator utilizing its own employees shall deliver cannabis seedlings cultivated and sold by a micro- cultivator to cons",,SOURCE_0007,"P.A. 26-8, Sec. 64"
PA2026_008_SEC65,PA2026_008,P.A. 26-8,BILL_2026_HB5350,Sec. 65,2026,2026-05-20,2026-07-01,"July 1, 2026",yes,21a-420q,21a-420q,STAT_21A_420Q,section repealed and substituted,no,,advertising and packaging; agency duties and rulemaking,cannabis establishments; state agencies,"sixty-three months from July 1, 2021","text the act deletes, printed in square brackets in the enacted act","Section 21a-420q of the 2026 supplement to the general statutes is repealed and the following is substituted in lieu thereof (Effective July 1, 2026): The commissioner shall adopt regulations, in accordance with the provisions of chapter 54, to establish the maximum grow space permitted by a cultivator and micro-cultivator. In adopting such regulations, the commissioner shall seek to ensure an adequate supply of cannabis for the market. Notwithstanding the requirements of sections 4-168 to 4-172, inclusive, in order to effectuate this section, prior to adopting such regulations, the commissioner shall issue policies and procedures to implement the provisions of this section that shall have the force and effect of law. The commissioner shall post all policies and procedures on the department's Internet web site and submit such policies and procedures to the joint standing committee of the",,SOURCE_0007,"P.A. 26-8, Sec. 65"
PA2026_008_SEC66,PA2026_008,P.A. 26-8,BILL_2026_HB5350,Sec. 66,2026,2026-05-20,2026-10-01,"October 1, 2026",yes,21a-420r,21a-420r,STAT_21A_420R,section repealed and substituted,no,,testing and laboratories; medical patients and caregivers; licensing; advertising and packaging; enforcement and penalties; hemp and infused beverages; data and reporting; agency duties and rulemaking,cannabis establishments; laboratories; consumers and the general public,"On and after July 1, 2021, the","text the act deletes, printed in square brackets in the enacted act","Section 21a-420r of the 2026 supplement to the general statutes is repealed and the following is substituted in lieu thereof (Effective October 1, 2026): (a) [On and after July 1, 2021, the] The department may issue or renew a license for a person to be a retailer. No person may act as a retailer or represent that such person is a retailer unless such person has obtained a license from the department pursuant to this section. (b) A retailer may obtain cannabis from a cultivator, micro-cultivator, producer, product packager, food and beverage manufacturer, product manufacturer or transporter or an undeliverable return from a delivery service. A retailer may sell, transport or transfer cannabis or cannabis products to a cannabis establishment, cannabis testing laboratory or research program. A retailer may sell cannabis to a consumer or research program. A retailer may not conduct sales of",,SOURCE_0007,"P.A. 26-8, Sec. 66"
PA2026_008_SEC67,PA2026_008,P.A. 26-8,BILL_2026_HB5350,Sec. 67,2026,2026-05-20,2026-05-20,from passage,no,21a-420s,21a-420s,STAT_21A_420S,subsections (c) to (g) repealed and substituted,no,,medical patients and caregivers; licensing; enforcement and penalties; data and reporting,cannabis establishments; qualifying patients and caregivers,"dispensed by a licensed pharmacist and shall be / or access data in the prescription drug monitoring / on premises for at least eight consecutive hours per calendar week / At all times while a hybrid retailer location is open to the public and a licensed pharmacist is not physically present on premises and available for qualifying patient and caregiver consultations, the / , and (B) conduct remote order entry verification in accordance with regulations adopted by the commissioner pursuant to section 20-576, which remote order entry verification shall only be conducted by a licensed pharmacist in compliance with all remote order entry verification requirements established in regulations adopted by the commissioner pursuant to section 20-576 / employ such pharmacist for at least twenty hours per calendar week, (B) / (5) Each licensed pharmacist who consults with qualifying patients or caregivers shall annually complete not less than five contact hours of continuing professional education, as set forth in section 20-600, related to the cannabis industry, the pharmacy laws of this state or the treatment of debilitating medical conditions, as defined in section 21a- 408. Such contact hours shall be included in, and not be in addition to, the fifteen contact hours required under section 20-600.","text the act deletes, printed in square brackets in the enacted act","Subsections (c) to (g), inclusive, of section 21a-420s of the 2026 supplement to the general statutes are repealed and the following is substituted in lieu thereof (Effective from passage): (c) In addition to conducting general retail sales, a hybrid retailer may sell cannabis and medical marijuana products to qualifying patients and caregivers. Any cannabis or medical marijuana products sold to qualifying patients and caregivers shall be [dispensed by a licensed pharmacist and shall be] recorded in the electronic prescription drug monitoring program, established pursuant to section 21a-254, in real- time or immediately upon completion of the transaction, unless not reasonably feasible for a specific transaction, but in no case longer than one hour after completion of the transaction. Only a licensed pharmacist or dispensary technician under the direction of a licensed pharmacist may upl",,SOURCE_0007,"P.A. 26-8, Sec. 67"
PA2026_008_SEC68,PA2026_008,P.A. 26-8,BILL_2026_HB5350,Sec. 68,2026,2026-05-20,2026-10-01,"October 1, 2026",yes,21a-420s; 21a-420t,21a-420s,STAT_21A_420S,section repealed and substituted,no,,testing and laboratories; medical patients and caregivers; licensing; advertising and packaging; data and reporting,cannabis establishments; laboratories,,the act prints no deleted text for this section,"Section 21a-420s of the 2026 supplement to the general statutes, as amended by section 67 of this act, is repealed and the following is substituted in lieu thereof (Effective October 1, 2026): (a) The department may issue or renew a license for a hybrid retailer. No person may act as a hybrid retailer or represent that such person is a hybrid retailer unless such person has obtained a license from the department pursuant to this section. (b) A hybrid retailer may obtain cannabis from a cultivator, micro- cultivator, producer, product packager, food and beverage manufacturer, product manufacturer or transporter. In addition to the activities authorized under section 21a-420t, as amended by this act, a hybrid retailer may sell, transport or transfer cannabis to a cannabis establishment, cannabis testing laboratory or research program. A hybrid retailer may sell cannabis products to a consu",,SOURCE_0007,"P.A. 26-8, Sec. 68"
PA2026_008_SEC69,PA2026_008,P.A. 26-8,BILL_2026_HB5350,Sec. 69,2026,2026-05-20,2026-10-01,"October 1, 2026",yes,21a-420t,21a-420t,STAT_21A_420T,subsections (a) to (d) repealed and substituted,no,,medical patients and caregivers; licensing; enforcement and penalties,cannabis establishments; qualifying patients and caregivers; state agencies,"on or after September 1, 2021, / After October 1, 2021, qualifying / If all dispensary facilities demonstrate to the department's satisfaction that they are adhering to the real-time upload requirements set forth in subsection (c) of this section prior to October 1, 2021, the commissioner may eliminate the requirement for designated dispensary facilities prior to said date. / On and after September 1, 2021, dispensary / be required to / on and after January 1, 2022, provided the commissioner may authorize dispensary facilities or hybrid retailers to commence delivery services prior to January 1, 2022, upon forty-five days advance written notice, published on the department's Internet web site.","text the act deletes, printed in square brackets in the enacted act","Subsections (a) to (d), inclusive, of section 21a-420t of the 2026 supplement to the general statutes are repealed and the following is substituted in lieu thereof (Effective October 1, 2026): (a) A dispensary facility may apply to the department, on a form and in a manner prescribed by the commissioner, to convert its license to a hybrid retailer license [on or after September 1, 2021,] without applying through the lottery application system. The license conversion application shall require a dispensary facility to submit to, and obtain approval from the department for, a detailed medical preservation plan for how [it] the dispensary facility will prioritize sales and access to medical [marijuana] cannabis products for qualifying patients and qualifying out-of-state patients, including, but not limited to, managing customer traffic flow, preventing supply shortages, providing delivery s",,SOURCE_0007,"P.A. 26-8, Sec. 69"
PA2026_008_SEC70,PA2026_008,P.A. 26-8,BILL_2026_HB5350,Sec. 70,2026,2026-05-20,2026-10-01,"October 1, 2026",yes,21a-420u; 21a-420,21a-420u,STAT_21A_420U,subsections (b) repealed and substituted,no,,ownership and control,cannabis establishments; social equity applicants,,the act prints no deleted text for this section,"Subsection (b) of section 21a-420u of the 2026 supplement to the general statutes is repealed and the following is substituted in lieu thereof (Effective October 1, 2026): (b) Any equity joint venture created under this section shall be created for the development of a cannabis establishment, other than a cultivator, provided such equity joint venture is at least fifty per cent owned and controlled by an individual or individuals who meet, or the equity joint venture applicant is an individual who meets, the criteria established in subparagraphs (A) and (B) of subdivision [(51)] (54) of section 21a-420, as amended by this act.",,SOURCE_0007,"P.A. 26-8, Sec. 70"
PA2026_008_SEC71,PA2026_008,P.A. 26-8,BILL_2026_HB5350,Sec. 71,2026,2026-05-20,2026-05-20,from passage,no,21a-420u; 21a-420d,21a-420u,STAT_21A_420U,subsections (e) repealed and substituted,no,,licensing; ownership and control,cannabis establishments; social equity applicants,,the act prints no deleted text for this section,"Subsection (e) of section 21a-420u of the 2026 supplement to the general statutes is repealed and the following is substituted in lieu thereof (Effective from passage): (e) [A] Except as provided in subdivision (2) of subsection (k) of section 21a-420d, as amended by this act, a dispensary facility, including the backers of such dispensary facility, shall not increase its ownership in an equity joint venture in excess of fifty per cent during the seven- year period after a license is issued by the department under this section.",,SOURCE_0007,"P.A. 26-8, Sec. 71"
PA2026_008_SEC72,PA2026_008,P.A. 26-8,BILL_2026_HB5350,Sec. 72,2026,2026-05-20,2026-10-01,"October 1, 2026",yes,21a-420z,21a-420z,STAT_21A_420Z,subsections (c) repealed and substituted,no,,testing and laboratories; medical patients and caregivers; licensing; ownership and control; home grow and possession; advertising and packaging; enforcement and penalties; agency duties and rulemaking,cannabis establishments; qualifying patients and caregivers; consumers and the general public; state agencies,,the act prints no deleted text for this section,"Subsections (c) and (d) of section 21a-420z of the 2026 supplement to the general statutes are repealed and the following is substituted in lieu thereof (Effective October 1, 2026): (c) A delivery service may (1) deliver cannabis from a micro- cultivator, retailer, or hybrid retailer directly to a consumer, and (2) deliver cannabis and medical [marijuana] cannabis products from a hybrid retailer or dispensary facility directly to a qualifying patient, caregiver, or hospice or other inpatient care facility licensed by the Department of Public Health pursuant to chapter 368v that has protocols for the handling and distribution of cannabis that have been approved by the Department of Consumer Protection. A delivery service may not store or maintain control of cannabis or medical [marijuana] cannabis products for more than twenty-four hours between the point when a consumer, qualifying patie",,SOURCE_0007,"P.A. 26-8, Sec. 72"
PA2026_008_SEC73,PA2026_008,P.A. 26-8,BILL_2026_HB5350,Sec. 73,2026,2026-05-20,2026-07-01,"July 1, 2026",yes,21a-420z,21a-420z,STAT_21A_420Z,subsections (e) repealed and substituted,no,,medical patients and caregivers; licensing; data and reporting; agency duties and rulemaking,consumers and the general public; state agencies,"sixty-three months from July 1, 2021","text the act deletes, printed in square brackets in the enacted act","Subsection (e) of section 21a-420z of the 2026 supplement to the general statutes is repealed and the following is substituted in lieu thereof (Effective July 1, 2026): (e) The commissioner shall adopt regulations, in accordance with chapter 54, to implement the provisions of RERACA. Notwithstanding the requirements of sections 4-168 to 4-172, inclusive, in order to effectuate the purposes of RERACA and protect public health and safety, prior to adopting such regulations the commissioner shall issue policies and procedures to implement the provisions of this section that shall have the force and effect of law. The commissioner shall post all policies and procedures on the department's Internet web site, and submit such policies and procedures to the joint standing committee of the General Assembly having cognizance of matters relating to consumer protection and the Secretary of the State",,SOURCE_0007,"P.A. 26-8, Sec. 73"
PA2026_008_SEC74,PA2026_008,P.A. 26-8,BILL_2026_HB5350,Sec. 74,2026,2026-05-20,2026-10-01,"October 1, 2026",yes,21a-420aa; 21a-420g; 21a-420h,21a-420aa,STAT_21A_420AA,subsections (b) repealed and substituted,no,,ownership and control,not stated in the section head,,the act prints no deleted text for this section,"Subparagraph (A) of subdivision (3) of subsection (b) of section 21a-420aa of the 2026 supplement to the general statutes is repealed and the following is substituted in lieu thereof (Effective October 1, 2026): (A) Such change in ownership or control is allowed under (i) section 21a-420g, as amended by this act, or 21a-420h, as amended by this act, and (ii) any regulation adopted, or policy or procedure issued, pursuant to section 21a-420g, as amended by this act, or 21a-420h, as amended by this act; and",,SOURCE_0007,"P.A. 26-8, Sec. 74"
PA2026_008_SEC75,PA2026_008,P.A. 26-8,BILL_2026_HB5350,Sec. 75,2026,2026-05-20,2026-05-20,from passage,no,21a-420bb; 21a-420g,21a-420bb,STAT_21A_420BB,subsections (b) to (g) repealed and substituted,no,,licensing; ownership and control; social equity; enforcement and penalties,cannabis establishments; social equity applicants; state agencies,,the act prints no deleted text for this section,"Subsections (b) to (g), inclusive, of section 21a-420bb of the 2026 supplement to the general statutes are repealed and the following is substituted in lieu thereof (Effective from passage): (b) During the period beginning July 1, 2025, and ending March 31, 2027, the department shall issue a provisional micro-cultivator license to a social equity applicant pursuant to this section: (1) If the social equity applicant meets the eligibility criteria established in subdivision (1) of subsection (a) of this section; (2) If during the period beginning July 1, 2025, and ending December 31, 2026, the social equity applicant submits to the department, in a form and manner prescribed by the commissioner: (A) A completed micro-cultivator license application and other documentation required to determine eligibility as set forth in subsections (e) to (l), inclusive, of section 21a-420g; (B) A written",,SOURCE_0007,"P.A. 26-8, Sec. 75"
PA2026_008_SEC76,PA2026_008,P.A. 26-8,BILL_2026_HB5350,Sec. 76,2026,2026-05-20,2026-05-20,from passage,no,21a-420cc; 21a-420o,21a-420cc,STAT_21A_420CC,subsections (a) repealed and substituted,no,,licensing; ownership and control; social equity; enforcement and penalties; hemp and infused beverages,cannabis establishments; social equity applicants; state agencies,,the act prints no deleted text for this section,"Subsections (a) and (b) of section 21a-420cc of the 2026 supplement to the general statutes are repealed and the following is substituted in lieu thereof (Effective from passage): (a) During the period beginning January 1, 2026, and ending December 31, 2027, the department shall issue a cultivator license or micro-cultivator license to a social equity applicant, which permits such applicant to locate such applicant's cultivator or micro-cultivator facility outside of a disproportionately impacted area, provided: (1) On or before July 1, 2026, the social equity applicant submits to the department a complete application for a provisional cultivator or micro-cultivator license pursuant to subsection (a) of section 21a-420o; (2) On or before June 30, 2027, the Social Equity Council verifies, pursuant to subdivision (1) of subsection (a) of section 21a-420o, that such applicant meets the crit",,SOURCE_0007,"P.A. 26-8, Sec. 76"
PA2026_008_SEC77,PA2026_008,P.A. 26-8,BILL_2026_HB5350,Sec. 77,2026,2026-05-20,2026-10-01,"October 1, 2026",yes,21a-421d,21a-421d,STAT_21A_421D,subsections (f) repealed and substituted,no,,medical patients and caregivers; advertising and packaging,cannabis establishments; qualifying patients and caregivers,,the act prints no deleted text for this section,"Subsection (f) of section 21a-421d of the general statutes is repealed and the following is substituted in lieu thereof (Effective October 1, 2026): (f) A producer, cultivator or micro-cultivator may sell, transport or transfer cannabis to a product packager, food or beverage manufacturer, product manufacturer, dispensary facility or hybrid retailer for the sale of products to [qualified] qualifying patients, [or] qualifying out-of-state patients, caregivers or qualifying out-of-state caregivers, as applicable, which products shall be labeled ""For Medical Use Only"".",,SOURCE_0007,"P.A. 26-8, Sec. 77"
PA2026_008_SEC78,PA2026_008,P.A. 26-8,BILL_2026_HB5350,Sec. 78,2026,2026-05-20,2026-07-01,"July 1, 2026",yes,21a-421j,21a-421j,STAT_21A_421J,subsections (b) repealed and substituted,no,,testing and laboratories; licensing; advertising and packaging; agency duties and rulemaking,consumers and the general public; state agencies,"sixty-three months from June 22, 2021","text the act deletes, printed in square brackets in the enacted act","Subsection (b) of section 21a-421j of the 2026 supplement to the general statutes is repealed and the following is substituted in lieu thereof (Effective July 1, 2026): (b) The commissioner shall adopt regulations in accordance with chapter 54 to implement the provisions of RERACA. Notwithstanding the requirements of sections 4-168 to 4-172, inclusive, in order to effectuate the purposes of RERACA and protect public health and safety, prior to adopting such regulations the commissioner shall issue policies and procedures to implement the provisions of RERACA that shall have the force and effect of law. The commissioner shall post all policies and procedures on the department's Internet web site and submit such policies and procedures to the joint standing committee of the General Assembly having cognizance of matters relating to consumer protection and the Secretary of the State for post",,SOURCE_0007,"P.A. 26-8, Sec. 78"
PA2026_008_SEC79,PA2026_008,P.A. 26-8,BILL_2026_HB5350,Sec. 79,2026,2026-05-20,2026-10-01,"October 1, 2026",yes,21a-421j; 21a-240,21a-421j,STAT_21A_421J,section repealed and substituted,no,,testing and laboratories; licensing; advertising and packaging; enforcement and penalties; hemp and infused beverages; agency duties and rulemaking,state agencies; hemp businesses,", ""total THC"" / or medical marijuana / (A) cannabis flower or other cannabis plant material with a total THC concentration greater than thirty-five per cent on a dry- weight basis, and (B) / other than cannabis flower and cannabis plant material / subparagraph (B) of / and the department may adjust the percentages set forth in subparagraph (A) or (B) of this subdivision in regulations adopted pursuant to this section for purposes of public health or to address market access or shortage. As used in this subdivision, ""cannabis plant material"" means material from the cannabis plant, as defined in section 21a-279a. / As used in this subdivision, ""cannabis plant material"" has the same meaning as provided in subsection (j) of section 21a-279a.","text the act deletes, printed in square brackets in the enacted act","Section 21a-421j of the 2026 supplement to the general statutes, as amended by section 78 of this act, is repealed and the following is substituted in lieu thereof (Effective October 1, 2026): (a) As used in this section: [, ""total THC""] (1) ""Other cannabis plant material"" (A) means cannabis trim and all parts of any plant or species of the genus cannabis, or any infra specific taxon thereof, excluding a growing plant, and the seeds thereof, and (B) does not include (i) cannabis flower or hemp, as defined in section 22- 61l, as amended by this act, or (ii) an uprooted clone or uprooted cutting of the cannabis plant; and (2) ""Total THC"" has the same meaning as provided in section 21a-240, as amended by this act. (b) The commissioner shall adopt regulations in accordance with chapter 54 to implement the provisions of RERACA. Notwithstanding the requirements of sections 4-168 to 4-172, incl",,SOURCE_0007,"P.A. 26-8, Sec. 79"
PA2026_008_SEC80,PA2026_008,P.A. 26-8,BILL_2026_HB5350,Sec. 80,2026,2026-05-20,2026-07-01,"July 1, 2026",yes,21a-421k,21a-421k,STAT_21A_421K,subsections (b) repealed and substituted,no,,agency duties and rulemaking,consumers and the general public; state agencies,"sixty-three months from June 22, 2021","text the act deletes, printed in square brackets in the enacted act","Subsection (b) of section 21a-421k of the 2026 supplement to the general statutes is repealed and the following is substituted in lieu thereof (Effective July 1, 2026): (b) Notwithstanding the requirements of sections 4-168 to 4-172, inclusive, in order to effectuate the purposes of RERACA and protect public health and safety, prior to adopting such regulations the commissioner shall implement policies and procedures to implement the provisions of RERACA that shall have the force and effect of law. The commissioner shall post all such policies and procedures on the department's Internet web site and submit such policies and procedures to the joint standing committee of the General Assembly having cognizance of matters relating to consumer protection and the Secretary of the State for posting on the eRegulations System, at least fifteen days prior to the effective date of any policy or pr",,SOURCE_0007,"P.A. 26-8, Sec. 80"
PA2026_008_SEC81,PA2026_008,P.A. 26-8,BILL_2026_HB5350,Sec. 81,2026,2026-05-20,2026-10-01,"October 1, 2026",yes,21a-421n,21a-421n,STAT_21A_421N,subsections (a) repealed and substituted,no,,medical patients and caregivers; licensing; advertising and packaging; data and reporting; agency duties and rulemaking,cannabis establishments; qualifying patients and caregivers; consumers and the general public; state agencies,,the act prints no deleted text for this section,"Subsections (a) and (b) of section 21a-421n of the general statutes are repealed and the following is substituted in lieu thereof (Effective October 1, 2026): (a) Each cannabis establishment, licensed pursuant to chapter 420f or the provisions of RERACA shall maintain a record of all cannabis grown, manufactured, wasted and distributed between cannabis establishments and to consumers, qualifying patients, [and] qualifying out-of-state patients, caregivers and qualifying out-of-state caregivers in a form and manner prescribed by the commissioner. The commissioner shall require each cannabis establishment to use an electronic tracking system to monitor the production, harvesting, storage, manufacturing, packaging and labeling, processing, transport, transfer and sale of cannabis from the point of cannabis cultivation inception through the point when the final product is sold to a consumer,",,SOURCE_0007,"P.A. 26-8, Sec. 81"
PA2026_008_SEC82,PA2026_008,P.A. 26-8,BILL_2026_HB5350,Sec. 82,2026,2026-05-20,2026-10-01,"October 1, 2026",yes,21a-421o; 21a-408d; 21a-408l; 21a-408v; 21a-420g; 21a-421n; 21a-422k,21a-421o,STAT_21A_421O,subsections (e) repealed and substituted,no,,medical patients and caregivers; licensing; social equity; enforcement and penalties,cannabis establishments; social equity applicants; consumers and the general public; state agencies,,the act prints no deleted text for this section,"Subsection (e) of section 21a-421o of the general statutes is repealed and the following is substituted in lieu thereof (Effective October 1, 2026): (e) Except as otherwise provided in RERACA, all records maintained or kept on file related to RERACA by the department or the Social Equity Council shall be public records for purposes of the Freedom of Information Act, as defined in section 1-200. In addition to the nondisclosure provisions contained in sections 1-210, 21a-408d, as amended by this act, 21a-408l, as amended by this act, 21a-408v, as amended by this act, 21a-420g, 21a-421n, as amended by this act, 21a- 421p and 21a-422k, as amended by this act, any information related to (1) the physical security plans of a cannabis establishment or the criminal background of individual applicants that is obtained by the department through the licensing process, (2) the supply and distributio",,SOURCE_0007,"P.A. 26-8, Sec. 82"
PA2026_008_SEC83,PA2026_008,P.A. 26-8,BILL_2026_HB5350,Sec. 83,2026,2026-05-20,2026-10-01,"October 1, 2026",yes,21a-421q,21a-421q,STAT_21A_421Q,section repealed and substituted,no,,testing and laboratories; medical patients and caregivers; licensing; enforcement and penalties,qualifying patients and caregivers; consumers and the general public; state agencies,,the act prints no deleted text for this section,"Section 21a-421q of the general statutes is repealed and the following is substituted in lieu thereof (Effective October 1, 2026): (a) Qualifying patients and caregivers registered pursuant to chapter 420f, and qualifying out-of-state patients and qualifying out-of-state caregivers, shall be permitted to purchase cannabis of higher potency, varied dosage form, and in a larger per transaction or per day amount than are generally available for retail purchase, as determined by the commissioner. Such determination, if any, shall be published on the Department of Consumer Protection's Internet web site or included in regulations adopted by the department. (b) Notwithstanding any provision of the general statutes, the sale or delivery of drug paraphernalia to a qualifying patient, [or] qualifying out-of-state patient, caregiver or qualifying out-of-state caregiver or person licensed pursuant ",,SOURCE_0007,"P.A. 26-8, Sec. 83"
PA2026_008_SEC84,PA2026_008,P.A. 26-8,BILL_2026_HB5350,Sec. 84,2026,2026-05-20,2026-10-01,"October 1, 2026",yes,21a-421r,21a-421r,STAT_21A_421R,section repealed and substituted,no,,medical patients and caregivers; licensing,cannabis establishments; qualifying patients and caregivers; state agencies,,the act prints no deleted text for this section,"Section 21a-421r of the general statutes is repealed and the following is substituted in lieu thereof (Effective October 1, 2026): A licensed pharmacist working as an employee at a dispensary facility or hybrid retailer shall transmit dispensing information, in a manner prescribed by the commissioner, on any cannabis sold to a qualifying patient, [or] qualifying out-of-state patient, caregiver or qualifying out-of-state caregiver in real-time or immediately upon completion of the transaction, unless not reasonably feasible for a specific transaction, but in no case longer than one hour after completion of the transaction.",,SOURCE_0007,"P.A. 26-8, Sec. 84"
PA2026_008_SEC85,PA2026_008,P.A. 26-8,BILL_2026_HB5350,Sec. 85,2026,2026-05-20,2026-10-01,"October 1, 2026",yes,21a-421s; 21a-425,21a-421s,STAT_21A_421S,section repealed and substituted,no,,licensing; ownership and control; advertising and packaging; taxation and revenue; enforcement and penalties; hemp and infused beverages,cannabis establishments; consumers and the general public; hemp businesses,": (1) ""Container"" (A) / or legacy infused beverage, / or legacy infused beverage; and (2) ""Legacy infused beverage"" has the same meaning as provided in section 21a-425. / and legacy infused beverage container / October 1, 2024, and every six months thereafter / and legacy infused beverage container / and legacy infused beverage sales","text the act deletes, printed in square brackets in the enacted act","Section 21a-421s of the general statutes is repealed and the following is substituted in lieu thereof (Effective October 1, 2026): (a) For the purposes of this section, [: (1) ""Container"" (A)] ""container"" (1) means an object that is offered, intended for sale or sold to a consumer and directly contains an infused beverage, [or legacy infused beverage,] and [(B)] (2) does not include an object or packaging that indirectly contains, or contains in bulk for transportation purposes, an infused beverage. [or legacy infused beverage; and (2) ""Legacy infused beverage"" has the same meaning as provided in section 21a-425.] (b) A fee of one dollar shall be assessed by a dispensary facility, hybrid retailer or retailer on each infused beverage container [and legacy infused beverage container] sold by such cannabis establishment. Such fee shall not be subject to any sales tax or treated as income pu",,SOURCE_0007,"P.A. 26-8, Sec. 85"
PA2026_008_SEC86,PA2026_008,P.A. 26-8,BILL_2026_HB5350,Sec. 86,2026,2026-05-20,2026-10-01,"October 1, 2026",yes,21a-421aa,21a-421aa,STAT_21A_421AA,subsections (c) repealed and substituted,no,,medical patients and caregivers,cannabis establishments; qualifying patients and caregivers; consumers and the general public; state agencies,,the act prints no deleted text for this section,"Subsection (c) of section 21a-421aa of the general statutes is repealed and the following is substituted in lieu thereof (Effective October 1, 2026): (c) A retailer or hybrid retailer shall not knowingly sell to a consumer more than one ounce of cannabis or the equivalent amount of cannabis products or combination of cannabis and cannabis products, as set forth in subsection (i) of section 21a-279a, per day, except that a hybrid retailer or dispensary facility may sell up to five ounces of cannabis or the equivalent amount of cannabis products or combination of cannabis and cannabis products to a qualifying patient or caregiver, or a qualifying out-of-state patient or qualifying out-of-state caregiver, per day. Notwithstanding the requirements of sections 4-168 to 4-172, inclusive, to avoid cannabis supply shortages or address a public health and safety concern, the commissioner may set ",,SOURCE_0007,"P.A. 26-8, Sec. 86"
PA2026_008_SEC87,PA2026_008,P.A. 26-8,BILL_2026_HB5350,Sec. 87,2026,2026-05-20,2026-10-01,"October 1, 2026",yes,21a-421bb,21a-421bb,STAT_21A_421BB,subsections (b) repealed and substituted,no,,medical patients and caregivers; licensing; advertising and packaging; enforcement and penalties,cannabis establishments; consumers and the general public,"(9) Except for dispensary facilities and hybrid retailers, exhibit within or upon the outside of the facility used in the operation of a cannabis establishment, or include in any advertisement, the word ""dispensary"" or any variation of such term or any other words, displays or symbols indicating that such store, shop or place of business is a dispensary;","text the act deletes, printed in square brackets in the enacted act","Subsection (b) of section 21a-421bb of the 2026 supplement to the general statutes is repealed and the following is substituted in lieu thereof (Effective October 1, 2026): (b) Except as provided in subsection (d) of this section, cannabis establishments shall not: (1) Advertise, including, but not limited to, through a business name or logo, cannabis, cannabis paraphernalia or goods or services related to cannabis: (A) In ways that target or are designed to appeal to individuals under twenty-one years of age, including, but not limited to, spokespersons or celebrities who appeal to individuals under the legal age to purchase cannabis or cannabis products, depictions of a person under twenty-five years of age consuming cannabis, or, the inclusion of objects, such as toys, characters or cartoon characters, suggesting the presence of a person under twenty-one years of age, or any other dep",,SOURCE_0007,"P.A. 26-8, Sec. 87"
PA2026_008_SEC88,PA2026_008,P.A. 26-8,BILL_2026_HB5350,Sec. 88,2026,2026-05-20,2026-10-01,"October 1, 2026",yes,21a-420; 21a-240,21a-420,STAT_21A_420,section repealed and substituted,no,,enforcement and penalties,consumers and the general public,,the act prints no deleted text for this section,"Section 21a-421ddd of the general statutes is repealed and the following is substituted in lieu thereof (Effective October 1, 2026): Any person twenty-three years of age or older who sells, delivers or gives cannabis, as defined in section [21a-420] 21a-240, as amended by this act, to any person under twenty-one years of age, and who knew or should have known that such person was under twenty-one years of age, shall be guilty of a class A misdemeanor.",,SOURCE_0007,"P.A. 26-8, Sec. 88"
PA2026_008_SEC89,PA2026_008,P.A. 26-8,BILL_2026_HB5350,Sec. 89,2026,2026-05-20,2026-10-01,"October 1, 2026",yes,21a-422g,21a-422g,STAT_21A_422G,subsections (a) repealed and substituted,no,,licensing; advertising and packaging; municipal authority; enforcement and penalties,cannabis establishments; municipalities,,the act prints no deleted text for this section,"Subsection (a) of section 21a-422g of the general statutes is repealed and the following is substituted in lieu thereof (Effective October 1, 2026): (a) Upon the petition of not less than ten per cent of the electors of any municipality, lodged with the town clerk at least sixty days before the date of any regular election, as defined in section 9-1, the selectmen of the municipality shall warn the electors of such municipality that, at such regular election, a vote shall be taken to determine: (1) Whether or not the recreational sale of [marijuana] cannabis shall be permitted in such municipality, or (2) whether the sale of [marijuana] cannabis shall be permitted in such municipality in one or more of the classes of license of cannabis establishments. The ballot label designations in a vote upon the question of cannabis establishment license shall be ""Shall the sale of recreational [mar",,SOURCE_0007,"P.A. 26-8, Sec. 89"
PA2026_008_SEC90,PA2026_008,P.A. 26-8,BILL_2026_HB5350,Sec. 90,2026,2026-05-20,2026-10-01,"October 1, 2026",yes,21a-422k; 21a-420,21a-422k,STAT_21A_422K,section repealed and substituted,no,,licensing; ownership and control; social equity; enforcement and penalties,cannabis establishments,,the act prints no deleted text for this section,"Section 21a-422k of the general statutes is repealed and the following is substituted in lieu thereof (Effective October 1, 2026): (a) For purposes of this section: (1) ""Material change"" means: (A) The addition of a backer, (B) a change in the ownership interest of an existing backer, (C) the merger, consolidation or other affiliation of a cannabis establishment with another cannabis establishment, (D) the acquisition of all or part of a cannabis establishment by another cannabis establishment or backer, and (E) the transfer of assets or security interests from a cannabis establishment to another cannabis establishment or backer; (2) ""Cannabis establishment"" has the same meaning as provided in section 21a-420, as amended by this act; (3) ""Person"" has the same meaning as provided in section 21a-420, as amended by this act; and (4) ""Transfer"" means to sell, transfer, lease, exchange, optio",,SOURCE_0007,"P.A. 26-8, Sec. 90"
PA2026_008_SEC91,PA2026_008,P.A. 26-8,BILL_2026_HB5350,Sec. 91,2026,2026-05-20,2026-10-01,"October 1, 2026",yes,21a-422l; 21a-420; 21a-240; 19a-342a,21a-422l,STAT_21A_422L,subsections (a) repealed and substituted,no,,home grow and possession,consumers and the general public,,the act prints no deleted text for this section,"Subsection (a) of section 21a-422l of the general statutes is repealed and the following is substituted in lieu thereof (Effective October 1, 2026): (a) As used in this section, ""cannabis"" has the same meaning as provided in section [21a-420] 21a-240, as amended by this act, and ""electronic cannabis delivery system"" and ""vapor product"" have the same meanings as provided in section 19a-342a, as amended by this act. No hotel, motel or similar lodging shall prohibit the legal possession or consumption of cannabis in any nonpublic area of such hotel, motel or similar lodging.",,SOURCE_0007,"P.A. 26-8, Sec. 91"
PA2026_008_SEC92,PA2026_008,P.A. 26-8,BILL_2026_HB5350,Sec. 92,2026,2026-05-20,2026-10-01,"October 1, 2026",yes,21a-422m; 21a-420; 21a-240,21a-422m,STAT_21A_422M,section repealed and substituted,no,,uncategorized,not stated in the section head,,the act prints no deleted text for this section,"Section 21a-422m of the general statutes is repealed and the following is substituted in lieu thereof (Effective October 1, 2026): As used in this section, ""hospital"" has the same meaning as provided in section 19a-490 and ""cannabis"" has the same meaning as provided in section [21a-420] 21a-240, as amended by this act. No hospital shall be required to allow a patient to use cannabis while at such hospital. A hospital may have a policy that sets forth restrictions patients shall follow regarding cannabis use.",,SOURCE_0007,"P.A. 26-8, Sec. 92"
PA2026_008_SEC93,PA2026_008,P.A. 26-8,BILL_2026_HB5350,Sec. 93,2026,2026-05-20,2026-10-01,"October 1, 2026",yes,21a-425; 21a-425a; 21a-425b; 21a-425e; 21a-425f; 21a-240; 21a-420; 21a-408,21a-425,STAT_21A_425,section repealed and substituted,no,,testing and laboratories; licensing; advertising and packaging; enforcement and penalties; hemp and infused beverages; agency duties and rulemaking,cannabis establishments; laboratories; state agencies,"means marijuana, as defined / three milligrams / (21) ""Legacy infused beverage"" means a beverage that (A) is not an alcoholic beverage, (B) is intended for human consumption, (C) contains, or is advertised, labeled or offered for sale as containing, THC, and (D) as of June 30, 2024, is in compliance with (i) the provisions of RERACA, and (ii) the policies and procedures issued by the Commissioner of Consumer Protection to implement, and any regulations adopted pursuant to, RERACA;","text the act deletes, printed in square brackets in the enacted act","Section 21a-425 of the 2026 supplement to the general statutes is repealed and the following is substituted in lieu thereof (Effective October 1, 2026): For the purposes of this section, sections 21a-425a, as amended by this act, 21a-425b, as amended by this act, 21a-425e, as amended by this act, and 21a-425f, as amended by this act: (1) ""Alcoholic beverage"" has the same meaning as provided in section 30-1, as amended by this act; (2) ""Cannabis"" [means marijuana, as defined] has the same meaning as provided in section 21a-240, as amended by this act; (3) ""Cannabis establishment"" has the same meaning as provided in section 21a-420, as amended by this act; (4) ""Cannabis product"" has the same meaning as provided in section 21a-420, as amended by this act; (5) ""Cannabis testing laboratory"" has the same meaning as provided in section 21a-408, as amended by this act; (6) ""Commissioner"" means t",,SOURCE_0007,"P.A. 26-8, Sec. 93"
PA2026_008_SEC94,PA2026_008,P.A. 26-8,BILL_2026_HB5350,Sec. 94,2026,2026-05-20,2026-10-01,"October 1, 2026",yes,21a-425a; 22-61m; 22-61n,21a-425a,STAT_21A_425A,section repealed and substituted,no,,testing and laboratories; licensing; advertising and packaging; municipal authority; enforcement and penalties; hemp and infused beverages; agency duties and rulemaking,consumers and the general public; state agencies; hemp businesses,", on or after October 1, 2024, / , beginning on October 1, 2024, / Beginning on October 1, 2024, no / (2) Beginning on October 1, 2024, no / oil: (A) Is derived from hemp; (B) / (3) Beginning on October 1, 2024, each / Beginning on October 1, 2024, no / Beginning on October 1, 2024, each / Beginning on October 1, 2024, no / Beginning on October 1, 2024, no / Beginning on October 1, 2024, each / Beginning on October 1, 2024, no / (h) Beginning on October 1, 2024, the / (i) Beginning on October 1, 2024, each / (j) Beginning on October 1, 2024, if / (l) Beginning on October 1, 2024, and following / (m) Beginning on October 1, 2024, the","text the act deletes, printed in square brackets in the enacted act","Section 21a-425a of the 2026 supplement to the general statutes is repealed and the following is substituted in lieu thereof (Effective October 1, 2026): (a) Notwithstanding the provisions of sections 22-61m, as amended by this act, and 22-61n, as amended by this act, and except as provided in subsection (c) of this section, no person shall [, on or after October 1, 2024,] manufacture any infused beverage that is intended to be sold or offered for sale in this state unless such person has received an infused beverage manufacturer license issued by the Commissioner of Consumer Protection pursuant to this section. (b) A person seeking an infused beverage manufacturer license under this section shall submit to the Department of Consumer Protection, in a form and manner prescribed by the Commissioner of Consumer Protection, an application accompanied by an application fee in the amount of fi",,SOURCE_0007,"P.A. 26-8, Sec. 94"
PA2026_008_SEC95,PA2026_008,P.A. 26-8,BILL_2026_HB5350,Sec. 95,2026,2026-05-20,2026-10-01,"October 1, 2026",yes,21a-425b; 21a-425a; 21a-409; 21a-420s; 21a-420r,21a-425b,STAT_21A_425B,subsections (b) repealed and substituted,no,,licensing; advertising and packaging; enforcement and penalties; hemp and infused beverages,cannabis establishments; hemp businesses,"Beginning on October 1, 2024, no / Beginning on July 1, 2024, no / Beginning on October 1, 2024, no / (d) Notwithstanding the provisions of subsections (a) to (c), inclusive, of this section, a dispensary facility, hybrid retailer, retailer or package store that has received a waiver from the Commissioner of Consumer Protection under section 21a-425d may, during the period beginning on July 1, 2024, and ending on September 30, 2024, sell legacy infused beverages in accordance with such waiver and the requirements set forth in section 21a-425d.","text the act deletes, printed in square brackets in the enacted act","Section 21a-425b of the general statutes is repealed and the following is substituted in lieu thereof (Effective October 1, 2026): (a) (1) [Beginning on October 1, 2024, no] No infused beverage shall be sold, offered for sale or distributed in this state unless: (A) The infused beverage is sold or offered for sale (i) on premises operating under a package store permit issued pursuant to subsection (b) of section 30-20, as amended by this act, [or] (ii) at a dispensary facility, hybrid retailer or retailer, or (iii) on the premises of an infused beverage manufacturer under subdivision (2) of subsection (h) of section 21a-425a, as amended by this act; (B) If the infused beverage is sold at a dispensary facility, hybrid retailer or retailer, the infused beverage is stored and displayed separately from any cannabis, in the same manner provided for manufacturer hemp products, in accordance wi",,SOURCE_0007,"P.A. 26-8, Sec. 95"
PA2026_008_SEC96,PA2026_008,P.A. 26-8,BILL_2026_HB5350,Sec. 96,2026,2026-05-20,2026-10-01,"October 1, 2026",yes,21a-425e,21a-425e,STAT_21A_425E,subsections (f) repealed and substituted,no,,licensing; ownership and control; advertising and packaging; taxation and revenue; enforcement and penalties; hemp and infused beverages,cannabis establishments; consumers and the general public; state agencies; hemp businesses,"Beginning on October 1, 2025, and every six months thereafter","text the act deletes, printed in square brackets in the enacted act","Subsection (f) of section 21a-425e of the 2026 supplement to the general statutes is repealed and the following is substituted in lieu thereof (Effective October 1, 2026): (f) Each infused beverage wholesaler shall assess a fee of one dollar on each infused beverage container sold to the holder of a package store permit issued under subsection (b) of section 30-20, as amended by this act, or to a retailer, hybrid retailer or dispensary facility. Such fee shall not be subject to any sales tax or treated as income pursuant to any provision of the general statutes. [Beginning on October 1, 2025, and every six months thereafter] On the first days of October and April, annually, each infused beverage wholesaler shall remit payment to the Department of Consumer Protection for each infused beverage container sold during the preceding six-month period. The funds received by the department from i",,SOURCE_0007,"P.A. 26-8, Sec. 96"
PA2026_008_SEC97,PA2026_008,P.A. 26-8,BILL_2026_HB5350,Sec. 97,2026,2026-05-20,2026-10-01,"October 1, 2026",yes,21a-425f,21a-425f,STAT_21A_425F,subsections (a) repealed and substituted,no,,licensing; advertising and packaging; hemp and infused beverages,consumers and the general public; state agencies; hemp businesses,"On and after January 1, 2026, no / Beginning on January 1, 2026, an","text the act deletes, printed in square brackets in the enacted act","Subsections (a) and (b) of section 21a-425f of the 2026 supplement to the general statutes are repealed and the following is substituted in lieu thereof (Effective October 1, 2026): (a) [On and after January 1, 2026, no] No person shall manufacture a high-THC beverage in this state unless such person is an infused beverage manufacturer that has received a high-THC beverage endorsement issued by the Commissioner of Consumer Protection pursuant to this section. A high-THC beverage endorsement shall authorize the infused beverage manufacturer to manufacture high-THC beverages for sale exclusively outside of this state. No infused beverage manufacturer shall advertise, offer or sell any high-THC beverage in this state or offer or sell any high-THC beverage directly to any individual. An infused beverage manufacturer shall verify that purchasers of high- THC beverages intend to engage in the ",,SOURCE_0007,"P.A. 26-8, Sec. 97"
PA2026_008_SEC98,PA2026_008,P.A. 26-8,BILL_2026_HB5350,Sec. 98,2026,2026-05-20,2026-10-01,"October 1, 2026",yes,21a-426; 21a-240; 21a-425,21a-426,STAT_21A_426,subsections (a) repealed and substituted,no,,enforcement and penalties; hemp and infused beverages,hemp businesses,", or (ii) a legacy infused beverage, as defined in section 21a-425;","text the act deletes, printed in square brackets in the enacted act","Subdivision (7) of subsection (a) of section 21a-426 of the 2026 supplement to the general statutes is repealed and the following is substituted in lieu thereof (Effective October 1, 2026): (7) ""Moderate-THC hemp product"" (A) means a manufacturer hemp product that has a total THC, as defined in section 21a-240, as amended by this act, concentration of not less than one-half of one milligram, and not more than five milligrams, on a per-container basis, and (B) does not include [(i)] an infused beverage, as defined in section 21a-425, as amended by this act; [, or (ii) a legacy infused beverage, as defined in section 21a-425;] and",,SOURCE_0007,"P.A. 26-8, Sec. 98"
PA2026_008_SEC99,PA2026_008,P.A. 26-8,BILL_2026_HB5350,Sec. 99,2026,2026-05-20,2026-05-20,from passage,no,22-61l; 22-61m,22-61l,STAT_22_61L,section repealed and substituted,no,,testing and laboratories; ownership and control; advertising and packaging; enforcement and penalties; hemp and infused beverages,hemp businesses,"(15) ""Marijuana"" has the same meaning as provided in section 21a- 240; / , as defined in section 21a-425;","text the act deletes, printed in square brackets in the enacted act","Section 22-61l of the general statutes is repealed and the following is substituted in lieu thereof (Effective from passage): (a) For the purpose of this section and section 22-61m, as amended by this act, the following terms have the same meaning as provided in 7 CFR 990.1, as amended from time to time: ""Acceptable hemp THC level"", ""Agricultural marketing service"", ""Audit"", ""Cannabis"", ""Conviction"", ""Corrective action plan"", ""Culpable mental state greater than negligence"", ""Decarboxylated"", ""Decarboxylation"", ""Disposal"", ""Dry weight basis"", ""Gas chromatography"", ""Geospatial location"", ""Handle"", ""Liquid chromatography"", ""Immature plants"", ""Information sharing system"", ""Measurement of uncertainty"", ""Negligence"", ""Phytocannabinoid"", ""Postdecarboxylation"", ""Remediation"", ""Reverse distributor"" and ""Total THC"". In addition, for the purpose of this section, [and] section 22-61m, as amended by ",,SOURCE_0007,"P.A. 26-8, Sec. 99"
PA2026_008_SEC100,PA2026_008,P.A. 26-8,BILL_2026_HB5350,Sec. 100,2026,2026-05-20,2026-05-20,from passage,no,21a-240; 21a-420,21a-240,STAT_21A_240,NEW section,no,,testing and laboratories; enforcement and penalties; hemp and infused beverages; agency duties and rulemaking,cannabis establishments; consumers and the general public; state agencies,,the act prints no deleted text for this section,"(NEW) (Effective from passage) (a) As used in this section: (1) ""Approved manufactured cannabinoid"" means a manufactured cannabinoid, as defined in section 21a-240 of the general statutes, as amended by this act, that has been approved by the Department of Consumer Protection and posted on the department's Internet web site; (2) ""Cannabis product"" has the same meaning as provided in section 21a-420 of the general statutes, as amended by this act; (3) ""Cultivator"" has the same meaning as provided in section 21a-420 of the general statutes, as amended by this act; (4) ""Food and beverage manufacturer"" has the same meaning as provided in section 21a-420 of the general statutes, as amended by this act; (5) ""Micro-cultivator"" has the same meaning as provided in section 21a-420 of the general statutes, as amended by this act; and (6) ""Product manufacturer"" has the same meaning as provided in se",,SOURCE_0007,"P.A. 26-8, Sec. 100"
PA2026_008_SEC101,PA2026_008,P.A. 26-8,BILL_2026_HB5350,Sec. 101,2026,2026-05-20,2026-05-20,from passage,no,NEW SECTION (codification not stated in the act),NEW SECTION (codification not stated in the act),,NEW section,no,,advertising and packaging; enforcement and penalties,not stated in the section head,,the act prints no deleted text for this section,"(NEW) (Effective from passage) No provision of chapter 424 of the general statutes shall be construed to authorize the interstate transportation of any product in violation of federal law, including, but not limited to, the United States Agricultural Marketing Act of 1946, 7 USC 1639o et seq., as amended from time to time.",,SOURCE_0007,"P.A. 26-8, Sec. 101"
PA2026_008_SEC102,PA2026_008,P.A. 26-8,BILL_2026_HB5350,Sec. 102,2026,2026-05-20,2026-05-20,from passage,no,22-61m,22-61m,STAT_22_61M,subsections (r) repealed and substituted,no,,testing and laboratories; advertising and packaging; hemp and infused beverages; agency duties and rulemaking,laboratories; consumers and the general public; state agencies; hemp businesses,,the act prints no deleted text for this section,"Subsection (r) of section 22-61m of the 2026 supplement to the general statutes is repealed and the following is substituted in lieu thereof (Effective from passage): (r) The Commissioner of Consumer Protection may adopt regulations, in accordance with the provisions of chapter 54, to implement the provisions of this section including, but not limited to, establishing sampling and testing procedures to ensure compliance with this section, prescribing storage and disposal procedures for hemp, [marijuana] cannabis and manufacturer hemp products that fail to pass Department of Consumer Protection prescribed independent testing laboratory testing standards and establishing advertising and labeling requirements for manufacturer hemp products.",,SOURCE_0007,"P.A. 26-8, Sec. 102"
PA2026_008_SEC103,PA2026_008,P.A. 26-8,BILL_2026_HB5350,Sec. 103,2026,2026-05-20,2026-05-20,from passage,no,22-61n; 21a-420; 22-61l; 21a-425,22-61n,STAT_22_61N,section repealed and substituted,no,,testing and laboratories; home grow and possession; advertising and packaging; hemp and infused beverages,cannabis establishments; hemp businesses,or food and beverage manufacturer / or food and beverage manufacturer / and food and beverage manufacturer,"text the act deletes, printed in square brackets in the enacted act","Section 22-61n of the general statutes is repealed and the following is substituted in lieu thereof (Effective from passage): (a) As used in this section: (1) ""Cannabis product"" has the same meaning as provided in section 21a-420, as amended by this act; [(1)] (2) ""Cultivator"" has the same meaning as provided in section 21a- 420, as amended by this act; (3) ""Food and beverage manufacturer"" has the same meaning as provided in section 21a-420, as amended by this act; [(2)] (4) ""Hemp"" has the same meaning as provided in section 22-61l, as amended by this act; [(3)] (5) ""Hemp products"" has the same meaning as provided in section 22-61l, as amended by this act; (6) ""Infused beverage"" has the same meaning as provided in section 21a-425, as amended by this act; (7) ""Manufacturer"" has the same meaning as provided in section 22- 61l, as amended by this act; [(4)] (8) ""Micro-cultivator"" has the sa",,SOURCE_0007,"P.A. 26-8, Sec. 103"
PA2026_008_SEC105,PA2026_008,P.A. 26-8,BILL_2026_HB5350,Sec. 105,2026,2026-05-20,2026-10-01,"October 1, 2026",yes,21a-425,21a-425,STAT_21A_425,subsections (a) to (c) repealed and substituted,no,,licensing; ownership and control; advertising and packaging; taxation and revenue; enforcement and penalties; hemp and infused beverages,hemp businesses,": (1) ""Container"" / ; and (2) ""Infused beverage"" has the same meaning as provided in section 21a-425. / 2, 2025, and every six months thereafter","text the act deletes, printed in square brackets in the enacted act","Subsections (a) to (c), inclusive, of section 30-17d of the general statutes are repealed and the following is substituted in lieu thereof (Effective October 1, 2026): (a) For the purposes of this section, [: (1) ""Container""] ""container"" has the same meaning as provided in section 21a-425, as amended by this act. [; and (2) ""Infused beverage"" has the same meaning as provided in section 21a-425.] (b) A fee of one dollar shall be assessed by the holder of a wholesaler permit or a wholesaler permit for beer issued under section 30-17 on each infused beverage container sold to the holder of a package store permit issued under subsection (b) of section 30-20, as amended by this act. Such fee shall not be subject to any sales tax or treated as income pursuant to any provision of the general statutes. (c) On the second days of January [2, 2025, and every six months thereafter] and July, annuall",,SOURCE_0007,"P.A. 26-8, Sec. 105"
PA2026_008_SEC108,PA2026_008,P.A. 26-8,BILL_2026_HB5350,Sec. 108,2026,2026-05-20,2026-10-01,"October 1, 2026",yes,21a-425,21a-425,STAT_21A_425,subsections (e) repealed and substituted,no,,enforcement and penalties; hemp and infused beverages,hemp businesses,"or legacy infused beverages, / such terms are","text the act deletes, printed in square brackets in the enacted act","Subsection (e) of section 30-63 of the general statutes is repealed and the following is substituted in lieu thereof (Effective October 1, 2026): (e) The provisions of this section shall not apply to the sale or distribution of infused beverages, [or legacy infused beverages,] as [such terms are] defined in section 21a-425, as amended by this act.",,SOURCE_0007,"P.A. 26-8, Sec. 108"
PA2026_008_SEC109,PA2026_008,P.A. 26-8,BILL_2026_HB5350,Sec. 109,2026,2026-05-20,2026-10-01,"October 1, 2026",yes,21a-240,21a-240,STAT_21A_240,subsections (a) repealed and substituted,no,,enforcement and penalties,not stated in the section head,"means marijuana, as defined","text the act deletes, printed in square brackets in the enacted act","Subdivision (6) of subsection (a) of section 31-40q of the general statutes is repealed and the following is substituted in lieu thereof (Effective October 1, 2026): (6) ""Cannabis"" [means marijuana, as defined] has the same meaning as provided in section 21a-240, as amended by this act;",,SOURCE_0007,"P.A. 26-8, Sec. 109"
PA2026_008_SEC110,PA2026_008,P.A. 26-8,BILL_2026_HB5350,Sec. 110,2026,2026-05-20,2026-10-01,"October 1, 2026",yes,21a-240; 21a-408,21a-240,STAT_21A_240,section repealed and substituted,no,,medical patients and caregivers; advertising and packaging; ombudsman; agency duties and rulemaking,qualifying patients and caregivers,"(2) ""Marijuana"" has the same meaning as provided in section 21a- 240;","text the act deletes, printed in square brackets in the enacted act","Section 38a-1052 of the general statutes is repealed and the following is substituted in lieu thereof (Effective October 1, 2026): (a) For the purposes of this section: (1) ""Cannabis"" has the same meaning as provided in section 21a-240, as amended by this act; [(1)] (2) ""Caregiver"" has the same meaning as provided in section 21a- 408, as amended by this act; [(2) ""Marijuana"" has the same meaning as provided in section 21a- 240;] (3) ""Palliative use"" has the same meaning as provided in section 21a- 408, as amended by this act; and (4) ""Qualifying patient"" has the same meaning as provided in section 21a-408, as amended by this act. (b) There is established, within available appropriations, an Office of the Cannabis Ombudsman, which shall be within the Office of the Healthcare Advocate for administrative purposes only. The Office of the Cannabis Ombudsman shall be under the direction of a C",,SOURCE_0007,"P.A. 26-8, Sec. 110"
PA2026_008_SEC111,PA2026_008,P.A. 26-8,BILL_2026_HB5350,Sec. 111,2026,2026-05-20,2026-10-01,"October 1, 2026",yes,21a-420; 21a-240,21a-420,STAT_21A_420,section repealed and substituted,no,,enforcement and penalties,not stated in the section head,,the act prints no deleted text for this section,"Section 53-247a of the general statutes is repealed and the following is substituted in lieu thereof (Effective October 1, 2026): Any person who provides cannabis, as defined in section [21a-420] 21a-240, as amended by this act, to a domesticated animal, shall be guilty of a class C misdemeanor.",,SOURCE_0007,"P.A. 26-8, Sec. 111"
PA2026_008_SEC112,PA2026_008,P.A. 26-8,BILL_2026_HB5350,Sec. 112,2026,2026-05-20,2026-10-01,"October 1, 2026",yes,21a-420; 21a-240,21a-420,STAT_21A_420,subsections (a) repealed and substituted,no,,ownership and control; home grow and possession; municipal authority; enforcement and penalties,consumers and the general public; municipalities,,the act prints no deleted text for this section,"Subsection (a) of section 53a-213a of the 2026 supplement to the general statutes is repealed and the following is substituted in lieu thereof (Effective October 1, 2026): (a) A person is guilty of smoking, otherwise inhaling or ingesting cannabis, as defined in section [21a-420] 21a-240, as amended by this act, while operating a motor vehicle when he or she smokes, otherwise inhales or ingests cannabis, as defined in section [21a-420] 21a-240, as amended by this act, while operating a motor vehicle upon a public highway of this state or upon any road of any specially chartered municipal association or of any district organized under the provisions of chapter 105, a purpose of which is the construction and maintenance of roads and sidewalks, or in any parking area for ten cars or more, or upon any private road on which a speed limit has been established in accordance with the provisions ",,SOURCE_0007,"P.A. 26-8, Sec. 112"
PA2026_008_SEC113,PA2026_008,P.A. 26-8,BILL_2026_HB5350,Sec. 113,2026,2026-05-20,2026-10-01,"October 1, 2026",yes,21a-420; 21a-240,21a-420,STAT_21A_420,subsections (a) repealed and substituted,no,,ownership and control; home grow and possession; municipal authority; enforcement and penalties,consumers and the general public; municipalities,,the act prints no deleted text for this section,"Subsection (a) of section 53a-213b of the 2026 supplement to the general statutes is repealed and the following is substituted in lieu thereof (Effective October 1, 2026): (a) A person is guilty of smoking or otherwise inhaling or ingesting cannabis, as defined in section [21a-420] 21a-240, as amended by this act, in a motor vehicle when he or she smokes or otherwise inhales or ingests cannabis in a motor vehicle that is being operated by another person upon a public highway of this state or upon any road of any specially chartered municipal association or of any district organized under the provisions of chapter 105, a purpose of which is the construction and maintenance of roads and sidewalks, or in any parking area for ten cars or more, or upon any private road on which a speed limit has been established in accordance with the provisions of section 14-218a or upon any school property.",,SOURCE_0007,"P.A. 26-8, Sec. 113"
PA2026_008_SEC114,PA2026_008,P.A. 26-8,BILL_2026_HB5350,Sec. 114,2026,2026-05-20,2026-05-20,from passage,no,,,,amends or references,no,,licensing; advertising and packaging,cannabis establishments; consumers and the general public; state agencies,,the act prints no deleted text for this section,"(Effective from passage) Not later than January 1, 2027, the Commissioner of Consumer Protection shall submit a report, in accordance with the provisions of section 11-4a of the general statutes, to the joint standing committee of the General Assembly having cognizance of matters relating to consumer protection recommending legislation to establish a micro-retailer license in the state's adult use cannabis market.",,SOURCE_0007,"P.A. 26-8, Sec. 114"
PA2026_008_SEC115,PA2026_008,P.A. 26-8,BILL_2026_HB5350,Sec. 115,2026,2026-05-20,2026-10-01,"October 1, 2026",yes,21a-425c; 21a-425d,21a-425c,STAT_21A_425C,amends or references,no,,uncategorized,not stated in the section head,,the act prints no deleted text for this section,"Sections 21a-425c and 21a-425d of the general statutes are repealed. (Effective October 1, 2026) Governor's Action: Approved May 20, 2026",,SOURCE_0007,"P.A. 26-8, Sec. 115"
PA2026_100_SEC11,PA2026_100,P.A. 26-100,BILL_2026_HB5222,Sec. 11,2026,2026-06-02,2026-07-01,"July 1, 2026",yes,21a-430,21a-430,STAT_21A_430,subsections (a) repealed and substituted,no,,uncategorized,consumers and the general public; state agencies,,the act prints no deleted text for this section,"Subsection (a) of section 21a-430 of the 2026 supplement to the general statutes is repealed and the following is substituted in lieu thereof (Effective July 1, 2026): (a) No person shall place or cause to be placed in a public place a donation bin for the donation of clothing or other articles unless (1) such person obtains advance written consent from the owner of such public place, or such owner's duly authorized agent, to place such donation bin, or cause such bin to be placed, in such public place, and (2) such bin contains a notice, in block letters at least two inches high, stating, (A) if the donation is for a charitable purpose, (i) the name of the nonprofit organization that will benefit from the donation, (ii) the charity registration number the Department of Consumer Protection issued to the nonprofit organization, (iii) the name and contact information of the owner of such b",,SOURCE_0008,"P.A. 26-100, Sec. 11"
PA2026_100_SEC33,PA2026_100,P.A. 26-100,BILL_2026_HB5222,Sec. 33,2026,2026-06-02,2027-01-01,"January 1, 2027",yes,21a-415; 21a-240,21a-415,STAT_21A_415,subsections (b) repealed and substituted,no,,licensing; ownership and control; home grow and possession; advertising and packaging; taxation and revenue; enforcement and penalties,consumers and the general public; state agencies,"has a criminal history that is / (3) A person holding a dealer registration shall update, through the Department of Consumer Protection's online licensing system, any application information such person has provided to the department pursuant to this section, including, but not limited to, any contact information, ownership information or criminal histories of the individual owners of the business entity, not later than thirty days after any change in such information.","text the act deletes, printed in square brackets in the enacted act","Section 21a-415 of the 2026 supplement to the general statutes is repealed and the following is substituted in lieu thereof (Effective January 1, 2027): (a) As used in this chapter: (1) ""Authorized owner"" means the owner or authorized designee of a business entity that is applying for a registration or is registered with the Department of Consumer Protection pursuant to this chapter; (2) ""Business entity"" means any corporation, limited liability company, association, partnership, sole proprietorship, government, governmental subdivision or agency, business trust, estate, trust or any other legal entity; (3) ""Cannabis"" has the same meaning as provided in section 21a-240, as amended by this act; [(3)] (4) ""Cigarette"" has the same meaning as provided in subsection (b) of section 12-285; [(4)] (5) ""Dealer registration"" means an electronic nicotine delivery system certificate of dealer regist",,SOURCE_0008,"P.A. 26-100, Sec. 33"
PA2026_100_SEC48,PA2026_100,P.A. 26-100,BILL_2026_HB5222,Sec. 48,2026,2026-06-02,2026-10-01,"October 1, 2026",yes,,,,section repealed and substituted,no,,ownership and control; social equity; taxation and revenue; enforcement and penalties; hemp and infused beverages,social equity applicants; consumers and the general public; state agencies; hemp businesses,"The quarterly meetings of the board, and all documents related to such meetings, shall not be available to the public or subject to inspection or disclosure under the Freedom of Information Act, as defined in section 1-200.","text the act deletes, printed in square brackets in the enacted act","Section 21a-8c of the 2026 supplement to the general statutes, as amended by section 13 of public act 26-8, is repealed and the following is substituted in lieu thereof (Effective October 1, 2026): (a) There shall be a State-Wide Cannabis, Hemp and Controlled Substances Enforcement Board consisting of the Attorney General, the Chief State's Attorney, the Commissioner of Consumer Protection, the Commissioner of Emergency Services and Public Protection, the Commissioner of Mental Health and Addiction Services, [and] the Commissioner of Revenue Services and the executive director of the Social Equity Council, or their designees. (b) The board shall convene quarterly to (1) identify areas of need and enforcement opportunities concerning illegal cannabis sales, intoxicating hemp product sales and controlled substance sales, and (2) examine developments in national trends and best practices co",,SOURCE_0008,"P.A. 26-100, Sec. 48"
PA2026_100_SEC49,PA2026_100,P.A. 26-100,BILL_2026_HB5222,Sec. 49,2026,2026-06-02,2026-10-01,"October 1, 2026",yes,21a-240,21a-240,STAT_21A_240,section repealed and substituted,no,,ownership and control; enforcement and penalties; hemp and infused beverages,consumers and the general public; hemp businesses,"cannabinol, cannabigerol, cannabichromene or any other minor cannabinoid derived from hemp, (viii)","text the act deletes, printed in square brackets in the enacted act","Subdivision (29) of section 21a-240 of the general statutes, as amended by section 16 of public act 26-8, is repealed and the following is substituted in lieu thereof (Effective October 1, 2026): (29) ""Cannabis"" (A) means all parts of any plant or species of the genus cannabis, or any infra specific taxon thereof, whether growing or not; (B) includes (i) every resin extracted from any part of such plant, including, but not limited to, every resin extracted from (I) the mature stalks of such plant, (II) the fiber produced from the mature stalks of such plant, or (III) the oil or cake made from the seeds of such plant, (ii) every other compound, manufacture, salt, derivative, mixture or preparation of such plant or its resin, and (iii) every (I) high-THC hemp product, (II) manufactured cannabinoid, or (III) cannabinol or cannabidiol and chemical compounds which are similar to cannabinol or",,SOURCE_0008,"P.A. 26-100, Sec. 49"
PA2026_100_SEC50,PA2026_100,P.A. 26-100,BILL_2026_HB5222,Sec. 50,2026,2026-06-02,2026-06-02,from passage,no,21a-420d,21a-420d,STAT_21A_420D,section repealed and substituted,no,,social equity; enforcement and penalties,social equity applicants; consumers and the general public; state agencies,an optional nonfinancial / optional nonfinancial / optional nonfinancial / (3) Nothing in subdivision (2) of this subsection shall be construed to authorize the council to delay or reject any change described in said subdivision due to the results of an optional nonfinancial review performed pursuant to subparagraph (C) of said subdivision. Any change made in violation of subdivision (2) of this subsection shall be void and of no effect.,"text the act deletes, printed in square brackets in the enacted act","Section 21a-420d of the 2026 supplement to the general statutes, as amended by section 54 of public act 26-8, is repealed and the following is substituted in lieu thereof (Effective from passage): (a) There is established a Social Equity Council, which shall be within the Department of Economic and Community Development for administrative purposes only. (b) The Social Equity Council shall consist of seventeen members as follows: (1) One appointed by the speaker of the House of Representatives, who has a professional background of not less than five years working in the field of either social justice or civil rights; (2) One appointed by the president pro tempore of the Senate, who has a professional background of not less than five years working in the field of either social justice or civil rights; (3) One appointed by the majority leader of the House of Representatives, who has a profe",,SOURCE_0008,"P.A. 26-100, Sec. 50"
PA2026_100_SEC51,PA2026_100,P.A. 26-100,BILL_2026_HB5222,Sec. 51,2026,2026-06-02,2026-10-01,"October 1, 2026",yes,21a-420d,21a-420d,STAT_21A_420D,subsections (e) to (s) repealed and substituted,no,,medical patients and caregivers; licensing; ownership and control; social equity; advertising and packaging; taxation and revenue; enforcement and penalties; data and reporting; agency duties and rulemaking,social equity applicants; consumers and the general public; state agencies,,the act prints no deleted text for this section,"Subsections (e) to (s), inclusive, of section 21a-420d of the 2026 supplement to the general statutes, as amended by section 54 of public act 26-8, and section 50 of this act, are repealed and the following is substituted in lieu thereof (Effective October 1, 2026): (e) The Social Equity Council may (1) request, and shall receive, from any state agency such information and assistance as the council may require to carry out its duties, (2) use such funds as may be available from federal, state or other sources to carry out its duties, (3) enter into contracts or agreements to carry out its duties, including, but not limited to, contracts or agreements with Connecticut Innovations, Incorporated, constituent units of the state system of higher education, regional workforce development boards and community development financial institutions, (4) utilize such voluntary and uncompensated servi",,SOURCE_0008,"P.A. 26-100, Sec. 51"
PA2026_100_SEC52,PA2026_100,P.A. 26-100,BILL_2026_HB5222,Sec. 52,2026,2026-06-02,2026-06-02,from passage,no,21a-420g; 21a-420d,21a-420g,STAT_21A_420G,subsections (a) repealed and substituted,no,,licensing; ownership and control; social equity,cannabis establishments; social equity applicants; consumers and the general public; state agencies,,the act prints no deleted text for this section,"Subsection (a) of section 21a-420g of the 2026 supplement to the general statutes, as amended by section 56 of public act 26-8, is repealed and the following is substituted in lieu thereof (Effective from passage): (a) The Social Equity Council shall review the ownership information and any other information necessary to confirm that an applicant qualifies as a social equity applicant for all cannabis establishment license type applications submitted to the department and designated by the applicant as a social equity applicant. The Social Equity Council shall prescribe the documentation necessary for applicants to submit to establish that the ownership, residency and income requirements for social equity applicants are met. On or before September 1, 2021, the Social Equity Council shall post such necessary documentation requirements on its Internet web site to inform applicants of such ",,SOURCE_0008,"P.A. 26-100, Sec. 52"
PA2026_100_SEC53,PA2026_100,P.A. 26-100,BILL_2026_HB5222,Sec. 53,2026,2026-06-02,2026-10-01,"October 1, 2026",yes,21a-420t,21a-420t,STAT_21A_420T,subsections (c) repealed and substituted,no,,testing and laboratories; medical patients and caregivers; licensing,cannabis establishments; qualifying patients and caregivers; laboratories; consumers and the general public,dispensed by a licensed pharmacist and shall be,"text the act deletes, printed in square brackets in the enacted act","Subsection (c) of section 21a-420t of the 2026 supplement to the general statutes, as amended by section 69 of public act 26-8, is repealed and the following is substituted in lieu thereof (Effective October 1, 2026): (c) Dispensary facilities, [and] hybrid retailers and cannabis testing laboratories shall perform real-time uploads to the prescription drug monitoring program. Any cannabis or medical cannabis products sold to qualifying patients, qualifying out-of-state patients, caregivers or qualifying out-of-state caregivers shall be [dispensed by a licensed pharmacist and shall be] recorded into the prescription drug monitoring program, established pursuant to section 21a-254, in real-time or immediately upon completion of the transaction, unless not reasonably feasible for a specific transaction, but in no case longer than one hour after completion of the transaction.",,SOURCE_0008,"P.A. 26-100, Sec. 53"
PA2026_100_SEC54,PA2026_100,P.A. 26-100,BILL_2026_HB5222,Sec. 54,2026,2026-06-02,2026-10-01,"October 1, 2026",yes,21a-421j; 21a-240,21a-421j,STAT_21A_421J,section repealed and substituted,no,,testing and laboratories; licensing; advertising and packaging; enforcement and penalties; hemp and infused beverages; agency duties and rulemaking,consumers and the general public; state agencies; hemp businesses,", ""total THC"" / or medical marijuana / or other cannabis plant material / this act, and the department may adjust the percentages set forth in subparagraph (A) or (B) of this subdivision in regulations adopted pursuant to this section for purposes of public health or to address market access or shortage","text the act deletes, printed in square brackets in the enacted act","Section 21a-421j of the 2026 supplement to the general statutes, as amended by section 78 of public act 26-8, is repealed and the following is substituted in lieu thereof (Effective October 1, 2026): (a) As used in this section: [, ""total THC""] (1) ""Other cannabis plant material"" (A) means cannabis trim and all parts of any plant or species of the genus cannabis, or any infra specific taxon thereof, excluding a growing plant, and the seeds thereof, and (B) does not include (i) cannabis flower or hemp, as defined in section 22- 61l, as amended by this act, or (ii) an uprooted clone or uprooted cutting of the cannabis plant; and (2) ""Total THC"" has the same meaning as provided in section 21a-240, as amended by this act. (b) The commissioner shall adopt regulations in accordance with chapter 54 to implement the provisions of RERACA. Notwithstanding the requirements of sections 4-168 to 4-17",,SOURCE_0008,"P.A. 26-100, Sec. 54"
PA2026_100_SEC55,PA2026_100,P.A. 26-100,BILL_2026_HB5222,Sec. 55,2026,2026-06-02,2026-10-01,"October 1, 2026",yes,21a-425a,21a-425a,STAT_21A_425A,subsections (d) repealed and substituted,no,,hemp and infused beverages,consumers and the general public; hemp businesses,,the act prints no deleted text for this section,"Subdivision (1) of subsection (d) of section 21a-425a of the 2026 supplement to the general statutes, as amended by section 94 of public act 26-8, is repealed and the following is substituted in lieu thereof (Effective October 1, 2026): (d) (1) [An] No infused beverage manufacturer shall [only] obtain hemp, a hemp product or an intermediate hemp derivative for the purpose of manufacturing any infused beverage that is intended to be sold or offered for sale in this state unless such hemp product is in the form of hemp oil or an intermediate hemp derivative, and no such infused beverage manufacturer shall use any hemp product other than hemp oil or an intermediate hemp derivative to manufacture any such infused beverage.",,SOURCE_0008,"P.A. 26-100, Sec. 55"
PA2026_100_SEC56,PA2026_100,P.A. 26-100,BILL_2026_HB5222,Sec. 56,2026,2026-06-02,2026-06-02,from passage,no,22-61l; 22-61m,22-61l,STAT_22_61L,subsections (a) repealed and substituted,no,,testing and laboratories; ownership and control; advertising and packaging; enforcement and penalties; hemp and infused beverages,consumers and the general public; hemp businesses,"cannabinol, cannabigerol, cannabichromene or any other minor cannabinoid derived from hemp, (viii)","text the act deletes, printed in square brackets in the enacted act","Subsection (a) of section 22-61l of the general statutes, as amended by section 99 of public act 26-8, is repealed and the following is substituted in lieu thereof (Effective from passage): (a) For the purpose of this section and section 22-61m, as amended by [this act] public act 26-8, the following terms have the same meaning as provided in 7 CFR 990.1, as amended from time to time: ""Acceptable hemp THC level"", ""Agricultural marketing service"", ""Audit"", ""Cannabis"", ""Conviction"", ""Corrective action plan"", ""Culpable mental state greater than negligence"", ""Decarboxylated"", ""Decarboxylation"", ""Disposal"", ""Dry weight basis"", ""Gas chromatography"", ""Geospatial location"", ""Handle"", ""Liquid chromatography"", ""Immature plants"", ""Information sharing system"", ""Measurement of uncertainty"", ""Negligence"", ""Phytocannabinoid"", ""Postdecarboxylation"", ""Remediation"", ""Reverse distributor"" and ""Total THC"". ",,SOURCE_0008,"P.A. 26-100, Sec. 56"
PA2026_100_SEC57,PA2026_100,P.A. 26-100,BILL_2026_HB5222,Sec. 57,2026,2026-06-02,2026-06-02,from passage,no,22-61n,22-61n,STAT_22_61N,subsections (c) repealed and substituted,no,,testing and laboratories; hemp and infused beverages,cannabis establishments; consumers and the general public; hemp businesses,"to manufacture a cannabis product,","text the act deletes, printed in square brackets in the enacted act","Subsection (c) of section 22-61n of the general statutes, as amended by section 103 of public act 26-8, is repealed and the following is substituted in lieu thereof (Effective from passage): (c) Hemp or hemp products purchased by a producer, cultivator, micro-cultivator, food and beverage manufacturer or product manufacturer from a third party shall be tracked as a separate batch throughout the manufacturing process in order to document the disposition of such hemp or hemp products. Once hemp or hemp products are received by a producer, cultivator, micro-cultivator, food and beverage manufacturer or product manufacturer, [to manufacture a cannabis product,] such hemp or hemp products shall be deemed cannabis and shall comply with the requirements for cannabis contained in the applicable provisions of the general statutes and any regulations adopted pursuant to such provisions. A producer",,SOURCE_0008,"P.A. 26-100, Sec. 57"
PA2026_100_SEC59,PA2026_100,P.A. 26-100,BILL_2026_HB5222,Sec. 59,2026,2026-06-02,2026-10-01,"October 1, 2026",yes,,,,section repealed and substituted,no,,testing and laboratories,cannabis establishments; laboratories; consumers and the general public,,the act prints no deleted text for this section,"Section 49 of public act 26-8 is repealed and the following is substituted in lieu thereof (Effective October 1, 2026): (a) No retailer, hybrid retailer or dispensary facility shall borrow money or receive credit, directly or indirectly, in any form for a period in excess of thirty days from any cultivator, micro-cultivator or producer. (b) No cannabis establishment shall borrow money or receive credit, directly or indirectly, in any form for a period in excess of thirty days from any cannabis testing laboratory.",,SOURCE_0008,"P.A. 26-100, Sec. 59"
