entity_id,name_as_in_source,entity_type,role,affiliation,sector,aliases,first_seen,source_ids,note
ORG_BLANK_IN_FILING,(blank in filing),campaign committee,State Senator; State Representative; Governor; Undetermined; State Treasurer; State Comptroller; Attorney General; Secretary of the State; Lieutenant Governor; Mayor,"Jorge Cabrera; Leonard Fasano; Devin Carney; Nicole Klarides Ditria; Kevin Witkos; Joshua Hall; John Fonfara; Anthony Hwang; Kevin Kelly; Gary Winfield; Joshua Elliott; Julio Concepcion; Gennaro Bizzarro; Bobby Gibson; Patricia Billie Miller; Stephen Cassano; Douglas McCrory; Prasad Srinivasan; Mark Boughton; Pjerin ""Peter"" Lumaj; Jonathan Harris; Matt Lesser; Daniel Drew; Art Linares; William Tong; Eric Berthel; Erin Stewart; Susan Hatfield; Oz Griebel; Timothy Herbst; William Miller; Kenneth Richards; Shaun Mastroianni; Caroline Simmons; Melissa Ziobron; Edward Lamont; Jessica Inacio; Paul Doyle; Andrew Lanciotto; Andrew Gottlieb; Eva Bermudez Zimmerman; Pam Staneski; Linda Szynkowicz; Susan Chapman; Mark Tweedie; Rich Deecken; Christopher Wright; Melissa Osborne; Paul Honig; Jesse MacLachlan; Kennard Ray; Tremell Collins; Robert Stefanowski; Thaddeus Gray; Brendan  Saunders; Heather Somers; Sujata Gadkar-Wilcox; Weston Ulbrich; Brandon McGee; Gregory Post; Karen DuBois-Walton",,,,SOURCE_0016,
ORG_A_NEW_DAY_PAC,A New Day PAC,campaign committee,,,,,,SOURCE_0016,
PERSON_A_NEW_DAY_PAC_MARONEY,A New Day PAC (Maroney),individual,A New Day PAC (Maroney) - event 06222023A,,,,,SOURCE_0023,
PERSON_A_NEW_DAY_PAC_CHAIR_OF_RECORD_SEN_JAMES_MARONEY,A New Day PAC (chair of record Sen. James Maroney),individual,A New Day PAC (chair of record Sen. James Maroney) - event 06222023A,,,,,SOURCE_0023,
PERSON_A_OLIVIA,"A, Olivia",witness,Franchise Owner,SUNMED,,,2024,SOURCE_0011,
PERSON_A_PETER,"A, Peter",witness,Franchise Owner,SUNMED,,,2024,SOURCE_0011,
ORG_A_PETER,"A, Peter",organization,appeared in public hearing testimony,,,,2024,SOURCE_0011,
ORG_AARP,AARP,organization,appeared in public hearing testimony,,,,2023,SOURCE_0011,
ORG_ADH_CONNECTICUT,ADH Connecticut,organization,registered lobbying client,,Cannabis operator,,2019-2020,SOURCE_0015,
ORG_AI_WEB_TOOLS_LLC,AI Web Tools LLC,organization,appeared in public hearing testimony,,,,2024,SOURCE_0011,
ORG_AIR_DISTRIBUTION_USA_INC,AIR Distribution USA Inc,organization,registered lobbying client,,Unclassified,,2025-2026,SOURCE_0015,
PERSON_ANDREW_THOMAS,ANDREW THOMAS,individual,CANNABIS GROWER,ARDO HOLDING,,,2024-04-10,SOURCE_0016,
PERSON_ANGLISS_DAVID,"ANGLISS, DAVID",witness,CPA,,,,2026,SOURCE_0011,
ORG_ASLA,ASLA,organization,appeared in public hearing testimony,,,,2024,SOURCE_0011,
PERSON_ABANDULA_REGENE,"Abandula, Regene",witness,CPA,,,,2026,SOURCE_0011,
ORG_ACADEMY_OF_MEDICAL_MARIJUANA_DISPENSARIES,Academy of Medical Marijuana Dispensaries,organization,appeared in public hearing testimony,,,,2021,SOURCE_0011,
PERSON_ACCAVALLO_JOHN,"Accavallo, John",witness,CPA,,,,2026,SOURCE_0011,
PERSON_ACCETTULLO_JOSEPH,"Accettullo, Joseph",witness,Testimony Opposing 5350; President,HighBazaar Ct Cannawarriors; NECCA; New England Craft Cannabis Alliance,,,2026,SOURCE_0011,
PERSON_ACCETTULLO_JOSEPH_RAYMOND,"Accettullo, Joseph Raymond",witness,,NECCA,,,2024,SOURCE_0011,
ORG_ACREAQGE_HOLDINGS,Acreaqge Holdings,organization,appeared in public hearing testimony,,,,2024,SOURCE_0011,
PERSON_ADAMES_ERIC,"Adames, Eric",witness,,,,,2022,SOURCE_0011,
ORG_ADVANCED_GROW_LABS_TECHNOLOGIES_LLC,"Advanced Grow Labs Technologies, LLC",organization,registered lobbying client,,Cannabis producer,,2023-2024,SOURCE_0015,
PERSON_AFFINITY_DISPENSARY,Affinity Dispensary,individual,,,,,2024-09-24,SOURCE_0016,
ORG_AFFINITY_DISPENSARY_ENTITY,Affinity Dispensary (entity),organization,actor in an access event,,,,,SOURCE_0023,
ORG_AFFINITY_GROW,Affinity Grow,organization,appeared in public hearing testimony,,,,2026,SOURCE_0011,
ORG_AFFINITY_HEALTH_LLC,"Affinity Health, LLC",organization,registered lobbying client,,Cannabis operator,,2025-2026,SOURCE_0015,
ORG_AFFINITY_DISPENSARY,Affinity dispensary,organization,appeared in public hearing testimony,,,,2024,SOURCE_0011,
ORG_AFFINITY_ENTITIES_63_992_50_2023_24_42_540_MCEJV_30_628_80_2,"Affinity entities - $63,992.50 (2023-24), $42,540 + MCEJV $30,628.80 (2025-26)",organization,actor in an access event,,,,,SOURCE_0023,
ORG_AFFINTY_HEALTH_AND_WELLNESS,Affinty Health and Wellness,organization,registered lobbying client,,Cannabis operator,,2023-2024,SOURCE_0015,
ORG_AFGHANISTAN_VETERANS_OF_AMERICA,Afghanistan Veterans of America,organization,appeared in public hearing testimony,,,,2021,SOURCE_0011,
PERSON_ALBINO_JEROME_THOMAS,"Albino, Jerome Thomas",witness,CPA,,,,2026,SOURCE_0011,
ORG_ALEXANDRA4REP,Alexandra4Rep,campaign committee,State Representative,Alexandra Thomas,,,,SOURCE_0016,
PERSON_ALFIN_JEFF,"Alfin, Jeff",witness,CPA,,,,2026,SOURCE_0011,
PERSON_ALGIS_DOMEIKA,Algis Domeika,individual,pharmacist,acreage holdings,,,2022-05-21,SOURCE_0016,
PERSON_ALLIOD_MARK,"Alliod, Mark",witness,CPA,,,,2026,SOURCE_0011,
PERSON_AMENDMENT_SPONSORS_LEMAR_TURCO_ROJAS_DRAFTER_NOT_IDENTIFIED,"Amendment sponsors Lemar, Turco, Rojas; drafter NOT identified",individual,named as the origin or requester of language,,,,,SOURCE_0024,
PERSON_AMENDMENT_SPONSORS_NAMED,Amendment sponsors named,individual,named as the origin or requester of language,,,,,SOURCE_0024,
ORG_AMERICAN_INSTITUTE_OF_CPAS,American Institute of CPAs,organization,appeared in public hearing testimony,,,,2026,SOURCE_0011,
ORG_AMERICAN_PETROLEUM_INSTITUTE,American Petroleum Institute,organization,appeared in public hearing testimony,,,,2023,SOURCE_0011,
ORG_AMY_FOR_STATE_REP,Amy for State Rep,campaign committee,State Representative,Amy Morrin Bello,,,,SOURCE_0016,
ORG_ANALYTICS_LABS,Analytics Labs,organization,appeared in public hearing testimony; registered lobbying client,,Cannabis testing laboratory,,2025,SOURCE_0011; SOURCE_0015,
PERSON_ANCONA_MITCHELL,"Ancona, Mitchell",witness,Owner,Liquors,,,2024,SOURCE_0011,
PERSON_ANDERSON_BRIAN,"Anderson, Brian",witness,Legislative Coordinator,Council 4 AFSCME,,,2021,SOURCE_0011,
PERSON_ANDERSON_RAYMOND,"Anderson, Raymond",witness,CPA,,,,2026,SOURCE_0011,
ORG_ANDR_A_COMER,Andréa Comer,organization,actor in an access event,,,,,SOURCE_0023,
ORG_ANDR_A_HAWKINS,Andréa Hawkins,organization,actor in an access event,,,,,SOURCE_0023,
PERSON_ANGELA_CARTIER,Angela Cartier,individual,Budtender; Cannabis sales associate,Curaleaf; Curaleaf dispensary,,,2026-02-16,SOURCE_0016,
PERSON_ANGELA_LEWIS,Angela Lewis,individual,Hair Stylist; Cosmetologist,"Self - Hello, Gorgeous Salon; Hello Gorgeous Salon",,,2026-07-13,SOURCE_0016,
PERSON_ANN_M_GAUTHIER,Ann M Gauthier,individual,Accountant,Curaleaf Inc,,,2026-07-28,SOURCE_0016,
PERSON_ANTHONY_KALUNDA,"Anthony, Kalunda",witness,,,,,2024,SOURCE_0011,
PERSON_ANULEWICZ_KAREN,"Anulewicz, Karen",witness,Dispensary Pharmacist,,,,2024,SOURCE_0011,
ORG_APPROPRIATIONS_COMMITTEE,Appropriations Committee,legislative body,Fiscal referral.,,,APP,,SOURCE_0010,
PERSON_ARIEL_LEAK,Ariel Leak,individual,Sales Associate,INSA,,,2024-06-30,SOURCE_0016,
PERSON_ART_LINARES,Art Linares,individual,"Business Owner; Business Owner, State Senator; State senator; BUSINESS OWNER; Business Owner/Senator; Senator, business owner",State Senator; Linares Land Capital; State of Connecticut; State Senate; State Senator/Business Owner; STATE SENATOR; Linares Land Capital LLC; State Senate/Linares Land Capital; State Senator - Linares Land Capital LLC,,,2018-03-26,SOURCE_0016,
ORG_ART_LINARES_LINARES_LAND_CAPITAL_CEO_CONNECTICUT_SOCIAL_EQUI,Art Linares (Linares Land Capital; CEO Connecticut Social Equity LLC per other filings),organization,actor in an access event,,,,,SOURCE_0023,
PERSON_ARTHUR_LINARES,Arthur Linares,individual,"Business Owner; State Senator; President; CEO; State Senator- Business Owner; OWNER; OWNER LINARES LAND CAPITAL, LLC; Business Owner-State Senate; VP of Marketing; Business Owner/State Senator; Self Employed; Real Estate Developer; Investor; Real Estate & Energy Development; Real estate developer","State Senate/Linares Land Capital, LLC; State of CT; Linares Land Capital LLC; Connecticut Social Equity LLC; CT Social Equity LLC; Ct social equity LLC; Rodeo Cannabis Co; Self Employed; Self-Linares Land Capital LLC; LINARES LAND CAPITAL, LLC; State of Connecticut; State Senate - Linares Land Capital LLC; Lineres Land Capital LLC; STATE SENATE; Connecticut State Senate; State of CT-Linores Land Capital LLC; TaxCloud; Greenskies/State Of CT; Linares Land Capital LLC, self employed",,,2018-02-13,SOURCE_0016,
ORG_ARTHUR_LINARES_LINARES_LAND_CAPITAL,Arthur Linares (Linares Land Capital),organization,actor in an access event,,,,,SOURCE_0023,
ORG_ARTHUR_LINARES_RODEO_CANNABIS_CO_CEO,"Arthur Linares (Rodeo Cannabis Co, CEO)",organization,actor in an access event,,,,,SOURCE_0023,
PERSON_ARTHUR_S_LINARES,Arthur S Linares,individual,CEO; State Senator; Executive; Real Estate Development,Connecticut Social Equity LLC; State of Ct; State of Connecticut; State of CT; Linares Land Capital LLC; TaxCloud,,,2023-10-05,SOURCE_0016,
PERSON_ASKED_BY_DERRICK_GIBBS_BUDR_LOBBYING_CLIENT_AND_BENJAMIN_ZAC,"Asked by Derrick Gibbs (Budr, lobbying client) and Benjamin Zachs (Fine Fettle); opposed by SEC (McGee) and C-3 Ventures (Macre)",individual,named as the origin or requester of language,,,,,SOURCE_0024,
PERSON_AUDIBERT_CURTIS,"Audibert, Curtis",witness,CPA,,,,2026,SOURCE_0011,
PERSON_AUSTIN_JAMES,"Austin, James",witness,CPA,,,,2026,SOURCE_0011,
PERSON_AUYASH_SEAN,"Auyash, Sean",witness,State Government Relations Mgr,StubHub,,,2023,SOURCE_0011,
PERSON_AVERILL_JANICE,"Averill, Janice",witness,,,,,2022,SOURCE_0011,
ORG_AVERY_GADDIS,Avery Gaddis,organization,actor in an access event,,,,,SOURCE_0023,
ORG_AVERY_GADDIS_SUBIRA_GORDON,Avery Gaddis; Subira Gordon,organization,actor in an access event,,,,,SOURCE_0023,
PERSON_BAEZ_KEVIN,"Baez, Kevin",witness,Oppose HB5160,,,,2024,SOURCE_0011,
PERSON_BALLASY_PAUL,"Ballasy, Paul",witness,CPA,,,,2026,SOURCE_0011,
ORG_BARBARA_FOR_CONNECTICUT,Barbara for Connecticut,campaign committee,State Representative,Barbara Labriola,,,,SOURCE_0016,
PERSON_BARRETT_JOHN,"Barrett, John",witness,President,OAAC,,,2022,SOURCE_0011,
PERSON_BARTOLOMEO_DANTE,"Bartolomeo, Dante",witness,Commissioner,CT Department of Labor,,,2023,SOURCE_0011,
PERSON_BARTON_DAVID,"Barton, David",witness,Managing Partner,Health CBD Store,,,2024,SOURCE_0011,
ORG_BASEMENT_GHOST_MEDIA_LLC,Basement Ghost Media LLC,organization,appeared in public hearing testimony,,,,2021,SOURCE_0011,
PERSON_BASSETT_MARTHA,"Bassett, Martha",witness,CPA,,,,2026,SOURCE_0011,
PERSON_BASTIAN_KEN,"Bastian, Ken",witness,Managing Director,CT Cannabis SBA Inc.,,,2024,SOURCE_0011,
PERSON_BASTIAN_KENNETH,"Bastian, Kenneth",witness,Managing Director,CCSBA Inc.; AI Web Tools LLC; CT HEMP SHOP LLC,,,2024,SOURCE_0011,
PERSON_BASTIAN_VANESSA,"Bastian, Vanessa",witness,,a,,,2024,SOURCE_0011,
PERSON_BAUER_JOHN,"Bauer, John",witness,CPA,,,,2026,SOURCE_0011,
PERSON_BECKY_GOETSCH,Becky Goetsch,individual,Chairwoman; Farmer; Farm/Gardencenter,The CT Hemp Industry Association; The Herbary at Running Brook Farms,,,2022-12-18,SOURCE_0016,
PERSON_BERKOWITZ_EYAL,"Berkowitz, Eyal",witness,CPA,,,,2026,SOURCE_0011,
PERSON_BERM,Berm,witness,,City of Hartford,,,2021,SOURCE_0011,
PERSON_BERNARD_THOMAS,Bernard Thomas,individual,Owner; Construction Services; consultant; IT,Global Construction Services; BTSolutions,,,2021-08-13,SOURCE_0016,
PERSON_BERNSTEIN_STACEY,"Bernstein, Stacey",witness,,,,,2025,SOURCE_0011,
PERSON_BERTHIAUME_MICHAEL,"Berthiaume, Michael",witness,CPA,,,,2026,SOURCE_0011,
ORG_BETTER_WAYS,Better Ways,organization,appeared in public hearing testimony,,,,2022,SOURCE_0011,
ORG_BETTER_WAYS_LLC,Better Ways LLC,organization,appeared in public hearing testimony,,,,2026,SOURCE_0011,
PERSON_BIDEN_JOSEPH,"Biden, Joseph",witness,President,,,,2024,SOURCE_0011,
PERSON_BIDO_JOAQUIN,"Bido, Joaquin",witness,,,,,2022,SOURCE_0011,
PERSON_BISHOP_JAMES,"Bishop, James",witness,,,,,2022,SOURCE_0011,
PERSON_BLAZEJOWSKI_REBECCA_JEAN,"Blazejowski, Rebecca Jean",witness,CPA,,,,2026,SOURCE_0011,
ORG_BLUESTAR_HEALTH_AND_WELLNESS,Bluestar Health and Wellness,organization,appeared in public hearing testimony,,,,2024,SOURCE_0011,
PERSON_BOGDAN_PETER,"Bogdan, Peter",witness,Owner,Your CBD Store Wilton,,,2024,SOURCE_0011,
PERSON_BOGERT_AMY,"Bogert, Amy",witness,,NAMICT Public Policy Coalition,,,2026,SOURCE_0011,
PERSON_BOND_MARITZA,"Bond, Maritza",witness,Director of Health,New Haven Health Department,,,2025,SOURCE_0011,
ORG_BOTL_COMPANY,Botl Company,organization,appeared in public hearing testimony,,,,2026,SOURCE_0011,
PERSON_BOYD_KEVNESHA,"Boyd, Kevnesha",witness,Licensed Professional Counselor,Quality Counseling LLC,,,2026,SOURCE_0011,
PERSON_BOYD_LYANDRE,"Boyd, Lyandre",witness,,,,,2024,SOURCE_0011,
PERSON_BRADLEY_DENNIS,"Bradley, Dennis",witness,Senator,Support with modification,,,2022,SOURCE_0011,
PERSON_BRANDEN_BLOCK,Branden Block,individual,Assistant Manager,BudR,,,2024-01-06,SOURCE_0016,
PERSON_BRENDAN_HELD,Brendan Held,individual,Manager,CTpharma,,,2024-08-21,SOURCE_0016,
PERSON_BRIAN_C_FAYE,Brian C Faye,individual,Mortgage Broker,New England Home Mortgage,,,2018-03-11,SOURCE_0016,
PERSON_BRIAN_FAYE,Brian Faye,individual,Banker,Self Employed,,,2023-09-27,SOURCE_0016,
PERSON_BRIEN_LORI,"Brien, Lori",witness,,,,,2026,SOURCE_0011,
PERSON_BRODERICK_STEPHAN,"Broderick, Stephan",witness,CPA,,,,2026,SOURCE_0011,
PERSON_BROWN_JULIANA,"Brown, Juliana",witness,Pharmacists in Dispensaries,,,,2024,SOURCE_0011,
PERSON_BRUNE_SHARON,"Brune, Sharon",witness,CPA,,,,2026,SOURCE_0011,
PERSON_BRYAN_MURRAY,Bryan Murray,individual,Government Relations,Acreage Holdings,,,2024-02-05,SOURCE_0016,
PERSON_BUCCHIERI_VINCENT,"Bucchieri, Vincent",witness,Pharmacist,,,,2024,SOURCE_0011,
PERSON_BUDGET_IMPLEMENTER_REQUESTER_AND_DRAFTER_NOT_IDENTIFIED_NO_P,Budget implementer; requester and drafter NOT identified; no public hearing record located for s.127,individual,named as the origin or requester of language,,,,,SOURCE_0024,
PERSON_BUDR,Budr,individual,Budr - Dispensary of the Year; SEC Chair/ED roundtable with licensees,,,,2025-12-26,SOURCE_0016; SOURCE_0023,
ORG_BUDR_CANNABIS,Budr Cannabis,organization,appeared in public hearing testimony; registered lobbying client,,Cannabis operator - STATE LOAN BORROWER,,2026,SOURCE_0011; SOURCE_0015,
ORG_BUDR_CANNABIS_69_382_25_COMPENSATION_CANNABIS_ISSUE_DECLARED,"Budr Cannabis - $69,382.25 compensation (cannabis issue declared)",organization,actor in an access event,,,,,SOURCE_0023,
PERSON_BULLOCK_JAKE,"Bullock, Jake",witness,CEO,Botl Company,,,2026,SOURCE_0011,
PERSON_BURNES_NIKOLE,"Burnes, Nikole",witness,Executive Director,CT Cannabis Chamber of Commerce,,,2026,SOURCE_0011,
PERSON_BURR_THOMAS,"Burr, Thomas",witness,Public Policy Manager,NAMI Connecticut,,,2026,SOURCE_0011,
PERSON_BUSSEY_HALEY,"Bussey, Haley",witness,Oppose HB05150,,,,2024,SOURCE_0011,
ORG_BYSIEWICZ_FOR_CT,Bysiewicz for CT,campaign committee,Lieutenant Governor,Susan Bysiewicz,,,,SOURCE_0016,
ORG_CAT_ROCK_HOLISTICS_CT_LLC,CAT ROCK HOLISTICS CT LLC,organization,appeared in public hearing testimony,,,,2026,SOURCE_0011,
ORG_CBC_SOLUTIONS,CBC Solutions,organization,registered lobbying client,,Unclassified,,2025-2026,SOURCE_0015,
ORG_CBIA,CBIA,organization,appeared in public hearing testimony,,,,2021,SOURCE_0011,
ORG_CCM,CCM,organization,appeared in public hearing testimony,,,,2025,SOURCE_0011,
ORG_CCSBA,CCSBA,organization,appeared in public hearing testimony,,,,2024,SOURCE_0011,
ORG_CCSBA_INC,CCSBA Inc.,organization,appeared in public hearing testimony,,,,2024,SOURCE_0011,
ORG_CEUI_SEIU_LOCAL_511,CEUI SEIU Local 511,organization,appeared in public hearing testimony,,,,2021,SOURCE_0011,
ORG_CGA,CGA,organization,appeared in public hearing testimony,,,,2024,SOURCE_0011,
ORG_CGA_HOUSE_OF_REPRESENTATIVES,CGA House of Representatives,organization,appeared in public hearing testimony,,,,2024,SOURCE_0011,
ORG_CGREEN4SENATE,CGreen4Senate,campaign committee,State Senator,Christopher Green,,,,SOURCE_0016,
ORG_CH_MH_SERVICES_CT_LLC,"CH MH Services (CT), LLC",organization,registered lobbying client,,Unclassified,,2025-2026,SOURCE_0015,
ORG_CHARAMUT_2024,CHARAMUT 2024,campaign committee,State Representative,Edward Charamut,,,,SOURCE_0016,
ORG_CHIA,CHIA,organization,appeared in public hearing testimony,,,,2024,SOURCE_0011,
ORG_CIO,CIO,organization,appeared in public hearing testimony,,,,2023,SOURCE_0011,
ORG_CLARB,CLARB,organization,appeared in public hearing testimony,,,,2024,SOURCE_0011,
ORG_CMCC,CMCC,organization,appeared in public hearing testimony,,,,2024,SOURCE_0011,
PERSON_CMCC_CMCC,"CMCC, CMCC",witness,CT Medical Cannabis Council,CT Medical Cannabis Council,,,2026,SOURCE_0011,
PERSON_COHEN_BARRY,"COHEN, BARRY",witness,CPA,,,,2026,SOURCE_0011,
ORG_CPSA,CPSA,organization,appeared in public hearing testimony,,,,2026,SOURCE_0011,
ORG_CT,CT,organization,appeared in public hearing testimony,,,,2021,SOURCE_0011,
ORG_CT_ACADEMY_OF_PAS,CT Academy of PAs,organization,appeared in public hearing testimony,,,,2024,SOURCE_0011,
ORG_CT_BEER_WHOLESALERS_ASSOCIATION,CT Beer Wholesalers Association,organization,appeared in public hearing testimony,,,,2025,SOURCE_0011,
PERSON_CT_CANNABIS_CHAMBER,CT Cannabis Chamber,individual,,,,,2026-01-29,SOURCE_0016,
ORG_CT_CANNABIS_CHAMBER_OF_COMMERCE,CT Cannabis Chamber of Commerce,organization,appeared in public hearing testimony; registered lobbying client; actor in an access event; event host,,Cannabis trade association,,2026,SOURCE_0011; SOURCE_0015; SOURCE_0023,
PERSON_CT_CANNABIS_CHAMBER_OF_COMMERCE,CT Cannabis Chamber of Commerce,individual,,,,,2024-09-24,SOURCE_0016,
ORG_CT_CANNABIS_CHAMBER_OF_COMMERCE_ENTITY,CT Cannabis Chamber of Commerce (entity),organization,actor in an access event,,,,,SOURCE_0023,
ORG_CT_CANNABIS_CHAMBER_OF_COMMERCE_IN_HOUSE_COMMUNICATORS_BURNE,"CT Cannabis Chamber of Commerce (in-house communicators Burnes, Fell registered 2025-01-15)",organization,actor in an access event,,,,,SOURCE_0023,
ORG_CT_CANNABIS_CHAMBER_OF_COMMERCE_SPONSORSHIP_TIERS_1_500_15_0,"CT Cannabis Chamber of Commerce (sponsorship tiers $1,500-$15,000 published; sponsor names not captured)",organization,event host,,,,,SOURCE_0023,
ORG_CT_CANNABIS_CHAMBER_OF_COMMERCE_SPONSORS_NAMED_IN_PRESS_CANN,"CT Cannabis Chamber of Commerce; sponsors named in press: Cannabis 360, Dope Tax Group",organization,event host,,,,,SOURCE_0023,
ORG_CT_CANNABIS_SBA_INC,CT Cannabis SBA Inc.,organization,appeared in public hearing testimony,,,,2024,SOURCE_0011,
ORG_CT_CANNAWARRIORS,CT Cannawarriors,organization,appeared in public hearing testimony,,,,2026,SOURCE_0011,
ORG_CT_DEPARTMENT_OF_AGRICULTURE,CT Department of Agriculture,organization,appeared in public hearing testimony,,,,2025,SOURCE_0011,
ORG_CT_DEPARTMENT_OF_LABOR,CT Department of Labor,organization,appeared in public hearing testimony,,,,2023,SOURCE_0011,
ORG_CT_ENERGY_MARKETERS_ASSOCIATION,CT Energy Marketers Association,organization,appeared in public hearing testimony,,,,2026,SOURCE_0011,
ORG_CT_FUNERAL_DIRECTORS_ASSOCIATION,CT Funeral Directors Association,organization,appeared in public hearing testimony,,,,2026,SOURCE_0011,
ORG_CT_GENERAL_ASSEMBLY,CT General Assembly,organization,appeared in public hearing testimony,,,,2024,SOURCE_0011,
ORG_CT_HEMP_SHOP_LLC,CT HEMP SHOP LLC,organization,appeared in public hearing testimony,,,,2024,SOURCE_0011,
ORG_CT_HEMP_INDUSTRY_ASSOC,CT Hemp Industry Assoc,organization,appeared in public hearing testimony,,,,2024,SOURCE_0011,
ORG_CT_HEMP_INDUSTRY_ASSOCATION,CT Hemp Industry Assocation,organization,appeared in public hearing testimony,,,,2026,SOURCE_0011,
ORG_CT_HOUSE_REPUBLICAN_CAUCUS,CT House Republican Caucus,organization,appeared in public hearing testimony,,,,2024,SOURCE_0011,
ORG_CT_MEDICAL_CANNABIS_COUNCIL,CT Medical Cannabis Council,organization,appeared in public hearing testimony,,,,2026,SOURCE_0011,
PERSON_CT_MEDICAL_CANNABIS_COUNCIL,CT Medical Cannabis Council,witness,,,,,2021,SOURCE_0011,
ORG_CT_MEDICAL_CANNABIS_COUNCIL_INC,"CT Medical Cannabis Council, Inc.",organization,registered lobbying client,,Cannabis trade association,,2019-2020,SOURCE_0015,
ORG_CT_MEDICAL_MARIJUANA_PROGRAM,CT Medical Marijuana Program,organization,appeared in public hearing testimony,,,,2024,SOURCE_0011,
ORG_CT_NORML_CANNAHEALTH,"CT NORML, Cannahealth",organization,appeared in public hearing testimony,,,,2021,SOURCE_0011,
ORG_CT_NORML_GREEN_HAVEN_MEDIA,"CT NORML, Green Haven Media",organization,appeared in public hearing testimony,,,,2022,SOURCE_0011,
ORG_CT_NONPROFIT_ALLIANCE,CT Nonprofit Alliance,organization,appeared in public hearing testimony,,,,2023,SOURCE_0011,
ORG_CT_PHARMACISTS_ASSOCIATION_ACADEMY_OF_MEDICAL_MARIJUANA_DISP,CT Pharmacists Association Academy of Medical Marijuana Dispensaries,organization,registered lobbying client,,Medical cannabis dispensary group,,2019-2020,SOURCE_0015,
PERSON_CT_RECREATIONAL_MARIJUANA_ALLIANCE,CT Recreational Marijuana Alliance,individual,,,,,2018-10-01,SOURCE_0016,
ORG_CT_SAM,CT SAM,organization,appeared in public hearing testimony,,,,2023,SOURCE_0011,
ORG_CT_SOCIETY_OF_CPAS,CT Society of CPAs,organization,appeared in public hearing testimony,,,,2026,SOURCE_0011,
ORG_CT_STATE_BOARD_OF_ACCOUNTANCY,CT State Board of Accountancy,organization,appeared in public hearing testimony,,,,2026,SOURCE_0011,
ORG_CT_YOUTH_SERVICES_ASSOCIATION,CT Youth Services Association,organization,appeared in public hearing testimony,,,,2023,SOURCE_0011,
ORG_CT_ASSOC_PREVENTION_PROFS,CT. Assoc. Prevention Profs,organization,appeared in public hearing testimony,,,,2026,SOURCE_0011,
ORG_CTASSOC_PREVENTION_PROFESSIONALS,CTAssoc Prevention Professionals,organization,appeared in public hearing testimony,,,,2024,SOURCE_0011,
ORG_CTCPA,CTCPA,organization,appeared in public hearing testimony,,,,2023,SOURCE_0011,
ORG_CTSOCCPAS,CTSocCPAs,organization,appeared in public hearing testimony,,,,2023,SOURCE_0011,
PERSON_CURRAN_JOHN,"CURRAN, JOHN",witness,CPA,,,,2026,SOURCE_0011,
PERSON_CAFERO_LARRY,"Cafero, Larry",witness,Executive Director,Spirits Wholesalers of CT,,,2026,SOURCE_0011,
PERSON_CAFFERELLI_BRYAN,"Cafferelli, Bryan",witness,Commissioner,Dept. of Consumer Protection; DCP,,,2026,SOURCE_0011,
PERSON_CAHILLANE_JOHN,"Cahillane, John",witness,CPA,,,,2026,SOURCE_0011,
PERSON_CAIAFA_PAUL,"Caiafa, Paul",witness,CPA,,,,2026,SOURCE_0011,
PERSON_CANDELORA_VINCENT,"Candelora, Vincent",witness,Minority Leader,CT House Republican Caucus,,,2024,SOURCE_0011,
PERSON_CANDELORA_VINCENT_J,"Candelora, Vincent J.",witness,Representative,"House of Representatives, State of CT",,,2022,SOURCE_0011,
ORG_CANNA_GOVERNMENT_STRATEGIES_LLC,Canna Government Strategies LLC,organization,appeared in public hearing testimony,,,,2024,SOURCE_0011,
ORG_CANNA_GOVT_STRATEGIES,Canna Govt Strategies,organization,appeared in public hearing testimony,,,,2024,SOURCE_0011,
ORG_CANNABIS_ADVOCATE,Cannabis Advocate,organization,appeared in public hearing testimony,,,,2024,SOURCE_0011,
ORG_CANNABIS_CONNECTION,Cannabis Connection,organization,appeared in public hearing testimony,,,,2026,SOURCE_0011,
ORG_CANNABIS_CORNER_RADIO,Cannabis Corner Radio,organization,appeared in public hearing testimony,,,,2024,SOURCE_0011,
ORG_CANNABIS_REGULATORS_OF_COLOR_COALITION,Cannabis Regulators of Color Coalition,organization,appeared in public hearing testimony,,,,2021,SOURCE_0011,
PERSON_CAPITAN_CHRISTINA,"Capitan, Christina",witness,CO; Cannabis Advocate,CT CANNAWARRIORS; CT CannaWarriors,,,2025,SOURCE_0011,
PERSON_CAPITAN_CHRISTINA_E,"Capitan, Christina E.",witness,Consumer,Oppose Section 2,,,2022,SOURCE_0011,
PERSON_CAPITANI_LISA,"Capitani, Lisa",witness,RN; Registered Nurse,,,,2024,SOURCE_0011,
PERSON_CAPITANI_LISA_P,"Capitani, Lisa P.",witness,MBA,,,,2022,SOURCE_0011,
PERSON_CAPLAN_MARK,"Caplan, Mark",witness,CPA,,,,2026,SOURCE_0011,
PERSON_CAPPELLETTI_ROBERT,"Cappelletti, Robert",witness,CPA,,,,2026,SOURCE_0011,
PERSON_CAREY_GINA,"Carey, Gina",witness,CPA,,,,2026,SOURCE_0011,
PERSON_CARL_TIRELLA,Carl Tirella,individual,Self employed; Owner; Founder; General Manager; Retail,Budr; Budr Cannabis; Acreage Holdings,,,2024-08-21,SOURCE_0016,
ORG_CARL_TIRELLA_BUDR,Carl Tirella (Budr),organization,actor in an access event,,,,,SOURCE_0023,
ORG_CARL_TIRELLA_BUDR_REGISTERED_IN_HOUSE_COMMUNICATOR,Carl Tirella (Budr; registered in-house communicator),organization,actor in an access event,,,,,SOURCE_0023,
PERSON_CARL_TIRELLA_IN_HOUSE,Carl Tirella (in-house,lobbyist,registered communicator,Budr Cannabis,,,2025-2026,SOURCE_0015,
PERSON_CARRILLO_DEMI,"Carrillo, Demi",witness,Cannabis sales associate,Affinity dispensary,,,2024,SOURCE_0011,
PERSON_CARTER_MATTHEW,"Carter, Matthew",witness,Dispensary Pharmacist,,,,2026,SOURCE_0011,
PERSON_CASTILLO_EMMANUEL,"Castillo, Emmanuel",witness,,,,,2024,SOURCE_0011,
ORG_CAT_ROCK_HOLISTICS_LLC,Cat Rock Holistics LLC,organization,appeared in public hearing testimony,,,,2026,SOURCE_0011,
PERSON_CAVANAUGH_ALLISON,"Cavanaugh, Allison",witness,CPA,,,,2026,SOURCE_0011,
PERSON_CECCHI_PAIGE,"Cecchi, Paige",witness,Managing Member,LLC,,,2024,SOURCE_0011,
PERSON_CENTRONE_SHARON,"Centrone, Sharon",witness,Pharmacist,,,,2024,SOURCE_0011,
PERSON_CERDA_JOCELYN,"Cerda, Jocelyn",witness,Owner,La CT,,,2026,SOURCE_0011,
PERSON_CHACE_ROGER,"Chace, Roger",witness,CPA,,,,2026,SOURCE_0011,
ORG_CHAMBER_JENNIFER_FELL_REGISTERED_IN_HOUSE_COMMUNICATOR_2025_,"Chamber (Jennifer Fell, registered in-house communicator 2025-01-15); Analytics Labs (Picard); Affinity Grow (Ferrarese); Fine Fettle (Zachs)",organization,named as the origin or requester of language,,,,,SOURCE_0024,
ORG_CHARLES_VENATOR_SANTIAGO,Charles Venator-Santiago,organization,actor in an access event,,,,,SOURCE_0023,
PERSON_CHEESEMAN_HOLLY,"Cheeseman, Holly",witness,State Representative,CGA,,,2024,SOURCE_0011,
PERSON_CHISEM_CARL,"Chisem, Carl",witness,President,CEUI SEIU Local 511,,,2021,SOURCE_0011,
ORG_CITIZEN,Citizen,organization,appeared in public hearing testimony,,,,2024,SOURCE_0011,
ORG_CITY_OF_HARTFORD,City of Hartford,organization,appeared in public hearing testimony,,,,2021,SOURCE_0011,
ORG_CITY_OF_NEW_HAVEN,City of New Haven,organization,appeared in public hearing testimony,,,,2025,SOURCE_0011,
PERSON_CLARKE_KEISHA,"Clarke, Keisha",witness,,,,,2024,SOURCE_0011,
PERSON_CLAY_GINNE,"Clay, Ginne",witness,,Social Equity Council,,,2024,SOURCE_0011,
PERSON_CLAYBORNE_ALEXANDER,"Clayborne, Alexander",witness,State Legislative Analyst,UFCW Union,,,2023,SOURCE_0011,
ORG_COHEN_FOR_SENATE,Cohen for Senate,campaign committee,State Senator,Christine Cohen,,,,SOURCE_0016,
PERSON_COHEN_ADAM_P,"Cohen, Adam P",witness,CPA,CTSocCPAs,,,2023,SOURCE_0011,
PERSON_COLEMAN_MAUREEN,"Coleman, Maureen",witness,Pharmacist,,,,2024,SOURCE_0011,
ORG_COLLEGE_OF_EMERGENCY_PHYSICIANS,College of Emergency Physicians,organization,appeared in public hearing testimony,,,,2024,SOURCE_0011,
ORG_COLLINS_2024,Collins 2024,campaign committee,State Senator,Tremell Collins,,,,SOURCE_0016,
ORG_COLLINS_FOR_SENATE_2022,Collins for Senate 2022,campaign committee,State Senator,Tremell Collins,,,,SOURCE_0016,
PERSON_COMET_KAITLIN,"Comet, Kaitlin",witness,Program Coordinator,The Hub,,,2024,SOURCE_0011,
ORG_COMMERCIAL_WORKERS,Commercial Workers,organization,appeared in public hearing testimony,,,,2021,SOURCE_0011,
ORG_COMMERCIAL_WORKERS_LCL_371,Commercial Workers LCL 371,organization,appeared in public hearing testimony,,,,2021,SOURCE_0011,
ORG_COMMITTEE_4KEN2022,Committee 4KEN2022,campaign committee,State Representative,Kenneth Trice,,,,SOURCE_0016,
ORG_CONNECTICUT_AGRICULTURAL_EXPERIMENT_STATION,Connecticut Agricultural Experiment Station,agency,Reference laboratory work on cannabis testing.,,,CAES,,SOURCE_0010,
ORG_CONNECTICUT_BANKERS_ASSOCIATION,Connecticut Bankers Association,organization,appeared in public hearing testimony,,,,2026,SOURCE_0011,
ORG_CONNECTICUT_BLUE_DOGS,Connecticut Blue Dogs,campaign committee,,,,,,SOURCE_0016,
ORG_CONNECTICUT_CANNA_FOOD_AND_BEVERAGE_ALLIANCE_CORPORATION,Connecticut Canna Food and Beverage Alliance Corporation,organization,registered lobbying client,,Cannabis trade association,,2023-2024,SOURCE_0015,
ORG_CONNECTICUT_CANNABIS_COMPNANY,Connecticut Cannabis Compnany,organization,appeared in public hearing testimony,,,,2024,SOURCE_0011,
ORG_CONNECTICUT_CIGAR_COMPANY,Connecticut Cigar Company,organization,registered lobbying client,,Tobacco,,2023-2024,SOURCE_0015,
ORG_CONNECTICUT_CONFERENCE_OF_MUNICIPALITIES,Connecticut Conference of Municipalities,organization,appeared in public hearing testimony,,,,2021,SOURCE_0011,
ORG_CONNECTICUT_CONSUMER_PROTECTION,Connecticut Consumer Protection,organization,appeared in public hearing testimony,,,,2024,SOURCE_0011,
ORG_CONNECTICUT_GENERAL_ASSEMBLY,Connecticut General Assembly,organization,appeared in public hearing testimony,,,,2026,SOURCE_0011,
ORG_CONNECTICUT_HEMP_INDUSTRY_ASSOCIATION,Connecticut Hemp Industry Association,organization,registered lobbying client,,Hemp trade association,,2023-2024,SOURCE_0015,
PERSON_CONNECTICUT_HOSPITAL_ASSOCIATION,Connecticut Hospital Association,witness,,,,,2023,SOURCE_0011,
ORG_CONNECTICUT_MAJORITY_TEAM_PAC,Connecticut Majority Team PAC,campaign committee,,,,,,SOURCE_0016,
ORG_CONNECTICUT_PREMIUM_CIGAR_RETAILERS_ASSOCIATION,Connecticut Premium Cigar Retailers Association,organization,registered lobbying client,,Cannabis / hemp trade assn (analyst coding),,2021-2022,SOURCE_0015,
PERSON_CONNECTICUT_RECREATIONAL_MARIJUANA_ALLIANCE,Connecticut Recreational Marijuana Alliance,individual,,,,,2018-08-20,SOURCE_0016,
ORG_CONNECTICUT_SOCIAL_EQUITY_HOLDINGS_RODEO_PARENT_63_810_0_REP,"Connecticut Social Equity Holdings (Rodeo parent) - $63,810; $0 reported 2025-26",organization,actor in an access event,,,,,SOURCE_0023,
ORG_CONNECTICUT_SOCIAL_EQUITY_HOLDINGS_LLC,"Connecticut Social Equity Holdings, LLC",organization,registered lobbying client,,Cannabis operator - STATE LOAN BORROWER,,2023-2024,SOURCE_0015,
ORG_CONNECTICUT_VALLEY_BREWING,Connecticut Valley Brewing,organization,appeared in public hearing testimony,,,,2024,SOURCE_0011,
ORG_CONNELLY101,Connelly101,campaign committee,State Representative,Mary Ann Connelly,,,,SOURCE_0016,
ORG_CONSUMER_PROTECTION_STATE_OF_CT,"Consumer Protection, State of CT",organization,appeared in public hearing testimony,,,,2022,SOURCE_0011,
PERSON_CONWAY_CANDACE,"Conway, Candace",witness,RN BSN OCN,,,,2024,SOURCE_0011,
PERSON_COOK_DONNA,"Cook, Donna",witness,CPA,,,,2026,SOURCE_0011,
PERSON_COOK_ROBERT,"Cook, Robert",witness,CPA,,,,2026,SOURCE_0011,
PERSON_COOMBES_SANDY,"Coombes, Sandy",witness,CPA,,,,2026,SOURCE_0011,
ORG_CORRIE_BETTS,Corrie Betts,organization,actor in an access event,,,,,SOURCE_0023,
PERSON_COSTANZA_NICK,"Costanza, Nick",witness,General Counsel,Botl Company,,,2024,SOURCE_0011,
ORG_COUNCIL_4_AFSCME,Council 4 AFSCME,organization,appeared in public hearing testimony,,,,2021,SOURCE_0011,
PERSON_COVETT_KATIE,"Covett, Katie",witness,Co,founder of Soulstar CT,,,2025,SOURCE_0011,
PERSON_COX_JAMES,"Cox, James",witness,Vice President State Advocacy,American Institute of CPAs,,,2026,SOURCE_0011,
PERSON_CRAIG_GAIL,"Craig, Gail",witness,,,,,2025,SOURCE_0011,
PERSON_CRANE_SCOTT,"Crane, Scott",witness,CPA,,,,2026,SOURCE_0011,
ORG_CRISP_CANNABIS,Crisp Cannabis,organization,appeared in public hearing testimony,,,,2026,SOURCE_0011,
PERSON_CRONIN_JEAN,"Cronin, Jean",witness,Executive Director,CPSA,,,2026,SOURCE_0011,
ORG_CROSSES_4_AMERICA,Crosses 4 America,organization,appeared in public hearing testimony,,,,2025,SOURCE_0011,
PERSON_CROW_PERRAULT_LISA_SILVER,"Crow Perrault, Lisa Silver",witness,,,,,2022,SOURCE_0011,
PERSON_CUCCINIELLO_ALDO,"Cucciniello, Aldo",witness,,,,,2022,SOURCE_0011,
PERSON_CUMMINGS_ROBERT,"Cummings, Robert",witness,CPA,,,,2026,SOURCE_0011,
ORG_CURALEAF,Curaleaf,organization,appeared in public hearing testimony,,,,2024,SOURCE_0011,
ORG_CURALEAF_GROTON,Curaleaf Groton,organization,appeared in public hearing testimony,,,,2024,SOURCE_0011,
ORG_CURALEAF_LLC,"Curaleaf, LLC",organization,registered lobbying client,,Cannabis operator (MSO),,2019-2020,SOURCE_0015,
ORG_CYCLING_FROG,Cycling Frog,organization,appeared in public hearing testimony,,,,2024,SOURCE_0011,
PERSON_CZECZOT_ANDREW,"Czeczot, Andrew",witness,Legalizing marijuana,Main quality roots,,,2023,SOURCE_0011,
ORG_DCP,DCP,organization,appeared in public hearing testimony,,,,2025,SOURCE_0011,
PERSON_DCP,DCP,individual,named as the origin or requester of language,,,,,SOURCE_0024,
PERSON_DCP_AGENCY,DCP (agency),individual,named as the origin or requester of language,,,,,SOURCE_0024,
PERSON_DCP_DIRECTOR_OF_CANNABIS_LILA_MCKINLEY,DCP Director of Cannabis Lila McKinley,individual,DCP Director of Cannabis Lila McKinley - End-of-Session Recap,,,,,SOURCE_0023,
PERSON_DCP_ATTENDEES_NOT_ESTABLISHED,DCP; attendees NOT established,individual,named as the origin or requester of language,,,,,SOURCE_0024,
ORG_DEANE_2026,DEANE 2026,campaign committee,State Senator,lisa Deane,,,,SOURCE_0016,
ORG_DECD,DECD,organization,appeared in public hearing testimony,,,,2025,SOURCE_0011,
PERSON_DLPAC_250_12,DLPAC $250 (12,individual,DLPAC $250 (12-15); Democratic Senate Majority PAC (Looney) $250 (12-29); Senate Democrats Victory PAC (Duff) $250 (12-30); HRCC $150 (01-29); Jason Rojas PAC $250 (01-29); MML PAC (Looney) $250 (01-30),,,,,SOURCE_0023,
ORG_DXR_HOLDINGS_3_LLC_DBA_THERAPLANT,DXR Holdings 3 LLC  DBA Theraplant,organization,registered lobbying client,,Cannabis producer,,2019-2020,SOURCE_0015,
PERSON_DABROWSKI_DANIEL,"Dabrowski, Daniel",witness,,CT CannaWarriors,,,2024,SOURCE_0011,
PERSON_DALESSIO_LINDA,"Dalessio, Linda",witness,Dr,,,,2024,SOURCE_0011,
PERSON_DALY_ELIZABETH,"Daly, Elizabeth",witness,,,,,2026,SOURCE_0011,
PERSON_DALY_MARGARET,"Daly, Margaret",witness,,,,,2026,SOURCE_0011,
PERSON_DANG_DARRIN,"Dang, Darrin",witness,Pharmacist,Affinity Dispensary,,,2024,SOURCE_0011,
PERSON_DANIEL_EMMANS,Daniel Emmans,individual,GM; Higher Ed Professional; Higher Education Professional; Pharmaceutical; pharmaceutical,Theraplant; Harvard Medical School; Harvard University; Northeast Bioindustries; Northeast BioInustries,,,2022-06-29,SOURCE_0016,
PERSON_DATHAN_LUCY,"Dathan, Lucy",witness,Representative,"House of Representatives, State of Connecticut",,,2022,SOURCE_0011,
PERSON_DAVID_LIPTON,David Lipton,individual,Healthcare,"Advanced Grow Labs, LLC",,,2020-10-05,SOURCE_0016,
PERSON_DAVINO_DIANA,"Davino, Diana",witness,PharmD,RPh,,,2024,SOURCE_0011,
PERSON_DAVIS_VINCENZO,"Davis, Vincenzo",witness,Interim President,UConn Cannabis Club,,,2025,SOURCE_0011,
PERSON_DAY_ROBERT,"Day, Robert",witness,Attorney,State Board of Accountancy,,,2026,SOURCE_0011,
PERSON_DE_ANNA_FERRIOLO,De'Anna Ferriolo,individual,Compliance,Theraplant,,,2024-03-29,SOURCE_0016,
PERSON_DECAPRIO_MARK,"DeCaprio, Mark",witness,State Representative,CT General Assembly,,,2024,SOURCE_0011,
PERSON_DECAPRIO_PHILIP,"DeCaprio, Philip",witness,CPA,,,,2026,SOURCE_0011,
PERSON_DEVAUGHN_WARD,DeVaughn Ward,individual,Attorney; Senior Legislative Counsel; ATTORNEY; Correction Ombuds; attorney,"Ward Law, LLC; Marijuana Policy Project; Ward Law LLC; State of Connecticut; Self; ward law llc; Ward Law LLC.; marijuana policy project",,,2018-01-31,SOURCE_0016,
PERSON_DEBBIE_S_DISPENSARY_LLC,Debbie's Dispensary LLC,individual,,,,,2025-12-04,SOURCE_0016,
PERSON_DECKER_BRYAN,"Decker, Bryan",witness,CPA,,,,2026,SOURCE_0011,
ORG_DELTA_BEVERAGES_LLC,Delta Beverages LLC,organization,appeared in public hearing testimony,,,,2024,SOURCE_0011,
PERSON_DEMBEK_ZYGMUNT,"Dembek, Zygmunt",witness,,,,,2026,SOURCE_0011,
ORG_DEMOCRATIC_LEADERSHIP_PAC,Democratic Leadership PAC,campaign committee,,,,,,SOURCE_0016,
PERSON_DEMOCRATIC_LEADERSHIP_PAC,Democratic Leadership PAC,individual,Democratic Leadership PAC - event 09242024V; Democratic Leadership PAC - attributed to event 09242024V; Democratic Leadership PAC - event 12102025J,,,,,SOURCE_0023,
PERSON_DEMOCRATIC_LEADERSHIP_PAC_SENATE_DEMOCRATIC_CAUCUS,Democratic Leadership PAC (Senate Democratic caucus),individual,Democratic Leadership PAC (Senate Democratic caucus) - event 09242024V,,,,,SOURCE_0023,
ORG_DEMOCRATIC_SENATE_MAJORITY_PAC,Democratic Senate Majority PAC,campaign committee,,,,,,SOURCE_0016,
PERSON_DENNIS_CAROLYN,"Dennis, Carolyn",witness,,,,,2023,SOURCE_0011,
ORG_DEPARTMENT_OF_CONSUMER_PROTECTION,Department of Consumer Protection,agency,"Licenses and regulates cannabis establishments; adopts regulations and, in practice, policies and procedures.",,,DCP; Drug Control Division; Cannabis Division,,SOURCE_0010,
ORG_DEPARTMENT_OF_ECONOMIC_AND_COMMUNITY_DEVELOPMENT,Department of Economic and Community Development,agency,Administers loan and grant programs touching cannabis businesses.,,,DECD,,SOURCE_0010,
ORG_DEPT_OF_CONSUMER_PROTECTION,Dept. of Consumer Protection,organization,appeared in public hearing testimony,,,,2026,SOURCE_0011,
PERSON_DERRICK_GIBBS,Derrick Gibbs,individual,Founder; CEO,Budr Cannabis; Change INC,,,2024-09-24,SOURCE_0016,
ORG_DERRICK_GIBBS_BUDR_CANNABIS_FOUNDER_OSE_IN_HOUSE_COMMUNICATO,"Derrick Gibbs (Budr Cannabis, founder; OSE in-house communicator 2025-26)",organization,actor in an access event,,,,,SOURCE_0023,
PERSON_DERRICK_GIBBS_IN_HOUSE,Derrick Gibbs (in-house,lobbyist,registered communicator,Budr Cannabis,,,2025-2026,SOURCE_0015,
PERSON_DEVAUGHN_L_WARD,Devaughn L Ward,individual,Attorney; Lawyer,Ward Law LLC,,,2018-06-30,SOURCE_0016,
PERSON_DILOSSI_MONICA,"DiLossi, Monica",witness,MOTHER,Parents Action Network,,,2026,SOURCE_0011,
PERSON_DIANA_SHAW,Diana Shaw,individual,Adult-use cannabis,State of CT,,,2022-05-06,SOURCE_0016,
ORG_DITACT22,DitaCT22,campaign committee,State Treasurer,Dita Bhargava,,,,SOURCE_0016,
ORG_DOCTORS_FOR_DRUG_POLICY_REFORM,Doctors for Drug Policy Reform,organization,appeared in public hearing testimony,,,,2025,SOURCE_0011,
ORG_DONNA_VEACH_FOR_STATE_REP,Donna Veach for State Rep,campaign committee,State Representative,Donna Veach,,,,SOURCE_0016,
PERSON_DONNELL_DAVID,"Donnell, David",witness,Associate Director NE Region,American Petroleum Institute,,,2023,SOURCE_0011,
PERSON_DOOLITTLE_ERIN,"Doolittle, Erin",witness,MA MFT; LMFT,CT Cannawarriors,,,2026,SOURCE_0011,
PERSON_DOYLE_KAY,"Doyle, Kay",witness,Director of Governmrent Affairs,Green Thumb Industries,,,2025,SOURCE_0011,
PERSON_DRUGA_ZACH,"Druga, Zach",witness,Government Affairs Manager,CLARB,,,2024,SOURCE_0011,
PERSON_DUBE_KATHRYN,"Dube, Kathryn",witness,Executive Director,CT Youth Services Association,,,2023,SOURCE_0011,
PERSON_DUBS_CAROL,"Dubs, Carol",witness,CPA,,,,2026,SOURCE_0011,
PERSON_DUFFY_COLEEN,"Duffy, Coleen",witness,CPA,,,,2026,SOURCE_0011,
PERSON_DUMESNIL_MICHELE,"Dumesnil, Michele",witness,CPA,,,,2026,SOURCE_0011,
PERSON_DUNSEN_JADA,"Dunsen, Jada",witness,,,,,2025,SOURCE_0011,
ORG_DUTCH_LLC,Dutch LLC.,organization,appeared in public hearing testimony; registered lobbying client,,Cannabis operator - STATE LOAN BORROWER,,2024,SOURCE_0011; SOURCE_0015,
PERSON_DYDYN_JESSICA,"Dydyn, Jessica",witness,PharmD,,,,2024,SOURCE_0011,
ORG_ERIN26,ERIN26,campaign committee,Undetermined,Erin Stewart,,,,SOURCE_0016,
PERSON_EATON_NICOLE,"Eaton, Nicole",witness,,,,,2023,SOURCE_0011,
PERSON_EDWARD_P_COURCHESIE,Edward P Courchesie,individual,Management,Verano,,,2026-08-21,SOURCE_0016,
PERSON_EGAN_TIMOTHY,"Egan, Timothy",witness,Chair,CT State Board of Accountancy,,,2026,SOURCE_0011,
PERSON_EILEEN_CONARD,Eileen Conard,individual,Admin,Theraplant,,,2018-08-07,SOURCE_0016,
ORG_ELECT_BRANDON_GOFF_2022,Elect Brandon Goff 2022,campaign committee,State Senator,Brandon Goff,,,,SOURCE_0016,
ORG_ELECT_CYNTHIA_MANGINI,Elect Cynthia Mangini,campaign committee,State Senator,Cynthia Mangini,,,,SOURCE_0016,
ORG_ELICKER_2023,Elicker 2023,campaign committee,Mayor,Justin Elicker,,,,SOURCE_0016,
ORG_ELICKER_2025,Elicker 2025,campaign committee,Mayor,Justin Elicker,,,,SOURCE_0016,
ORG_ELIOTTHUGHESFORSENATE,EliottHughesforSenate,campaign committee,State Senator,Eliott Hughes,,,,SOURCE_0016,
ORG_ENLIGHTENED_FOODS_LLC,Enlightened Foods LLC,organization,appeared in public hearing testimony,,,,2024,SOURCE_0011,
ORG_ERIC_BERTHEL_FOR_SENATE,Eric Berthel for Senate,campaign committee,State Senator,Eric Berthel,,,,SOURCE_0016,
ORG_ERICA_EVANS_FOR_STATE_REPRESENTATIVE,Erica Evans for State Representative,campaign committee,State Representative,Erica Evans,,,,SOURCE_0016,
ORG_ERICK_RUSSELL_FOR_STATE_TREASURER,Erick Russell for State Treasurer,campaign committee,State Treasurer,Erick Russell,,,,SOURCE_0016,
PERSON_ERIK_SARANGO,Erik Sarango,individual,Harvest Tech,GTI,,,2024-08-24,SOURCE_0016,
PERSON_ERIK_WILLIAMS,Erik Williams,individual,Cannabis consultant; Cannabis Consultant,Self; Will & Way,,,2018-01-27,SOURCE_0016,
PERSON_ERIN_G_KIRK,Erin G Kirk,individual,Consultant; Attorney; Ombudsman; Healthcare Ombudsman,The Jamison Group; Self; The Jameson Group; State of Connecticut,,,2022-06-12,SOURCE_0016,
PERSON_ERIN_KIRK,Erin Kirk,individual,Consultant; Ombudsman; Cannabis Ombudsman; Financial advisor,Jamison Group LLC; State of Connecticut; The Jamison Group LLC; Self; Wells Fargo,,,2022-08-01,SOURCE_0016,
PERSON_ERLINGHEUSER_JOHN,"Erlingheuser, John",witness,Senior Director of Advocacy,AARP,,,2023,SOURCE_0011,
PERSON_ESPINOSA_MARK,"Espinosa, Mark",witness,President,UFCW Local 919,,,2021,SOURCE_0011,
PERSON_ESSENTER_RPH_BRIAN,"Essenter RPh, Brian",witness,COO,Connecticut Cannabis Compnany,,,2024,SOURCE_0011,
PERSON_ESSENTER_BRIAN,"Essenter, Brian",witness,Pharmacist,,,,2021,SOURCE_0011,
PERSON_ESTHER_WITKOS,Esther Witkos,individual,technician; Supervisor (lead) -,Curaleaf,,,2020-05-11,SOURCE_0016,
ORG_ETAN_HIRSCH_FOR_THE_119TH,Etan Hirsch for the 119th,campaign committee,State Representative,Etan Hirsch,,,,SOURCE_0016,
PERSON_ETHEL_BLACK,Ethel Black,individual,Packaging Specialist; Packaging Specialistq,Verano,,,2024-04-29,SOURCE_0016,
PERSON_EVANS_BARBARA,"Evans, Barbara",witness,Mother,Parent action Network and SAM,,,2026,SOURCE_0011,
ORG_FCMA,FCMA,organization,appeared in public hearing testimony,,,,2025,SOURCE_0011,
ORG_FCMA_AND_CSMS,FCMA and CSMS,organization,appeared in public hearing testimony,,,,2026,SOURCE_0011,
ORG_FAIRFIELD_COUNTY_MED_ASS,Fairfield County Med Ass.,organization,appeared in public hearing testimony,,,,2026,SOURCE_0011,
ORG_FAIRFIELD_REPUBLICAN_TOWN_COMMITTEE,Fairfield Republican Town Committee,campaign committee,,,,,,SOURCE_0016,
PERSON_FARBER_FREDRIC,"Farber, Fredric",witness,CPA,,,,2026,SOURCE_0011,
PERSON_FARBER_STACY,"Farber, Stacy",witness,CPA,,,,2026,SOURCE_0011,
ORG_FARLEY_2024,Farley 2024,campaign committee,State Representative,Farley Santos,,,,SOURCE_0016,
ORG_FARMER_2022,Farmer 2022,campaign committee,State Representative,Sharon Farmer,,,,SOURCE_0016,
ORG_FARRELL_2022,Farrell 2022,campaign committee,State Representative,Jerry Farrell,,,,SOURCE_0016,
ORG_FARRELL_2024,Farrell 2024,campaign committee,State Representative,Jerry Farrell,,,,SOURCE_0016,
PERSON_FARRELL_KEITH,"Farrell, Keith",witness,Creative Director,Still River Wellness,,,2024,SOURCE_0011,
PERSON_FAUTNER_ULYSSES,"Fautner, Ulysses",witness,,,,,2024,SOURCE_0011,
PERSON_FAY_DAVID,"Fay, David",witness,President,The Bushnell,,,2023,SOURCE_0011,
PERSON_FECKO_KAREN,"Fecko, Karen",witness,,,,,2024,SOURCE_0011,
PERSON_FEINBERG_SETH,"Feinberg, Seth",witness,Partner,Green Cab Co LLC,,,2026,SOURCE_0011,
PERSON_FELICIA_N_JORDAN,Felicia N Jordan,individual,Sales,Curaleaf,,,2020-09-23,SOURCE_0016,
PERSON_FELL_JENNIFER,"Fell, Jennifer",witness,Dir of Bus Dev; Dir Government Relations; Director of Gov Affairs; Dir of Gov Affairs,Govt Affairs; CT Cannabis Chamber of Commerce,,,2025,SOURCE_0011,
PERSON_FERRARESE_RINO,"Ferrarese, Rino",witness,President; Owner,Affinity Grow,,,2026,SOURCE_0011,
PERSON_FESTA_ANNA,"Festa, Anna",witness,Alder Ward 10,City of New Haven,,,2025,SOURCE_0011,
PERSON_FEUERSTEIN_JOE,"Feuerstein, Joe",witness,MD,FCMA,,,2025,SOURCE_0011,
PERSON_FEUERSTEIN_JOSEPH,"Feuerstein, Joseph",witness,MD,FCMA and CSMS,,,2026,SOURCE_0011,
ORG_FINANCE_REVENUE_AND_BONDING_COMMITTEE,"Finance, Revenue and Bonding Committee",legislative body,Fiscal referral on cannabis bills.,,,FIN,,SOURCE_0010,
ORG_FINCH_FOR_SENATE,Finch For Senate,campaign committee,State Senator,William Finch,,,,SOURCE_0016,
PERSON_FINE_FETTLE,Fine Fettle,witness,named as the origin or requester of language,,,,2022,SOURCE_0011; SOURCE_0024,
PERSON_FINE_FETTLE_NOT_AN_OSE_REGISTERED_CLIENT_IN_HELD_EXTRACT_BUD,"Fine Fettle (not an OSE-registered client in held extract); Budr (registered client, in-house communicators Gibbs/Tirella)",individual,named as the origin or requester of language,,,,,SOURCE_0024,
ORG_FINE_FETTLE_DISPENSARIES,Fine Fettle Dispensaries,organization,appeared in public hearing testimony,,,,2026,SOURCE_0011,
ORG_FINE_FETTLE_DISPENSARY,Fine Fettle Dispensary,organization,appeared in public hearing testimony,,,,2025,SOURCE_0011,
PERSON_FINE_FETTLE_DISPENSARY,Fine Fettle Dispensary,witness,,,,,2021,SOURCE_0011,
ORG_FINIZIO_FOR_SENATE,Finizio for Senate,campaign committee,State Senator,Daryl Finizio,,,,SOURCE_0016,
ORG_FIREWALL_FUND,Firewall Fund,campaign committee,,,,,,SOURCE_0016,
ORG_FISHBEIN_FOR_CONNECTICUT,Fishbein for Connecticut,campaign committee,State Representative,Craig Fishbein,,,,SOURCE_0016,
ORG_FLOAT_HOUSE,Float House,organization,appeared in public hearing testimony; registered lobbying client,,Unclassified,,2026,SOURCE_0011; SOURCE_0015,
ORG_FLOAT_HOUSE_48_750,"Float House - $48,750",organization,actor in an access event,,,,,SOURCE_0023,
ORG_FLOATING_ISLANDS,Floating Islands,organization,appeared in public hearing testimony,,,,2024,SOURCE_0011,
ORG_FLOWER_HOUSE,Flower House,organization,appeared in public hearing testimony,,,,2024,SOURCE_0011,
ORG_FLYERS_COCKTAIL_CO,Flyers Cocktail Co,organization,appeared in public hearing testimony,,,,2024,SOURCE_0011,
PERSON_FORMICA_RALPH,"Formica, Ralph",witness,CPA,,,,2026,SOURCE_0011,
ORG_FOSTER_2026,Foster 2026,campaign committee,State Representative,Jaime  Foster,,,,SOURCE_0016,
ORG_FOX_2026,Fox 2026,campaign committee,State Representative,Irving Fox,,,,SOURCE_0016,
PERSON_FOX_KARLA,"Fox, Karla",witness,Member,State Board of Accountancy,,,2026,SOURCE_0011,
PERSON_FRAZER_JOSHUA,"Frazer, Joshua",witness,,Main Quality Roots,,,2023,SOURCE_0011,
PERSON_FRENCH_NANCY,"French, Nancy",witness,,Smart Approaches to Marijuana,,,2026,SOURCE_0011,
ORG_FRIENDS_OF_DERELL_WILSON,Friends of Derell Wilson,campaign committee,State Representative,Derell Wilson,,,,SOURCE_0016,
ORG_FRIENDS_OF_KERRY,Friends of Kerry,campaign committee,State Representative,Kerry  Wood,,,,SOURCE_0016,
ORG_FRIENDS_OF_QUINN,Friends of Quinn,campaign committee,State Representative,Michael Quinn,,,,SOURCE_0016,
ORG_FRIENDS_OF_SUSAN,Friends of Susan,campaign committee,Lieutenant Governor,Susan Bysiewicz,,,,SOURCE_0016,
ORG_FRIENDS_OF_TRAVIS_SIMMS,Friends of Travis Simms,campaign committee,State Representative,Travis Simms,,,,SOURCE_0016,
PERSON_FRYTZ_ANGERLYK,"Frytz, Angerlyk",witness,COO,TWOB; White Oak Apothecary LLC,,,2025,SOURCE_0011,
PERSON_FUSCO_LL,"Fusco, LL",witness,CPA,,,,2026,SOURCE_0011,
ORG_G_AGTEK,G Agtek,organization,appeared in public hearing testimony,,,,2024,SOURCE_0011,
PERSON_GENOVAL_DASHAWN,"GENOVAL, DASHAWN",witness,,,,,2024,SOURCE_0011,
ORG_GL_COMMITTEE,GL Committee,organization,named as the origin or requester of language,,,,,SOURCE_0024,
ORG_GL_COMMITTEE_HEMP_WITNESSES_2024_COSTANZA_GOODENOUGH_MARKOVI,"GL Committee; hemp witnesses 2024 (Costanza, Goodenough, Markovich, Lewis) asked age limits and testing parity",organization,named as the origin or requester of language,,,,,SOURCE_0024,
PERSON_GL_MOTION_OSTEN_SECOND_MARONEY_CHAIR_LEMAR,"GL: motion Osten, second Maroney; chair Lemar",individual,named as the origin or requester of language,,,,,SOURCE_0024,
ORG_GPM_II_LLC,GPM II LLC,organization,registered lobbying client,,Convenience/fuel retail,,2021-2022,SOURCE_0015,
PERSON_GABRIEL_SOUCY,Gabriel Soucy,individual,Disensary Associate,Trulieve,,,2026-05-25,SOURCE_0016,
PERSON_GAGE_BRIAN,"Gage, Brian",witness,,,,,2025,SOURCE_0011,
PERSON_GALLO_KATIE,"Gallo, Katie",witness,,,,,2026,SOURCE_0011,
PERSON_GANNON_MARTIN_CRAIG,"Gannon, Martin Craig",witness,CPA,,,,2026,SOURCE_0011,
ORG_GARY_2022,Gary 2022,campaign committee,State Senator,Gary Winfield,,,,SOURCE_0016,
ORG_GARY_FOR_SENATE,Gary for Senate,campaign committee,State Senator,Gary Winfield,,,,SOURCE_0016,
PERSON_GAUGE,Gauge,witness,,,,,2022,SOURCE_0011,
PERSON_GENERAL_ASSEMBLY_AGENCIES,General Assembly / agencies,individual,General Assembly / agencies,,,,,SOURCE_0023,
ORG_GENERAL_LAW_COMMITTEE,General Law Committee,legislative body,The joint standing committee with cannabis jurisdiction.; introducer of HB5329; introducer of HB6699; introducer of HB5150; introducer of HB6855; introducer of HB7181; introducer of HB5350; introducer of HB5222; introducer of HB6698,,,GL,,SOURCE_0010,
PERSON_GENERAL_LAW_COMMITTEE,General Law Committee,individual,General Law Committee,,,,,SOURCE_0023,
ORG_GENERAL_LAW_COMMITTEE_SUBSTITUTE_REQUESTER_OF_THE_NEW_SECTIO,General Law Committee substitute; requester of the new section NOT identified,organization,named as the origin or requester of language,,,,,SOURCE_0024,
PERSON_GERALD_E_FARRELL,Gerald E Farrell,individual,Attorney; Lawyer; attorney,"Law Office of Jerry Ferrall Jr.; Law offices of Jerry Farrell, Jr.; Law Office of Jerry Farrell, Jr.; self; Self-Employed; Attorney Farrell",,,2022-07-27,SOURCE_0016,
PERSON_GERALD_FARRELL,Gerald Farrell,individual,Attorney; Lawyer; Retired,"Gerald Farrell; Self; Law Office of Jerry Farrell, Jr.; Law Offices of Jerry Farrell Jr; Law officers of Jerry Farrell jr.; Law Office of Jerry Farrell, Jr. LLC; Law Offices of Jerry Farrell, Jr.; Retired",,,2022-03-31,SOURCE_0016,
PERSON_GERARDO_HECTOR,"Gerardo, Hector",witness,Founder,"Seamarron Farmstead, LLC",,,2022,SOURCE_0011,
PERSON_GERBER_ANDREW,"Gerber, Andrew",witness,President and Medical Director,Silver Hill Hospital,,,2026,SOURCE_0011,
PERSON_GERSTEN_SARAH,"Gersten, Sarah",witness,Exec. Director,Last Prisoner Project,,,2021,SOURCE_0011,
PERSON_GIBBS_DAVID,"Gibbs, David",witness,CPA,,,,2026,SOURCE_0011,
PERSON_GIBBS_DERRICK,"Gibbs, Derrick",witness,Co,Budr Cannabis,,,2025,SOURCE_0011,
PERSON_GILLESPIE_INGRID,"Gillespie, Ingrid",witness,Director of Prevention,Liberation Programs Inc,,,2026,SOURCE_0011,
PERSON_GILLILAND_KRISTEN,"Gilliland, Kristen",witness,Assistant Professor of Research,Vanderbilt School of Medicine,,,2026,SOURCE_0011,
PERSON_GILREIN_CHRISTOPHER,"Gilrein, Christopher",witness,Executive Director,TechNet,,,2023,SOURCE_0011,
PERSON_GJEDE_ERIC,"Gjede, Eric",witness,Vice President of Govt Affairs,CBIA,,,2021,SOURCE_0011,
PERSON_GODBOUT_DAVID,"Godbout, David",witness,,,,,2022,SOURCE_0011,
ORG_GODFREY_24,Godfrey 24,campaign committee,State Representative,Bob Godfrey,,,,SOURCE_0016,
ORG_GODFREY_26,Godfrey 26,campaign committee,State Representative,Bob Godfrey,,,,SOURCE_0016,
PERSON_GOETJEN_SCOTT,"Goetjen, Scott",witness,CPA,,,,2026,SOURCE_0011,
PERSON_GOETSCH_PHD,"Goetsch, PhD",witness,Rebecca,Running Brook Hemp Co.,,,2022,SOURCE_0011,
PERSON_GOETSCH_REBECCA,"Goetsch, Rebecca",witness,President,CHIA,,,2024,SOURCE_0011,
PERSON_GOLDEN_GABRIELA,"Golden, Gabriela",witness,,,,,2024,SOURCE_0011,
PERSON_GOLDFUSS_THOMAS,"Goldfuss, Thomas",witness,CPA,,,,2026,SOURCE_0011,
PERSON_GOLDSTEIN_MICHAEL,"Goldstein, Michael",witness,,,,,2025,SOURCE_0011,
PERSON_GOODE_DIANA,"Goode, Diana",witness,Executive Director,Support with modification,,,2022,SOURCE_0011,
PERSON_GOODENOUGH_MICHAEL,"Goodenough, Michael",witness,CEO DG AgTek LLC; Chairmen,CCSBA,,,2026,SOURCE_0011,
PERSON_GORMAN_KIRK_ERIN,"Gorman Kirk, Erin",witness,Connecticut Cannabis Ombudsman; CEO,Office of the Cannabis Ombudsman; Canna Government Strategies LLC; Canna Govt Strategies,,,2026,SOURCE_0011,
PERSON_GORSKI_GREGORY,"Gorski, Gregory",witness,CPA,,,,2026,SOURCE_0011,
PERSON_GOSTOMSKI_MICHAEL,"Gostomski, Michael",witness,CPA,,,,2026,SOURCE_0011,
ORG_GOVERNOR_DCP_COMMISSIONER_SEC_LEGISLATIVE_LEADERS,"Governor, DCP Commissioner, SEC, legislative leaders",organization,actor in an access event,,,,,SOURCE_0023,
ORG_GOVT_AFFAIRS,Govt Affairs,organization,appeared in public hearing testimony,,,,2025,SOURCE_0011,
PERSON_GRABOWSKI_JOE,"Grabowski, Joe",witness,Co,Sarene Craft Beer Distributors,,,2024,SOURCE_0011,
ORG_GRACE_SUH_DESIGNEE_FOR_KELLI_VALLIERES,Grace Suh (designee for Kelli Vallieres),organization,actor in an access event,,,,,SOURCE_0023,
ORG_GREEN_CAB_CO_LLC,Green Cab Co LLC,organization,appeared in public hearing testimony,,,,2026,SOURCE_0011,
ORG_GREEN_THUMB_INDUSTRIES,Green Thumb Industries,organization,appeared in public hearing testimony,,,,2025,SOURCE_0011,
PERSON_GREEN_JONATHAN,"Green, Jonathan",witness,President,CT Funeral Directors Association,,,2026,SOURCE_0011,
PERSON_GREEN_OMAR,"Green, Omar",witness,,,,,2021,SOURCE_0011,
PERSON_GREGORY_GOURLEY,Gregory Gourley,individual,Production Assistant,Advanced Grow Labs,,,2020-05-23,SOURCE_0016,
PERSON_GREGORY_R_GOURLEY,Gregory R Gourley,individual,production assistant,Advanced Grow Labs,,,2022-03-03,SOURCE_0016,
PERSON_GRENIER_CAROL_ANNE,"Grenier, Carol Anne",witness,CPA,,,,2026,SOURCE_0011,
PERSON_GUERMERO_ZELEZTE,Guermero Zelezte,individual,Medical Intake,Zen Leaf,,,2026-01-23,SOURCE_0016,
ORG_GUILFORD_YOUTH_MENTORING,Guilford Youth Mentoring,organization,appeared in public hearing testimony,,,,2026,SOURCE_0011,
PERSON_HB_5350_CHIEF_PROPONENT_ROJAS,HB 5350 chief proponent Rojas,individual,named as the origin or requester of language,,,,,SOURCE_0024,
PERSON_HBRA,HBRA,witness,,CT,,,2021,SOURCE_0011,
ORG_HBRA_OF_CT,HBRA of CT,organization,appeared in public hearing testimony,,,,2024,SOURCE_0011,
PERSON_HEALY_THOMAS_F,"HEALY, Thomas F.",witness,,,,,2024,SOURCE_0011,
ORG_HHS_WELLNESS_LLC,HHS Wellness LLC,organization,appeared in public hearing testimony,,,,2024,SOURCE_0011,
ORG_HALL2022,Hall2022,campaign committee,State Representative,Joshua Hall,,,,SOURCE_0016,
PERSON_HAMPTON_NICOLE,"Hampton, Nicole",witness,Community Advocate,,,,2026,SOURCE_0011,
PERSON_HARPIN_LEANNE,"Harpin, Leanne",witness,,,,,2021,SOURCE_0011,
PERSON_HARVEY_ANN,"Harvey, Ann",witness,,,,,2026,SOURCE_0011,
PERSON_HARVEY_REBECCA,"Harvey, Rebecca",witness,,,,,2026,SOURCE_0011,
PERSON_HAWTHORNE_ED,"Hawthorne, Ed",witness,President,CIO,,,2023,SOURCE_0011,
ORG_HEALTH_CBD_STORE,Health CBD Store,organization,appeared in public hearing testimony,,,,2024,SOURCE_0011,
PERSON_HEALY_BRENDEN,"Healy, Brenden",witness,CPA,,,,2026,SOURCE_0011,
PERSON_HEBRON_ELIZABETH,"Hebron, Elizabeth",witness,Director,ASLA,,,2024,SOURCE_0011,
PERSON_HELLER_GERALD,"Heller, Gerald",witness,CPA,,,,2026,SOURCE_0011,
ORG_HEMP_HOUSE_FARMS,Hemp House Farms,organization,appeared in public hearing testimony,,,,2024,SOURCE_0011,
PERSON_HENRY_JR_GEORGE_MARTIN,"Henry Jr., George Martin",witness,CPA,,,,2026,SOURCE_0011,
PERSON_HERB_CHRIS,"Herb, Chris",witness,President,CT Energy Marketers Association,,,2026,SOURCE_0011,
PERSON_HERB_CHRISTIAN_A,"Herb, Christian A.",witness,President,Opposition,,,2023,SOURCE_0011,
ORG_HIGH_STREET_CAPITAL_PARTNERS_LLC,"High Street Capital Partners, LLC.",organization,registered lobbying client,,Cannabis operator (Acreage Holdings CT entity),,2019-2020,SOURCE_0015,
ORG_HIGHBAZAAR_CT_CANNAWARRIORS,HighBazaar Ct Cannawarriors,organization,appeared in public hearing testimony,,,,2026,SOURCE_0011,
ORG_HIGHER_COLLECTIVE,Higher Collective,organization,appeared in public hearing testimony,,,,2026,SOURCE_0011,
ORG_HIGHER_HEALTH,Higher Health,organization,appeared in public hearing testimony,,,,2025,SOURCE_0011,
PERSON_HOEHNE_KERI,"Hoehne, Keri",witness,Executive Vice President,Commercial Workers,,,2021,SOURCE_0011,
PERSON_HOLMS_CHRISTINA,"Holms, Christina",witness,,,,,2024,SOURCE_0011,
PERSON_HOMAYONPOUR_MARIETTA,"Homayonpour, Marietta",witness,,,,,2026,SOURCE_0011,
PERSON_HONIG_JACOB,"Honig, Jacob",witness,Member of Board of Directors; Co,CT Hemp Industry Assocation; TheCBGGurus LLC,,,2026,SOURCE_0011,
ORG_HOPRIVER_HEMP,Hopriver hemp,organization,appeared in public hearing testimony,,,,2023,SOURCE_0011,
PERSON_HORVATH_DANIEL,"Horvath, Daniel",witness,CPA,,,,2026,SOURCE_0011,
ORG_HOUSE_DEMOCRATS_CAMPAIGN_COMMITTEE,House Democrats Campaign Committee,campaign committee,,,,,,SOURCE_0016,
ORG_HOUSE_MAJORITY_COMMITTEE,House Majority Committee,campaign committee,,,,,,SOURCE_0016,
ORG_HOUSE_REPUBLICAN_CAMPAIGN_COMMITTEE,House Republican Campaign Committee,campaign committee,,,,,,SOURCE_0016,
ORG_HOUSE_OF_REPRESENTATIVES_STATE_OF_CT,"House of Representatives, State of CT",organization,appeared in public hearing testimony,,,,2022,SOURCE_0011,
ORG_HOUSE_OF_REPRESENTATIVES_STATE_OF_CONNECTICUT,"House of Representatives, State of Connecticut",organization,appeared in public hearing testimony,,,,2022,SOURCE_0011,
PERSON_HURLBURT_BRYAN,"Hurlburt, Bryan",witness,Commissioner,CT Department of Agriculture,,,2025,SOURCE_0011,
PERSON_HYDE_GARY,"Hyde, Gary",witness,CPA,,,,2026,SOURCE_0011,
ORG_IAPSA,IAPSA,organization,appeared in public hearing testimony,,,,2026,SOURCE_0011,
PERSON_IGLESIA_CHRISTOPHER,"Iglesia, Christopher",witness,,,,,2025,SOURCE_0011,
PERSON_IGNAGNI_ROBERT,"Ignagni, Robert",witness,CPA,,,,2026,SOURCE_0011,
ORG_INC,Inc.,organization,appeared in public hearing testimony,,,,2024,SOURCE_0011,
ORG_INDIGENOUS_CANNABIS_COALITION,Indigenous Cannabis Coalition,organization,appeared in public hearing testimony,,,,2021,SOURCE_0011,
ORG_INSA,Insa,organization,appeared in public hearing testimony,,,,2026,SOURCE_0011,
PERSON_J_GABRIEL,J Gabriel,individual,Cannibis Advisor,Verano Inc,,,2024-03-01,SOURCE_0016,
PERSON_JACOB_N_HONIG,JACOB N HONIG,individual,STUDENT,STUDENT,,,2018-07-05,SOURCE_0016,
PERSON_JUDY_STENGEL,JUDY STENGEL,individual,OPERATIONS MANAGER,BLUEPOINT WELLNESS CT,,,2018-05-14,SOURCE_0016,
PERSON_JACOB_HONIG,Jacob Honig,individual,Farmer; Student; student; Hemp Farmer,TheCBGGurus LLC; Student; student; The CBG Gurus,,,2024-02-13,SOURCE_0016,
PERSON_JAIME_E_VINICK,Jaime E Vinick,individual,,The Botanist,,,2024-04-05,SOURCE_0016,
PERSON_JAMES_R_DAY,James R Day,individual,Inventory Supervisor,Curaleaf,,,2018-07-21,SOURCE_0016,
ORG_JASON_ROJAS_PAC,Jason Rojas PAC,campaign committee,,,,,,SOURCE_0016,
PERSON_JASON_ROJAS_PAC,Jason Rojas PAC,individual,Jason Rojas PAC - event 01292026Z,,,,,SOURCE_0023,
PERSON_JASON_ROJAS_PAC_REP_ROJAS,Jason Rojas PAC (Rep. Rojas),individual,Jason Rojas PAC (Rep. Rojas) - event 09102025A,,,,,SOURCE_0023,
PERSON_JASON_ROJAS_PAC_ATTRIBUTED_TO_EVENT_09102025A_AND_CONNECTICU,Jason Rojas PAC (attributed to event 09102025A) and Connecticut Blue Dogs (Rep. Pat Boyd; event 09082025A),individual,Jason Rojas PAC (attributed to event 09102025A) and Connecticut Blue Dogs (Rep. Pat Boyd; event 09082025A),,,,,SOURCE_0023,
PERSON_JASON_TEAL,Jason Teal,individual,CEO; Consultant; none; Self Employed; owner; Entrepreneur,Nova Farms; Teal Communications Group; Nova Farms Connecticut; none; Self Employed; teal communications; Nova Famrs,,,2023-06-21,SOURCE_0016,
ORG_JASON_TEAL_NOVA_FARMS,Jason Teal (Nova Farms),organization,actor in an access event,,,,,SOURCE_0023,
PERSON_JASON_WHITELOON_KEATING,Jason Whiteloon-Keating,individual,Cannabis Cultivation Technician,CT,,,2026-02-07,SOURCE_0016,
PERSON_JEAN_BILLY,"Jean, Billy",witness,,,,,2022,SOURCE_0011,
ORG_JEN_TOOKER_FOR_COMPTROLLER,Jen Tooker for Comptroller,campaign committee,State Comptroller,Jennifer Tooker,,,,SOURCE_0016,
PERSON_JENKS_WESLEY,"Jenks, Wesley",witness,President,XpoCanna,,,2026,SOURCE_0011,
PERSON_JENNIFER_FELL,Jennifer Fell,individual,Community Advocate; Consultant; Contractor For Non Profit; Sales; Foster Care Advocate; Community Education,Wethersfield Public Schools; Root and Pivot; Root & Pivot; Affinity Grow; Self; Fostering The Community,,,2022-02-16,SOURCE_0016,
ORG_JENNIFER_FELL_ROOT_PIVOT_CHAMBER_DIRECTOR_IN_2025_TESTIMONY,Jennifer Fell (Root & Pivot; Chamber director in 2025 testimony),organization,actor in an access event,,,,,SOURCE_0023,
PERSON_JENNIFER_FELL_IN_HOUSE,Jennifer Fell (in-house,lobbyist,registered communicator,CT Cannabis Chamber of Commerce,,,2025-2026,SOURCE_0015,
PERSON_JERRY_FARRELL,Jerry Farrell,individual,,,,,2022-04-28,SOURCE_0016,
PERSON_JOHN_POST,John Post,individual,Budtender,The Herbal Center,,,2020-08-17,SOURCE_0016,
PERSON_JOHN_ZITO,John Zito,individual,Hemp Distributor,Self - John Zito,,,2018-06-03,SOURCE_0016,
PERSON_JOHNSON_JESSICA,"Johnson, Jessica",witness,,,,,2022,SOURCE_0011,
PERSON_JOHNSON_STELLA,"Johnson, Stella",witness,Director of Compliance; Compliance Manager,s Goods of CT; Provisions,,,2024,SOURCE_0011,
PERSON_JOINT_TESTIMONY_OF,Joint Testimony of,witness,,Sikorsky,,,2021,SOURCE_0011,
PERSON_JOSEPH_ACCETTULLO,Joseph Accettullo,individual,Construction Professional; Comic/art dealer,Construction; Self earth 2 comics,,,2021-10-05,SOURCE_0016,
PERSON_JOSEPH_R_ACCETTULLO,Joseph R Accettullo,individual,Server/Bartender; ADVOCATE,Mikro Depot; NEW ENGLAND CRAFT CANNABIS ALLIANCE,,,2020-02-22,SOURCE_0016,
PERSON_JOSEPH_ROBIDOUX,Joseph Robidoux,individual,Security/Transport Specialist,CT Pharma/Verano,,,2024-07-04,SOURCE_0016,
ORG_JOSH_FOR_CT,Josh for CT,campaign committee,Governor,Joshua Elliott,,,,SOURCE_0016,
PERSON_JOSHUA_COLLETTA,Joshua Colletta,individual,assistant general manager,Zen Leaf,,,2024-04-28,SOURCE_0016,
ORG_JUDICIARY_COMMITTEE,Judiciary Committee,legislative body,Raised the 2012 medical bill.; introducer of HB5389,,,JUD,,SOURCE_0010,
PERSON_JUMPER_DEVIN,"Jumper, Devin",witness,Pharmacist,,,,2024,SOURCE_0011,
PERSON_JUSTIN_FRYTZ,Justin frytz,individual,Real estate,Self,,,2025-03-03,SOURCE_0016,
PERSON_KACHUR_JACKSON,"Kachur, Jackson",witness,,,,,2022,SOURCE_0011,
PERSON_KARVOSKY_THOMAS,"Karvosky, Thomas",witness,Dispensary Pharmacist,,,,2024,SOURCE_0011,
PERSON_KATIE_COVETT,Katie Covett,individual,Co-owner,"CT Nightjar 1, LLC; Soulstar Holdings LLC",,,2025-08-08,SOURCE_0016,
PERSON_KAUFMAN_LEWIS,"Kaufman, Lewis",witness,CPA,,,,2026,SOURCE_0011,
PERSON_KEBRA_SMITH_BOLDEN,Kebra Smith-Bolden,individual,Nurse; CEO; student; Cannabis Consultant; Nurse Educator; RN,CannaHealth; Kebra Smith-Bolden; Holistic Home Health; Holistic Home Care; NoirEnVerte; student; Elara Caring; Women Grow CT; Stratford VNA; CannaHealth CT; N/a,,,2020-02-08,SOURCE_0016,
ORG_KEEP_CONNECTICUT_BLUE,Keep Connecticut Blue,campaign committee,,,,,,SOURCE_0016,
PERSON_KEILTY_MELISSA,"Keilty, Melissa",witness,Master of Social Work Students,UCONN,,,2021,SOURCE_0011,
PERSON_KELLEY_KATHLEEN,"Kelley, kathleen",witness,,,,,2026,SOURCE_0011,
PERSON_KELLY_KEVIN,"Kelly, Kevin",witness,Senator,Support with modification,,,2022,SOURCE_0011,
PERSON_KELLY_MARGARET,"Kelly, Margaret",witness,CPA,,,,2026,SOURCE_0011,
PERSON_KENNARD_RAY,Kennard Ray,individual,Advocate/Lobbyist; Letter Carrier,Self Employed: Blue Ribbon Strategies; USPS,,,2018-05-15,SOURCE_0016,
PERSON_KENNEDY_STEVE,"Kennedy, Steve",witness,CT Team Leader,Afghanistan Veterans of America,,,2021,SOURCE_0011,
PERSON_KENT_VALERIE,"Kent, Valerie",witness,CPA,,,,2026,SOURCE_0011,
PERSON_KEPAL_PATEL,Kepal Patel,individual,Owner,Shangri-La,,,2024-11-08,SOURCE_0016,
ORG_KEPAL_PATEL_SHANGRI_LA_OWNER,"Kepal Patel (Shangri-La, owner)",organization,actor in an access event,,,,,SOURCE_0023,
PERSON_KERR_SCOT,"Kerr, Scot",witness,,,,,2026,SOURCE_0011,
PERSON_KEVIN_MURPHY,Kevin Murphy,individual,CEO,Acreage Holdings,,,2018-10-15,SOURCE_0016,
PERSON_KEYES_JEREMY,"Keyes, Jeremy",witness,General Manager,G Agtek,,,2024,SOURCE_0011,
ORG_KHAN_2024,Khan 2024,campaign committee,State Representative,Maryam Khan,,,,SOURCE_0016,
ORG_KILLINGWORTH_DEMOCRATIC_TOWN_COMMITTEE,Killingworth Democratic Town Committee,campaign committee,,,,,,SOURCE_0016,
ORG_KILMARTIN_FOR_122,Kilmartin For 122,campaign committee,State Representative,Amanda Kilmartin,,,,SOURCE_0016,
ORG_KIM_BECKER_FOR_CT,Kim Becker for CT,campaign committee,State Representative,Kimberly Becker,,,,SOURCE_0016,
PERSON_KINGMAN_ANDREW,"Kingman, Andrew",witness,Counsel,SPSC,,,2023,SOURCE_0011,
PERSON_KINGSLEY_GEORGE,"Kingsley, George",witness,Social Equity Licensee,Dutch LLC.,,,2024,SOURCE_0011,
PERSON_KIRK_ERIN,"Kirk, Erin",witness,Cannabis Ombudsman,Office of the Cannabis Ombudsman,,,2026,SOURCE_0011,
PERSON_KIRK_ERIN_K,"Kirk, Erin K",witness,Cannabis Ombudsman,OHA,,,2025,SOURCE_0011,
PERSON_KIRON_WILLIAMS,Kiron williams,individual,Logistics,Pratt & Whitney,,,2020-06-02,SOURCE_0016,
PERSON_KOHLENBERG_HOWARD,"Kohlenberg, Howard",witness,Fetail Store owner,HHS Wellness LLC,,,2024,SOURCE_0011,
PERSON_KOLITSIDAS_MARYANNE,"Kolitsidas, MaryAnne",witness,CPA,,,,2026,SOURCE_0011,
PERSON_KOLTENUK_DEBORAH,"Koltenuk, Deborah",witness,CPA,,,,2026,SOURCE_0011,
PERSON_KOPEC_EILEEN,"Kopec, Eileen",witness,,,,,2025,SOURCE_0011,
PERSON_KOWALSKI_LINDA,"Kowalski, Linda",witness,,CMCC,,,2024,SOURCE_0011,
PERSON_KRISTOFF_ROBIN,"Kristoff, Robin",witness,,,,,2025,SOURCE_0011,
PERSON_KRONSTAT_BRADLEY,"Kronstat, Bradley",witness,CPA,,,,2026,SOURCE_0011,
PERSON_KWON_DAVIN,"Kwon, Davin",witness,Pharmacist,Wynn hospital,,,2024,SOURCE_0011,
PERSON_KYRA_WITKOS,Kyra Witkos,individual,Production Technician,Curaleaf,,,2025-05-28,SOURCE_0016,
ORG_LEE_ELCI_2026,LEE ELCI 2026,campaign committee,State Senator,Lee Elci,,,,SOURCE_0016,
ORG_LEMAR_2026,LEMAR 2026,campaign committee,State Representative,Roland Lemar,,,,SOURCE_0016,
ORG_LLC,LLC,organization,appeared in public hearing testimony,,,,2024,SOURCE_0011,
ORG_LA,La,organization,appeared in public hearing testimony,,,,2026,SOURCE_0011,
ORG_LA_CT,La CT,organization,appeared in public hearing testimony,,,,2026,SOURCE_0011,
ORG_LA_DISPENSARIES,La Dispensaries,organization,appeared in public hearing testimony,,,,2026,SOURCE_0011,
PERSON_LACHANCE_JOE,"LaChance, Joe",witness,,Cannabis Corner Radio,,,2024,SOURCE_0011,
PERSON_LACHANCE_JOSEPH,"LaChance, Joseph",witness,,"CT NORML, Cannahealth",,,2021,SOURCE_0011,
PERSON_LACHANCE_JOSEPH_P,"LaChance, Joseph P.",witness,,"CT NORML, Green Haven Media",,,2022,SOURCE_0011,
ORG_LABOR_AND_PUBLIC_EMPLOYEES_COMMITTEE,Labor and Public Employees Committee,legislative body,introducer of HB6377,,,,2021-02-03,SOURCE_0010,
ORG_LABRIOLA_FOR_SENATE,Labriola for Senate,campaign committee,State Senator,Jerry Labriola,,,,SOURCE_0016,
ORG_LAFFIN_FOR_CT,Laffin for CT,campaign committee,State Representative,Tom Laffin,,,,SOURCE_0016,
PERSON_LANG_RACHEL,"Lang, Rachel",witness,Please Consider CT Consumers,,,,2024,SOURCE_0011,
ORG_LASA_EXTRACT_LLC,Lasa Extract LLC,organization,registered lobbying client,,Cannabis/extraction,,2021-2022,SOURCE_0015,
ORG_LAST_PRISONER_PROJECT,Last Prisoner Project,organization,appeared in public hearing testimony,,,,2021,SOURCE_0011,
PERSON_LATOYA_HOPKINS,Latoya Hopkins,individual,human resources,CBD,,,2026-06-03,SOURCE_0016,
PERSON_LECLAIR_MARY_JANE,"LeClair, Mary Jane",witness,CPA,,,,2026,SOURCE_0011,
PERSON_LEEMAN_ANGELIQUE,"Leeman, Angelique",witness,PharmD,,,,2024,SOURCE_0011,
ORG_LEGISLATIVE_COMMISSIONERS_OFFICE,Legislative Commissioners’ Office,legislative body,Drafts and numbers amendments (LCO numbers) and files.,,,LCO,,SOURCE_0010,
PERSON_LEGISLATORS_NOT_NAMED,Legislators (not named),individual,Legislators (not named),,,,,SOURCE_0023,
PERSON_LEMKIN_CHARLES,"Lemkin, Charles",witness,CPA,,,,2026,SOURCE_0011,
PERSON_LEONE_JONATHAN,"Leone, Jonathan",witness,CPA,,,,2026,SOURCE_0011,
ORG_LETS_GROW_HARTFORD,Lets Grow Hartford,organization,registered lobbying client,,Cannabis operator; Cannabis operator / ancillary (analyst coding),,2023-2024,SOURCE_0015,
PERSON_LEVINE_STEVEN,"Levine, Steven",witness,,,,,2022,SOURCE_0011,
PERSON_LEWIS_CRAIG,"Lewis, Craig",witness,CEO,Flyers Cocktail Co,,,2024,SOURCE_0011,
ORG_LIBERATION_PROGRAMS_INC,Liberation Programs Inc,organization,appeared in public hearing testimony,,,,2026,SOURCE_0011,
PERSON_LIONETTI_DAVID,"Lionetti, David",witness,CPA,,,,2026,SOURCE_0011,
PERSON_LIONETTI_GREGG,"Lionetti, Gregg",witness,CPA,,,,2026,SOURCE_0011,
ORG_LIQUORS,Liquors,organization,appeared in public hearing testimony,,,,2024,SOURCE_0011,
PERSON_LOCKER_DEBORAH,"Locker, Deborah",witness,Farmer,,,,2024,SOURCE_0011,
PERSON_LOCKWOOD_DONNA,"Lockwood, Donna",witness,,,,,2022,SOURCE_0011,
ORG_LOMBARDI_2026,Lombardi 2026,campaign committee,State Representative,Antonia Lombardi,,,,SOURCE_0016,
ORG_LOPES_2024,Lopes 2024,campaign committee,State Senator,Rick Lopes,,,,SOURCE_0016,
PERSON_LUCIANO_SAL,"Luciano, Sal",witness,President,CIO,,,2021,SOURCE_0011,
PERSON_LUIS_VEGA,Luis Vega,individual,Hemp Farmer,Vega Holdings LLC,,,2019-09-18,SOURCE_0016,
PERSON_LUISI,Luisi,witness,,"Rosado, Ann Marie",,,2022,SOURCE_0011,
PERSON_LYNCH_LAURA,"Lynch, Laura",witness,,,,,2022,SOURCE_0011,
PERSON_LYNE_DANNELL,"Lyne, Dannell",witness,,CT State Board of Accountancy,,,2026,SOURCE_0011,
PERSON_M_JANE,"M, Jane",witness,,,,,2022,SOURCE_0011,
ORG_MATT_LESSER_FOR_CONNECTICUT,MATT LESSER FOR CONNECTICUT,campaign committee,Undetermined,Matt Lesser,,,,SOURCE_0016,
ORG_MCEJV_D_H_A_AFFINITY_GROW,MCEJV d/h/a Affinity Grow,organization,registered lobbying client,,Cannabis operator (March 2025 inspection subject),,2023-2024,SOURCE_0015,
ORG_MML_PAC,MML PAC,campaign committee,,,,,,SOURCE_0016,
ORG_MUZE_THOMAS_HOOKER_BREWING,MUZE Thomas Hooker Brewing,organization,appeared in public hearing testimony,,,,2026,SOURCE_0011,
PERSON_MACARTHUR_ROBERT,"MacArthur, Robert",witness,CEO,The CBD Curators,,,2023,SOURCE_0011,
PERSON_MACDOUGALL_CONSTANCE,"MacDougall, Constance",witness,,,,,2026,SOURCE_0011,
PERSON_MACKENN_MARK,"MacKenn, Mark",witness,CPA,,,,2026,SOURCE_0011,
PERSON_MACHON_JENNIFER,"Machon, Jennifer",witness,,,,,2026,SOURCE_0011,
PERSON_MACRE_THOMAS,"Macre, Thomas",witness,Managing Partner,Still River Wellness,,,2025,SOURCE_0011,
ORG_MADISON_REPUBLICAN_TOWN_COMMITTEE,Madison Republican Town Committee,campaign committee,,,,,,SOURCE_0016,
PERSON_MAFFIOLINI_STEVEN,"Maffiolini, Steven",witness,CPA,,,,2026,SOURCE_0011,
PERSON_MAGILL_SHAWN,"Magill, Shawn",witness,Co,TheCBGGurus,,,2024,SOURCE_0011,
ORG_MAIN_QUALITY_ROOTS,Main quality roots,organization,appeared in public hearing testimony,,,,2023,SOURCE_0011,
PERSON_MALONE_JUDE,"Malone, Jude",witness,,CT Beer Wholesalers Association,,,2025,SOURCE_0011,
ORG_MANNY_2024,Manny 2024,campaign committee,State Representative,Manny Sanchez,,,,SOURCE_0016,
PERSON_MARCHAND_JENNIFER,"Marchand, Jennifer",witness,CPA,,,,2026,SOURCE_0011,
ORG_MARIJUANA_POLICY_PROJECT,Marijuana Policy Project,organization,appeared in public hearing testimony,,,,2021,SOURCE_0011,
PERSON_MARIN_GUILLERMO,"Marin, Guillermo",witness,,,,,2025,SOURCE_0011,
PERSON_MARK_H_KACZYNSKI,Mark H Kaczynski,individual,Attorney/Security Director,Verano,,,2024-05-23,SOURCE_0016,
PERSON_MARK_KACZYNSKI,Mark Kaczynski,individual,Security Director,CTPharma,,,2020-05-26,SOURCE_0016,
PERSON_MARKOVICH_DUNCAN,"Markovich, Duncan",witness,Founder and Owner,Better Ways LLC,,,2026,SOURCE_0011,
PERSON_MARSELLA_KELLY,"Marsella, Kelly",witness,Dispensary Pharmacist,Curaleaf Groton,,,2024,SOURCE_0011,
PERSON_MARSH_HOWARD_L,"Marsh, Howard L.",witness,,,,,2022,SOURCE_0011,
PERSON_MARTINEZ_HANNAH,"Martinez, Hannah",witness,CPA,,,,2026,SOURCE_0011,
PERSON_MARTORANO_ANTHONY,"Martorano, Anthony",witness,Delivery driver,Cannabis Connection,,,2026,SOURCE_0011,
PERSON_MARTORANO_KATHY,"Martorano, Kathy",witness,,,,,2026,SOURCE_0011,
PERSON_MARY_BETH_PANTALENA,Mary Beth Pantalena,individual,Bookkeeper,Affinity Health,,,2023-09-21,SOURCE_0016,
PERSON_MARY_PANTALENA,Mary Pantalena,individual,Accounts Payable,Affinity Health & Wellness,,,2026-07-13,SOURCE_0016,
ORG_MARY_FOR_THE_79TH,Mary for the 79th,campaign committee,State Representative,Mary Fortier,,,,SOURCE_0016,
PERSON_MASHANTUCKET_PEQUOT_TRIBAL_NATION,Mashantucket Pequot Tribal Nation,witness,,,,,2021,SOURCE_0011,
PERSON_MASSARO_RICHARD,"Massaro, Richard",witness,CPA,,,,2026,SOURCE_0011,
PERSON_MASSOLO_ARTHUR,"Massolo, Arthur",witness,VP Business Development,Cycling Frog,,,2024,SOURCE_0011,
ORG_MATT_BLUMENTHAL_PAC,Matt Blumenthal PAC,campaign committee,,,,,,SOURCE_0016,
ORG_MATT_BLUMENTHAL_FOR_CT,Matt Blumenthal for CT,campaign committee,State Representative,Matthew Blumenthal,,,,SOURCE_0016,
ORG_MATT_BLUMENTHAL_FOR_STATE_REPRESENTATIVE,Matt Blumenthal for State Representative,campaign committee,State Representative,Matthew Blumenthal,,,,SOURCE_0016,
ORG_MATT_RITTER_PAC,Matt Ritter PAC,campaign committee,,,,,,SOURCE_0016,
PERSON_MATTHEW_MARTINO,Matthew Martino,individual,Quality Control,Theraplant,,,2022-02-02,SOURCE_0016,
PERSON_MAZZAMARO_NICHOLAS,"Mazzamaro, Nicholas",witness,,,,,2022,SOURCE_0011,
PERSON_MCCARTY_KATHY,"McCarty, Kathy",witness,,,,,2024,SOURCE_0011,
PERSON_MCCONNEY_MOORE_KELLY,"McConney Moore, Kelly",witness,Interim Senior Policy Counsel,CT,,,2021,SOURCE_0011,
ORG_MCCRORY_FOR_SENATE,McCrory for Senate,campaign committee,State Senator,Douglas McCrory,,,,SOURCE_0016,
PERSON_MCGARRY_MELISSA,"McGarry, Melissa",witness,,,,,2026,SOURCE_0011,
PERSON_MCGEE_BRANDON,"McGee, Brandon",witness,Chief Executive Officer; Executive Director,Social Equity Council,,,2026,SOURCE_0011,
PERSON_MCGUIRE_OLIVIA,"McGuire, Olivia",witness,,,,,2022,SOURCE_0011,
PERSON_MCKENNA_JACOB,"McKenna, Jacob",witness,,,,,2024,SOURCE_0011,
PERSON_MCKEOWN_ZACHARY,"McKeown, Zachary",witness,Advocacy Manager; Senior Legislative Associate,CCM; Connecticut Conference of Municipalities,,,2025,SOURCE_0011,
PERSON_MCNEFF_JOHN,"McNeff, John",witness,CPA,,,,2026,SOURCE_0011,
PERSON_MCQUILLAN_BRIAN,"McQuillan, Brian",witness,CPA,,,,2026,SOURCE_0011,
ORG_MECCA_FOR_STATE_REP_123,Mecca for State Rep 123,campaign committee,State Representative,Bill Mecca,,,,SOURCE_0016,
ORG_MEDICAL_CANNABIS_ADVOCATE,Medical Cannabis Advocate,organization,appeared in public hearing testimony,,,,2026,SOURCE_0011,
ORG_MELVIN_MEDINA_DECLARATION_LIST_SPELLS_MELVIN_MEDIA,"Melvin Medina (declaration list spells ""Melvin Media"")",organization,actor in an access event,,,,,SOURCE_0023,
ORG_MEMBER_NAMI_CT,Member NAMI CT,organization,appeared in public hearing testimony,,,,2026,SOURCE_0011,
PERSON_MENDES_BRANDON,"Mendes, Brandon",witness,Pharmacist; RE,CT Medical Marijuana Program; Affinity Dispensary,,,2024,SOURCE_0011,
PERSON_MENDEZ_SUSAN,"Mendez, Susan",witness,,,,,2025,SOURCE_0011,
PERSON_MERRILL_CYNTHIA,"Merrill, Cynthia",witness,CPA,,,,2026,SOURCE_0011,
PERSON_MICHAEL_CATALANO,Michael Catalano,individual,Head of Genomics Services,Medicinal Genomics Corp.,,,2025-09-27,SOURCE_0016,
PERSON_MICHELLE_DEFAZIO,Michelle DeFazio,individual,owner; CONSULTANT,Arrow Alternative Care; ARROW ALTERNATIVE CARE,,,2017-05-12,SOURCE_0016,
PERSON_MIKKELSON_KRISTA,"Mikkelson, Krista",witness,,,,,2024,SOURCE_0011,
PERSON_MILLEN_KEVIN,"Millen, Kevin",witness,CPA,,,,2026,SOURCE_0011,
PERSON_MILLER_PATRICK,"Miller, Patrick",witness,,,,,2024,SOURCE_0011,
PERSON_MILLER_SARAH,"Miller, Sarah",witness,New Haven Board of Alder,,,,2025,SOURCE_0011,
ORG_MINORITY_CANNABIS_BUSINESS_ASSOCIATION,Minority Cannabis Business Association,organization,appeared in public hearing testimony,,,,2021,SOURCE_0011,
ORG_MOHAVE_CT_LLC_134_501_LARGEST_CANNABIS_CLIENT_FIGURE_IN_2025,"Mohave CT, LLC - $134,501 (largest cannabis-client figure in 2025-26; $59,806 in 2023-24 with ZERO issues declared)",organization,actor in an access event,,,,,SOURCE_0023,
ORG_MOHAVE_CT_LLC,"Mohave CT, LLC.",organization,registered lobbying client,,Cannabis operator (Crisp settlement party),,2023-2024,SOURCE_0015,
PERSON_MONDOU_DANETTE,"Mondou, Danette",witness,,,,,2025,SOURCE_0011,
PERSON_MONDOU_LAUREL,"Mondou, Laurel",witness,,,,,2025,SOURCE_0011,
PERSON_MONGELLOW_THOMAS,"Mongellow, Thomas",witness,President,Connecticut Bankers Association,,,2026,SOURCE_0011,
PERSON_MONROE_DAVID,"Monroe, David",witness,CPA,,,,2026,SOURCE_0011,
PERSON_MONTAGUE_JOHN,"Montague, John",witness,,,,,2025,SOURCE_0011,
PERSON_MONTANEZ_MARITZA,"Montanez, Maritza",witness,,,,,2024,SOURCE_0011,
PERSON_MOORE_AMBER,"Moore, Amber",witness,CPA,,,,2026,SOURCE_0011,
PERSON_MORENO_VANNESA,"Moreno, Vannesa",witness,Owner,Your CBD Store North Haven,,,2024,SOURCE_0011,
PERSON_MORHAMMED_K_MANZOOR,Morhammed K Manzoor,individual,Pharmacist,Prime Wellness,,,2022-06-03,SOURCE_0016,
PERSON_MORIZIO_DAVID,"Morizio, David",witness,Pharmacist,,,,2024,SOURCE_0011,
PERSON_MULHALL_DAVID,"Mulhall, David",witness,CPA,,,,2026,SOURCE_0011,
PERSON_MULHERN_CAREYANN,"Mulhern, CareyAnn",witness,,,,,2025,SOURCE_0011,
PERSON_MULLEN_JANELL,"Mullen, Janell",witness,Land Use Consultant,,,,2026,SOURCE_0011,
PERSON_MULROY_BRIAN,"Mulroy, Brian",witness,,,,,2026,SOURCE_0011,
PERSON_MURPHY_CAMILLE,"Murphy, Camille",witness,CPA,,,,2026,SOURCE_0011,
PERSON_MURRAY_BRYAN,"Murray, Bryan",witness,EVP,Acreaqge Holdings,,,2024,SOURCE_0011,
PERSON_MUSK_NEAL,"Musk, Neal",witness,Owner,NE clones,,,2025,SOURCE_0011,
PERSON_N,N,witness,,"A, Peter",,,2024,SOURCE_0011,
ORG_NA,NA,organization,appeared in public hearing testimony,,,,2026,SOURCE_0011,
PERSON_NA_NA,"NA, NA",witness,,CT Medical Cannabis Council,,,2025,SOURCE_0011,
ORG_NAMI_CT,NAMI CT,organization,appeared in public hearing testimony,,,,2026,SOURCE_0011,
ORG_NAMI_CONNECTICUT,NAMI Connecticut,organization,appeared in public hearing testimony,,,,2026,SOURCE_0011,
ORG_NAMICT_PUBLIC_POLICY_COALITION,NAMICT Public Policy Coalition,organization,appeared in public hearing testimony,,,,2026,SOURCE_0011,
ORG_NE_CRAFT_CANNABIS_ALLIANCE,NE Craft Cannabis Alliance,organization,appeared in public hearing testimony,,,,2022,SOURCE_0011,
ORG_NE_CLONES,NE clones,organization,appeared in public hearing testimony,,,,2025,SOURCE_0011,
ORG_NECCA,NECCA,organization,appeared in public hearing testimony,,,,2024,SOURCE_0011,
ORG_NORML,NORML,organization,appeared in public hearing testimony,,,,2021,SOURCE_0011,
PERSON_NATHAN_TINKER,Nathan Tinker,individual,executive; CTnonprofit; Non profit executive; Executive,Connecticut Pharmacists Association; cT Pharmacists Association,,,2023-08-17,SOURCE_0016,
PERSON_NATHAN_DAVID,"Nathan, David",witness,Co,Doctors for Drug Policy Reform,,,2025,SOURCE_0011,
PERSON_NATIONAL_SAFETY_COUNCIL,National Safety Council,witness,,,,,2021,SOURCE_0011,
PERSON_NAUMANN_KIERSTEN,"Naumann, Kiersten",witness,Board Member; Exec Board Member; Co,CT. Assoc. Prevention Profs; CTAssoc Prevention Professionals; CT SAM,,,2026,SOURCE_0011,
ORG_NED_FOR_CT,Ned for CT,campaign committee,Governor,Edward Lamont,,,,SOURCE_0016,
ORG_NEW_CANAAN_PARENT_SUPPORT_GROUP,New Canaan Parent Support Group,organization,appeared in public hearing testimony,,,,2026,SOURCE_0011,
ORG_NEW_ENGLAND_CRAFT_CANNABIS_ALLIANCE,New England Craft Cannabis Alliance,organization,appeared in public hearing testimony,,,,2021,SOURCE_0011,
ORG_NEW_HAVEN_HEALTH_DEPARTMENT,New Haven Health Department,organization,appeared in public hearing testimony,,,,2025,SOURCE_0011,
ORG_NEW_LONDON_GREENS,New London Greens,campaign committee,,,,,,SOURCE_0016,
PERSON_NICHOLAS_B_STEIN,Nicholas B Stein,individual,Legal Marijuana Advocate,N/A,,,2020-02-29,SOURCE_0016,
PERSON_NICHOLAS_TAMBORRINO,Nicholas Tamborrino,individual,Pharmacist,Bluepoint Wellness,,,2018-10-11,SOURCE_0016,
PERSON_NICK_TAMBORRINO,Nick Tamborrino,individual,Pharmacist,self-employed (Bluepoint Wellness of Ct),,,2017-05-12,SOURCE_0016,
PERSON_NICOLE_LIEDKE,Nicole Liedke,individual,Pharmacist,Arrow Alternative Care,,,2018-03-01,SOURCE_0016,
PERSON_NIEDERMEYER_PETER,"Niedermeyer, Peter",witness,CPA; Member,State Board of Accountancy,,,2026,SOURCE_0011,
PERSON_NIKOLE_BURNES,Nikole Burnes,individual,Executive Director; Bartender,CT Cannibis Chamber of commerce; Whisky Barrel; Whiskey Barrel; CT Cannabis Chamber of Commerce,,,2026-01-30,SOURCE_0016,
PERSON_NIKOLE_BURNES_IN_HOUSE,Nikole Burnes (in-house,lobbyist,registered communicator,CT Cannabis Chamber of Commerce,,,2025-2026,SOURCE_0015,
PERSON_NOON_SARAH,"Noon, Sarah",witness,US Federal Policy Liaison,Students for Sensible Drug Policy,,,2021,SOURCE_0011,
ORG_NORTH_HAVEN_REPUBLICAN_TOWN_COMMITTEE,North Haven Republican Town Committee,campaign committee,,,,,,SOURCE_0016,
ORG_NOVA_FARMS_CONNECTICUT_LLC,Nova Farms Connecticut LLC,organization,appeared in public hearing testimony,,,,2024,SOURCE_0011,
ORG_NOVA_FARMS_LLC,Nova Farms LLC,organization,registered lobbying client,,Cannabis operator,,2021-2022,SOURCE_0015,
ORG_NUKA_FOODS,Nuka Foods,organization,registered lobbying client,,Cannabis/food,,2023-2024,SOURCE_0015,
ORG_OAAC,OAAC,organization,appeared in public hearing testimony,,,,2022,SOURCE_0011,
ORG_OHA,OHA,organization,appeared in public hearing testimony,,,,2025,SOURCE_0011,
PERSON_OKEEFE_DANIEL,"OKeefe, Daniel",witness,Commissioner,DECD,,,2025,SOURCE_0011,
ORG_OAKDALE_FARM,Oakdale Farm,organization,appeared in public hearing testimony,,,,2024,SOURCE_0011,
PERSON_OATLEY_BRAD,"Oatley, Brad",witness,CPA,,,,2026,SOURCE_0011,
PERSON_OATMAN_MARY_JANE,"Oatman, Mary Jane",witness,,Indigenous Cannabis Coalition,,,2021,SOURCE_0011,
ORG_OFFICE_OF_FISCAL_ANALYSIS,Office of Fiscal Analysis,legislative body,Fiscal notes.,,,OFA,,SOURCE_0010,
ORG_OFFICE_OF_LEGISLATIVE_RESEARCH,Office of Legislative Research,legislative body,Bill analyses and summaries.,,,OLR,,SOURCE_0010,
ORG_OFFICE_OF_STATE_ETHICS,Office of State Ethics,agency,Lobbyist registration and reporting.,,,OSE,,SOURCE_0010,
ORG_OFFICE_OF_THE_ATTORNEY_GENERAL,Office of the Attorney General,organization,appeared in public hearing testimony,,,,2024,SOURCE_0011,
ORG_OFFICE_OF_THE_CANNABIS_OMBUDSMAN,Office of the Cannabis Ombudsman,agency,Established by P.A. 23-79.; appeared in public hearing testimony,,,Cannabis Ombudsman,,SOURCE_0010; SOURCE_0011,
ORG_OFFICE_OF_THE_STATE_COMPTROLLER,Office of the State Comptroller,organization,appeared in public hearing testimony,,,,2025,SOURCE_0011,
ORG_OJALA_NAEEM,Ojala Naeem,organization,actor in an access event,,,,,SOURCE_0023,
ORG_OLD_SAYBROOK_REPUBLICAN_WOMEN_S_CLUB,Old Saybrook Republican Women's Club,campaign committee,,,,,,SOURCE_0016,
PERSON_OMAR_SOHAIR,"Omar, Sohair",witness,Public Member,CT State Board of Accountancy,,,2026,SOURCE_0011,
PERSON_ONOFRIO_PETE,"Onofrio, Pete",witness,Farmer,Bluestar Health and Wellness,,,2024,SOURCE_0011,
ORG_OPPOSE_SECTION_2,Oppose Section 2,organization,appeared in public hearing testimony,,,,2022,SOURCE_0011,
ORG_OPPOSITION,Opposition,organization,appeared in public hearing testimony,,,,2023,SOURCE_0011,
PERSON_ORIGIN_NOT_ESTABLISHED_IN_THIS_LANE_LIKELY_A_2023_BUDGET_IMP,Origin NOT established in this lane (likely a 2023 budget implementer - L-0858),individual,named as the origin or requester of language,,,,,SOURCE_0024,
ORG_OROSCO_2024,Orosco 2024,campaign committee,State Senator,Steven Orosco,,,,SOURCE_0016,
PERSON_ORPHYS_HENRY,"Orphys, Henry",witness,CPA,,,,2026,SOURCE_0011,
PERSON_ORTIZ_JASON,"Ortiz, Jason",witness,,Minority Cannabis Business Association,,,2021,SOURCE_0011,
PERSON_ORTIZ_JEREMY,"Ortiz, Jeremy",witness,Cannabis Insurance Specialist,Risk Strategies,,,2026,SOURCE_0011,
PERSON_OSELLO_MARCELA,"Osello, Marcela",witness,CPA,,,,2025,SOURCE_0011,
PERSON_OTT_ELISABETH,"Ott, Elisabeth",witness,Program Director,Guilford Youth Mentoring,,,2026,SOURCE_0011,
PERSON_OUELLETTE_CHELSEA,"Ouellette, Chelsea",witness,Pharmacist,,,,2024,SOURCE_0011,
ORG_PHCS_LLC,"PHCS, LLC",organization,registered lobbying client,,Unclassified,,2023-2024,SOURCE_0015,
PERSON_PALAUSKAS_STEVE,"Palauskas, Steve",witness,Owner,Connecticut Valley Brewing,,,2024,SOURCE_0011,
PERSON_PALLEIN_MICHAEL,"Pallein, Michael",witness,CPA,,,,2026,SOURCE_0011,
PERSON_PALLET_TIARRA,"Pallet, Tiarra",witness,,,,,2024,SOURCE_0011,
PERSON_PALMER_GARY,"Palmer, Gary",witness,CPA,,,,2026,SOURCE_0011,
PERSON_PANTALENA_RAY,"Pantalena, Ray",witness,Managing Partner,Wellness,,,2023,SOURCE_0011,
ORG_PARENT_ACTION_NETWORK_AND_SAM,Parent action Network and SAM,organization,appeared in public hearing testimony,,,,2026,SOURCE_0011,
ORG_PARENTS_ACTION_NETWORK,Parents Action Network,organization,appeared in public hearing testimony,,,,2026,SOURCE_0011,
PERSON_PARKER_DAWN,"Parker, Dawn",witness,CPA,,,,2026,SOURCE_0011,
PERSON_PARMALEE_FREDERICK,"Parmalee, Frederick",witness,CPA,,,,2026,SOURCE_0011,
PERSON_PATEL_GIRISH,"Patel, Girish",witness,Executive Director,IAPSA,,,2026,SOURCE_0011,
PERSON_PATEL_NEVIL,"Patel, Nevil",witness,Founder and CEO,La Dispensaries,,,2026,SOURCE_0011,
PERSON_PATEL_UDAY,"Patel, Uday",witness,CPA,,,,2026,SOURCE_0011,
PERSON_PATNAUDE_KATHERINE,"Patnaude, Katherine",witness,CPA,,,,2026,SOURCE_0011,
ORG_PAUL_HONIG_FOR_STATE_SENATE,Paul Honig For State Senate,campaign committee,State Senator,Paul Honig,,,,SOURCE_0016,
ORG_PAUL_O_ROBERTSON,Paul O. Robertson,organization,actor in an access event,,,,,SOURCE_0023,
PERSON_PAUL_TRAVAGLINO,Paul Travaglino,individual,Marketing; Owner; Direct Marketing; MARKETING; marketing; Partner; Direct marketing; Executive; n/a,"Radius Holdings LLC; Self Employed / Radius Holdings, LLC; RADIUS HOLDINGS LLC; radius holdings, llc; Radius Holdings, LLc; Radius Holdings LLc; Radius Hokdings LLC; Eleven Direct LLC; Radius  Holdings, LLC; n/a; Radius Hollings LLC",,,2021-12-06,SOURCE_0016,
ORG_PAUL_TRAVAGLINO_RADIUS_HOLDINGS_2023_CHAMBER_INDUSTRY_COLLAB,Paul Travaglino (Radius Holdings; 2023 Chamber Industry Collaborator; registered Canna F&B Alliance communicator 2025-01-07 to 01-13),organization,actor in an access event,,,,,SOURCE_0023,
PERSON_PAUL_TRAVAGLINO_IN_HOUSE,Paul Travaglino (in-house,lobbyist,registered communicator,Connecticut Canna Food and Beverage Alliance Corporation,,,2025-2026,SOURCE_0015,
ORG_PAULCHIC2026,PaulChic2026,campaign committee,State Senator,Paul Cicarella,,,,SOURCE_0016,
PERSON_PEARE_JEANNIE,"Peare, Jeannie",witness,,,,,2025,SOURCE_0011,
PERSON_PEDERSEN_JOSHUA,"Pedersen, Joshua",witness,CPA,,,,2026,SOURCE_0011,
PERSON_PERILLO_JASON,"Perillo, Jason",witness,State Senator,Connecticut General Assembly,,,2026,SOURCE_0011,
PERSON_PERRAS_JIM,"Perras, Jim",witness,CEO,HBRA of CT,,,2024,SOURCE_0011,
PERSON_PERRONE_MARC,"Perrone, Marc",witness,President,UFCW,,,2021,SOURCE_0011,
PERSON_PETRINO_JOEY,"Petrino, Joey",witness,Delivery driver,Cannabis Connection,,,2026,SOURCE_0011,
PERSON_PETRONELLA_RONALD,"Petronella, Ronald",witness,President,Commercial Workers LCL 371,,,2021,SOURCE_0011,
PERSON_PHILIP_LAUDERDALE,Philip Lauderdale,individual,Lawyer,"Connecticut Cannabis Courier I, LLC  (DBA Connecticut Cannabis Co.)",,,2024-02-05,SOURCE_0016,
PERSON_PICARD_RYAN,"Picard, Ryan",witness,CSO,Analytics Labs,,,2025,SOURCE_0011,
PERSON_PINEAU_MICHAEL,"Pineau, Michael",witness,,Member NAMI CT,,,2026,SOURCE_0011,
PERSON_PINTO_YANIRA,"Pinto, Yanira",witness,SEJV Owner,Higher Collective,,,2026,SOURCE_0011,
PERSON_PLUDE_NORMAN,"Plude, Norman",witness,Hemp Farm Owner,SweetTiva Farms,,,2026,SOURCE_0011,
ORG_POLLETTA_FOR_REP,Polletta For Rep,campaign committee,State Representative,Joseph Polletta,,,,SOURCE_0016,
ORG_PORTER_2022,Porter 2022,campaign committee,State Representative,Robyn Porter,,,,SOURCE_0016,
PERSON_POULOS_CHRIS,"Poulos, Chris",witness,Testimony Concerning HB 5150,CGA House of Representatives,,,2024,SOURCE_0011,
PERSON_POULSEN_KELLY,"Poulsen, Kelly",witness,,Responsibility.org,,,2026,SOURCE_0011,
ORG_POWER_OF_WOMEN_PAC,Power of Women PAC,campaign committee,,,,,,SOURCE_0016,
PERSON_POWERS_DIANE,"Powers, Diane",witness,,,,,2026,SOURCE_0011,
PERSON_PRAH_TONIMARIE,"Prah, ToniMarie",witness,,,,,2025,SOURCE_0011,
PERSON_PREVELIGE_JASON,"Prevelige, Jason",witness,,CT Academy of PAs,,,2024,SOURCE_0011,
PERSON_PRICE_LAVAUGHN,"Price, Lavaughn",witness,Delivery driver,Cannabis Connection,,,2026,SOURCE_0011,
PERSON_PRIMUS_AUSTIN,"Primus, Austin",witness,,,,,2025,SOURCE_0011,
ORG_PROVISIONS,Provisions,organization,appeared in public hearing testimony,,,,2023,SOURCE_0011,
ORG_PUBLIC_HEALTH_COMMITTEE,Public Health Committee,legislative body,Raised the 2026 terminally ill patients bill.; introducer of HB5450; introducer of HB5242; introducer of SB0009,,,PH,,SOURCE_0010,
ORG_QUALITY_COUNSELING_LLC,Quality Counseling LLC,organization,appeared in public hearing testimony,,,,2026,SOURCE_0011,
ORG_QUEST_DIAGNOSTICS_EMPLOYER_SOLUTIONS,Quest Diagnostics Employer Solutions,organization,appeared in public hearing testimony,,,,2021,SOURCE_0011,
PERSON_QUILLIA_BRIAN,"Quillia, Brian",witness,self,self,,,2026,SOURCE_0011,
PERSON_R_CODY,"R, Cody",witness,Owner,Cannabis Connection,,,2026,SOURCE_0011,
PERSON_RERACA_DRAFTERS,RERACA drafters,individual,named as the origin or requester of language,,,,,SOURCE_0024,
PERSON_RERACA_DRAFTERS_PURPOSE_PER_2025_TESTIMONY_GEOGRAPHIC_DIVERS,RERACA drafters; purpose per 2025 testimony: geographic diversity,individual,named as the origin or requester of language,,,,,SOURCE_0024,
ORG_RPH,RPh,organization,appeared in public hearing testimony,,,,2024,SOURCE_0011,
ORG_RACHEL_FOR_CT149,Rachel for CT149,campaign committee,State Representative,Rachel Khanna,,,,SOURCE_0016,
ORG_RAGHIB_2024,Raghib 2024,campaign committee,State Representative,Raghib Allie-Brennan,,,,SOURCE_0016,
PERSON_RANKIN_SHARENA,"Rankin, Sharena",witness,,,,,2025,SOURCE_0011,
PERSON_RAUH_DAVE,"Rauh, Dave",witness,,,,,2022,SOURCE_0011,
PERSON_RAY_PANTALENA,Ray Pantalena,individual,Pharmacist,Affinity Health & Wellness; Org Services; Affinity Dispensary,,,2022-10-03,SOURCE_0016,
PERSON_RAY_KENNARD,"Ray, Kennard",witness,CEO of Social Equity,Fine Fettle Dispensaries,,,2026,SOURCE_0011,
PERSON_RAYMOND_HADLER,"Raymond, Hadler",witness,,,,,2024,SOURCE_0011,
ORG_RE_ELECT_FERRARO_2022,Re-elect Ferraro 2022,campaign committee,State Representative,Charles Ferraro,,,,SOURCE_0016,
ORG_RESTATE_SWEET,ReState Sweet,campaign committee,State Representative,Laurie Sweet,,,,SOURCE_0016,
ORG_REALLY_NICE_PEOPLE,Really Nice People,campaign committee,State Representative,Jeffrey Weiss,,,,SOURCE_0016,
PERSON_REBEKAH_FERNANDEZ,Rebekah Fernandez,individual,owner,CBD,,,2021-05-07,SOURCE_0016,
ORG_REBEL_RABBIT,Rebel Rabbit,organization,appeared in public hearing testimony,,,,2024,SOURCE_0011,
PERSON_REDENTE_FRANK,"Redente, Frank",witness,New Haven Board of Alder,,,,2025,SOURCE_0011,
PERSON_REILLY_STEVE,"Reilly, Steve",witness,General Counsel,Insa,,,2026,SOURCE_0011,
PERSON_REINHARDT_PAUL,"Reinhardt, Paul",witness,Founder,New Canaan Parent Support Group,,,2026,SOURCE_0011,
PERSON_RENEE_L_MESSIER,Renee L Messier,individual,,Trulieve,,,2022-06-24,SOURCE_0016,
PERSON_RENOUF_DAVID,"Renouf, David",witness,CPA,,,,2026,SOURCE_0011,
ORG_REP_ANNE_HUGHES_2024,Rep Anne Hughes 2024,campaign committee,State Representative,Anne Hughes,,,,SOURCE_0016,
PERSON_REP_JASON_ROJAS_HOUSE_MAJORITY_LEADER,Rep. Jason Rojas (House Majority Leader),individual,Rep. Jason Rojas (House Majority Leader) - Legislator of the Year,,,,,SOURCE_0023,
PERSON_REP_LEMAR_REP_TURCO_REP_ROJAS_AMENDMENT_SEN_MARONEY_PRESENTE,"Rep. Lemar, Rep. Turco, Rep. Rojas (amendment); Sen. Maroney presented to Senate",individual,named as the origin or requester of language,,,,,SOURCE_0024,
ORG_REP_MATTHEW_RITTER_1ST_DIST_SEN_MARTIN_M_LOONEY_11TH_DIST_RE,"Rep. Matthew Ritter, 1st Dist. Sen. Martin M. Looney, 11th Dist. Rep. Jason Rojas, 9th Dist. Sen. Bob Duff, 25th Dist.",legislative body,introducer of HB7287,,,,2025-06-02,SOURCE_0010,
ORG_REQUESTED_BY_DCP_THE_DEPARTMENT_OF_CONSUMER_PROTECTION_ASKED,"Requested by DCP (""The Department of Consumer Protection asked the General Law Committee to raise this bill""); sponsor General Law Committee",organization,named as the origin or requester of language,,,,,SOURCE_0024,
ORG_RESPONSIBILITY_ORG,Responsibility.org,organization,appeared in public hearing testimony,,,,2026,SOURCE_0011,
ORG_RESTORATIVE_CANNABIS,Restorative Cannabis,organization,registered lobbying client,,Cannabis operator,,2021-2022,SOURCE_0015,
ORG_REYES_2024,Reyes 2024,campaign committee,State Representative,Geraldo Reyes,,,,SOURCE_0016,
ORG_REYES_2026,Reyes 2026,campaign committee,State Representative,Geraldo Reyes,,,,SOURCE_0016,
PERSON_RICHARD_CARBRAY,Richard Carbray,individual,CEO; Pharmacist,Fine Fettle Dispensary; FFD LLC,,,2022-01-26,SOURCE_0016,
PERSON_RICHARD_CODY,"Richard, Cody",witness,Owner,Cannabis Connection,,,2026,SOURCE_0011,
PERSON_RILEY_HODSON,Riley Hodson,individual,Budtender,Curaleaf,,,2026-06-09,SOURCE_0016,
PERSON_RINALDI_LOU,"Rinaldi, Lou",witness,Data and Policy Analyst; Medical cannabis patient,,,,2026,SOURCE_0011,
PERSON_RINO_FERRARESE,Rino Ferrarese,individual,Small Business Owner/Operator; Manager,Self; Org Services,,,2023-03-28,SOURCE_0016,
ORG_RISK_STRATEGIES,Risk Strategies,organization,appeared in public hearing testimony,,,,2026,SOURCE_0011,
ORG_RITTER_2022,Ritter 2022,campaign committee,State Representative,Matthew Ritter,,,,SOURCE_0016,
ORG_RIVERS_FOR_REP48,Rivers for Rep48,campaign committee,State Representative,Christopher Rivers,,,,SOURCE_0016,
ORG_RIVERSFORCT48,RiversForCT48,campaign committee,State Representative,Christopher Rivers,,,,SOURCE_0016,
ORG_ROBERTS_FOR_THE_137TH_DISTRICT,Roberts For The 137th District,campaign committee,State Representative,Kadeem Roberts,,,,SOURCE_0016,
ORG_ROBERTSON_FOR_STATE_SENATE,Robertson For State Senate,campaign committee,State Senator,Christopher Robertson,,,,SOURCE_0016,
ORG_ROCKY_HILL_DEMOCRATIC_TOWN_COMMITTEE,Rocky Hill Democratic Town Committee,campaign committee,,,,,,SOURCE_0016,
PERSON_RODEO_CANNABIS_CO_CONNECTICUT_SOCIAL_EQUITY_LLC,Rodeo Cannabis Co. (Connecticut Social Equity LLC),individual,Rodeo Cannabis Co. (Connecticut Social Equity LLC) - Cultivator of the Year,,,,,SOURCE_0023,
PERSON_ROHDE_CHRISTIAN,"Rohde, Christian",witness,,,,,2024,SOURCE_0011,
PERSON_ROJAS_JASON,"Rojas, Jason",witness,House Majority Leader,Connecticut General Assembly,,,2026,SOURCE_0011,
ORG_ROJAS2024,Rojas2024,campaign committee,State Representative,Jason Rojas,,,,SOURCE_0016,
PERSON_ROLLERI_JOHN,"Rolleri, John",witness,CPA,,,,2026,SOURCE_0011,
PERSON_ROMAN_CINDY,"Roman, Cindy",witness,CPA,,,,2026,SOURCE_0011,
PERSON_ROSADO_ANN_MARIE,"Rosado, Ann Marie",witness,Business Owner; Founder,Higher Health,,,2025,SOURCE_0011,
ORG_ROSADO_ANN_MARIE,"Rosado, Ann Marie",organization,appeared in public hearing testimony,,,,2022,SOURCE_0011,
ORG_ROSARIO_2026,Rosario 2026,campaign committee,State Representative,Christopher Rosario,,,,SOURCE_0016,
PERSON_ROSARIO_RAFAEL,"Rosario, Rafael",witness,Owner,Basement Ghost Media LLC,,,2026,SOURCE_0011,
ORG_ROSARIO2024,Rosario2024,campaign committee,State Representative,Christopher Rosario,,,,SOURCE_0016,
PERSON_ROSENZWEIG_JORDAN,"Rosenzweig, Jordan",witness,,,,,2022,SOURCE_0011,
PERSON_ROTUNDA_AUDREY,"Rotunda, Audrey",witness,,NECCA,,,2023,SOURCE_0011,
PERSON_ROUX_JENNA,"Roux, Jenna",witness,CPA,,,,2026,SOURCE_0011,
PERSON_ROVEDA_MARTI,"Roveda, Marti",witness,,,,,2026,SOURCE_0011,
ORG_RUNNING_BROOK_FARMS,Running Brook Farms,organization,registered lobbying client,,Hemp/agriculture,,2019-2020,SOURCE_0015,
ORG_RUNNING_BROOK_HEMP_CO,Running Brook Hemp Co.,organization,appeared in public hearing testimony,,,,2022,SOURCE_0011,
ORG_RUSSELL_FOR_THE_39TH,Russell for the 39th,campaign committee,State Representative,John Russell,,,,SOURCE_0016,
PERSON_RUSSELL_JONATHAN,"Russell, Jonathan",witness,LPCA,NA,,,2026,SOURCE_0011,
PERSON_SEC_EXECUTIVE_DIRECTOR_BRANDON_MCGEE,SEC Executive Director Brandon McGee,individual,SEC Executive Director Brandon McGee - Roundtable & Happy Hour,,,,,SOURCE_0023,
PERSON_SEC_REINVESTMENT_COMMITTEE_MEMBER,SEC Reinvestment Committee member,individual,SEC Reinvestment Committee member,,,,,SOURCE_0023,
PERSON_SEC_REINVESTMENT_COMMITTEE_MEMBERS,SEC Reinvestment Committee members,individual,SEC Reinvestment Committee members,,,,,SOURCE_0023,
PERSON_SEC_MEMBER_R_W_COMMITTEE_SPECIAL_MEETING,SEC member (R&W Committee special meeting),individual,SEC member (R&W Committee special meeting),,,,,SOURCE_0023,
PERSON_SEMMELROCK_MARK,"SEMMELROCK, MARK",witness,CPA,,,,2026,SOURCE_0011,
ORG_SI_GROUP_CLIENT_SERVICES,SI Group Client Services,organization,registered lobbying client,,Unclassified; Cannabis operator / ancillary (analyst coding),,2019-2020,SOURCE_0015,
ORG_SPSC,SPSC,organization,appeared in public hearing testimony,,,,2023,SOURCE_0011,
PERSON_SULLIVAN_EDWARD,"SULLIVAN, EDWARD",witness,CPA,,,,2026,SOURCE_0011,
ORG_SUNMED,SUNMED,organization,appeared in public hearing testimony,,,,2024,SOURCE_0011,
PERSON_SABET_KEVIN,"Sabet, Kevin",witness,President,Smart Approaches to Marijuana,,,2026,SOURCE_0011,
PERSON_SABIO_JAMES,"Sabio, James",witness,CPA,,,,2026,SOURCE_0011,
PERSON_SABO_EMILY,"Sabo, Emily",witness,Organizing Director; Business Organizer,UFCW Local 919,,,2023,SOURCE_0011,
PERSON_SALI_BAROLLI,Sali Barolli,individual,Manager; Cultivation Director North Region,CTPharma; Connecticut Pharmaceutical Solutions,,,2019-09-26,SOURCE_0016,
PERSON_SAM_TRACY,Sam Tracy,individual,CT Political Director,Marijuana Policy Project,,,2017-11-09,SOURCE_0016,
ORG_SAM_IN_26,Sam in 26,campaign committee,State Senator,Samantha Nestor,,,,SOURCE_0016,
PERSON_SAMPLE_R_H_BARRY,"Sample, R. H. Barry",witness,Sen. Director of Science,Quest Diagnostics Employer Solutions,,,2021,SOURCE_0011,
ORG_SANCHEZ_2024,Sanchez 2024,campaign committee,State Representative,Bobby Sanchez,,,,SOURCE_0016,
PERSON_SANDS_VALERIE,"Sands, Valerie",witness,CPA,,,,2026,SOURCE_0011,
ORG_SANTIAGO_FOR_CT,Santiago for CT,campaign committee,Undetermined,Hilda Santiago,,,,SOURCE_0016,
ORG_SANTIAGO_FOR_CONNECTICUT,Santiago for Connecticut,campaign committee,Secretary of the State,Hilda Santiago,,,,SOURCE_0016,
PERSON_SANTIAGO_ABRAHAM,"Santiago, Abraham",witness,Delivery driver,Cannabis Connection,,,2026,SOURCE_0011,
PERSON_SANTIAGO_SOLMARIE,"Santiago, Solmarie",witness,President,White Oak Apothecary LLC,,,2024,SOURCE_0011,
PERSON_SARA_S_DISPENSARY_LLC,Sara's Dispensary LLC,individual,,,,,2025-12-04,SOURCE_0016,
ORG_SARA_S_DISPENSARY_LLC_TY_S_DISPENSARY_LLC_DEBBIE_S_DISPENSAR,Sara's Dispensary LLC; Ty's Dispensary LLC; Debbie's Dispensary LLC (Crisp Cannabis retail licensees; Mohave CT notice of acquisition to AG 2025-05-06),organization,actor in an access event,,,,,SOURCE_0023,
ORG_SARENE_CRAFT_BEER_DISTRIBUTORS,Sarene Craft Beer Distributors,organization,appeared in public hearing testimony,,,,2024,SOURCE_0011,
PERSON_SAVINO_STEPHEN,"Savino, Stephen",witness,CPA,,,,2026,SOURCE_0011,
PERSON_SAXAGNE_BETH_ANN,"Saxagne, Beth Ann",witness,,,,,2024,SOURCE_0011,
ORG_SCANLON_2022,Scanlon 2022,campaign committee,Undetermined,Sean Scanlon,,,,SOURCE_0016,
PERSON_SCANLON_SEAN,"Scanlon, Sean",witness,State Comptroller,Office of the State Comptroller,,,2025,SOURCE_0011,
PERSON_SCATENA_LISA,"Scatena, Lisa",witness,MD,,,,2026,SOURCE_0011,
ORG_SCHAGHTICOKE_TRIBAL_NATION,Schaghticoke Tribal Nation,organization,appeared in public hearing testimony,,,,2025,SOURCE_0011,
PERSON_SCHENKER_KATIE,"Schenker, Katie",witness,,,,,2024,SOURCE_0011,
PERSON_SCHERTZ_SAMANTHA,"Schertz, Samantha",witness,,,,,2025,SOURCE_0011,
PERSON_SCHILLBERG_MATT,"Schillberg, Matt",witness,Graduate Researcher,University of Connecticut,,,2026,SOURCE_0011,
PERSON_SCHILLBERG_MATTHEW,"Schillberg, Matthew",witness,Graduate Assistant,University of Connecticut,,,2025,SOURCE_0011,
PERSON_SCHLEE_JOSIAH,"Schlee, Josiah",witness,Medical Cannabis Advocate,Medical Cannabis Advocate; NA; CT Cannawarriors,,,2026,SOURCE_0011,
PERSON_SCHULTZ_JOSHUA,"Schultz, Joshua",witness,,Citizen,,,2024,SOURCE_0011,
PERSON_SCHULZ_SCOTT,"Schulz, Scott",witness,,,,,2025,SOURCE_0011,
PERSON_SCHUYLER_JOHN,"Schuyler, John",witness,Board Member,State Board of Accountancy,,,2026,SOURCE_0011,
PERSON_SCRUGGS_CHRISTINE,"Scruggs, Christine",witness,,,,,2026,SOURCE_0011,
PERSON_SEAGULL_MICHELLE,"Seagull, Michelle",witness,Commissioner,"Consumer Protection, State of CT",,,2022,SOURCE_0011,
ORG_SEAMARRON_FARMSTEAD_LLC,"Seamarron Farmstead, LLC",organization,appeared in public hearing testimony,,,,2022,SOURCE_0011,
ORG_SEAT_AT_THE_TABLE_PAC,Seat At The Table PAC,campaign committee,,,,,,SOURCE_0016,
PERSON_SEDRICK_ACOSTA,Sedrick Acosta,individual,Horticulturist,Advanced Grow Labs,,,2022-03-24,SOURCE_0016,
PERSON_SEMROW_TYLER,"Semrow, Tyler",witness,Senior Producer,XPOCANN,,,2026,SOURCE_0011,
PERSON_SEN_JAMES_MARONEY,Sen. James Maroney,individual,"Sen. James Maroney - Legislator of the Year; DCP Director Rod Marriott - Regulator of the Year; DCP Commissioner, SEC Chair and ED attend",,,,,SOURCE_0023,
ORG_SEN_MARTIN_M_LOONEY_11TH_DIST_REP_MATTHEW_RITTER_1ST_DIST,"Sen. Martin M. Looney, 11th Dist. Rep. Matthew Ritter, 1st Dist.",legislative body,introducer of SB1201,,,,2021-06-14,SOURCE_0010,
ORG_SENATE_DEMOCRATS_VICTORY_PAC,Senate Democrats Victory PAC,campaign committee,,,,,,SOURCE_0016,
ORG_SENATE_REPUBLICAN_CAMPAIGN_COMMITTEE,Senate Republican Campaign Committee,campaign committee,,,,,,SOURCE_0016,
ORG_SENATE_REPUBLICAN_MAJORITY_COMMITTEE,Senate Republican Majority Committee,campaign committee,,,,,,SOURCE_0016,
ORG_SENATE_REPUBLICAN_VICTORY_COMMITTEE,Senate Republican Victory Committee,campaign committee,,,,,,SOURCE_0016,
PERSON_SERRANO_DAVID,"Serrano, David",witness,,,,,2021,SOURCE_0011,
ORG_SERVICE_EMPLOYEES_INTERNATIONAL_UNION,Service Employees International Union,organization,appeared in public hearing testimony,,,,2021,SOURCE_0011,
PERSON_SETH_R_SHOLES,Seth R Sholes,individual,Division Manager,GTI,,,2019-11-19,SOURCE_0016,
PERSON_SETH_SHOLES,Seth Sholes,individual,Health Care; Manager AGL,Advanced Grow Labs,,,2020-10-05,SOURCE_0016,
PERSON_SFERRA_NOAH,"Sferra, Noah",witness,,,,,2025,SOURCE_0011,
PERSON_SHAH_GOKUL,"Shah, Gokul",witness,Owner operator,Sweetheal shops,,,2024,SOURCE_0011,
PERSON_SHAHAM_BARBARA,"Shaham, Barbara",witness,,,,,2026,SOURCE_0011,
ORG_SHANNON_FOR_THE_117TH,Shannon for the 117th,campaign committee,State Representative,Michael Shannon,,,,SOURCE_0016,
PERSON_SHARAYE_A_TURKVAN,Sharaye A Turkvan,individual,Dispensary Technician,Arrow Alternative Care,,,2020-07-16,SOURCE_0016,
PERSON_SHATZER_PATRICK,"Shatzer, Patrick",witness,Testimony on House Bill 5150,Inc.,,,2024,SOURCE_0011,
PERSON_SHAW_JEFF,"Shaw, Jeff",witness,Senior Public Policy Advisor,CT Nonprofit Alliance,,,2023,SOURCE_0011,
PERSON_SHEEHAN_SHAWN,"Sheehan, Shawn",witness,Co,Wherehouse Beverage Co,,,2024,SOURCE_0011,
PERSON_SHEEHY_JAY,"Sheehy, Jay",witness,CPA,,,,2026,SOURCE_0011,
PERSON_SHELANSKY_TODD,"Shelansky, Todd",witness,CPA,,,,2026,SOURCE_0011,
PERSON_SHEPPARD_RYAN,"Sheppard, Ryan",witness,CPA,,,,2026,SOURCE_0011,
PERSON_SHERRIE_JACK,"Sherrie, Jack",witness,Cannabis and Hemp THC Beverages,Delta Beverages LLC,,,2024,SOURCE_0011,
ORG_SHIRLEY_SKYERS_THOMAS,Shirley Skyers-Thomas,organization,actor in an access event,,,,,SOURCE_0023,
PERSON_SHOOK_WENDI,"Shook, Wendi",witness,CPA,,,,2026,SOURCE_0011,
PERSON_SICARD_ALISON,"Sicard, Alison",witness,,,,,2024,SOURCE_0011,
ORG_SIKORSKY,Sikorsky,organization,appeared in public hearing testimony,,,,2021,SOURCE_0011,
ORG_SILVER_HILL_HOSPITAL,Silver Hill Hospital,organization,appeared in public hearing testimony,,,,2026,SOURCE_0011,
PERSON_SIMARD_CHAD,"Simard, Chad",witness,,Flower House,,,2024,SOURCE_0011,
PERSON_SIMONOW_ANDREW,"Simonow, Andrew",witness,President; 6 West Ave,Crisp Cannabis; LLC,,,2026,SOURCE_0011,
PERSON_SIPALA_MATT,"Sipala, Matt",witness,Owner,Hopriver hemp,,,2023,SOURCE_0011,
PERSON_SKIDMORE_MARJORIE,"Skidmore, Marjorie",witness,CPA,,,,2026,SOURCE_0011,
PERSON_SKULCZYCK_KEVIN,"Skulczyck, Kevin",witness,National Spokesperson,Crosses 4 America,,,2025,SOURCE_0011,
PERSON_SLADEK_JOE,"Sladek, Joe",witness,CPA,,,,2026,SOURCE_0011,
ORG_SMART_APPROACHES_TO_MARIJUANA,Smart Approaches to Marijuana,organization,appeared in public hearing testimony,,,,2026,SOURCE_0011,
PERSON_SMITH_MD_JOANN_M,"Smith MD, JoAnn M",witness,Addiction Psychiatrist,Fairfield County Med Ass.,,,2026,SOURCE_0011,
PERSON_SMITH_AMANDA,"Smith, Amanda",witness,,,,,2025,SOURCE_0011,
PERSON_SMITH_BRANT,"Smith, Brant",witness,President,Hemp House Farms,,,2026,SOURCE_0011,
PERSON_SMITH_CAROLINE_TANBEE,"Smith, Caroline Tanbee",witness,New Haven Board of Alders,,,,2025,SOURCE_0011,
PERSON_SMITH_COLLEEN,"Smith, Colleen",witness,,,,,2025,SOURCE_0011,
PERSON_SMITH_JANE,"Smith, Jane",witness,Ms,,,,2024,SOURCE_0011,
PERSON_SMITH_ROBERT,"Smith, Robert",witness,,,,,2025,SOURCE_0011,
PERSON_SOBOCINSKI_THOMAS,"Sobocinski, Thomas",witness,,,,,2025,SOURCE_0011,
ORG_SOCIAL_EQUITY_COUNCIL,Social Equity Council,agency,"Approves equity joint ventures, determines social equity status, administers the Cannabis Business Revolving Loan Fund.; appeared in public hearing testimony",,,SEC,,SOURCE_0010; SOURCE_0011,
PERSON_SOCIAL_EQUITY_COUNCIL_LOAN_STAFF,Social Equity Council loan staff,individual,Social Equity Council loan staff,,,,,SOURCE_0023,
PERSON_SOLO_SOLO,"Solo, Solo",witness,,,,,2024,SOURCE_0011,
ORG_SOULSTAR_CT,Soulstar CT,organization,appeared in public hearing testimony,,,,2024,SOURCE_0011,
ORG_SOUTH_WINDSOR_DEMOCRATIC_TOWN_COMMITTEE,South Windsor Democratic Town Committee,campaign committee,,,,,,SOURCE_0016,
ORG_SOUTHFORD_PARK_LLC,Southford Park LLC,organization,registered lobbying client,,Unclassified,,2025-2026,SOURCE_0015,
PERSON_SPARAGNA_CARLO,"Sparagna, Carlo",witness,CPA,,,,2026,SOURCE_0011,
ORG_SPIRITS_WHOLESALERS_OF_CT,Spirits Wholesalers of CT,organization,appeared in public hearing testimony,,,,2026,SOURCE_0011,
ORG_SPONSOR_GENERAL_LAW_COMMITTEE_ON_DCP_REQUEST_SB_231_HB_5350_,Sponsor: General Law Committee on DCP request (SB 231); HB 5350 chief proponent House Majority Leader Rojas (JFR),organization,named as the origin or requester of language,,,,,SOURCE_0024,
PERSON_SPRAGUE_M_D,"Sprague, M.D.",witness,Kevin,College of Emergency Physicians,,,2024,SOURCE_0011,
PERSON_SQUIRE_MARTIN,"Squire, Martin",witness,CPA,,,,2026,SOURCE_0011,
ORG_STAFSTROM_PAC,Stafstrom PAC,campaign committee,,,,,,SOURCE_0016,
ORG_STAMFORD_DEMOCRATIC_CITY_COMMITTEE,Stamford Democratic City Committee,campaign committee,,,,,,SOURCE_0016,
ORG_STATE_BOARD_OF_ACCOUNTANCY,State Board of Accountancy,organization,appeared in public hearing testimony,,,,2026,SOURCE_0011,
ORG_STATE_ELECTIONS_ENFORCEMENT_COMMISSION,State Elections Enforcement Commission,agency,Campaign finance filings.,,,SEEC,,SOURCE_0010,
PERSON_STEIGERWALD_HALEY,"Steigerwald, Haley",witness,Pharmacist,Curaleaf,,,2024,SOURCE_0011,
PERSON_STEIN_NICHOLAS,"Stein, Nicholas",witness,,,,,2024,SOURCE_0011,
PERSON_STEIN_NICHOLAS_BARD,"Stein, Nicholas Bard",witness,,,,,2022,SOURCE_0011,
ORG_STEPHANIE_FOR_SENATE_24,Stephanie for Senate 24,campaign committee,State Senator,Stephanie Weintraub,,,,SOURCE_0016,
PERSON_STEPHEN_HIEBER,Stephen Hieber,individual,Finance,Curaleaf,,,2026-05-04,SOURCE_0016,
PERSON_STEVE_KARDYS,Steve Kardys,individual,Security Guard,"Verano Holdings, LLC",,,2024-02-28,SOURCE_0016,
PERSON_STEWART_BONNIE,"Stewart, Bonnie",witness,CEO; EXECUTIVE DIRECTOR,CT Society of CPAs; CTCPA,,,2026,SOURCE_0011,
PERSON_STEWART_KAREN,"Stewart, Karen",witness,CPA,,,,2026,SOURCE_0011,
PERSON_STEWART_LEE,"Stewart, Lee",witness,Dr,,,,2026,SOURCE_0011,
ORG_STILL_RIVER_WELLNESS,Still River Wellness,organization,appeared in public hearing testimony; registered lobbying client,,Cannabis operator,,2025,SOURCE_0011; SOURCE_0015,
PERSON_STONE_TANYA,"Stone, Tanya",witness,,Oppose Section 2,,,2022,SOURCE_0011,
PERSON_STOVER_SARAH,"Stover, Sarah",witness,CPA,,,,2026,SOURCE_0011,
ORG_STUBHUB,StubHub,organization,appeared in public hearing testimony,,,,2023,SOURCE_0011,
ORG_STUDENTS_FOR_SENSIBLE_DRUG_POLICY,Students for Sensible Drug Policy,organization,appeared in public hearing testimony,,,,2021,SOURCE_0011,
ORG_SUBIRA_GORDON,Subira Gordon,organization,actor in an access event,,,,,SOURCE_0023,
ORG_SUJATA_FOR_CONNECTICUT,Sujata for Connecticut,campaign committee,State Representative,Sujata Gadkar-Wilcox,,,,SOURCE_0016,
PERSON_SULLIVAN_RYAN,"Sullivan, Ryan",witness,CPA,,,,2026,SOURCE_0011,
ORG_SUPPORT_WITH_MODIFICATION,Support with modification,organization,appeared in public hearing testimony,,,,2022,SOURCE_0011,
PERSON_SVEC_CAMDEN,"Svec, Camden",witness,Pharmacist,Affinity Dispensary,,,2024,SOURCE_0011,
PERSON_SWANSON_GRETCHEN,"Swanson, Gretchen",witness,medical marijuana patient,employed,,,2025,SOURCE_0011,
PERSON_SWEENEY_DENISE,"Sweeney, Denise",witness,CPA,,,,2026,SOURCE_0011,
ORG_SWEETTIVA_FARMS,SweetTiva Farms,organization,appeared in public hearing testimony,,,,2026,SOURCE_0011,
ORG_SWEETHEAL_SHOPS,Sweetheal shops,organization,appeared in public hearing testimony,,,,2024,SOURCE_0011,
PERSON_SWIATEK_KAREN,"Swiatek, Karen",witness,Pharmacist,a,,,2024,SOURCE_0011,
ORG_TWOB,TWOB,organization,appeared in public hearing testimony,,,,2025,SOURCE_0011,
PERSON_TAYLOR_MEREDITH,"Taylor, Meredith",witness,Mrs,Oakdale Farm,,,2024,SOURCE_0011,
PERSON_TEAL_JASON,"Teal, Jason",witness,CEO,Nova Farms Connecticut LLC,,,2024,SOURCE_0011,
ORG_TEAM_TONG,Team Tong,campaign committee,Attorney General,William Tong,,,,SOURCE_0016,
ORG_TECHNET,TechNet,organization,appeared in public hearing testimony,,,,2023,SOURCE_0011,
PERSON_TED_S_MADRU,Ted S Madru,individual,Owner,Analytics Labs CT,,,2025-05-08,SOURCE_0016,
PERSON_TEIXEIRA_CARLOS,"Teixeira, Carlos",witness,,,,,2022,SOURCE_0011,
PERSON_TERMINATED_01_13_2025,Terminated: 01/13/2025),lobbyist,registered communicator,Connecticut Canna Food and Beverage Alliance Corporation,,,2025-2026,SOURCE_0015,
PERSON_TERMINATED_04_25_2025,Terminated: 04/25/2025),lobbyist,registered communicator,CT Cannabis Chamber of Commerce,,,2025-2026,SOURCE_0015,
PERSON_TERRY_ALEXIS,"Terry, Alexis",witness,,Witnesses To Hunger,,,2026,SOURCE_0011,
PERSON_TESTONE_KIMBERLY,"Testone, Kimberly",witness,,,,,2022,SOURCE_0011,
ORG_THALER_HEFEL_FOR_THE_41ST,Thaler Hefel for the 41st,campaign committee,State Representative,Thaler Hefel,,,,SOURCE_0016,
ORG_THE_BUSHNELL,The Bushnell,organization,appeared in public hearing testimony,,,,2023,SOURCE_0011,
ORG_THE_CBD_CURATORS,The CBD Curators,organization,appeared in public hearing testimony,,,,2023,SOURCE_0011,
ORG_THE_CONNECTICUT_HEMP_INDUSTRY_ASSOCIATION,The Connecticut Hemp Industry Association,organization,registered lobbying client,,Hemp trade association,,2021-2022,SOURCE_0015,
ORG_THE_GOODS_THC_CO,The Goods THC Co.,organization,registered lobbying client,,Cannabis operator,,2025-2026,SOURCE_0015,
ORG_THE_HUB,The Hub,organization,appeared in public hearing testimony,,,,2022,SOURCE_0011,
ORG_THE_PEACEMAKERS,The Peacemakers,campaign committee,,,,,,SOURCE_0016,
ORG_THE_WHITE_OAK_BRIDGE,The White Oak Bridge,organization,appeared in public hearing testimony,,,,2024,SOURCE_0011,
ORG_THECBGGURUS,TheCBGGurus,organization,appeared in public hearing testimony,,,,2024,SOURCE_0011,
ORG_THECBGGURUS_LLC,TheCBGGurus LLC,organization,appeared in public hearing testimony,,,,2025,SOURCE_0011,
PERSON_THIBAULT,Thibault,witness,,"Wynne, Susan",,,2022,SOURCE_0011,
ORG_THIRD_STREET_PAC,Third Street PAC,campaign committee,,,,,,SOURCE_0016,
PERSON_THOMAS_SHIRLEY,"Thomas, Shirley",witness,Deputy Commissioner,Connecticut Consumer Protection,,,2024,SOURCE_0011,
PERSON_THUNEM_ERIC,"Thunem, Eric",witness,,,,,2026,SOURCE_0011,
PERSON_TIANA_HERCULES,Tiana Hercules,individual,Attorney; Greater Hartford Legal Aid,State of CT; Lady Jane. LLC; Attorney,,,2020-09-28,SOURCE_0016,
PERSON_TIANA_U_HERCULES,Tiana U Hercules,individual,Attorney,"Greater Hartford Legal Aid, Inc.",,,2018-08-26,SOURCE_0016,
PERSON_TIANA_V_HERCULES,Tiana V Hercules,individual,,,,,2020-07-07,SOURCE_0016,
PERSON_TIMOTHY_WANG,Timothy Wang,individual,Management,Trulieve,,,2024-03-16,SOURCE_0016,
PERSON_TINKER_NATHAN,"Tinker, Nathan",witness,Secretary,Academy of Medical Marijuana Dispensaries,,,2021,SOURCE_0011,
PERSON_TIRELLA_CARL,"Tirella, Carl",witness,Co,Budr Cannabis,,,2026,SOURCE_0011,
PERSON_TIROLETTO_JOE,"Tiroletto, Joe",witness,CPA,,,,2026,SOURCE_0011,
PERSON_TITLE_SHALEEN,"Title, Shaleen",witness,Co,Cannabis Regulators of Color Coalition,,,2021,SOURCE_0011,
ORG_TOGETHER_FOR_TOMORROW_PAC,Together for Tomorrow PAC,campaign committee,,,,,,SOURCE_0016,
PERSON_TONG_WILLIAM,"Tong, William",witness,Attorney General,Office of the Attorney General,,,2024,SOURCE_0011,
PERSON_TRAVAGLINO_PAUL,"Travaglino, Paul",witness,Founder,Enlightened Foods LLC,,,2024,SOURCE_0011,
PERSON_TRUEBLOOD_JACQUELINE,"Trueblood, Jacqueline",witness,MD,,,,2026,SOURCE_0011,
ORG_TRULIEVE,Trulieve,organization,registered lobbying client,,Cannabis operator (MSO),,2021-2022,SOURCE_0015,
ORG_TRUMBULL_DEMOCRATIC_TOWN_COMMITTEE,Trumbull Democratic Town Committee,campaign committee,,,,,,SOURCE_0016,
PERSON_TY_S_DISPENSARY_LLC,Ty's Dispensary LLC,individual,,,,,2025-12-04,SOURCE_0016,
ORG_UCONN,UCONN,organization,appeared in public hearing testimony,,,,2021,SOURCE_0011,
ORG_UCONN_CANNABIS_CLUB,UConn Cannabis Club,organization,appeared in public hearing testimony,,,,2025,SOURCE_0011,
ORG_UFCW,UFCW,organization,appeared in public hearing testimony,,,,2021,SOURCE_0011,
ORG_UFCW_LOCAL_919,UFCW Local 919,organization,appeared in public hearing testimony,,,,2023,SOURCE_0011,
ORG_UFCW_UNION,UFCW Union,organization,appeared in public hearing testimony,,,,2023,SOURCE_0011,
ORG_UNIVERSITY_OF_CONNECTICUT,University of Connecticut,organization,appeared in public hearing testimony,,,,2026,SOURCE_0011,
ORG_UNNAMED_ELECTED_OFFICIALS_PER_COUNCILOR_AVERY_GADDIS,Unnamed elected officials (per Councilor Avery Gaddis),organization,actor in an access event,,,,,SOURCE_0023,
PERSON_VAGNINI_MICHAEL,"Vagnini, Michael",witness,CPA,,,,2026,SOURCE_0011,
ORG_VANDERBILT_SCHOOL_OF_MEDICINE,Vanderbilt School of Medicine,organization,appeared in public hearing testimony,,,,2026,SOURCE_0011,
ORG_VANTAGE_POINT_EDGE_LLC,Vantage Point Edge; LLC,organization,registered lobbying client,,Unclassified,,2023-2024,SOURCE_0015,
PERSON_VELKY_CHIEF_RICHARD,"Velky, Chief Richard",witness,Chief,Schaghticoke Tribal Nation,,,2024,SOURCE_0011,
PERSON_VELKY_RICHARD,"Velky, Richard",witness,Chief,Schaghticoke Tribal Nation,,,2025,SOURCE_0011,
PERSON_VIGLIONE_JAMES,"Viglione, James",witness,Owner,Sunmed,,,2024,SOURCE_0011,
PERSON_VINCENT_LOMBARDI,Vincent Lombardi,individual,Cultivator,Theraplant,,,2024-02-19,SOURCE_0016,
PERSON_VINCENT_M_LOMBARDI,Vincent M Lombardi,individual,Cultivator; Farmer,"Theraplant, LLC; Rodeo Cannabis Company",,,2024-03-06,SOURCE_0016,
ORG_VIRGULTO_2025,Virgulto 2025,campaign committee,Judge of Probate,Thomas Virgulto,,,,SOURCE_0016,
ORG_VOLLANO_FOR_SENATE_2022,Vollano For Senate 2022,campaign committee,State Senator,Joseph  Vollano,,,,SOURCE_0016,
PERSON_VOLPE_RALPH,"Volpe, Ralph",witness,CPA,,,,2026,SOURCE_0011,
PERSON_W_ANDY,"W, Andy",witness,,,,,2025,SOURCE_0011,
PERSON_WADSWORTH_AMY,"Wadsworth, Amy",witness,,NAMI CT,,,2026,SOURCE_0011,
PERSON_WADSWORTH_WILLIAM,"Wadsworth, William",witness,Mr,,,,2026,SOURCE_0011,
PERSON_WAHL_ROBYN,"Wahl, Robyn",witness,Pharmacist  MMJ Key Employee,,,,2024,SOURCE_0011,
ORG_WALKER_2024,Walker 2024,campaign committee,State Representative,Toni Walker,,,,SOURCE_0016,
ORG_WALKER_2026,Walker 2026,campaign committee,State Representative,Toni Walker,,,,SOURCE_0016,
PERSON_WALKER_KEVON,"Walker, Kevon",witness,,,,,2024,SOURCE_0011,
PERSON_WALSH_THOMAS,"Walsh, Thomas",witness,CPA,,,,2026,SOURCE_0011,
PERSON_WARD_DEVAUGHN,"Ward, DeVaughn",witness,Senior Legislative Counsel,Marijuana Policy Project,,,2021,SOURCE_0011,
PERSON_WARREN_ROBERT,"Warren, Robert",witness,CPA,,,,2026,SOURCE_0011,
PERSON_WATKINS_JOHN,"Watkins, John",witness,,,,,2022,SOURCE_0011,
PERSON_WATSON_JODY,"Watson, Jody",witness,CPA,,,,2026,SOURCE_0011,
PERSON_WATT_MARGARET,"Watt, Margaret",witness,Public Policy Chair,NAMI CT; self,,,2026,SOURCE_0011,
PERSON_WEEKS_DENISE,"Weeks, Denise",witness,,,,,2021,SOURCE_0011,
PERSON_WELCH_JUSTIN,"Welch, Justin",witness,Officer,NE Craft Cannabis Alliance,,,2022,SOURCE_0011,
PERSON_WELDON_SHIRLEY,"Weldon, Shirley",witness,Co; Licensee,MUZE Thomas Hooker Brewing; CAT ROCK HOLISTICS CT LLC; Cat Rock Holistics LLC,,,2026,SOURCE_0011,
ORG_WELLNESS,Wellness,organization,appeared in public hearing testimony,,,,2023,SOURCE_0011,
PERSON_WENTZEL_JEFF,"Wentzel, Jeff",witness,Member,CT Hemp Industry Assoc,,,2024,SOURCE_0011,
PERSON_WERNER_ANDREAS,"Werner, Andreas",witness,,CCSBA,,,2024,SOURCE_0011,
PERSON_WESLEY_JENKS,Wesley Jenks,individual,real estate; V.P.,s/e; Self; Jenks Productions,,,2019-09-05,SOURCE_0016,
ORG_WESTON_DEMOCRATIC_TOWN_COMMITTEE,Weston Democratic Town Committee,campaign committee,,,,,,SOURCE_0016,
ORG_WETHERSFIELD_DEMOCRATIC_TOWN_COMMITTEE,Wethersfield Democratic Town Committee,campaign committee,,,,,,SOURCE_0016,
ORG_WHEELER_CLINIC_INC,Wheeler Clinic; Inc,organization,registered lobbying client,,Prevention provider (also a paid state cannabis-prevention vendor),,2025-2026,SOURCE_0015,
PERSON_WHELPLEY_GORDON,"Whelpley, Gordon",witness,Founder; CEO,Float House; FLOAT HOUSE; Floating Islands,,,2026,SOURCE_0011,
ORG_WHEREHOUSE_BEVERAGE_CO,Wherehouse Beverage Co,organization,appeared in public hearing testimony,,,,2024,SOURCE_0011,
ORG_WHITE_OAK_APOTHECARY_LLC,White Oak Apothecary LLC,organization,appeared in public hearing testimony,,,,2024,SOURCE_0011,
PERSON_WHITEMAN_MARGARET,"Whiteman, Margaret",witness,CPA,,,,2026,SOURCE_0011,
PERSON_WILL_LUZIER,Will Luzier,individual,Lawyer,Marijuana Policy Project,,,2018-03-25,SOURCE_0016,
PERSON_WILLIAMS_ZANAIYA,"Williams, Zanaiya",witness,,,,,2024,SOURCE_0011,
ORG_WITNESSES_TO_HUNGER,Witnesses To Hunger,organization,appeared in public hearing testimony,,,,2026,SOURCE_0011,
ORG_WOLCOTT_REPUBLICAN_TOWN_COMMITTEE,Wolcott Republican Town Committee,campaign committee,,,,,,SOURCE_0016,
PERSON_WOLF_CARLY,"Wolf, Carly",witness,State Policies Coordinator,NORML,,,2021,SOURCE_0011,
PERSON_WOLLACK_JOSEPH,"Wollack, Joseph",witness,CPA,,,,2026,SOURCE_0011,
PERSON_WOODARD_NICHOLAS,"Woodard, Nicholas",witness,Dr,,,,2024,SOURCE_0011,
PERSON_WOODEN_SHAWN,"Wooden, Shawn",witness,,,,,2021,SOURCE_0011,
PERSON_WYATT_BRANDON,"Wyatt, Brandon",witness,,Minority Cannabis Business Association,,,2021,SOURCE_0011,
PERSON_WYETH_LAURA,"Wyeth, Laura",witness,CPA,,,,2026,SOURCE_0011,
PERSON_WYLIE_PIERCE,"Wylie, Pierce",witness,CEO,Rebel Rabbit,,,2024,SOURCE_0011,
ORG_WYNN_HOSPITAL,Wynn hospital,organization,appeared in public hearing testimony,,,,2024,SOURCE_0011,
ORG_WYNNE_SUSAN,"Wynne, Susan",organization,appeared in public hearing testimony,,,,2022,SOURCE_0011,
ORG_XPOCANN,XPOCANN,organization,appeared in public hearing testimony,,,,2026,SOURCE_0011,
ORG_XPOCANNA,XpoCanna,organization,appeared in public hearing testimony,,,,2026,SOURCE_0011,
ORG_YALE_UNIVERSITY,Yale University,organization,registered lobbying client,,University (also the ARPA prevention recipient),,2025-2026,SOURCE_0015,
PERSON_YOUNG_JAMES,"Young, James",witness,,,,,2024,SOURCE_0011,
PERSON_YOUNG_STEVEN,"Young, Steven",witness,Pharmacist,,,,2024,SOURCE_0011,
ORG_YOUR_CBD_STORE_NORTH_HAVEN,Your CBD Store North Haven,organization,appeared in public hearing testimony,,,,2024,SOURCE_0011,
ORG_YOUR_CBD_STORE_WILTON,Your CBD Store Wilton,organization,appeared in public hearing testimony,,,,2024,SOURCE_0011,
PERSON_ZACHS_BEN,"Zachs, Ben",witness,COO; CEO; Chief Operating Officer; President,Fine Fettle Dispensaries; Fine Fettle Dispensary,,,2026,SOURCE_0011,
PERSON_ZIMMERMAN_STACEY,"Zimmerman, Stacey",witness,,Service Employees International Union,,,2021,SOURCE_0011,
PERSON_ZRENDA_LAURIE,"Zrenda, Laurie",witness,pharmacist,,,,2024,SOURCE_0011,
ORG_A,a,organization,appeared in public hearing testimony,,,,2024,SOURCE_0011,
ORG_BLOOMHIGHER,bloomHigher,organization,appeared in public hearing testimony,,,,2026,SOURCE_0011,
PERSON_BRIAN_MURRAY,brian murray,individual,government relations,acreage holdings,,,2024-02-05,SOURCE_0016,
ORG_EMPLOYED,employed,organization,appeared in public hearing testimony,,,,2025,SOURCE_0011,
ORG_FOUNDER_OF_SOULSTAR_CT,founder of Soulstar CT,organization,appeared in public hearing testimony,,,,2025,SOURCE_0011,
PERSON_FRYTZ_JUSTIN,"frytz, Justin",witness,CEO,The White Oak Bridge,,,2024,SOURCE_0011,
PERSON_HUDOCK_SARAH,"hudock, sarah",witness,,,,,2026,SOURCE_0011,
ORG_P,p,organization,appeared in public hearing testimony,,,,2024,SOURCE_0011,
PERSON_P_P,"p, p",witness,,p,,,2024,SOURCE_0011,
PERSON_PIERCE_ERICA,"pierce, erica",witness,,,,,2025,SOURCE_0011,
PERSON_POPP_AL,"popp, al",witness,owner,popps farm,,,2024,SOURCE_0011,
PERSON_POPP_ALLAN,"popp, allan",witness,owner,s farm.llc,,,2026,SOURCE_0011,
ORG_POPPS_FARM,popps farm,organization,appeared in public hearing testimony,,,,2024,SOURCE_0011,
PERSON_REGISTERED_2025_01_06,registered 2025-01-06),lobbyist,registered communicator,Budr Cannabis,,,2025-2026,SOURCE_0015,
PERSON_REGISTERED_2025_01_07,registered 2025-01-07,lobbyist,registered communicator,Connecticut Canna Food and Beverage Alliance Corporation,,,2025-2026,SOURCE_0015,
PERSON_REGISTERED_2025_01_15,registered 2025-01-15),lobbyist,registered communicator,CT Cannabis Chamber of Commerce,,,2025-2026,SOURCE_0015,
ORG_S_GOODS_OF_CT,s Goods of CT,organization,appeared in public hearing testimony,,,,2024,SOURCE_0011,
ORG_S_FARM_LLC,s farm.llc,organization,appeared in public hearing testimony,,,,2026,SOURCE_0011,
PERSON_S_KEN,"s, ken",witness,,,,,2024,SOURCE_0011,
ORG_SELF,self,organization,appeared in public hearing testimony,,,,2026,SOURCE_0011,
PERSON_ZAKIR_UZMA,"zakir, uzma",witness,RPh; Pharmacist,bloomHigher,,,2026,SOURCE_0011,
