event_id,date,event_type,title,detail,issue_id,actors,bill_id,public_act_id,source_id,exact_locator
TL_0529,2012 (medical regulations as first adopted; text shown in brackets in PR2017-029),agency action,Department of Consumer Protection: medical — Microbial limit / method,"as recorded — ""For purposes of the microbiological test, a marijuana sample shall be deemed to have passed if it satisfies the standards set forth in Section 1111 of the United States Pharmacopeia""",ISSUE_AGENCY,Department of Consumer Protection,,,SOURCE_0023,LRT-01
TL_0530,2012 -> present (medical),agency action,Department of Consumer Protection: medical — Failure disposition / retest,"as recorded — ""If a sample of marijuana does not pass the microbiological, mycotoxin, heavy metal or pesticide chemical residue test ... the producer shall dispose of the entire batch from which the sample was taken""",ISSUE_AGENCY,Department of Consumer Protection,,,SOURCE_0023,LRT-02
TL_0531,2012 -> present (medical),agency action,Department of Consumer Protection: medical — Sampling; reporting of failures to DCP,"as recorded — ""(b) A producer shall make available each such batch at the production facility for a laboratory employee to select a random sample."" ... ""(g) The laboratory shall file with the department an electronic copy of each laboratory test result for any batch that does not pass ... at the same time that it transmits those results to the producer.""",ISSUE_AGENCY,Department of Consumer Protection,,,SOURCE_0023,LRT-03
TL_0532,2012 -> present (medical),agency action,Department of Consumer Protection: medical — Heavy metals,"as recorded — ""a marijuana sample shall be deemed to have passed if it meets the following standards: Metal Natural Health Products Acceptable limits uG/KG BW/Day Arsenic <0.14 Cadmium <0.09 Lead <0.29 Mercury <0.29""",ISSUE_AGENCY,Department of Consumer Protection,,,SOURCE_0023,LRT-04
TL_0533,2012 -> present (medical),agency action,Department of Consumer Protection: medical — Mycotoxins; pesticides,"as recorded — ""less than 20 micrograms per kilogram of each of ... aflatoxin B1, aflatoxin B2, aflatoxin G1, aflatoxin G2, and ochratoxin A"" (2022 wording); pesticides: ""the most stringent acceptable standard for a pesticide chemical residue in any food item as set forth in ... 40 CFR 180""",ISSUE_AGENCY,Department of Consumer Protection,,,SOURCE_0023,LRT-05
TL_0076,2012-03-01,committee referral,HB5389: Referred to Joint Committee on Judiciary,AN ACT CONCERNING THE PALLIATIVE USE OF MARIJUANA,,Judiciary Committee,BILL_2012_HB5389,PA2012_055,SOURCE_0010,"Bill History row, 2012-03-01"
TL_0077,2012-03-02,public hearing,HB5389: Public Hearing 03/07,AN ACT CONCERNING THE PALLIATIVE USE OF MARIJUANA,,Judiciary Committee,BILL_2012_HB5389,PA2012_055,SOURCE_0010,"Bill History row, 2012-03-02"
TL_0078,2012-03-21,committee report,HB5389: Joint Favorable,AN ACT CONCERNING THE PALLIATIVE USE OF MARIJUANA,,Judiciary Committee,BILL_2012_HB5389,PA2012_055,SOURCE_0010,"Bill History row, 2012-03-21"
TL_0079,2012-04-10,committee report,"HB5389: Favorable Report, Tabled for the Calendar, House",AN ACT CONCERNING THE PALLIATIVE USE OF MARIJUANA,,Judiciary Committee,BILL_2012_HB5389,PA2012_055,SOURCE_0010,"Bill History row, 2012-04-10"
TL_0080,2012-04-20,committee report,HB5389: Joint Favorable,AN ACT CONCERNING THE PALLIATIVE USE OF MARIJUANA,,Judiciary Committee,BILL_2012_HB5389,PA2012_055,SOURCE_0010,"Bill History row, 2012-04-20"
TL_0081,2012-04-24,committee report,HB5389: Joint Favorable,AN ACT CONCERNING THE PALLIATIVE USE OF MARIJUANA,,Judiciary Committee,BILL_2012_HB5389,PA2012_055,SOURCE_0010,"Bill History row, 2012-04-24"
TL_0082,2012-04-25,chamber passage,HB5389: House Passed as Amended by House Amendment Schedule A,AN ACT CONCERNING THE PALLIATIVE USE OF MARIJUANA,,Judiciary Committee,BILL_2012_HB5389,PA2012_055,SOURCE_0010,"Bill History row, 2012-04-25"
TL_0083,2012-04-27,committee report,"HB5389: Favorable Report, Tabled for the Calendar, Senate",AN ACT CONCERNING THE PALLIATIVE USE OF MARIJUANA,,Judiciary Committee,BILL_2012_HB5389,PA2012_055,SOURCE_0010,"Bill History row, 2012-04-27"
TL_0084,2012-05-04,chamber passage,HB5389: Senate Passed as Amended by House Amendment Schedule A,AN ACT CONCERNING THE PALLIATIVE USE OF MARIJUANA,,Judiciary Committee,BILL_2012_HB5389,PA2012_055,SOURCE_0010,"Bill History row, 2012-05-04"
TL_0085,2012-05-11,public act assigned,HB5389: Public Act 12-55,AN ACT CONCERNING THE PALLIATIVE USE OF MARIJUANA,,Judiciary Committee,BILL_2012_HB5389,PA2012_055,SOURCE_0010,"Bill History row, 2012-05-11"
TL_0086,2012-05-31,signed,HB5389: Signed by the Governor,AN ACT CONCERNING THE PALLIATIVE USE OF MARIJUANA,,Judiciary Committee,BILL_2012_HB5389,PA2012_055,SOURCE_0010,"Bill History row, 2012-05-31"
TL_0609,2012-05-31,milestone,Medical program signed,P.A. 12-55 (HB 5389) creates the palliative use programme. A closed market: a fixed number of producers and dispensary facilities.,ISSUE_MEDICAL,,,,SOURCE_0010,
TL_0087,2016-02-25,committee referral,HB5450: Referred to Joint Committee on Public Health,AN ACT CONCERNING THE PALLIATIVE USE OF MARIJUANA,,Public Health Committee,BILL_2016_HB5450,PA2016_023,SOURCE_0010,"Bill History row, 2016-02-25"
TL_0088,2016-02-26,public hearing,HB5450: Public Hearing 03/02,AN ACT CONCERNING THE PALLIATIVE USE OF MARIJUANA,,Public Health Committee,BILL_2016_HB5450,PA2016_023,SOURCE_0010,"Bill History row, 2016-02-26"
TL_0089,2016-03-21,committee report,HB5450: Joint Favorable Substitute,AN ACT CONCERNING THE PALLIATIVE USE OF MARIJUANA,,Public Health Committee,BILL_2016_HB5450,PA2016_023,SOURCE_0010,"Bill History row, 2016-03-21"
TL_0090,2016-04-06,committee report,"HB5450: Favorable Report, Tabled for the Calendar, House",AN ACT CONCERNING THE PALLIATIVE USE OF MARIJUANA,,Public Health Committee,BILL_2016_HB5450,PA2016_023,SOURCE_0010,"Bill History row, 2016-04-06"
TL_0091,2016-04-15,committee report,HB5450: Joint Favorable,AN ACT CONCERNING THE PALLIATIVE USE OF MARIJUANA,,Public Health Committee,BILL_2016_HB5450,PA2016_023,SOURCE_0010,"Bill History row, 2016-04-15"
TL_0092,2016-04-20,chamber passage,HB5450: House Passed as Amended by House Amendment Schedule A,AN ACT CONCERNING THE PALLIATIVE USE OF MARIJUANA,,Public Health Committee,BILL_2016_HB5450,PA2016_023,SOURCE_0010,"Bill History row, 2016-04-20"
TL_0093,2016-04-21,committee report,"HB5450: Favorable Report, Tabled for the Calendar, Senate",AN ACT CONCERNING THE PALLIATIVE USE OF MARIJUANA,,Public Health Committee,BILL_2016_HB5450,PA2016_023,SOURCE_0010,"Bill History row, 2016-04-21"
TL_0094,2016-04-29,chamber passage,HB5450: Senate Passed as Amended by House Amendment Schedule A,AN ACT CONCERNING THE PALLIATIVE USE OF MARIJUANA,,Public Health Committee,BILL_2016_HB5450,PA2016_023,SOURCE_0010,"Bill History row, 2016-04-29"
TL_0095,2016-05-04,public act assigned,HB5450: Public Act 16-23,AN ACT CONCERNING THE PALLIATIVE USE OF MARIJUANA,,Public Health Committee,BILL_2016_HB5450,PA2016_023,SOURCE_0010,"Bill History row, 2016-05-04"
TL_0096,2016-05-17,signed,HB5450: Signed by the Governor,AN ACT CONCERNING THE PALLIATIVE USE OF MARIJUANA,,Public Health Committee,BILL_2016_HB5450,PA2016_023,SOURCE_0010,"Bill History row, 2016-05-17"
TL_0534,2018-08-28,agency action,Department of Consumer Protection: medical — Microbial limit,"as recorded — ""a marijuana sample shall be deemed to have passed if it satisfies the standards set forth in Section 2023 of the United States Pharmacopeia for all raw products and Section 1111 of the United States Pharmacopeia for all dosage forms other than rawproduct""",ISSUE_AGENCY,Department of Consumer Protection,,,SOURCE_0023,LRT-06
TL_0535,2020-08 (approx.),agency action,Department of Consumer Protection: medical — AltaSci yeast/mould criterion,"as recorded — NOT HELD. Reported: DCP approved by email in August 2020 AltaSci's request to raise its yeast/mould passing level from 10,000 to 1,000,000 CFU/g, paired with Aspergillus testing.",ISSUE_AGENCY,Department of Consumer Protection,,,SOURCE_0023,LRT-07
TL_0097,2021-02-03,committee referral,HB6377: Referred to Joint Committee on Labor and Public Employees,AN ACT CONCERNING LABOR PEACE AGREEMENTS AND A MODERN AND EQUITABLE CANNABIS WORKFORCE,,Labor and Public Employees Committee,BILL_2021_HB6377,,SOURCE_0010,"Bill History row, 2021-02-03"
TL_0098,2021-02-04,public hearing,HB6377: Public Hearing 02/09,AN ACT CONCERNING LABOR PEACE AGREEMENTS AND A MODERN AND EQUITABLE CANNABIS WORKFORCE,,Labor and Public Employees Committee,BILL_2021_HB6377,,SOURCE_0010,"Bill History row, 2021-02-04"
TL_0099,2021-03-25,committee report,HB6377: Joint Favorable Substitute,AN ACT CONCERNING LABOR PEACE AGREEMENTS AND A MODERN AND EQUITABLE CANNABIS WORKFORCE,,Labor and Public Employees Committee,BILL_2021_HB6377,,SOURCE_0010,"Bill History row, 2021-03-25"
TL_0100,2021-04-15,committee report,"HB6377: Favorable Report, Tabled for the Calendar, House",AN ACT CONCERNING LABOR PEACE AGREEMENTS AND A MODERN AND EQUITABLE CANNABIS WORKFORCE,,Labor and Public Employees Committee,BILL_2021_HB6377,,SOURCE_0010,"Bill History row, 2021-04-15"
TL_0001,2021-06-15,chamber passage,"SB1201: Senate Passed as Amended by Senate Amendment Schedule A,B",AN ACT CONCERNING RESPONSIBLE AND EQUITABLE REGULATION OF ADULT-USE CANNABIS,,"Sen. Martin M. Looney, 11th Dist. Rep. Matthew Ritter, 1st Dist.",BILL_2021_SB1201,PA2021_001,SOURCE_0010,"Bill History row, 2021-06-15"
TL_0002,2021-06-16,chamber passage,SB1201: House Passed as Amended by House Amendment Schedule A,AN ACT CONCERNING RESPONSIBLE AND EQUITABLE REGULATION OF ADULT-USE CANNABIS,,"Sen. Martin M. Looney, 11th Dist. Rep. Matthew Ritter, 1st Dist.",BILL_2021_SB1201,PA2021_001,SOURCE_0010,"Bill History row, 2021-06-16"
TL_0003,2021-06-17,chamber passage,SB1201: Senate Passed as Amended by House Amendment Schedule A,AN ACT CONCERNING RESPONSIBLE AND EQUITABLE REGULATION OF ADULT-USE CANNABIS,,"Sen. Martin M. Looney, 11th Dist. Rep. Matthew Ritter, 1st Dist.",BILL_2021_SB1201,PA2021_001,SOURCE_0010,"Bill History row, 2021-06-17"
TL_0123,2021-06-22,law takes effect,June Sp. Sess. P.A. 21-1 Sec. 1 takes effect,"(NEW) (Effective from passage) As used in RERACA, unless the context otherwise requires: (1) ""Responsible and Equitable Regulation of Adult-Use Cannabis Act"" or ""RERACA"" means this section, sections 7, 9, 11 to 14, inclusive, 16, 18, 20 to 65, inclusive, 82, 83, 89 to 110, inclusive, 112 to 114, inclusive, 121, 124 to 128, inclusive, 134, 135 and 144 to 151, inclusive, 153, 162, 163, 165 to 167, i",,,,PA2021_001,SOURCE_0001,"June Sp. Sess. P.A. 21-1, Sec. 1"
TL_0141,2021-06-22,law takes effect,June Sp. Sess. P.A. 21-1 Sec. 22 takes effect,"(NEW) (Effective from passage) (a) There is established a Social Equity Council, which shall be within the Department of Economic and Community Development for administrative purposes only. (b) The council shall consist of fifteen members as follows: (1) One appointed by the speaker of the House of Representatives, who has a professional background of not less than five years working in the field ",,,,PA2021_001,SOURCE_0001,"June Sp. Sess. P.A. 21-1, Sec. 22"
TL_0142,2021-06-22,law takes effect,June Sp. Sess. P.A. 21-1 Sec. 23 takes effect,"(Effective from passage) Not later than October 1, 2023, the Social Equity Council established pursuant to section 22 of this act shall report to the Governor and the joint standing committee of the General Assembly having cognizance of matters relating to the judiciary, (1) data on any arrest or conviction for possession, manufacture or sale of cannabis pursuant to section 21a-279a of the general",,,,PA2021_001,SOURCE_0001,"June Sp. Sess. P.A. 21-1, Sec. 23"
TL_0151,2021-06-22,law takes effect,June Sp. Sess. P.A. 21-1 Sec. 32 takes effect,"(NEW) (Effective from passage) The commissioner shall adopt regulations in accordance with chapter 54 of the general statutes to implement the provisions of RERACA. Notwithstanding the requirements of sections 4-168 to 4-172, inclusive, of the general statutes, in order to effectuate the purposes of RERACA and protect public health and safety, prior to adopting such regulations the commissioner sh",,,,PA2021_001,SOURCE_0001,"June Sp. Sess. P.A. 21-1, Sec. 32"
TL_0157,2021-06-22,law takes effect,June Sp. Sess. P.A. 21-1 Sec. 38 takes effect,"(Effective from passage) (a) The Social Equity Council, in June Sp. Sess., coordination with the Departments of Consumer Protection and Economic and Community Development, shall develop a cannabis business accelerator program to provide technical assistance to participants by partnering participants with a cannabis establishment. The Social Equity Council may partner with a constituent unit of the",,,,PA2021_001,SOURCE_0001,"June Sp. Sess. P.A. 21-1, Sec. 38"
TL_0158,2021-06-22,law takes effect,June Sp. Sess. P.A. 21-1 Sec. 39 takes effect,"(Effective from passage) (a) The Social Equity Council, in coordination with the Department of Economic and Community Development and Labor Department, shall develop a workforce training program to further equity goals, ensure cannabis establishments have access to a well-trained employee applicant pool, and support individuals who live in a disproportionately impacted area to find employment in t",,,,PA2021_001,SOURCE_0001,"June Sp. Sess. P.A. 21-1, Sec. 39"
TL_0170,2021-06-22,law takes effect,June Sp. Sess. P.A. 21-1 Sec. 51 takes effect,"(NEW) (Effective from passage) (a) No member of the Social Equity Council and no employee of the Social Equity Council or department who carries out the licensing, inspection, investigation, enforcement or policy decisions authorized by RERACA, and any regulations enacted pursuant thereto, may, directly or indirectly, have any management or financial interest in the cultivation, manufacture, sale,",,,,PA2021_001,SOURCE_0001,"June Sp. Sess. P.A. 21-1, Sec. 51"
TL_0178,2021-06-22,law takes effect,June Sp. Sess. P.A. 21-1 Sec. 59 takes effect,"(NEW) (Effective from passage) (a) The commissioner may adopt regulations in accordance with chapter 54 of the general statutes, including emergency regulations pursuant to section 4-168 of the general statutes, to implement the provisions of RERACA. (b) Notwithstanding the requirements of sections 4-168 to 4-172, inclusive, of the general statutes, in order to effectuate the purposes of June Sp. ",,,,PA2021_001,SOURCE_0001,"June Sp. Sess. P.A. 21-1, Sec. 59"
TL_0182,2021-06-22,law takes effect,June Sp. Sess. P.A. 21-1 Sec. 63 takes effect,"(Effective from passage) Not later than January 1, 2022, the Banking Commissioner, in consultation with the Commissioner of Consumer Protection, shall report to the Governor and the joint standing committees of the General Assembly having cognizance of matters relating to banking, the judiciary and finance, revenue and bonding, regarding recommended legislation to implement the provisions of RERAC",,,,PA2021_001,SOURCE_0001,"June Sp. Sess. P.A. 21-1, Sec. 63"
TL_0183,2021-06-22,law takes effect,June Sp. Sess. P.A. 21-1 Sec. 64 takes effect,"(Effective from passage) Not later than January 1, 2022, the Insurance Commissioner shall report to the Governor and the joint standing committee of the General Assembly having cognizance of matters relating to insurance regarding access to insurance by cannabis establishments.",,,,PA2021_001,SOURCE_0001,"June Sp. Sess. P.A. 21-1, Sec. 64"
TL_0184,2021-06-22,law takes effect,June Sp. Sess. P.A. 21-1 Sec. 65 takes effect,"(Effective from passage) Not later than January 1, 2023, the Alcohol and Drug Policy Council, jointly with the Departments of Public Health, Mental Health and Addiction Services and Children and Families, shall make recommendations to the Governor and the joint standing committees of the General Assembly having cognizance of matters relating to public health, the judiciary and finance, revenue and",,,,PA2021_001,SOURCE_0001,"June Sp. Sess. P.A. 21-1, Sec. 65"
TL_0249,2021-06-22,law takes effect,June Sp. Sess. P.A. 21-1 Sec. 144 takes effect,"(Effective from passage) Not later than January 1, 2025, the Social Equity Council established pursuant to section 22 of this act shall report to the Governor and, in accordance with the provisions of section 11-4a of the general statutes, to the joint standing committees of the General Assembly having cognizance of matters relating to the judiciary and general law, data regarding the location of ",,,,PA2021_001,SOURCE_0001,"June Sp. Sess. P.A. 21-1, Sec. 144"
TL_0259,2021-06-22,law takes effect,June Sp. Sess. P.A. 21-1 Sec. 165 takes effect,"(NEW) (Effective from passage) Not later than January 1, 2022, the Commissioner of Emergency Services and Public Protection shall report to the Governor and, in accordance with the provisions of section 11-4a of the general statutes, to the joint standing committees of the General Assembly having cognizance of matters relating to public safety and security and transportation, regarding the merits ",,,,PA2021_001,SOURCE_0001,"June Sp. Sess. P.A. 21-1, Sec. 165"
TL_0610,2021-06-22,milestone,Adult use legalized,"June Sp. Sess. P.A. 21-1 (SB 1201) creates RERACA: adult-use licence types, two lotteries, the social equity applicant definition, the equity joint venture and the licence caps.",ISSUE_LICENSING,,,,SOURCE_0010,
TL_0004,2021-06-30,public act assigned,SB1201: Public Act 21-1,AN ACT CONCERNING RESPONSIBLE AND EQUITABLE REGULATION OF ADULT-USE CANNABIS,,"Sen. Martin M. Looney, 11th Dist. Rep. Matthew Ritter, 1st Dist.",BILL_2021_SB1201,PA2021_001,SOURCE_0010,"Bill History row, 2021-06-30"
TL_0124,2021-07-01,law takes effect,June Sp. Sess. P.A. 21-1 Sec. 2 takes effect,"Subsection (a) of section 21a-279 of the general statutes is repealed and the following is substituted in lieu thereof (Effective July 1, 2021): (a) (1) Any person who possesses or has under such person's control any quantity of any controlled substance, except [less than one-half ounce of a cannabis-type substance] any quantity of cannabis, as defined in section 1 of this act, and except as autho",,,,PA2021_001,SOURCE_0001,"June Sp. Sess. P.A. 21-1, Sec. 2"
TL_0125,2021-07-01,law takes effect,June Sp. Sess. P.A. 21-1 Sec. 3 takes effect,"Section 21a-279a of the general statutes is repealed and the following is substituted in lieu thereof (Effective July 1, 2021): (a) Any person [who possesses or has under his control less than one- half ounce of a cannabis-type substance, as defined in section 21a-240, except as authorized in this chapter, shall (1) for a first offense, be fined one hundred fifty dollars, and (2) for a subsequent ",,,,PA2021_001,SOURCE_0001,"June Sp. Sess. P.A. 21-1, Sec. 3"
TL_0126,2021-07-01,law takes effect,June Sp. Sess. P.A. 21-1 Sec. 4 takes effect,"Section 21a-267 of the general statutes is repealed and the following is substituted in lieu thereof (Effective July 1, 2021): (a) No person shall use or possess with intent to use drug paraphernalia, as defined in subdivision (20) of section 21a-240, to plant, propagate, cultivate, grow, harvest, manufacture, compound, convert, produce, process, prepare, test, analyze, pack, repack, store, contai",,,,PA2021_001,SOURCE_0001,"June Sp. Sess. P.A. 21-1, Sec. 4"
TL_0127,2021-07-01,law takes effect,June Sp. Sess. P.A. 21-1 Sec. 7 takes effect,"(NEW) (Effective July 1, 2021) The provisions of subsections (b) to (e), inclusive, of section 21a-279a of the general statutes, and sections 13, 105, 109 and 163 of this act shall not apply to any person (1) who, in good faith, seeks medical assistance for another person who such person reasonably believes is experiencing medical distress from the use of cannabis; (2) for whom another person, in ",,,,PA2021_001,SOURCE_0001,"June Sp. Sess. P.A. 21-1, Sec. 7"
TL_0130,2021-07-01,law takes effect,June Sp. Sess. P.A. 21-1 Sec. 11 takes effect,"(NEW) (Effective July 1, 2021) Notwithstanding any provision of the general statutes, no cannabis establishment, employee, or backer of a cannabis establishment may be subject to arrest or prosecution, penalized in any manner, including, but not limited to, being subject to any civil penalty, or denied any right or privilege, including, but not limited to, being subject to any disciplinary action ",,,,PA2021_001,SOURCE_0001,"June Sp. Sess. P.A. 21-1, Sec. 11"
TL_0131,2021-07-01,law takes effect,June Sp. Sess. P.A. 21-1 Sec. 12 takes effect,"(NEW) (Effective July 1, 2021) Except when required by federal law, an agreement between the federal government and the state, or because of a substantial risk to public health or safety, no state entity shall deny a professional license because of an individual's: (1) Employment or affiliation with a cannabis establishment; (2) possession or use of cannabis that is legal under section 21a-279a of",,,,PA2021_001,SOURCE_0001,"June Sp. Sess. P.A. 21-1, Sec. 12"
TL_0132,2021-07-01,law takes effect,June Sp. Sess. P.A. 21-1 Sec. 13 takes effect,"(NEW) (Effective July 1, 2021) (a) No person may manufacture, distribute, sell, prescribe, dispense, compound, transport with the intent to sell or dispense, possess with the intent to sell or dispense, offer, give or administer to another person cannabis or cannabis products, except as authorized in chapter 420b or 420f of the general statutes or sections 41 to 49, inclusive, of this act. (b) (1)",,,,PA2021_001,SOURCE_0001,"June Sp. Sess. P.A. 21-1, Sec. 13"
TL_0133,2021-07-01,law takes effect,June Sp. Sess. P.A. 21-1 Sec. 14 takes effect,"(NEW) (Effective July 1, 2021) Any consumer may give cannabis to another consumer, without compensation or consideration, provided such consumer reasonably believes such other consumer may possess such cannabis without exceeding the possession limit pursuant to subsection (a) of section 21a-279a of the general statutes.",,,,PA2021_001,SOURCE_0001,"June Sp. Sess. P.A. 21-1, Sec. 14"
TL_0134,2021-07-01,law takes effect,June Sp. Sess. P.A. 21-1 Sec. 15 takes effect,"Subsection (b) of section 21a-277 of the general statutes is repealed and the following is substituted in lieu thereof (Effective July 1, 2021): (b) (1) No person may manufacture, distribute, sell, prescribe, June Sp. Sess., dispense, compound, transport with the intent to sell or dispense, possess with the intent to sell or dispense, offer, give or administer to another person, except as authoriz",,,,PA2021_001,SOURCE_0001,"June Sp. Sess. P.A. 21-1, Sec. 15"
TL_0135,2021-07-01,law takes effect,June Sp. Sess. P.A. 21-1 Sec. 16 takes effect,"(NEW) (Effective July 1, 2021) (a) Except as provided in subsection (b) of this section, use or possession of cannabis by a person that does not violate section 21a-279a of the general statutes, or chapter 420f of the general statutes shall not be grounds for revocation of such person's parole, special parole or probation. (b) If a person's conditions of parole, special parole or probation include",,,,PA2021_001,SOURCE_0001,"June Sp. Sess. P.A. 21-1, Sec. 16"
TL_0136,2021-07-01,law takes effect,June Sp. Sess. P.A. 21-1 Sec. 17 takes effect,"Subsection (c) of section 54-63d of the general statutes is repealed and the following is substituted in lieu thereof (Effective July 1, 2021): (c) In addition to or in conjunction with any of the conditions June Sp. Sess., enumerated in subdivisions (1) to (4), inclusive, of subsection (a) of this section, the bail commissioner or intake, assessment and referral specialist may impose nonfinancial",,,,PA2021_001,SOURCE_0001,"June Sp. Sess. P.A. 21-1, Sec. 17"
TL_0137,2021-07-01,law takes effect,June Sp. Sess. P.A. 21-1 Sec. 18 takes effect,"(NEW) (Effective July 1, 2021) (a) Except as provided in subsection (c) of this section, the existence of any of the following circumstances shall not constitute in part or in whole probable cause or reasonable suspicion and shall not be used as a basis to support any stop or search of a person or motor vehicle: (1) The odor of cannabis or burnt cannabis; (2) The possession of or the suspicion of ",,,,PA2021_001,SOURCE_0001,"June Sp. Sess. P.A. 21-1, Sec. 18"
TL_0140,2021-07-01,law takes effect,June Sp. Sess. P.A. 21-1 Sec. 21 takes effect,"(NEW) (Effective July 1, 2021) (a) Except as provided in RERACA and chapter 420b or 420f of the general statutes, (1) no person, other than a retailer, hybrid retailer, micro-cultivator or delivery service, or an employee thereof in the course of his or her employment, may sell or offer cannabis to a consumer, and (2) no person, other than a hybrid retailer, dispensary facility or a delivery servi",,,,PA2021_001,SOURCE_0001,"June Sp. Sess. P.A. 21-1, Sec. 21"
TL_0143,2021-07-01,law takes effect,June Sp. Sess. P.A. 21-1 Sec. 24 takes effect,"(NEW) (Effective July 1, 2021) (a) Any person shall be twenty- one years of age or older to: (1) Hold any cannabis establishment license issued pursuant to RERACA; or (2) be a backer or key employee of a cannabis establishment that is licensed pursuant to RERACA. (b) Any person shall be eighteen years of age or older to (1) be an employee of a cannabis establishment that is licensed pursuant to RE",,,,PA2021_001,SOURCE_0001,"June Sp. Sess. P.A. 21-1, Sec. 24"
TL_0144,2021-07-01,law takes effect,June Sp. Sess. P.A. 21-1 Sec. 25 takes effect,"(NEW) (Effective July 1, 2021) (a) No agency or political subdivision of the state may rely on a violation of federal law related to cannabis as the sole basis for taking an adverse action against a person, except for any adverse action taken as required by federal law, including, but not limited to, the state's disqualification of a commercial driver's license, commercial learner's permit, commer",,,,PA2021_001,SOURCE_0001,"June Sp. Sess. P.A. 21-1, Sec. 25"
TL_0145,2021-07-01,law takes effect,June Sp. Sess. P.A. 21-1 Sec. 26 takes effect,"(NEW) (Effective July 1, 2021) (a) In addition to activity permitted under chapter 420f of the general statutes, a producer may sell, deliver, transfer, transport, manufacture or package cannabis utilizing a transporter or the producer's own employees, to cannabis establishments, upon authorization for such expanded activity in writing by the commissioner, provided a producer may not transport any",,,,PA2021_001,SOURCE_0001,"June Sp. Sess. P.A. 21-1, Sec. 26"
TL_0146,2021-07-01,law takes effect,June Sp. Sess. P.A. 21-1 Sec. 27 takes effect,"(NEW) (Effective July 1, 2021) (a) In order to pay a reduced license expansion authorization fee as described in subsection (b) of section 26 of this act, a producer shall commit to create two equity joint ventures to be approved by the Social Equity Council under section 22 of this act and licensed by the department under this section. (b) The equity joint venture shall be in any cannabis establi",,,,PA2021_001,SOURCE_0001,"June Sp. Sess. P.A. 21-1, Sec. 27"
TL_0147,2021-07-01,law takes effect,June Sp. Sess. P.A. 21-1 Sec. 28 takes effect,"(NEW) (Effective July 1, 2021) (a) No cannabis retailer or hybrid retailer shall accept payment or other form of compensation directly or indirectly from a cultivator, micro-cultivator, producer, food and beverage manufacturer, product manufacturer or product packager to carry a cannabis product or for placement or promotion of such product in a retailer or hybrid retailer's establishment or throu",,,,PA2021_001,SOURCE_0001,"June Sp. Sess. P.A. 21-1, Sec. 28"
TL_0148,2021-07-01,law takes effect,June Sp. Sess. P.A. 21-1 Sec. 29 takes effect,"(NEW) (Effective July 1, 2021) (a) Each employee of a cannabis establishment, laboratory or research program, other than a key employee, shall annually apply for and obtain a registration, on a form and in a manner prescribed by the commissioner, prior to commencing employment at the cannabis establishment business. (b) No person shall act as a backer or key employee, or represent that such person",,,,PA2021_001,SOURCE_0001,"June Sp. Sess. P.A. 21-1, Sec. 29"
TL_0149,2021-07-01,law takes effect,June Sp. Sess. P.A. 21-1 Sec. 30 takes effect,"(NEW) (Effective July 1, 2021) (a) On and after July 1, 2021, the commissioner shall require all individuals listed on an application for a cannabis establishment license, laboratory or research program license, or key employee license to submit to fingerprint-based state and national criminal history records checks before such license is issued. The criminal history records checks required pursua",,,,PA2021_001,SOURCE_0001,"June Sp. Sess. P.A. 21-1, Sec. 30"
TL_0150,2021-07-01,law takes effect,June Sp. Sess. P.A. 21-1 Sec. 31 takes effect,"(NEW) (Effective July 1, 2021) Notwithstanding the provisions of sections 29 and 30 of this act, the commissioner may accept a third- party local and national criminal background check submitted by an applicant for a backer or key employee license or renewal in lieu of a fingerprint-based national criminal history records check. Any such third-party background check shall (1) be conducted by a thi",,,,PA2021_001,SOURCE_0001,"June Sp. Sess. P.A. 21-1, Sec. 31"
TL_0152,2021-07-01,law takes effect,June Sp. Sess. P.A. 21-1 Sec. 33 takes effect,"(NEW) (Effective July 1, 2021) (a) Cannabis establishments and any person advertising any cannabis or services related to cannabis shall not: (1) Advertise cannabis, cannabis paraphernalia or goods or services related to cannabis in ways that target or are designed to appeal to individuals under twenty-one years of age, including, but not limited to, spokespersons or celebrities who appeal to indi",,,,PA2021_001,SOURCE_0001,"June Sp. Sess. P.A. 21-1, Sec. 33"
TL_0153,2021-07-01,law takes effect,June Sp. Sess. P.A. 21-1 Sec. 34 takes effect,"(NEW) (Effective July 1, 2021) (a) Not later than thirty days after the date that the Social Equity Council identifies the criteria and the necessary supporting documentation for social equity applicants and posts such information on its Internet web site, the department may accept applications for the following cannabis establishment license types: (1) Retailer, (2) hybrid retailer, (3) cultivato",,,,PA2021_001,SOURCE_0001,"June Sp. Sess. P.A. 21-1, Sec. 34"
TL_0154,2021-07-01,law takes effect,June Sp. Sess. P.A. 21-1 Sec. 35 takes effect,"(NEW) (Effective July 1, 2021) (a) The Social Equity Council shall review the ownership information and any other information necessary to confirm that an applicant qualifies as a social equity applicant for all license type applications submitted to the department and designated by the applicant as a social equity applicant. The Social Equity Council shall prescribe the documentation necessary fo",,,,PA2021_001,SOURCE_0001,"June Sp. Sess. P.A. 21-1, Sec. 35"
TL_0155,2021-07-01,law takes effect,June Sp. Sess. P.A. 21-1 Sec. 36 takes effect,"(NEW) (Effective July 1, 2021) The Social Equity Council shall adopt regulations, in accordance with the provisions of chapter 54 of the general statutes, to prevent the sale or change in ownership or control of a cannabis establishment license awarded to a social equity applicant to someone other than another qualifying social equity applicant during the period of provisional licensure, and for t",,,,PA2021_001,SOURCE_0001,"June Sp. Sess. P.A. 21-1, Sec. 36"
TL_0156,2021-07-01,law takes effect,June Sp. Sess. P.A. 21-1 Sec. 37 takes effect,"(NEW) (Effective July 1, 2021) The commissioner shall adopt regulations, in accordance with the provisions of chapter 54 of the general statutes, to establish the maximum grow space permitted by a cultivator and micro-cultivator. In adopting such regulations, the commissioner shall seek to ensure an adequate supply of cannabis for the market. Notwithstanding the requirements of sections 4-168 to 4",,,,PA2021_001,SOURCE_0001,"June Sp. Sess. P.A. 21-1, Sec. 37"
TL_0159,2021-07-01,law takes effect,June Sp. Sess. P.A. 21-1 Sec. 40 takes effect,"(NEW) (Effective July 1, 2021) From July 1, 2021, until June 30, 2025, the department shall not award a cannabis establishment license to any lottery applicant who, at the time the lottery is conducted, has two or more licenses or includes a backer that has managerial control of, or is a backer of, two or more licensees in the same license type or category for which the applicant has entered the l",,,,PA2021_001,SOURCE_0001,"June Sp. Sess. P.A. 21-1, Sec. 40"
TL_0160,2021-07-01,law takes effect,June Sp. Sess. P.A. 21-1 Sec. 41 takes effect,"(NEW) (Effective July 1, 2021) (a) On and after July 1, 2021, the department may issue or renew a license for a person to be a retailer. No person may act as a retailer or represent that such person is a retailer unless such person has obtained a license from the department pursuant to this section. (b) A retailer may obtain cannabis from a cultivator, micro-cultivator, producer, product packager,",,,,PA2021_001,SOURCE_0001,"June Sp. Sess. P.A. 21-1, Sec. 41"
TL_0161,2021-07-01,law takes effect,June Sp. Sess. P.A. 21-1 Sec. 42 takes effect,"(NEW) (Effective July 1, 2021) (a) On and after July 1, 2021, the department may issue or renew a license for a hybrid retailer. No person may act as a hybrid retailer or represent that such person is a hybrid retailer unless such person has obtained a license from the department pursuant to this section. June Sp. Sess., (b) A hybrid retailer may obtain cannabis from a cultivator, micro- cultivato",,,,PA2021_001,SOURCE_0001,"June Sp. Sess. P.A. 21-1, Sec. 42"
TL_0162,2021-07-01,law takes effect,June Sp. Sess. P.A. 21-1 Sec. 43 takes effect,"(NEW) (Effective July 1, 2021) (a) A dispensary facility may apply to the department, on a form and in a manner prescribed by the commissioner, to convert its license to a hybrid retailer license on or after September 1, 2021, without applying through the lottery application system. The license conversion application shall require a dispensary facility to submit to, and obtain approval from the de",,,,PA2021_001,SOURCE_0001,"June Sp. Sess. P.A. 21-1, Sec. 43"
TL_0163,2021-07-01,law takes effect,June Sp. Sess. P.A. 21-1 Sec. 44 takes effect,"(NEW) (Effective July 1, 2021) (a) On and after July 1, 2021, the department may issue or renew a license for a person to be a food and beverage manufacturer. No person may act as a food and beverage manufacturer or represent that such person is a licensed food and beverage manufacturer unless such person has obtained a license from the department pursuant to this section. (b) A food and beverage ",,,,PA2021_001,SOURCE_0001,"June Sp. Sess. P.A. 21-1, Sec. 44"
TL_0164,2021-07-01,law takes effect,June Sp. Sess. P.A. 21-1 Sec. 45 takes effect,"(NEW) (Effective July 1, 2021) (a) On and after July 1, 2021, the department may issue or renew a license for a person to be a product manufacturer. No person may act as a product manufacturer or represent that such person is a licensed product manufacturer unless such person has obtained a license from the department pursuant to this section. (b) A product manufacturer may perform cannabis extrac",,,,PA2021_001,SOURCE_0001,"June Sp. Sess. P.A. 21-1, Sec. 45"
TL_0165,2021-07-01,law takes effect,June Sp. Sess. P.A. 21-1 Sec. 46 takes effect,"(NEW) (Effective July 1, 2021) (a) On and after July 1, 2021, the department may issue or renew a license for a person to be a product packager. No person may act as a product packager or represent that such person is a product packager unless such person has obtained a license from the department pursuant to this section. (b) A product packager may obtain cannabis from a producer, cultivator, mic",,,,PA2021_001,SOURCE_0001,"June Sp. Sess. P.A. 21-1, Sec. 46"
TL_0166,2021-07-01,law takes effect,June Sp. Sess. P.A. 21-1 Sec. 47 takes effect,"(NEW) (Effective July 1, 2021) (a) On and after July 1, 2021, the department may issue or renew a license for a person to be a delivery service or a transporter. No person may act as a delivery service or transporter or represent that such person is a licensed delivery service or transporter unless such person has obtained a license from the department pursuant to this section. (b) Upon applicatio",,,,PA2021_001,SOURCE_0001,"June Sp. Sess. P.A. 21-1, Sec. 47"
TL_0167,2021-07-01,law takes effect,June Sp. Sess. P.A. 21-1 Sec. 48 takes effect,"(NEW) (Effective July 1, 2021) (a) On and after July 1, 2021, the department may issue or renew a license for a person to be a cultivator. No person may act as a cultivator or represent that such person is a licensed cultivator unless such person has obtained a license from the department pursuant to this section. (b) A cultivator is authorized to cultivate, grow and propagate cannabis at an estab",,,,PA2021_001,SOURCE_0001,"June Sp. Sess. P.A. 21-1, Sec. 48"
TL_0168,2021-07-01,law takes effect,June Sp. Sess. P.A. 21-1 Sec. 49 takes effect,"(NEW) (Effective July 1, 2021) (a) On and after July 1, 2021, the department may issue or renew a license for a person to be a micro- cultivator. No person may act as a micro-cultivator or represent that such person is a licensed micro-cultivator unless such person has obtained a license from the department pursuant to this section. (b) A micro-cultivator is authorized to cultivate, grow, propagat",,,,PA2021_001,SOURCE_0001,"June Sp. Sess. P.A. 21-1, Sec. 49"
TL_0169,2021-07-01,law takes effect,June Sp. Sess. P.A. 21-1 Sec. 50 takes effect,"(NEW) (Effective July 1, 2021) (a) Until June 30, 2023, the commissioner may deny a change of location application from a dispensary facility or hybrid retailer based on the needs of qualifying patients. (b) Prior to June 30, 2022, the commissioner shall not approve the relocation of a dispensary facility or hybrid retailer to a location that is further than ten miles from its current dispensary f",,,,PA2021_001,SOURCE_0001,"June Sp. Sess. P.A. 21-1, Sec. 50"
TL_0171,2021-07-01,law takes effect,June Sp. Sess. P.A. 21-1 Sec. 52 takes effect,"(NEW) (Effective July 1, 2021) Notwithstanding any provision of the general statutes, the purchase, possession, display, sale or transportation of cannabis by a cannabis establishment or employee thereof shall not be unlawful and shall not be an offense or a basis for seizure or forfeiture of assets so long as such purchase, possession, display, sale or transportation is within the scope of such p",,,,PA2021_001,SOURCE_0001,"June Sp. Sess. P.A. 21-1, Sec. 52"
TL_0172,2021-07-01,law takes effect,June Sp. Sess. P.A. 21-1 Sec. 53 takes effect,"(NEW) (Effective July 1, 2021) No cannabis establishment shall display cannabis, cannabis products or drug paraphernalia in a manner that is visible to the general public from a public right-of-way not on state lands or waters managed by the Department of Energy and Environmental Protection.",,,,PA2021_001,SOURCE_0001,"June Sp. Sess. P.A. 21-1, Sec. 53"
TL_0173,2021-07-01,law takes effect,June Sp. Sess. P.A. 21-1 Sec. 54 takes effect,"(NEW) (Effective July 1, 2021) (a) Each cannabis establishment June Sp. Sess., shall establish, maintain and comply with written policies and procedures for the cultivation, processing, manufacture, security, storage, inventory and distribution of cannabis, as applicable to the specific license type. Such policies and procedures shall include methods for identifying, recording and reporting divers",,,,PA2021_001,SOURCE_0001,"June Sp. Sess. P.A. 21-1, Sec. 54"
TL_0174,2021-07-01,law takes effect,June Sp. Sess. P.A. 21-1 Sec. 55 takes effect,"(NEW) (Effective July 1, 2021) (a) Qualifying patients and caregivers registered pursuant to chapter 420f of the general statutes shall be permitted to purchase cannabis of higher potency, varied dosage form, and in a larger per transaction or per day amount than are generally available for retail purchase, as determined by the commissioner. Such determination, if any, shall be published on the De",,,,PA2021_001,SOURCE_0001,"June Sp. Sess. P.A. 21-1, Sec. 55"
TL_0176,2021-07-01,law takes effect,June Sp. Sess. P.A. 21-1 Sec. 57 takes effect,"(NEW) (Effective July 1, 2021) (a) Each cannabis establishment shall maintain all records necessary to fully demonstrate business transactions related to cannabis for a period covering the current taxable year and the three immediately preceding taxable years, all of which shall be made available to the department pursuant to subsection (c) of this section. (b) The commissioner may require any lic",,,,PA2021_001,SOURCE_0001,"June Sp. Sess. P.A. 21-1, Sec. 57"
TL_0177,2021-07-01,law takes effect,June Sp. Sess. P.A. 21-1 Sec. 58 takes effect,"(NEW) (Effective July 1, 2021) (a) For sufficient cause found pursuant to subsection (b) of this section, the commissioner may suspend or revoke a license or registration, issue fines of not more than twenty-five thousand dollars per violation, accept an offer in compromise or refuse to grant or renew a license or registration issued pursuant to RERACA, or place such licensee or registrant on prob",,,,PA2021_001,SOURCE_0001,"June Sp. Sess. P.A. 21-1, Sec. 58"
TL_0180,2021-07-01,law takes effect,June Sp. Sess. P.A. 21-1 Sec. 61 takes effect,"(NEW) (Effective July 1, 2021) (a) For purposes of this section: (1) ""Material change"" means: (A) The addition of a backer, (B) a change in the ownership interest of an existing backer, (C) the merger, consolidation or other affiliation of a cannabis establishment with another cannabis establishment, (D) the acquisition of all or part of a cannabis establishment by another cannabis establishment o",,,,PA2021_001,SOURCE_0001,"June Sp. Sess. P.A. 21-1, Sec. 61"
TL_0186,2021-07-01,law takes effect,June Sp. Sess. P.A. 21-1 Sec. 67 takes effect,"Section 21a-408a of the general statutes is repealed and the June Sp. Sess., following is substituted in lieu thereof (Effective July 1, 2021): (a) A qualifying patient shall register with the Department of Consumer Protection pursuant to section 21a-408d prior to engaging in the palliative use of marijuana. A qualifying patient who has a valid registration certificate from the Department of Consu",,,,PA2021_001,SOURCE_0001,"June Sp. Sess. P.A. 21-1, Sec. 67"
TL_0187,2021-07-01,law takes effect,June Sp. Sess. P.A. 21-1 Sec. 68 takes effect,"Section 21a-408b of the general statutes is repealed and the following is substituted in lieu thereof (Effective July 1, 2021): (a) No person may serve as a [primary] caregiver for a qualifying patient (1) unless such qualifying patient has a valid registration certificate from the Department of Consumer Protection pursuant to subsection (a) of section 21a-408d, and (2) if such person has been con",,,,PA2021_001,SOURCE_0001,"June Sp. Sess. P.A. 21-1, Sec. 68"
TL_0188,2021-07-01,law takes effect,June Sp. Sess. P.A. 21-1 Sec. 69 takes effect,"Section 21a-408c of the general statutes is repealed and the following is substituted in lieu thereof (Effective July 1, 2021): (a) A physician or an advanced practice registered nurse may issue a written certification to a qualifying patient that authorizes the palliative use of marijuana by the qualifying patient. Such written certification shall be in the form prescribed by the Department of Co",,,,PA2021_001,SOURCE_0001,"June Sp. Sess. P.A. 21-1, Sec. 69"
TL_0190,2021-07-01,law takes effect,June Sp. Sess. P.A. 21-1 Sec. 71 takes effect,"Section 21a-408f of the general statutes is repealed and the following is substituted in lieu thereof (Effective July 1, 2021): Any marijuana, paraphernalia relating to marijuana, or other property seized by law enforcement officials from a qualifying patient or a [primary] caregiver in connection with the claimed palliative use of marijuana under sections 21a-408 to [21a-408n] 21a-408m, inclusive",,,,PA2021_001,SOURCE_0001,"June Sp. Sess. P.A. 21-1, Sec. 71"
TL_0191,2021-07-01,law takes effect,June Sp. Sess. P.A. 21-1 Sec. 72 takes effect,"Section 21a-408h of the general statutes is repealed and the following is substituted in lieu thereof (Effective July 1, 2021): (a) No person may act as a dispensary or represent that such person is a licensed dispensary unless such person has obtained a license from the Commissioner of Consumer Protection pursuant to this section. (b) No person may act as a dispensary facility or represent that s",,,,PA2021_001,SOURCE_0001,"June Sp. Sess. P.A. 21-1, Sec. 72"
TL_0193,2021-07-01,law takes effect,June Sp. Sess. P.A. 21-1 Sec. 74 takes effect,"Section 21a-408k of the general statutes is repealed and the following is substituted in lieu thereof (Effective July 1, 2021): (a) No [licensed] producer or employee of the producer may: (1) Sell, deliver, transport or distribute marijuana to a person who is not (A) a [licensed dispensary] cannabis establishment, (B) a laboratory, or (C) an organization engaged in a research program, or (2) obtai",,,,PA2021_001,SOURCE_0001,"June Sp. Sess. P.A. 21-1, Sec. 74"
TL_0196,2021-07-01,law takes effect,June Sp. Sess. P.A. 21-1 Sec. 77 takes effect,"Section 21a-408p of the general statutes is repealed and the following is substituted in lieu thereof (Effective July 1, 2021): (a) For the purposes of this section: (1) ""Action"" has the meaning provided in section 47a-1; (2) ""Dwelling unit"" has the meaning provided in section 47a-1; (3) ""Employer"" means a person engaged in business who has one or more employees, including the state and any politi",,,,PA2021_001,SOURCE_0001,"June Sp. Sess. P.A. 21-1, Sec. 77"
TL_0198,2021-07-01,law takes effect,June Sp. Sess. P.A. 21-1 Sec. 79 takes effect,"Section 21a-408t of the general statutes is repealed and the following is substituted in lieu thereof (Effective July 1, 2021): (a) The Commissioner of Consumer Protection may approve a research program if such research program will (1) be administered or overseen by (A) a hospital or health care facility licensed by the Connecticut Department of Public Health pursuant to chapter 368v, (B) an inst",,,,PA2021_001,SOURCE_0001,"June Sp. Sess. P.A. 21-1, Sec. 79"
TL_0199,2021-07-01,law takes effect,June Sp. Sess. P.A. 21-1 Sec. 80 takes effect,"Section 21a-408s of the general statutes is repealed and the following is substituted in lieu thereof (Effective July 1, 2021): (a) No laboratory or laboratory employee may (1) acquire marijuana from a person other than a [licensed producer, licensed dispensary] cannabis establishment or an organization engaged in a research program, (2) deliver, transport or distribute marijuana to (A) a person w",,,,PA2021_001,SOURCE_0001,"June Sp. Sess. P.A. 21-1, Sec. 80"
TL_0200,2021-07-01,law takes effect,June Sp. Sess. P.A. 21-1 Sec. 81 takes effect,"Section 21a-408u of the general statutes is repealed and the following is substituted in lieu thereof (Effective July 1, 2021): (a) No research program or research program employee may (1) acquire marijuana from a person other than a [licensed producer, licensed dispensary] cannabis establishment or laboratory, (2) deliver, transport or distribute marijuana to a person who is not (A) a [licensed J",,,,PA2021_001,SOURCE_0001,"June Sp. Sess. P.A. 21-1, Sec. 81"
TL_0202,2021-07-01,law takes effect,June Sp. Sess. P.A. 21-1 Sec. 83 takes effect,"(NEW) (Effective July 1, 2021) (a) Upon the petition of not less than ten per cent of the electors of any municipality, lodged with the town clerk at least sixty days before the date of any regular election, as defined in section 9-1 of the general statutes, the selectmen of the municipality shall warn the electors of such municipality that, at such regular election, a vote shall be taken to deter",,,,PA2021_001,SOURCE_0001,"June Sp. Sess. P.A. 21-1, Sec. 83"
TL_0209,2021-07-01,law takes effect,June Sp. Sess. P.A. 21-1 Sec. 92 takes effect,"(NEW) (Effective July 1, 2021) The Commissioner of Correction may prohibit the possession of cannabis in any Department of Correction facility or halfway house.",,,,PA2021_001,SOURCE_0001,"June Sp. Sess. P.A. 21-1, Sec. 92"
TL_0211,2021-07-01,law takes effect,June Sp. Sess. P.A. 21-1 Sec. 94 takes effect,"(NEW) (Effective July 1, 2021) The presence of cannabinoid metabolites in the bodily fluids of a person: (1) With respect to a patient, shall not constitute the use of an illicit substance resulting in denial of medical care, including organ transplantation, and a patient's use of cannabis products may only be considered with respect to evidence-based clinical criteria; and (2) With respect to a p",,,,PA2021_001,SOURCE_0001,"June Sp. Sess. P.A. 21-1, Sec. 94"
TL_0212,2021-07-01,law takes effect,June Sp. Sess. P.A. 21-1 Sec. 95 takes effect,"(NEW) (Effective July 1, 2021) A drug test of a student that yields a positive result solely for 11-nor-9-carboxy-delta-9- tetrahydrocannabinol shall not form the sole basis for an educational institution to refuse to enroll or to continue to enroll, or otherwise June Sp. Sess., penalize such student, unless failing to do so would put the educational institution in violation of a federal contract ",,,,PA2021_001,SOURCE_0001,"June Sp. Sess. P.A. 21-1, Sec. 95"
TL_0213,2021-07-01,law takes effect,June Sp. Sess. P.A. 21-1 Sec. 96 takes effect,"(NEW) (Effective July 1, 2021) No institution of higher education, as defined in section 10a-55 of the general statutes, shall revoke any financial aid, student loans, or expel a student, solely for use or possession of less than (1) four ounces of cannabis plant material, (2) an equivalent amount of cannabis product, as provided in subsection (i) of section 21a-279a of the general statutes, or (3",,,,PA2021_001,SOURCE_0001,"June Sp. Sess. P.A. 21-1, Sec. 96"
TL_0218,2021-07-01,law takes effect,June Sp. Sess. P.A. 21-1 Sec. 101 takes effect,"(NEW) (Effective July 1, 2021) (a) Notwithstanding the provisions of sections 98 to 100, inclusive, of this act, nothing in RERACA shall be construed to apply to drug testing, conditions of continued employment or conditions for hiring employees required pursuant to: (1) Any regulation of the federal Department of Transportation, if such regulation requires testing of a prospective employee in acc",,,,PA2021_001,SOURCE_0001,"June Sp. Sess. P.A. 21-1, Sec. 101"
TL_0219,2021-07-01,law takes effect,June Sp. Sess. P.A. 21-1 Sec. 102 takes effect,"(NEW) (Effective July 1, 2021) (a) As used in this section: (1) ""Bona fide labor organization"" means a labor union that (A) represents employees in this state with regard to wages, hours and June Sp. Sess., working conditions, (B) whose officers have been elected by a secret ballot or otherwise in a manner consistent with federal law, (C) is free of domination or interference by any employer and h",,,,PA2021_001,SOURCE_0001,"June Sp. Sess. P.A. 21-1, Sec. 102"
TL_0220,2021-07-01,law takes effect,June Sp. Sess. P.A. 21-1 Sec. 103 takes effect,"(NEW) (Effective July 1, 2021) (a) As used in this section, ""project labor agreement"" means an agreement between a subcontractor or contractor and a cannabis establishment that: (1) Binds all contractors and subcontractors on the covered project to the project labor agreement through the inclusion of specifications in all relevant solicitation provisions and contract documents; (2) allows all cont",,,,PA2021_001,SOURCE_0001,"June Sp. Sess. P.A. 21-1, Sec. 103"
TL_0221,2021-07-01,law takes effect,June Sp. Sess. P.A. 21-1 Sec. 104 takes effect,"(NEW) (Effective July 1, 2021) As used in this section, ""hospital"" has the same meaning as provided in section 19a-490 of the general statutes and ""cannabis"" has the same meaning as provided in section 1 of this act. No hospital shall be required to allow a patient to use cannabis while at such hospital. A hospital may have a policy that sets forth restrictions patients shall follow regarding cann",,,,PA2021_001,SOURCE_0001,"June Sp. Sess. P.A. 21-1, Sec. 104"
TL_0222,2021-07-01,law takes effect,June Sp. Sess. P.A. 21-1 Sec. 105 takes effect,"(NEW) (Effective July 1, 2021) Any cannabis establishment licensee or any servant or agent of a licensee who sells or delivers cannabis or cannabis paraphernalia to any person under twenty-one years of age shall be guilty of a class A misdemeanor. For purposes of this section, ""paraphernalia"" has the same meaning as provided in section 1 of this act.",,,,PA2021_001,SOURCE_0001,"June Sp. Sess. P.A. 21-1, Sec. 105"
TL_0223,2021-07-01,law takes effect,June Sp. Sess. P.A. 21-1 Sec. 106 takes effect,"(NEW) (Effective July 1, 2021) (a) A cannabis establishment issued a license pursuant to RERACA or an agent or employee of such licensee may require any person whose age is in question to have such person's photograph be taken by, and a photocopy of such person's driver's license or identity card issued in accordance with the provisions of section 1-1h of the general statutes be made by, such lice",,,,PA2021_001,SOURCE_0001,"June Sp. Sess. P.A. 21-1, Sec. 106"
TL_0224,2021-07-01,law takes effect,June Sp. Sess. P.A. 21-1 Sec. 107 takes effect,"(NEW) (Effective July 1, 2021) Any person who induces any person under twenty-one years of age to procure cannabis from any person licensed to sell such cannabis shall be guilty of a class A misdemeanor. The provisions of this section shall not apply to (1) the procurement of cannabis by a person over eighteen years of age who is an employee registered pursuant to the provisions of section 29 of t",,,,PA2021_001,SOURCE_0001,"June Sp. Sess. P.A. 21-1, Sec. 107"
TL_0225,2021-07-01,law takes effect,June Sp. Sess. P.A. 21-1 Sec. 108 takes effect,"(NEW) (Effective July 1, 2021) (a) Each person who attains the age of twenty-one years and has a motor vehicle operator's license or identity card issued in accordance with the provisions of section 1-1h of the general statutes, containing a full-face photograph of such person, may use, and each licensee may accept, such license as legal proof of the age of the person for the purposes of RERACA. (",,,,PA2021_001,SOURCE_0001,"June Sp. Sess. P.A. 21-1, Sec. 108"
TL_0226,2021-07-01,law takes effect,June Sp. Sess. P.A. 21-1 Sec. 109 takes effect,"(NEW) (Effective July 1, 2021) (a) No person having possession of, or exercising dominion and control over, any dwelling unit or private property shall: (1) Knowingly or recklessly permit any person under twenty-one years of age to possess cannabis in violation of section 21-279a of the general statutes, in such dwelling unit or on such private property, or (2) knowing that any person under twenty",,,,PA2021_001,SOURCE_0001,"June Sp. Sess. P.A. 21-1, Sec. 109"
TL_0227,2021-07-01,law takes effect,June Sp. Sess. P.A. 21-1 Sec. 110 takes effect,"(NEW) (Effective July 1, 2021) (a) No retailer or hybrid retailer or employee or agent of a retailer or hybrid retailer shall permit any person under twenty-one years of age to loiter on his or her premises where cannabis is kept for sale or be in any room on such premises where cannabis is consumed, unless such person is (1) an employee of the retailer or hybrid retailer, (2) in the case of hybri",,,,PA2021_001,SOURCE_0001,"June Sp. Sess. P.A. 21-1, Sec. 110"
TL_0228,2021-07-01,law takes effect,June Sp. Sess. P.A. 21-1 Sec. 112 takes effect,"(NEW) (Effective July 1, 2021) (a) A person is guilty of smoking, otherwise inhaling or ingesting cannabis, as defined in section 1 of this act, while operating a motor vehicle when he or she smokes, otherwise inhales or ingests cannabis, as defined in section 1 of this act, while operating a motor vehicle upon a public highway of this state or upon any road of any specially chartered municipal as",,,,PA2021_001,SOURCE_0001,"June Sp. Sess. P.A. 21-1, Sec. 112"
TL_0229,2021-07-01,law takes effect,June Sp. Sess. P.A. 21-1 Sec. 113 takes effect,"(NEW) (Effective July 1, 2021) (a) A person is guilty of smoking or otherwise inhaling or ingesting cannabis, as defined in section 1 of this act, in a motor vehicle when he or she smokes or otherwise inhales or ingests cannabis in a motor vehicle that is being operated by another person upon a public highway of this state or upon any road of any specially chartered municipal association or of any",,,,PA2021_001,SOURCE_0001,"June Sp. Sess. P.A. 21-1, Sec. 113"
TL_0230,2021-07-01,law takes effect,June Sp. Sess. P.A. 21-1 Sec. 114 takes effect,"(NEW) (Effective July 1, 2021) (a) Not later than January 1, 2022, each law enforcement unit shall report to the Police Officer Standards and Training Council, in the manner specified by the council, a recommendation as to the minimum number of officers that such law enforcement unit should have accredited as drug recognition experts in order to ensure adequate availability of drug recognition exp",,,,PA2021_001,SOURCE_0001,"June Sp. Sess. P.A. 21-1, Sec. 114"
TL_0231,2021-07-01,law takes effect,June Sp. Sess. P.A. 21-1 Sec. 121 takes effect,"(NEW) (Effective July 1, 2021) The state Traffic Safety Resource Prosecutor, in consultation with the Department of Transportation, the Department of Motor Vehicles, the state-wide drug June Sp. Sess., recognition expert coordinator, and the Connecticut Police Chiefs Association, shall seek any guidance available from the National Highway Traffic Safety Administration, and shall (1) develop educat",,,,PA2021_001,SOURCE_0001,"June Sp. Sess. P.A. 21-1, Sec. 121"
TL_0232,2021-07-01,law takes effect,June Sp. Sess. P.A. 21-1 Sec. 125 takes effect,"(NEW) (Effective July 1, 2021) (a) As used in this section and sections 126 and 127 of this act: June Sp. Sess., (1) ""Cannabis"" has the same meaning as provided in section 1 of this act; (2) ""Cannabis concentrate"" has the same meaning as provided in section 1 of this act; (3) ""Cannabis edible product"" means a product containing cannabis or cannabis concentrate, combined with other ingredients, tha",,,,PA2021_001,SOURCE_0001,"June Sp. Sess. P.A. 21-1, Sec. 125"
TL_0233,2021-07-01,law takes effect,June Sp. Sess. P.A. 21-1 Sec. 126 takes effect,"(NEW) (Effective July 1, 2021) (a) (1) There is imposed a tax, which shall be administered in accordance with the provisions of chapter 219 of the general statutes, on each cannabis retailer, hybrid retailer and micro-cultivator at the rate of three per cent on the gross receipts from the sale of cannabis by a cannabis retailer, hybrid retailer or micro-cultivator. For the purposes of this section",,,,PA2021_001,SOURCE_0001,"June Sp. Sess. P.A. 21-1, Sec. 126"
TL_0234,2021-07-01,law takes effect,June Sp. Sess. P.A. 21-1 Sec. 127 takes effect,"(NEW) (Effective July 1, 2021) (a) The tax under chapter 219 of the general statutes shall not be imposed on the transfer of cannabis to a transporter by a cultivator, micro-cultivator, food and beverage manufacturer, product manufacturer, product packager, dispensary facility, cannabis retailer, hybrid retailer or producer, for transport to any other cultivator, micro-cultivator, food and beverag",,,,PA2021_001,SOURCE_0001,"June Sp. Sess. P.A. 21-1, Sec. 127"
TL_0235,2021-07-01,law takes effect,June Sp. Sess. P.A. 21-1 Sec. 128 takes effect,"(NEW) (Effective July 1, 2021) (a) (1) There is established an account to be known as the ""cannabis regulatory and investment account"" which shall be a separate, nonlapsing account within the General Fund. The account shall contain any moneys required by law to be deposited in the account. Moneys in the account shall be allocated by the Secretary of the Office of Policy and Management to state age",,,,PA2021_001,SOURCE_0001,"June Sp. Sess. P.A. 21-1, Sec. 128"
TL_0236,2021-07-01,law takes effect,June Sp. Sess. P.A. 21-1 Sec. 129 takes effect,"Subdivision (120) of section 12-412 of the general statutes is repealed and the following is substituted in lieu thereof (Effective July 1, 2021): (120) [On and after April 1, 2015, sales] (A) Sales of the following nonprescription drugs or medicines available for purchase for use in or on the body: Vitamin or mineral concentrates; dietary supplements; natural or herbal drugs or medicines; product",,,,PA2021_001,SOURCE_0001,"June Sp. Sess. P.A. 21-1, Sec. 129"
TL_0237,2021-07-01,law takes effect,June Sp. Sess. P.A. 21-1 Sec. 130 takes effect,"Section 12-650 of the general statutes is repealed and the following is substituted in lieu thereof (Effective July 1, 2021): [As used in this chapter: (1) ""Marijuana"" means any marijuana, whether real or counterfeit, as defined in subdivision (29) of section 21a-240, that is held, possessed, transported, sold or offered to be sold in violation of any provision of the general statutes; (2) ""Contro",,,,PA2021_001,SOURCE_0001,"June Sp. Sess. P.A. 21-1, Sec. 130"
TL_0238,2021-07-01,law takes effect,June Sp. Sess. P.A. 21-1 Sec. 133 takes effect,"Section 12-704d of the general statutes is repealed and the following is substituted in lieu thereof (Effective July 1, 2021): (a) As used in this section: (1) ""Angel investor"" means an accredited investor, as defined by the Securities and Exchange Commission, or network of accredited investors who review new or proposed businesses for potential investment and who may seek active involvement, such",,,,PA2021_001,SOURCE_0001,"June Sp. Sess. P.A. 21-1, Sec. 133"
TL_0239,2021-07-01,law takes effect,June Sp. Sess. P.A. 21-1 Sec. 134 takes effect,"(NEW) (Effective July 1, 2021) (a) For the purposes described in subsection (b) of this section, the State Bond Commission shall have the power from time to time to authorize the issuance of bonds of the state in one or more series and in principal amounts not exceeding in the aggregate fifty million dollars. (b) The proceeds of the sale of such bonds, to the extent of the amount stated in subsect",,,,PA2021_001,SOURCE_0001,"June Sp. Sess. P.A. 21-1, Sec. 134"
TL_0240,2021-07-01,law takes effect,June Sp. Sess. P.A. 21-1 Sec. 135 takes effect,"(NEW) (Effective July 1, 2021) (a) As used in this section, ""Social Equity Council"", ""cannabis establishment"" and ""social equity applicant"" have the same meanings as provided in section 1 of this act. (b) (1) The Department of Economic and Community Development and the Social Equity Council shall jointly develop and establish: (A) A revolving loan program for the purposes of subdivision (1) of sub",,,,PA2021_001,SOURCE_0001,"June Sp. Sess. P.A. 21-1, Sec. 135"
TL_0241,2021-07-01,law takes effect,June Sp. Sess. P.A. 21-1 Sec. 136 takes effect,"Section 21a-408e of the general statutes is repealed and the following is substituted in lieu thereof (Effective July 1, 2021): No person shall be subject to arrest or prosecution solely for being in the presence or vicinity of the palliative use of marijuana as permitted under sections 21a-408 to [21a-408n] 21a-408m, inclusive.",,,,PA2021_001,SOURCE_0001,"June Sp. Sess. P.A. 21-1, Sec. 136"
TL_0242,2021-07-01,law takes effect,June Sp. Sess. P.A. 21-1 Sec. 137 takes effect,"Subsection (b) of section 21a-408i of the general statutes is repealed and the following is substituted in lieu thereof (Effective July 1, 2021): (b) The Commissioner of Consumer Protection shall determine the number of producers appropriate to meet the needs of qualifying patients in this state and shall adopt regulations, in accordance with chapter 54, to provide for the licensure, standards and",,,,PA2021_001,SOURCE_0001,"June Sp. Sess. P.A. 21-1, Sec. 137"
TL_0243,2021-07-01,law takes effect,June Sp. Sess. P.A. 21-1 Sec. 138 takes effect,"Section 21a-408o of the general statutes is repealed and the following is substituted in lieu thereof (Effective July 1, 2021): Nothing in sections 21a-408 to [21a-408n] 21a-408m, inclusive, or section 21a-243 shall be construed to require health insurance coverage for the palliative use of marijuana.",,,,PA2021_001,SOURCE_0001,"June Sp. Sess. P.A. 21-1, Sec. 138"
TL_0244,2021-07-01,law takes effect,June Sp. Sess. P.A. 21-1 Sec. 139 takes effect,"Subsection (d) of section 21a-408v of the general statutes is repealed and the following is substituted in lieu thereof (Effective July 1, 2021): (d) Information obtained under this section shall be confidential and shall not be subject to disclosure under the Freedom of Information Act, June Sp. Sess., as defined in section 1-200, except that reasonable access to registry information obtained und",,,,PA2021_001,SOURCE_0001,"June Sp. Sess. P.A. 21-1, Sec. 139"
TL_0245,2021-07-01,law takes effect,June Sp. Sess. P.A. 21-1 Sec. 140 takes effect,"Subsection (a) of section 21a-10 of the general statutes is repealed and the following is substituted in lieu thereof (Effective July 1, 2021): (a) The Commissioner of Consumer Protection may establish, combine or abolish divisions, sections or other units within the Department of Consumer Protection and allocate powers, duties and functions among such units, but no function vested by statute in a",,,,PA2021_001,SOURCE_0001,"June Sp. Sess. P.A. 21-1, Sec. 140"
TL_0246,2021-07-01,law takes effect,June Sp. Sess. P.A. 21-1 Sec. 141 takes effect,"Subdivision (29) of section 21a-240 of the general statutes is repealed and the following is substituted in lieu thereof (Effective July 1, 2021): (29) ""Marijuana"" means all parts of any plant, or species of the genus June Sp. Sess., cannabis or any infra specific taxon thereof, whether growing or not; the seeds thereof; the resin extracted from any part of the plant; [and] every compound, manufac",,,,PA2021_001,SOURCE_0001,"June Sp. Sess. P.A. 21-1, Sec. 141"
TL_0247,2021-07-01,law takes effect,June Sp. Sess. P.A. 21-1 Sec. 142 takes effect,"Section 21a-240 of the general statutes is amended by adding subdivisions (59) to (62), inclusive, as follows (Effective July 1, 2021): (NEW) (59) ""THC"" means tetrahydrocannabinol, including, but not limited to, delta-7, delta-8-tetrahydrocannabinol, delta-9- tetrahydrocannabinol and delta-10-tetrahydrocannabinol, and any material, compound, mixture or preparation which contain their salts, isomer",,,,PA2021_001,SOURCE_0001,"June Sp. Sess. P.A. 21-1, Sec. 142"
TL_0248,2021-07-01,law takes effect,June Sp. Sess. P.A. 21-1 Sec. 143 takes effect,"Subsection (q) of section 1-1 of the general statutes is repealed and the following is substituted in lieu thereof (Effective July 1, 2021): (q) Except as otherwise specifically defined, the words ""agriculture"" and ""farming"" [shall] include cultivation of the soil, dairying, forestry, raising or harvesting any agricultural or horticultural commodity, including the raising, shearing, feeding, carin",,,,PA2021_001,SOURCE_0001,"June Sp. Sess. P.A. 21-1, Sec. 143"
TL_0250,2021-07-01,law takes effect,June Sp. Sess. P.A. 21-1 Sec. 145 takes effect,"(NEW) (Effective July 1, 2021) (a) In order for a dispensary facility to convert its license to a hybrid-retailer license, a dispensary facility shall have a workforce development plan that has been approved by the Social Equity Council under section 22 of this act and shall either pay the fee of one million dollars established in section 34 of this act or, if such dispensary facility has committe",,,,PA2021_001,SOURCE_0001,"June Sp. Sess. P.A. 21-1, Sec. 145"
TL_0252,2021-07-01,law takes effect,June Sp. Sess. P.A. 21-1 Sec. 147 takes effect,"(NEW) (Effective July 1, 2021) (a) As used in this section, ""producer"", ""cultivator"", ""micro-cultivator"", ""product manufacturer"", ""hybrid retailer"" and ""retailer"" have the same meanings as provided in section 1 of this act; and ""hemp"" and ""hemp products"" have the same meanings as provided in section 22-61l of the general statutes. (b) Any producer, cultivator, micro-cultivator and product manufact",,,,PA2021_001,SOURCE_0001,"June Sp. Sess. P.A. 21-1, Sec. 147"
TL_0253,2021-07-01,law takes effect,June Sp. Sess. P.A. 21-1 Sec. 148 takes effect,"(NEW) (Effective July 1, 2021) (a) As used in this section, ""municipality"" means any town, city or borough, consolidated town and city or consolidated town and borough, and a district establishing a zoning commission under section 7-326 of the general statutes. (b) Any municipality may, by amendment to such municipality's zoning regulations or by local ordinance, (1) prohibit the establishment of ",,,,PA2021_001,SOURCE_0001,"June Sp. Sess. P.A. 21-1, Sec. 148"
TL_0254,2021-07-01,law takes effect,June Sp. Sess. P.A. 21-1 Sec. 149 takes effect,"(NEW) (Effective July 1, 2021) (a) Thirty days after the Social Equity Council posts the criteria for social equity applicants on its Internet web site, the department shall open up a three-month application period for cultivators during which a social equity applicant June Sp. Sess., may apply to the department for a provisional cultivator license and final license for a cultivation facility loca",,,,PA2021_001,SOURCE_0001,"June Sp. Sess. P.A. 21-1, Sec. 149"
TL_0255,2021-07-01,law takes effect,June Sp. Sess. P.A. 21-1 Sec. 150 takes effect,"(NEW) (Effective July 1, 2021) (a) The Governor may enter into one or more compacts, amendments to existing compacts, memoranda of understanding or agreements with the Mashantucket Pequot Tribe or with the Mohegan Tribe of Indians of Connecticut, or both, to coordinate the administration and execution of laws and regulations of this state, as set forth in RERACA, and of laws and regulations of sai",,,,PA2021_001,SOURCE_0001,"June Sp. Sess. P.A. 21-1, Sec. 150"
TL_0262,2021-07-01,law takes effect,June Sp. Sess. P.A. 21-1 Sec. 173 takes effect,"Sections 12-651 to 12-660, inclusive, and 21a-408n of the general statutes are repealed. (Effective July 1, 2021) Approved June 22, 2021 June Sp. Sess.,",,,,PA2021_001,SOURCE_0001,"June Sp. Sess. P.A. 21-1, Sec. 173"
TL_0528,2021-07-28,agency action,Department of Consumer Protection: Adult-use cannabis requirements carried by Policies and Procedures rather than adopted regulations,"in effect as the agency’s stated position — The adult-use testing and operating requirements sit in a policy document, not in the Regulations of Connecticut State Agencies.",ISSUE_AGENCY,Department of Consumer Protection,,,SOURCE_0023,
TL_0138,2021-10-01,law takes effect,June Sp. Sess. P.A. 21-1 Sec. 19 takes effect,"Subsection (d) of section 10-221 of the general statutes is repealed and the following is substituted in lieu thereof (Effective October 1, 2021): (d) Not later than July 1, 1991, each local and regional board of education shall develop, adopt and implement policies and procedures in conformity with section 10-154a for (1) dealing with the use, sale or possession of alcohol or controlled drugs, as",,,,PA2021_001,SOURCE_0001,"June Sp. Sess. P.A. 21-1, Sec. 19"
TL_0139,2021-10-01,law takes effect,June Sp. Sess. P.A. 21-1 Sec. 20 takes effect,"(NEW) (Effective October 1, 2021) Any person who provides cannabis, as defined in section 1 of this act, to a domesticated animal, shall be guilty of a class C misdemeanor. June Sp. Sess.,",,,,PA2021_001,SOURCE_0001,"June Sp. Sess. P.A. 21-1, Sec. 20"
TL_0185,2021-10-01,law takes effect,June Sp. Sess. P.A. 21-1 Sec. 66 takes effect,"Section 21a-408 of the general statutes is repealed and the following is substituted in lieu thereof (Effective October 1, 2021): As used in this section, sections 21a-408a to 21a-408o, inclusive, and sections 21a-408r to 21a-408v, inclusive, unless the context otherwise requires: June Sp. Sess., (1) ""Advanced practice registered nurse"" means an advanced practice registered nurse licensed pursuant",,,,PA2021_001,SOURCE_0001,"June Sp. Sess. P.A. 21-1, Sec. 66"
TL_0189,2021-10-01,law takes effect,June Sp. Sess. P.A. 21-1 Sec. 70 takes effect,"Section 21a-408d of the general statutes is repealed and the following is substituted in lieu thereof (Effective October 1, 2021): (a) Each qualifying patient who is issued a written certification for the palliative use of marijuana under subdivision (1) of subsection (a) of section 21a-408a, and the [primary] caregiver of such qualifying patient, shall register with the Department of Consumer Pro",,,,PA2021_001,SOURCE_0001,"June Sp. Sess. P.A. 21-1, Sec. 70"
TL_0192,2021-10-01,law takes effect,June Sp. Sess. P.A. 21-1 Sec. 73 takes effect,"Section 21a-408j of the general statutes is repealed and the following is substituted in lieu thereof (Effective October 1, 2021): (a) No [licensed] dispensary facility or employee of the dispensary facility may: (1) Acquire marijuana from a person other than a [licensed] producer [; (2) distribute or dispense] from a cultivator, micro- cultivator, product manufacturer, food and beverage manufactu",,,,PA2021_001,SOURCE_0001,"June Sp. Sess. P.A. 21-1, Sec. 73"
TL_0194,2021-10-01,law takes effect,June Sp. Sess. P.A. 21-1 Sec. 75 takes effect,"Section 21a-408m of the general statutes is repealed and the following is substituted in lieu thereof (Effective October 1, 2021): (a) The Commissioner of Consumer Protection may adopt regulations, in accordance with chapter 54, to establish (1) a standard form for written certifications for the palliative use of marijuana issued by physicians and advanced practice registered nurses under June Sp.",,,,PA2021_001,SOURCE_0001,"June Sp. Sess. P.A. 21-1, Sec. 75"
TL_0195,2021-10-01,law takes effect,June Sp. Sess. P.A. 21-1 Sec. 76 takes effect,"Section 21a-408l of the general statutes is repealed and the following is substituted in lieu thereof (Effective October 1, 2021): June Sp. Sess., (a) The Commissioner of Consumer Protection shall establish a Board of Physicians consisting of eight physicians or surgeons who are knowledgeable about the palliative use of marijuana and certified by the appropriate American board in the medical speci",,,,PA2021_001,SOURCE_0001,"June Sp. Sess. P.A. 21-1, Sec. 76"
TL_0197,2021-10-01,law takes effect,June Sp. Sess. P.A. 21-1 Sec. 78 takes effect,"Section 21a-408r of the general statutes is repealed and the following is substituted in lieu thereof (Effective October 1, 2021): (a) No person may act as a laboratory or represent that such person is a laboratory unless such person has (1) obtained a license from the Commissioner of Consumer Protection pursuant to this section, or (2) (A) been granted approval by the Commissioner of Consumer Pro",,,,PA2021_001,SOURCE_0001,"June Sp. Sess. P.A. 21-1, Sec. 78"
TL_0201,2021-10-01,law takes effect,June Sp. Sess. P.A. 21-1 Sec. 82 takes effect,"(NEW) (Effective October 1, 2021) A licensed pharmacist working as an employee at a dispensary facility or hybrid retailer shall transmit dispensing information, in a manner prescribed by the commissioner, on any cannabis sold to a qualifying patient or caregiver in real-time or immediately upon completion of the transaction, unless not reasonably feasible for a specific transaction, but in no cas",,,,PA2021_001,SOURCE_0001,"June Sp. Sess. P.A. 21-1, Sec. 82"
TL_0203,2021-10-01,law takes effect,June Sp. Sess. P.A. 21-1 Sec. 86 takes effect,"Section 19a-342 of the general statutes is repealed and the following is substituted in lieu thereof (Effective October 1, 2021): (a) As used in this section: [, ""smoke""] (1) ""Smoke"" or ""smoking"" means the [lighting or carrying] burning of a lighted cigarette, cigar, pipe or any other similar device, [.] whether containing, wholly or in part, tobacco, cannabis, or hemp; (2) ""Any area"" means the in",,,,PA2021_001,SOURCE_0001,"June Sp. Sess. P.A. 21-1, Sec. 86"
TL_0204,2021-10-01,law takes effect,June Sp. Sess. P.A. 21-1 Sec. 87 takes effect,"Section 19a-342a of the general statutes is repealed and the following is substituted in lieu thereof (Effective October 1, 2021): (a) As used in this section: [and section 2 of public act 15-206:] (1) ""Any area"" means the interior of the facility, building or establishment and the outside area within twenty-five feet of any doorway, operable window or air intake vent of the facility, building or ",,,,PA2021_001,SOURCE_0001,"June Sp. Sess. P.A. 21-1, Sec. 87"
TL_0205,2021-10-01,law takes effect,June Sp. Sess. P.A. 21-1 Sec. 88 takes effect,"Section 31-40q of the general statutes is repealed and the following is substituted in lieu thereof (Effective October 1, 2021): (a) As used in this section: June Sp. Sess., (1) ""Person"" means one or more individuals, partnerships, associations, corporations, limited liability companies, business trusts, legal representatives or any organized group of persons; [.] (2) ""Employer"" means a person eng",,,,PA2021_001,SOURCE_0001,"June Sp. Sess. P.A. 21-1, Sec. 88"
TL_0258,2021-10-01,law takes effect,June Sp. Sess. P.A. 21-1 Sec. 163 takes effect,"(NEW) (Effective October 1, 2021) Any person twenty-three years of age or older who sells, delivers or gives cannabis, as defined in section 1 of this act, to any person under twenty-one years of age, and who knew or should have known that such person was under twenty- one years of age, shall be guilty of a class A misdemeanor.",,,,PA2021_001,SOURCE_0001,"June Sp. Sess. P.A. 21-1, Sec. 163"
TL_0536,2021-10-16,agency action,Department of Consumer Protection: adult use — Microbial limit; Aspergillus,"as recorded — ""shall be deemed satisfactory if it satisfies the standards set forth in Section 2023 of the United States Pharmacopeia for all raw products ... Additionally, if the cannabis is intended for inhalation, the sample shall be deemed satisfactory only upon an absence of the pathogenic Aspergillus species A. fumigatus, A. flavus, A. niger, and A. terreus.""",ISSUE_AGENCY,Department of Consumer Protection,,,SOURCE_0023,LRT-08
TL_0537,2021-10-16,agency action,Department of Consumer Protection: adult use — Heavy metals,"as recorded — ""based on consumption levels of up to 10 grams per day: ... Cadmium <=0.2 / <=0.5; Arsenic <=0.2 / <=1.5; Lead <=0.5 / <=0.5; Mercury <=0.1 / <=3.0"" (inhalation / not inhalation, ug/g)",ISSUE_AGENCY,Department of Consumer Protection,,,SOURCE_0023,LRT-09
TL_0538,2021-10-16 -> 2024-09-14,agency action,Department of Consumer Protection: adult use — Retest / remediation after failure,"as recorded — ""(1) Retest and reanalyze the cannabis by having an employee from the same laboratory select another random sample from the same batch. If the sample yields satisfactory results ..., an employee from a different laboratory shall select a different random sample from the same batch for testing. If both samples yield satisfactory results ... the cannabis batch shall be permitted for sale ...; or (2) Remediate the cannabis batch, if a remediation plan ... is ... approved by the commissioner, ... If the sample yields satisfactory results ..., an employee from a different laboratory shall select a ",ISSUE_AGENCY,Department of Consumer Protection,,,SOURCE_0023,LRT-10
TL_0175,2022-01-01,law takes effect,June Sp. Sess. P.A. 21-1 Sec. 56 takes effect,"(NEW) (Effective January 1, 2022) (a) Each cannabis establishment, licensed pursuant to chapter 420f of the general statutes or the provisions of RERACA shall maintain a record of all cannabis grown, manufactured, wasted and distributed between cannabis establishments and to consumers, qualifying patients and caregivers in a form and manner prescribed by the commissioner. The commissioner shall re",,,,PA2021_001,SOURCE_0001,"June Sp. Sess. P.A. 21-1, Sec. 56"
TL_0251,2022-01-01,law takes effect,June Sp. Sess. P.A. 21-1 Sec. 146 takes effect,"(NEW) (Effective January 1, 2022) (a) There is established, within the Department of Public Health, a program to collect and abstract timely public health information on cannabis associated illness and adverse events, nonfatal and fatal injuries and cannabis use poisoning data, from state and national data sources. Such program shall include, but need not be limited to, the following: (1) Serving ",,,,PA2021_001,SOURCE_0001,"June Sp. Sess. P.A. 21-1, Sec. 146"
TL_0256,2022-01-01,law takes effect,June Sp. Sess. P.A. 21-1 Sec. 153 takes effect,"(NEW) (Effective January 1, 2022) Not later than January 1, 2022, the Police Officer Standards and Training Council shall issue guidance concerning how police officers shall determine whether the cannabis possessed by a person is in excess of such person's possession limit pursuant to subsection (a) of section 21a-279a of the general statutes.",,,,PA2021_001,SOURCE_0001,"June Sp. Sess. P.A. 21-1, Sec. 153"
TL_0539,2022-01-26,agency action,Department of Consumer Protection: adult use — Microbial limit,as recorded — Numeric standard 10^5 TAMC / 10^5 TYMC with named non-detects (text held: runs/S4-ALTASCI-20260921 docs; LIMITS_IN_FORCE.csv),ISSUE_AGENCY,Department of Consumer Protection,,,SOURCE_0023,LRT-11
TL_0595,2022-02-09,access event,CT Cannabis Chamber of Commerce → Launch event listed on Chamber event calendar; attendee list,"hosted CT Cannabis Chamber of Commerce launch event, The Hartford Club",,CT Cannabis Chamber of Commerce,,,SOURCE_0023,S-L35-0008
TL_0005,2022-03-03,committee referral,HB5329: Referred to Joint Committee on General Law,AN ACT CONCERNING CANNABIS,,General Law Committee,BILL_2022_HB5329,PA2022_103,SOURCE_0010,"Bill History row, 2022-03-03"
TL_0006,2022-03-04,public hearing,HB5329: Public Hearing 03/08,AN ACT CONCERNING CANNABIS,,General Law Committee,BILL_2022_HB5329,PA2022_103,SOURCE_0010,"Bill History row, 2022-03-04"
TL_0007,2022-03-15,committee report,HB5329: Joint Favorable Substitute,AN ACT CONCERNING CANNABIS,,General Law Committee,BILL_2022_HB5329,PA2022_103,SOURCE_0010,"Bill History row, 2022-03-15"
TL_0008,2022-03-30,committee report,"HB5329: Favorable Report, Tabled for the Calendar, House",AN ACT CONCERNING CANNABIS,,General Law Committee,BILL_2022_HB5329,PA2022_103,SOURCE_0010,"Bill History row, 2022-03-30"
TL_0260,2022-04-01,law takes effect,June Sp. Sess. P.A. 21-1 Sec. 166 takes effect,"(NEW) (Effective April 1, 2022) (a) (1) There is established a pretrial drug intervention and community service program for persons charged with a violation of section 21a-257 of the general statutes, 21a- 267 of the general statutes, 21a-279 of the general statutes or 21a-279a of the general statutes. The program shall consist of a twelve-session drug June Sp. Sess., education component or a subs",,,,PA2021_001,SOURCE_0001,"June Sp. Sess. P.A. 21-1, Sec. 166"
TL_0261,2022-04-01,law takes effect,June Sp. Sess. P.A. 21-1 Sec. 167 takes effect,"(NEW) (Effective April 1, 2022) (a) (1) There is established a pretrial impaired driving intervention program for persons charged with a violation of section 14-227a of the general statutes, section 14- 227g of the general statutes, section 14-227m of the general statutes, section 14-227n of the general statutes, subsection (d) of section 15-133 of the general statutes or section 15-140n of the ge",,,,PA2021_001,SOURCE_0001,"June Sp. Sess. P.A. 21-1, Sec. 167"
TL_0009,2022-04-26,chamber passage,HB5329: House Passed as Amended by House Amendment Schedule A,AN ACT CONCERNING CANNABIS,,General Law Committee,BILL_2022_HB5329,PA2022_103,SOURCE_0010,"Bill History row, 2022-04-26"
TL_0010,2022-04-27,committee report,"HB5329: Favorable Report, Tabled for the Calendar, Senate",AN ACT CONCERNING CANNABIS,,General Law Committee,BILL_2022_HB5329,PA2022_103,SOURCE_0010,"Bill History row, 2022-04-27"
TL_0011,2022-05-04,chamber passage,HB5329: Senate Passed as Amended by House Amendment Schedule A,AN ACT CONCERNING CANNABIS,,General Law Committee,BILL_2022_HB5329,PA2022_103,SOURCE_0010,"Bill History row, 2022-05-04"
TL_0012,2022-05-13,public act assigned,HB5329: Public Act 22-103,AN ACT CONCERNING CANNABIS,,General Law Committee,BILL_2022_HB5329,PA2022_103,SOURCE_0010,"Bill History row, 2022-05-13"
TL_0013,2022-05-24,signed,HB5329: Signed by the Governor,AN ACT CONCERNING CANNABIS,,General Law Committee,BILL_2022_HB5329,PA2022_103,SOURCE_0010,"Bill History row, 2022-05-24"
TL_0263,2022-05-24,law takes effect,P.A. 22-103 Sec. 1 takes effect,"Section 21a-420 of the 2022 supplement to the general statutes is repealed and the following is substituted in lieu thereof (Effective from passage): As used in RERACA, unless the context otherwise requires: (1) ""Responsible and Equitable Regulation of Adult-Use Cannabis Act"" or ""RERACA"" means this section, sections 2-56j, 7-294kk, 7-294ll, 12-330ll to 12-330nn, inclusive, 14-227p, 21a-278b, 21a-2",,,,PA2022_103,SOURCE_0002,"P.A. 22-103, Sec. 1"
TL_0264,2022-05-24,law takes effect,P.A. 22-103 Sec. 2 takes effect,"(NEW) (Effective from passage) (a) Notwithstanding any provision of the general statutes, no person shall gift, sell or transfer cannabis to another person: (1) To induce, or in exchange for, any donation for any purpose, including, but not limited to, any charitable donation or any donation made to gain admission to any event; (2) at any location, other than a dispensary facility, retailer or hyb",,,,PA2022_103,SOURCE_0002,"P.A. 22-103, Sec. 2"
TL_0265,2022-05-24,law takes effect,P.A. 22-103 Sec. 3 takes effect,"(NEW) (Effective from passage) Any municipality may establish, by ordinance, a fine for violations of section 2 of this act, provided the amount of any such fine shall not be greater than one thousand dollars per violation. Any police officer or other person authorized by the chief executive officer of the municipality may issue a citation to any person who commits such a violation. Any municipali",,,,PA2022_103,SOURCE_0002,"P.A. 22-103, Sec. 3"
TL_0266,2022-05-24,law takes effect,P.A. 22-103 Sec. 5 takes effect,"(NEW) (Effective from passage) (a) A cultivator licensed under section 21a-420o of the general statutes may create not more than two equity joint ventures to be approved by the Social Equity Council under section 21a-420d of the general statutes, as amended by this act, and licensed by the department under this section. The equity joint venture shall be in any cannabis establishment licensed busin",,,,PA2022_103,SOURCE_0002,"P.A. 22-103, Sec. 5"
TL_0267,2022-05-24,law takes effect,P.A. 22-103 Sec. 6 takes effect,"Section 21a-420m of the 2022 supplement to the general statutes is repealed and the following is substituted in lieu thereof (Effective from passage): (a) In order to pay a reduced license expansion authorization fee as described in subsection (b) of section 21a-420l, a producer shall commit to create two equity joint ventures to be approved by the Social Equity Council under section 21a-420d, as ",,,,PA2022_103,SOURCE_0002,"P.A. 22-103, Sec. 6"
TL_0268,2022-05-24,law takes effect,P.A. 22-103 Sec. 7 takes effect,"Section 21a-420u of the 2022 supplement to the general statutes is repealed and the following is substituted in lieu thereof (Effective from passage): (a) In order for a dispensary facility to convert its license to a hybrid- retailer license, a dispensary facility shall have a workforce development plan that has been approved by the Social Equity Council under section 21a-420d, as amended by this",,,,PA2022_103,SOURCE_0002,"P.A. 22-103, Sec. 7"
TL_0269,2022-05-24,law takes effect,P.A. 22-103 Sec. 8 takes effect,"Section 21a-421bb of the 2022 supplement to the general statutes is repealed and the following is substituted in lieu thereof (Effective from passage): (a) No person other than the holder of a cannabis establishment license issued by this state shall advertise any cannabis or services related to cannabis in this state. [(a) Cannabis] (b) Except as provided in subsection (d) of this section, cannab",,,,PA2022_103,SOURCE_0002,"P.A. 22-103, Sec. 8"
TL_0270,2022-05-24,law takes effect,P.A. 22-103 Sec. 9 takes effect,"Section 21a-422f of the 2022 supplement to the general statutes is repealed and the following is substituted in lieu thereof (Effective from passage): (a) As used in this section, ""municipality"" means any town, city or borough, consolidated town and city or consolidated town and borough, and a district establishing a zoning commission under section 7-326. (b) Any municipality may, by amendment to ",,,,PA2022_103,SOURCE_0002,"P.A. 22-103, Sec. 9"
TL_0271,2022-05-24,law takes effect,P.A. 22-103 Sec. 10 takes effect,"(Effective from passage) (a) The chairpersons of the joint standing committee of the General Assembly having cognizance of matters pertaining to general law shall convene a working group to study hemp, hemp products and hemp producers. Such study shall include, but need not be limited to, an examination of (1) the regulation of hemp, hemp products and hemp producers licensed in this state and neig",,,,PA2022_103,SOURCE_0002,"P.A. 22-103, Sec. 10"
TL_0282,2022-05-24,law takes effect,P.A. 22-103 Sec. 21 takes effect,"Section 21a-420d of the 2022 supplement to the general statutes is repealed and the following is substituted in lieu thereof (Effective from passage): (a) There is established a Social Equity Council, which shall be within the Department of Economic and Community Development for administrative purposes only. (b) The council shall consist of fifteen members as follows: (1) One appointed by the spea",,,,PA2022_103,SOURCE_0002,"P.A. 22-103, Sec. 21"
TL_0540,2022-06-13,agency action,Department of Consumer Protection: medical — Microbial limit; method; pathogens; Aspergillus,"as recorded — ""tested using a molecular method that is certified for identifying microbiological DNA and approved by the Association of Official Analytical Collaboration (AOAC) International and includes quantitative polymerase chain reaction (qPCR) ... deemed satisfactory if (A) E. coli, shiga toxin producing E. coli, L. monocytogenes, and salmonella spp. are not detected, (B) the total aerobic microbial count and total combined yeast and mold count are each equal to or less than 105 cfu/g or ml, and (C) the pathogenic Aspergillus species A. fumigatus, A. flavus, A. niger, and A. terreus are not detected.""",ISSUE_AGENCY,Department of Consumer Protection,,,SOURCE_0023,LRT-12
TL_0128,2022-07-01,law takes effect,June Sp. Sess. P.A. 21-1 Sec. 8 takes effect,"(NEW) (Effective July 1, 2022) (a) (1) Any person who has been convicted in any court in this state (A) (i) on October 1, 2015, or thereafter, and prior to July 1, 2021, or (ii) prior to January 1, 2000, of a violation of section 21a-279 of the general statutes, for possession of a cannabis-type substance and the amount possessed was less than or equal to four ounces of such substance, (B) prior t",,,,PA2021_001,SOURCE_0001,"June Sp. Sess. P.A. 21-1, Sec. 8"
TL_0179,2022-07-01,law takes effect,June Sp. Sess. P.A. 21-1 Sec. 60 takes effect,"(Effective July 1, 2022) Not later than January 1, 2023, the department shall make written recommendations, in accordance with the provisions of section 11-4a of the general statutes, to the Governor and the joint standing committees of the General Assembly having cognizance of matters relating to consumer protection, the judiciary and finance, revenue and bonding, concerning whether to authorize ",,,,PA2021_001,SOURCE_0001,"June Sp. Sess. P.A. 21-1, Sec. 60"
TL_0181,2022-07-01,law takes effect,June Sp. Sess. P.A. 21-1 Sec. 62 takes effect,"(NEW) (Effective July 1, 2022) Each cannabis establishment shall annually report publicly in a manner prescribed by the commissioner: (1) Its annual usage of electricity, and (2) what fraction of its electricity usage is generated from Class I Renewable Portfolio Standards produced in the state per the Regional Greenhouse Gas Initiative agreement. Each cannabis establishment shall purchase electri",,,,PA2021_001,SOURCE_0001,"June Sp. Sess. P.A. 21-1, Sec. 62"
TL_0206,2022-07-01,law takes effect,June Sp. Sess. P.A. 21-1 Sec. 89 takes effect,"(NEW) (Effective July 1, 2022) (a) As used in this section, ""cannabis"" has the same meaning as provided in section 1 of this act and ""electronic cannabis delivery system"" and ""vapor product"" have the same meanings as provided in section 19a-342a of the general statutes. No hotel, motel or similar lodging shall prohibit the legal possession or consumption of cannabis in any nonpublic area of such h",,,,PA2021_001,SOURCE_0001,"June Sp. Sess. P.A. 21-1, Sec. 89"
TL_0207,2022-07-01,law takes effect,June Sp. Sess. P.A. 21-1 Sec. 90 takes effect,"(NEW) (Effective July 1, 2022) (a) As used in this section, ""tenant"", ""landlord"" and dwelling unit"" have the same meanings as provided in section 47a-1 of the general statutes. Except as provided in this section, a landlord or property manager may not refuse to rent to a June Sp. Sess., prospective tenant or an existing tenant, or otherwise discriminate against a prospective tenant or an existing ",,,,PA2021_001,SOURCE_0001,"June Sp. Sess. P.A. 21-1, Sec. 90"
TL_0208,2022-07-01,law takes effect,June Sp. Sess. P.A. 21-1 Sec. 91 takes effect,"(NEW) (Effective July 1, 2022) The use of cannabis shall be prohibited on any state lands or waters managed by the Department of Energy and Environmental Protection. Any person who violates such June Sp. Sess., prohibition shall be fined not more than two hundred fifty dollars. The provisions of this section may only be enforced by agents of the Department of Energy and Environmental Protection.",,,,PA2021_001,SOURCE_0001,"June Sp. Sess. P.A. 21-1, Sec. 91"
TL_0210,2022-07-01,law takes effect,June Sp. Sess. P.A. 21-1 Sec. 93 takes effect,"(NEW) (Effective July 1, 2022) A drug test of an individual that yields a positive result solely for 11-nor-9-carboxy-delta-9- tetrahydrocannabinol shall not be construed, without other evidence, as proof that such individual is under the influence of or impaired by cannabis.",,,,PA2021_001,SOURCE_0001,"June Sp. Sess. P.A. 21-1, Sec. 93"
TL_0214,2022-07-01,law takes effect,June Sp. Sess. P.A. 21-1 Sec. 97 takes effect,"(NEW) (Effective July 1, 2022) As used in this section and sections 98 to 101, inclusive, of this act: (1) ""Employee"" means any individual employed or permitted to work by an employer, or an independent contractor; (2) ""Employer"" has the same meaning as provided in section 31-58 of the general statutes; (3) ""Exempted employer"" means an employer whose primary activity is (A) mining, including, but ",,,,PA2021_001,SOURCE_0001,"June Sp. Sess. P.A. 21-1, Sec. 97"
TL_0215,2022-07-01,law takes effect,June Sp. Sess. P.A. 21-1 Sec. 98 takes effect,"(NEW) (Effective July 1, 2022) (a) No employer shall be required to make accommodations for an employee or be required to allow an employee to: (1) Perform his or her duties while under the influence of cannabis, or (2) possess, use or otherwise consume cannabis while performing such duties or on the premises of the employer, except possession of palliative cannabis by a qualifying patient under c",,,,PA2021_001,SOURCE_0001,"June Sp. Sess. P.A. 21-1, Sec. 98"
TL_0216,2022-07-01,law takes effect,June Sp. Sess. P.A. 21-1 Sec. 99 takes effect,"(NEW) (Effective July 1, 2022) A drug test of a prospective or existing employee, other than a prospective or existing exempted employee, that yields a positive result solely for 11-nor-9-carboxy-delta- 9-tetrahydrocannabinol, shall not form the sole basis for refusal to employ or to continue to employ or otherwise penalize such prospective or existing employee, unless (1) failing to do so would p",,,,PA2021_001,SOURCE_0001,"June Sp. Sess. P.A. 21-1, Sec. 99"
TL_0217,2022-07-01,law takes effect,June Sp. Sess. P.A. 21-1 Sec. 100 takes effect,"(NEW) (Effective July 1, 2022) (a) Except as provided in subsection (b) of this section, if an employer has violated any provision of section 98 or 99 of this act, an individual aggrieved by such violation may bring a civil action for judicial enforcement of such provision in the superior court for the judicial district where the violation is alleged to have occurred, or where the employer has its",,,,PA2021_001,SOURCE_0001,"June Sp. Sess. P.A. 21-1, Sec. 100"
TL_0272,2022-07-01,law takes effect,P.A. 22-103 Sec. 11 takes effect,"Section 21a-408 of the 2022 supplement to the general statutes is repealed and the following is substituted in lieu thereof (Effective July 1, 2022): As used in this section, sections 21a-408a to 21a-408o, inclusive, as amended by this act, and sections 21a-408r to 21a-408v, inclusive, unless the context otherwise requires: (1) ""Advanced practice registered nurse"" means an advanced practice regist",,,,PA2022_103,SOURCE_0002,"P.A. 22-103, Sec. 11"
TL_0273,2022-07-01,law takes effect,P.A. 22-103 Sec. 12 takes effect,"Section 21a-408a of the 2022 supplement to the general statutes is repealed and the following is substituted in lieu thereof (Effective July 1, 2022): (a) A qualifying patient shall register with the Department of Consumer Protection pursuant to section 21a-408d, as amended by this act, prior to engaging in the palliative use of marijuana. A qualifying patient who has a valid registration certific",,,,PA2022_103,SOURCE_0002,"P.A. 22-103, Sec. 12"
TL_0274,2022-07-01,law takes effect,P.A. 22-103 Sec. 13 takes effect,"Section 21a-408c of the 2022 supplement to the general statutes is repealed and the following is substituted in lieu thereof (Effective July 1, 2022): (a) A physician, physician assistant or [an] advanced practice registered nurse may issue a written certification to a qualifying patient that authorizes the palliative use of marijuana by the qualifying patient. Such written certification shall be ",,,,PA2022_103,SOURCE_0002,"P.A. 22-103, Sec. 13"
TL_0275,2022-07-01,law takes effect,P.A. 22-103 Sec. 14 takes effect,"Section 21a-408d of the 2022 supplement to the general statutes is repealed and the following is substituted in lieu thereof (Effective July 1, 2022): (a) Each qualifying patient who is issued a written certification for the palliative use of marijuana under subdivision (1) of subsection (a) of section 21a-408a, as amended by this act, and the caregiver of such qualifying patient, shall register w",,,,PA2022_103,SOURCE_0002,"P.A. 22-103, Sec. 14"
TL_0277,2022-07-01,law takes effect,P.A. 22-103 Sec. 16 takes effect,"Section 21a-408m of the 2022 supplement to the general statutes is repealed and the following is substituted in lieu thereof (Effective July 1, 2022): (a) The Commissioner of Consumer Protection may adopt regulations, in accordance with chapter 54, to establish (1) a standard form for written certifications for the palliative use of marijuana issued by physicians, physician assistants and advanced",,,,PA2022_103,SOURCE_0002,"P.A. 22-103, Sec. 16"
TL_0279,2022-07-01,law takes effect,P.A. 22-103 Sec. 18 takes effect,"Subsection (a) of section 21a-246 of the general statutes is repealed and the following is substituted in lieu thereof (Effective July 1, 2022): (a) No person within this state shall manufacture, wholesale, repackage, supply, compound, mix, cultivate or grow, or by other process produce or prepare, controlled substances without first obtaining a license to do so from the Commissioner of Consumer P",,,,PA2022_103,SOURCE_0002,"P.A. 22-103, Sec. 18"
TL_0280,2022-07-01,law takes effect,P.A. 22-103 Sec. 19 takes effect,"Section 21a-253 of the general statutes is repealed and the following is substituted in lieu thereof (Effective July 1, 2022): Any person may possess or have under his control a quantity of marijuana less than or equal to that quantity supplied to him pursuant to a prescription made in accordance with the provisions of section 21a- 249 by (1) a physician licensed under the provisions of chapter 37",,,,PA2022_103,SOURCE_0002,"P.A. 22-103, Sec. 19"
TL_0281,2022-07-01,law takes effect,P.A. 22-103 Sec. 20 takes effect,"Section 7 of public act 21-9 is repealed and the following is substituted in lieu thereof (Effective July 1, 2022): (a) As used in this section: (1) ""Advanced practice registered nurse"" means an advanced practice registered nurse licensed pursuant to chapter 378 of the general statutes; (2) ""Physician"" has the same meaning as provided in section 21a-408 of the general statutes, as amended by this ",,,,PA2022_103,SOURCE_0002,"P.A. 22-103, Sec. 20"
TL_0541,2022-08-05,agency action,Department of Consumer Protection: adult use — Method,"as recorded — ""tested using a validated plating method approved by the Association of Official Analytical Collaboration ...""",ISSUE_AGENCY,Department of Consumer Protection,,,SOURCE_0023,LRT-13
TL_0596,2022-12-07,access event,CT Cannabis Chamber of Commerce; sponsors named in press: Ca → Named officials on the guest list; legislators NOT named in ,"hosted ""Together We Grow 2022"" networking reception and awards, The Hartford Club, Hartford",,"CT Cannabis Chamber of Commerce; sponsors named in press: Cannabis 360, Dope Tax Group",,,SOURCE_0023,S-L35-0010; S-L35-0011
TL_0129,2023-01-01,law takes effect,June Sp. Sess. P.A. 21-1 Sec. 9 takes effect,"(NEW) (Effective January 1, 2023) (a) Whenever on or after January 1, 2000, but prior to October 1, 2015, any person has been convicted in any court of this state of possession under subsection (c) of section 21a-279 of the general statutes, all police and court records and records of the state's or prosecuting attorney pertaining to such a conviction in any court of this state shall be, pursuant ",,,,PA2021_001,SOURCE_0001,"June Sp. Sess. P.A. 21-1, Sec. 9"
TL_0108,2023-01-04,committee referral,SB0009: Referred to Joint Committee on Public Health,AN ACT CONCERNING HEALTH AND WELLNESS FOR CONNECTICUT RESIDENTS,,Public Health Committee,BILL_2023_SB0009,PA2023_097,SOURCE_0010,"Bill History row, 2023-01-04"
TL_0611,2023-01-10,milestone,First adult-use retail sales,Hybrid retailers open to adult-use customers.,ISSUE_LICENSING,,,,SOURCE_0010,
TL_0014,2023-02-16,committee referral,HB6699: Referred to Joint Committee on General Law,AN ACT CONCERNING CANNABIS REGULATION,,General Law Committee,BILL_2023_HB6699,PA2023_079,SOURCE_0010,"Bill History row, 2023-02-16"
TL_0103,2023-02-16,committee referral,HB6698: Referred to Joint Committee on General Law,"AN ACT CONCERNING DRUG POLICY, SUBSTANCE ABUSE AND PEER SUPPORT SERVICES",,General Law Committee,BILL_2023_HB6698,,SOURCE_0010,"Bill History row, 2023-02-16"
TL_0015,2023-02-17,public hearing,HB6699: Public Hearing 02/23,AN ACT CONCERNING CANNABIS REGULATION,,General Law Committee,BILL_2023_HB6699,PA2023_079,SOURCE_0010,"Bill History row, 2023-02-17"
TL_0104,2023-02-17,public hearing,HB6698: Public Hearing 02/21,"AN ACT CONCERNING DRUG POLICY, SUBSTANCE ABUSE AND PEER SUPPORT SERVICES",,General Law Committee,BILL_2023_HB6698,,SOURCE_0010,"Bill History row, 2023-02-17"
TL_0016,2023-03-07,committee report,HB6699: Joint Favorable Substitute,AN ACT CONCERNING CANNABIS REGULATION,,General Law Committee,BILL_2023_HB6699,PA2023_079,SOURCE_0010,"Bill History row, 2023-03-07"
TL_0105,2023-03-07,committee report,HB6698: Joint Favorable Substitute,"AN ACT CONCERNING DRUG POLICY, SUBSTANCE ABUSE AND PEER SUPPORT SERVICES",,General Law Committee,BILL_2023_HB6698,,SOURCE_0010,"Bill History row, 2023-03-07"
TL_0109,2023-03-15,committee referral,SB0009: Referred to Joint Committee on Public Health,AN ACT CONCERNING HEALTH AND WELLNESS FOR CONNECTICUT RESIDENTS,,Public Health Committee,BILL_2023_SB0009,PA2023_097,SOURCE_0010,"Bill History row, 2023-03-15"
TL_0110,2023-03-17,public hearing,SB0009: Public Hearing 03/22,AN ACT CONCERNING HEALTH AND WELLNESS FOR CONNECTICUT RESIDENTS,,Public Health Committee,BILL_2023_SB0009,PA2023_097,SOURCE_0010,"Bill History row, 2023-03-17"
TL_0017,2023-03-23,committee report,"HB6699: Favorable Report, Tabled for the Calendar, House",AN ACT CONCERNING CANNABIS REGULATION,,General Law Committee,BILL_2023_HB6699,PA2023_079,SOURCE_0010,"Bill History row, 2023-03-23"
TL_0106,2023-03-23,committee report,"HB6698: Favorable Report, Tabled for the Calendar, House","AN ACT CONCERNING DRUG POLICY, SUBSTANCE ABUSE AND PEER SUPPORT SERVICES",,General Law Committee,BILL_2023_HB6698,,SOURCE_0010,"Bill History row, 2023-03-23"
TL_0111,2023-03-27,committee report,SB0009: Joint Favorable Substitute,AN ACT CONCERNING HEALTH AND WELLNESS FOR CONNECTICUT RESIDENTS,,Public Health Committee,BILL_2023_SB0009,PA2023_097,SOURCE_0010,"Bill History row, 2023-03-27"
TL_0112,2023-04-12,committee report,"SB0009: Favorable Report, Tabled for the Calendar, Senate",AN ACT CONCERNING HEALTH AND WELLNESS FOR CONNECTICUT RESIDENTS,,Public Health Committee,BILL_2023_SB0009,PA2023_097,SOURCE_0010,"Bill History row, 2023-04-12"
TL_0591,2023-04-26,access event,Andréa Comer → SEC Reinvestment Committee member,RECUSAL/CONFLICT DECLARATION (imported from L31) (abstention (no reason recorded)),,Andréa Comer,,,SOURCE_0023,INFLUENCE_WORKBOOK.xlsx!Political_Access_Log row 38
TL_0592,2023-04-26,access event,Paul O. Robertson → SEC Reinvestment Committee member,RECUSAL/CONFLICT DECLARATION (imported from L31) (abstention (no reason recorded)),,Paul O. Robertson,,,SOURCE_0023,INFLUENCE_WORKBOOK.xlsx!Political_Access_Log row 39
TL_0593,2023-04-26,access event,Avery Gaddis; Subira Gordon → SEC Reinvestment Committee members,RECUSAL/CONFLICT DECLARATION (imported from L31) (abstention (no reason recorded)),,Avery Gaddis; Subira Gordon,,,SOURCE_0023,INFLUENCE_WORKBOOK.xlsx!Political_Access_Log row 40
TL_0594,2023-04-26,access event,Subira Gordon → SEC Reinvestment Committee member,RECUSAL/CONFLICT DECLARATION (imported from L31) (vote not recorded),,Subira Gordon,,,SOURCE_0023,INFLUENCE_WORKBOOK.xlsx!Political_Access_Log row 41
TL_0107,2023-05-01,committee report,HB6698: Joint Favorable,"AN ACT CONCERNING DRUG POLICY, SUBSTANCE ABUSE AND PEER SUPPORT SERVICES",,General Law Committee,BILL_2023_HB6698,,SOURCE_0010,"Bill History row, 2023-05-01"
TL_0597,2023-05-03,access event,CT Cannabis Chamber of Commerce → Legislators met not published,hosted Lobby Day at the Capitol,,CT Cannabis Chamber of Commerce,,,SOURCE_0023,S-L35-0008
TL_0113,2023-05-08,committee report,SB0009: Joint Favorable,AN ACT CONCERNING HEALTH AND WELLNESS FOR CONNECTICUT RESIDENTS,,Public Health Committee,BILL_2023_SB0009,PA2023_097,SOURCE_0010,"Bill History row, 2023-05-08"
TL_0018,2023-05-09,chamber passage,HB6699: House Passed as Amended by House Amendment Schedule A,AN ACT CONCERNING CANNABIS REGULATION,,General Law Committee,BILL_2023_HB6699,PA2023_079,SOURCE_0010,"Bill History row, 2023-05-09"
TL_0114,2023-05-09,committee report,"SB0009: Favorable Report, Tabled for the Calendar, Senate",AN ACT CONCERNING HEALTH AND WELLNESS FOR CONNECTICUT RESIDENTS,,Public Health Committee,BILL_2023_SB0009,PA2023_097,SOURCE_0010,"Bill History row, 2023-05-09"
TL_0019,2023-05-11,committee report,"HB6699: Favorable Report, Tabled for the Calendar, Senate",AN ACT CONCERNING CANNABIS REGULATION,,General Law Committee,BILL_2023_HB6699,PA2023_079,SOURCE_0010,"Bill History row, 2023-05-11"
TL_0598,2023-05-19,access event,CT Cannabis Chamber of Commerce → SEC leadership (unnamed in listing),"hosted Social Equity Licensee / Social Equity Leadership Roundtable, Hartford",,CT Cannabis Chamber of Commerce,,,SOURCE_0023,S-L35-0008
TL_0115,2023-05-25,chamber passage,"SB0009: Senate Passed as Amended by Senate Amendment Schedule A,C",AN ACT CONCERNING HEALTH AND WELLNESS FOR CONNECTICUT RESIDENTS,,Public Health Committee,BILL_2023_SB0009,PA2023_097,SOURCE_0010,"Bill History row, 2023-05-25"
TL_0116,2023-05-26,committee report,"SB0009: Favorable Report, Tabled for the Calendar, House",AN ACT CONCERNING HEALTH AND WELLNESS FOR CONNECTICUT RESIDENTS,,Public Health Committee,BILL_2023_SB0009,PA2023_097,SOURCE_0010,"Bill History row, 2023-05-26"
TL_0117,2023-06-02,chamber passage,SB0009: House Passed as Amended by House Amendment Schedule A,AN ACT CONCERNING HEALTH AND WELLNESS FOR CONNECTICUT RESIDENTS,,Public Health Committee,BILL_2023_SB0009,PA2023_097,SOURCE_0010,"Bill History row, 2023-06-02"
TL_0118,2023-06-02,chamber passage,"SB0009: House Passed as Amended by Senate Amendment Schedule A,C",AN ACT CONCERNING HEALTH AND WELLNESS FOR CONNECTICUT RESIDENTS,,Public Health Committee,BILL_2023_SB0009,PA2023_097,SOURCE_0010,"Bill History row, 2023-06-02"
TL_0020,2023-06-05,chamber passage,HB6699: Senate Passed as Amended by House Amendment Schedule A,AN ACT CONCERNING CANNABIS REGULATION,,General Law Committee,BILL_2023_HB6699,PA2023_079,SOURCE_0010,"Bill History row, 2023-06-05"
TL_0119,2023-06-05,chamber passage,SB0009: Senate Passed as Amended by House Amendment Schedule A,AN ACT CONCERNING HEALTH AND WELLNESS FOR CONNECTICUT RESIDENTS,,Public Health Committee,BILL_2023_SB0009,PA2023_097,SOURCE_0010,"Bill History row, 2023-06-05"
TL_0120,2023-06-05,chamber passage,"SB0009: Senate Passed as Amended by Senate Amendment Schedule A,C",AN ACT CONCERNING HEALTH AND WELLNESS FOR CONNECTICUT RESIDENTS,,Public Health Committee,BILL_2023_SB0009,PA2023_097,SOURCE_0010,"Bill History row, 2023-06-05"
TL_0021,2023-06-12,public act assigned,HB6699: Public Act 23-79,AN ACT CONCERNING CANNABIS REGULATION,,General Law Committee,BILL_2023_HB6699,PA2023_079,SOURCE_0010,"Bill History row, 2023-06-12"
TL_0121,2023-06-12,public act assigned,SB0009: Public Act 23-97,AN ACT CONCERNING HEALTH AND WELLNESS FOR CONNECTICUT RESIDENTS,,Public Health Committee,BILL_2023_SB0009,PA2023_097,SOURCE_0010,"Bill History row, 2023-06-12"
TL_0562,2023-06-21,access event,Art Linares (Linares Land Capital; CEO Connecticut Social Eq → A New Day PAC (chair of record Sen. James Maroney) - event 0,CONTRIBUTION (disclosed campaign finance),,Art Linares (Linares Land Capital; CEO Connecticut Social Equity LLC per other filings),,,SOURCE_0023,INFLUENCE_WORKBOOK.xlsx!Political_Access_Log row 9
TL_0563,2023-06-21,access event,Jason Teal (Nova Farms) → A New Day PAC (Maroney) - event 06222023A,CONTRIBUTION (disclosed campaign finance),,Jason Teal (Nova Farms),,,SOURCE_0023,INFLUENCE_WORKBOOK.xlsx!Political_Access_Log row 10
TL_0022,2023-06-26,signed,HB6699: Signed by the Governor,AN ACT CONCERNING CANNABIS REGULATION,,General Law Committee,BILL_2023_HB6699,PA2023_079,SOURCE_0010,"Bill History row, 2023-06-26"
TL_0122,2023-06-28,signed,SB0009: Signed by the Governor,AN ACT CONCERNING HEALTH AND WELLNESS FOR CONNECTICUT RESIDENTS,,Public Health Committee,BILL_2023_SB0009,PA2023_097,SOURCE_0010,"Bill History row, 2023-06-28"
TL_0599,2023-06-29,access event,CT Cannabis Chamber of Commerce → Officials unnamed,"hosted Workforce Development, Labor Laws & Unions, Farmington",,CT Cannabis Chamber of Commerce,,,SOURCE_0023,S-L35-0008
TL_0257,2023-07-01,law takes effect,June Sp. Sess. P.A. 21-1 Sec. 162 takes effect,"(NEW) (Effective July 1, 2023) Notwithstanding the provisions of section 13 of this act, any consumer may cultivate up to three mature cannabis plants and three immature cannabis plants in the consumer's primary residence, provided such plants are secure from access by any individual other than the consumer and no more than twelve cannabis plants may be grown at any given time per household. June ",,,,PA2021_001,SOURCE_0001,"June Sp. Sess. P.A. 21-1, Sec. 162"
TL_0276,2023-07-01,law takes effect,P.A. 22-103 Sec. 15 takes effect,"Subsection (a) of section 21a-408d of the 2022 supplement to the general statutes, as amended by section 14 of this act, is repealed and the following is substituted in lieu thereof (Effective July 1, 2023): (a) Each qualifying patient who is issued a written certification for the palliative use of marijuana under subdivision (1) of subsection (a) of section 21a-408a, as amended by this act, and t",,,,PA2022_103,SOURCE_0002,"P.A. 22-103, Sec. 15"
TL_0278,2023-07-01,law takes effect,P.A. 22-103 Sec. 17 takes effect,"Section 21a-408m of the 2022 supplement to the general statutes, as amended by section 16 of this act, is repealed and the following is substituted in lieu thereof (Effective July 1, 2023): (a) The Commissioner of Consumer Protection may adopt regulations, in accordance with chapter 54, to establish (1) a standard form for written certifications for the palliative use of marijuana issued by physic",,,,PA2022_103,SOURCE_0002,"P.A. 22-103, Sec. 17"
TL_0542,2023-07-01,agency action,Department of Consumer Protection: adult use — Method; COA validity,"as recorded — ""Collaboration (AOAC) International, which includes quantitative polymerase chain reaction (qPCR)""; results ""valid for a period of [one year] thirty days""",ISSUE_AGENCY,Department of Consumer Protection,,,SOURCE_0023,LRT-14
TL_0555,2023-12-06,access event,CT Cannabis Chamber of Commerce → Rep. Jason Rojas (House Majority Leader) - Legislator of the,EVENT/AWARD (public event),,CT Cannabis Chamber of Commerce,,,SOURCE_0023,INFLUENCE_WORKBOOK.xlsx!Political_Access_Log row 2
TL_0556,2023-12-06,access event,CT Cannabis Chamber of Commerce → Rodeo Cannabis Co. (Connecticut Social Equity LLC) - Cultiva,EVENT/AWARD (public event),,CT Cannabis Chamber of Commerce,,,SOURCE_0023,INFLUENCE_WORKBOOK.xlsx!Political_Access_Log row 3
TL_0600,2023-12-06,access event,"CT Cannabis Chamber of Commerce (sponsorship tiers $1,500-$1 → Rep. Jason Rojas (House Majority Leader)","hosted ""Together We Grow 2023"" conference, expo and awards, The Hartford Club",,"CT Cannabis Chamber of Commerce (sponsorship tiers $1,500-$15,000 published; sponsor names not captured)",,,SOURCE_0023,"S-L35-0008 (event-details/together-we-grow-2023, embedded event ""about"" text)"
TL_0576,2023-2024 ,access event,"Budr Cannabis - $69,382.25 compensation (cannabis issue decl → General Assembly / agencies",LOBBYING (client compensation) (registered lobbying (OSE)),,"Budr Cannabis - $69,382.25 compensation (cannabis issue declared)",,,SOURCE_0023,INFLUENCE_WORKBOOK.xlsx!Political_Access_Log row 23
TL_0577,2023-2024 ,access event,"Connecticut Social Equity Holdings (Rodeo parent) - $63,810; → General Assembly / agencies",LOBBYING (client compensation) (registered lobbying (OSE)),,"Connecticut Social Equity Holdings (Rodeo parent) - $63,810; $0 reported 2025-26",,,SOURCE_0023,INFLUENCE_WORKBOOK.xlsx!Political_Access_Log row 24
TL_0580,2023-2026 ,access event,"Affinity entities - $63,992.50 (2023-24), $42,540 + MCEJV $3 → General Law Committee",LOBBYING (client compensation) (registered lobbying (OSE)),,"Affinity entities - $63,992.50 (2023-24), $42,540 + MCEJV $30,628.80 (2025-26)",,,SOURCE_0023,INFLUENCE_WORKBOOK.xlsx!Political_Access_Log row 27
TL_0543,2024-01-05,agency action,Department of Consumer Protection: adult use + medical products — Remediation disclosure,"as recorded — ""Processing techniques include any pre-treatment performed proactively as part of a standard process or reactively as a means of remediating the product after a failed test. These should be brand-specific and clearly listed for the consumer.""",ISSUE_AGENCY,Department of Consumer Protection,,,SOURCE_0023,LRT-15
TL_0023,2024-02-15,committee referral,HB5150: Referred to Joint Committee on General Law,AN ACT CONCERNING CANNABIS AND HEMP REGULATION,,General Law Committee,BILL_2024_HB5150,PA2024_076,SOURCE_0010,"Bill History row, 2024-02-15"
TL_0024,2024-02-16,public hearing,HB5150: Public Hearing 02/22,AN ACT CONCERNING CANNABIS AND HEMP REGULATION,,General Law Committee,BILL_2024_HB5150,PA2024_076,SOURCE_0010,"Bill History row, 2024-02-16"
TL_0601,2024-02-29,access event,CT Cannabis Chamber of Commerce → —,"hosted Chamber Annual Meeting, Hartford",,CT Cannabis Chamber of Commerce,,,SOURCE_0023,S-L35-0008
TL_0025,2024-03-12,committee report,HB5150: Joint Favorable Substitute,AN ACT CONCERNING CANNABIS AND HEMP REGULATION,,General Law Committee,BILL_2024_HB5150,PA2024_076,SOURCE_0010,"Bill History row, 2024-03-12"
TL_0026,2024-04-02,committee report,"HB5150: Favorable Report, Tabled for the Calendar, House",AN ACT CONCERNING CANNABIS AND HEMP REGULATION,,General Law Committee,BILL_2024_HB5150,PA2024_076,SOURCE_0010,"Bill History row, 2024-04-02"
TL_0602,2024-04-23,access event,CT Cannabis Chamber of Commerce → Legislators met not published,"hosted Lobby Day, Legislative Office Building (""meeting with legislators"")",,CT Cannabis Chamber of Commerce,,,SOURCE_0023,S-L35-0008
TL_0027,2024-04-29,committee report,HB5150: Joint Favorable,AN ACT CONCERNING CANNABIS AND HEMP REGULATION,,General Law Committee,BILL_2024_HB5150,PA2024_076,SOURCE_0010,"Bill History row, 2024-04-29"
TL_0028,2024-04-30,chamber passage,HB5150: House Passed as Amended by House Amendment Schedule A,AN ACT CONCERNING CANNABIS AND HEMP REGULATION,,General Law Committee,BILL_2024_HB5150,PA2024_076,SOURCE_0010,"Bill History row, 2024-04-30"
TL_0029,2024-05-02,committee report,"HB5150: Favorable Report, Tabled for the Calendar, Senate",AN ACT CONCERNING CANNABIS AND HEMP REGULATION,,General Law Committee,BILL_2024_HB5150,PA2024_076,SOURCE_0010,"Bill History row, 2024-05-02"
TL_0030,2024-05-08,chamber passage,HB5150: Senate Passed as Amended by House Amendment Schedule A,AN ACT CONCERNING CANNABIS AND HEMP REGULATION,,General Law Committee,BILL_2024_HB5150,PA2024_076,SOURCE_0010,"Bill History row, 2024-05-08"
TL_0031,2024-05-17,public act assigned,HB5150: Public Act 24-76,AN ACT CONCERNING CANNABIS AND HEMP REGULATION,,General Law Committee,BILL_2024_HB5150,PA2024_076,SOURCE_0010,"Bill History row, 2024-05-17"
TL_0311,2024-05-30,law takes effect,P.A. 24-76 Sec. 29 takes effect,"(NEW) (Effective from passage) (a) For the purposes of this section: (1) ""Business"" means any individual or sole proprietorship, partnership, firm, corporation, trust, limited liability company, limited liability partnership, joint stock company, joint venture, association or other legal entity through which business for profit or not-for-profit is conducted; (2) ""Commissioner"" means the Commissio",,,,PA2024_076,SOURCE_0003,"P.A. 24-76, Sec. 29"
TL_0312,2024-05-30,law takes effect,P.A. 24-76 Sec. 30 takes effect,"(NEW) (Effective from passage) (a) For the purposes of this section: (1) ""Dispensary facility"" has the same meaning as provided in section 21a-420 of the general statutes, as amended by this act; (2) ""Hybrid retailer"" has the same meaning as provided in section 21a- 420 of the general statutes, as amended by this act; (3) ""Legacy infused beverage"" means a beverage that (A) is not an alcoholic beve",,,,PA2024_076,SOURCE_0003,"P.A. 24-76, Sec. 30"
TL_0283,2024-07-01,law takes effect,P.A. 24-76 Sec. 1 takes effect,"Section 21a-240 of the 2024 supplement to the general statutes is repealed and the following is substituted in lieu thereof (Effective July 1, 2024): The following words and phrases, as used in this chapter, shall have the following meanings, unless the context otherwise requires: (1) ""Abuse of drugs"" means the use of controlled substances solely for their stimulant, depressant or hallucinogenic e",,,,PA2024_076,SOURCE_0003,"P.A. 24-76, Sec. 1"
TL_0284,2024-07-01,law takes effect,P.A. 24-76 Sec. 2 takes effect,"Section 21a-408 of the 2024 supplement to the general statutes is repealed and the following is substituted in lieu thereof (Effective July 1, 2024): As used in this section, sections 21a-408a to 21a-408o, inclusive, [and] sections 21a-408r to 21a-408v, inclusive, and section 3 of this act, unless the context otherwise requires: (1) ""Advanced practice registered nurse"" means an advanced practice r",,,,PA2024_076,SOURCE_0003,"P.A. 24-76, Sec. 2"
TL_0285,2024-07-01,law takes effect,P.A. 24-76 Sec. 3 takes effect,"(NEW) (Effective July 1, 2024) (a) Each cannabis establishment shall submit marijuana samples to a cannabis testing laboratory for testing as set forth in subsection (b) of this section. (b) (1) A cannabis testing laboratory shall test each marijuana sample submitted pursuant to subsection (a) of this section (A) for microbiological contaminants, mycotoxins, heavy metals and pesticide chemical res",,,,PA2024_076,SOURCE_0003,"P.A. 24-76, Sec. 3"
TL_0286,2024-07-01,law takes effect,P.A. 24-76 Sec. 4 takes effect,"Section 21a-420 of the 2024 supplement to the general statutes is repealed and the following is substituted in lieu thereof (Effective July 1, 2024): As used in RERACA, unless the context otherwise requires: (1) ""Responsible and Equitable Regulation of Adult-Use Cannabis Act"" or ""RERACA"" means this section, sections 2-56j, 7-294kk, 7-294ll, 12-330ll to 12-330nn, inclusive, 14-227p, 21a-278b, 21a-2",,,,PA2024_076,SOURCE_0003,"P.A. 24-76, Sec. 4"
TL_0287,2024-07-01,law takes effect,P.A. 24-76 Sec. 5 takes effect,"(NEW) (Effective July 1, 2024) (a) (1) During the period beginning July 1, 2024, and ending March 31, 2025, a social equity applicant that has submitted an application to the department for a cultivator license pursuant to subsection (a) of section 21a-420o of the general statutes, as amended by this act, may withdraw such application and apply for a micro-cultivator license pursuant to this secti",,,,PA2024_076,SOURCE_0003,"P.A. 24-76, Sec. 5"
TL_0288,2024-07-01,law takes effect,P.A. 24-76 Sec. 6 takes effect,"(NEW) (Effective July 1, 2024) (a) For the purposes of this section: (1) ""Container"" (A) means an object that is offered, intended for sale or sold to a consumer and directly contains an infused beverage or legacy infused beverage, and (B) does not include an object or packaging that indirectly contains, or contains in bulk for transportation purposes, an infused beverage or legacy infused beverag",,,,PA2024_076,SOURCE_0003,"P.A. 24-76, Sec. 6"
TL_0289,2024-07-01,law takes effect,P.A. 24-76 Sec. 7 takes effect,"Section 21a-420c of the general statutes is repealed and the following is substituted in lieu thereof (Effective July 1, 2024): (a) Except as provided in RERACA and chapter 420b or 420f, (1) no person, other than a retailer, hybrid retailer, micro-cultivator or delivery service, or an employee thereof in the course of [his or her] such employee's employment, may sell or offer cannabis to a consume",,,,PA2024_076,SOURCE_0003,"P.A. 24-76, Sec. 7"
TL_0291,2024-07-01,law takes effect,P.A. 24-76 Sec. 9 takes effect,"Subsection (k) of section 21a-420d of the 2024 supplement to the general statutes is repealed and the following is substituted in lieu thereof (Effective July 1, 2024): (k) The council shall develop criteria for evaluating the ownership and control of any equity joint venture created under section 21a-420m, as amended by this act, 21a-420u, as amended by this act, [or] 21a-420j or section 5 of thi",,,,PA2024_076,SOURCE_0003,"P.A. 24-76, Sec. 9"
TL_0292,2024-07-01,law takes effect,P.A. 24-76 Sec. 10 takes effect,"Subsection (c) of section 21a-420e of the 2024 supplement to the general statutes is repealed and the following is substituted in lieu thereof (Effective July 1, 2024): (c) Except as provided in subsection (d) of this section, the following fees shall be paid by each applicant: (1) For a retailer license, the fee to enter the lottery shall be five hundred dollars, the fee to receive a provisional ",,,,PA2024_076,SOURCE_0003,"P.A. 24-76, Sec. 10"
TL_0293,2024-07-01,law takes effect,P.A. 24-76 Sec. 11 takes effect,"Subsection (b) of section 21a-420g of the 2024 supplement to the general statutes is repealed and the following is substituted in lieu thereof (Effective July 1, 2024): (b) Except as provided in section 21a-420o, as amended by this act, and section 5 of this act, prior to the first date that the department begins accepting applications for a license type, the department shall determine the maximum",,,,PA2024_076,SOURCE_0003,"P.A. 24-76, Sec. 11"
TL_0294,2024-07-01,law takes effect,P.A. 24-76 Sec. 12 takes effect,"Subsection (b) of section 21a-420m of the 2024 supplement to the general statutes is repealed and the following is substituted in lieu thereof (Effective July 1, 2024): (b) The equity joint venture shall be in any cannabis establishment licensed business, other than a cultivator license, provided such equity joint venture is at least fifty per cent owned and controlled by an individual or individu",,,,PA2024_076,SOURCE_0003,"P.A. 24-76, Sec. 12"
TL_0295,2024-07-01,law takes effect,P.A. 24-76 Sec. 13 takes effect,"Section 21a-420o of the 2024 supplement to the general statutes is repealed and the following is substituted in lieu thereof (Effective July 1, 2024): (a) Thirty days after the Social Equity Council posts the criteria for social equity applicants on its Internet web site, the department shall open up a three-month application period for cultivators during which a social equity applicant may apply ",,,,PA2024_076,SOURCE_0003,"P.A. 24-76, Sec. 13"
TL_0296,2024-07-01,law takes effect,P.A. 24-76 Sec. 14 takes effect,"Section 21a-420p of the 2024 supplement to the general statutes is repealed and the following is substituted in lieu thereof (Effective July 1, 2024): (a) On and after July 1, 2021, the department may issue or renew a license for a person to be a micro-cultivator. No person may act as a micro-cultivator or represent that such person is a licensed micro- cultivator unless such person has obtained a",,,,PA2024_076,SOURCE_0003,"P.A. 24-76, Sec. 14"
TL_0297,2024-07-01,law takes effect,P.A. 24-76 Sec. 15 takes effect,"Subsection (b) of section 21a-420u of the 2024 supplement to the general statutes is repealed and the following is substituted in lieu thereof (Effective July 1, 2024): (b) Any equity joint venture created under this section shall be created for the development of a cannabis establishment, other than a cultivator, provided such equity joint venture is at least fifty per cent owned and controlled b",,,,PA2024_076,SOURCE_0003,"P.A. 24-76, Sec. 15"
TL_0298,2024-07-01,law takes effect,P.A. 24-76 Sec. 16 takes effect,"Subsection (d) of section 21a-420w of the 2024 supplement to the general statutes is repealed and the following is substituted in lieu thereof (Effective July 1, 2024): (d) A food and beverage manufacturer may sell, transfer or transport its own products to a cannabis establishment, cannabis testing laboratory or research program, or obtain cannabis from a cannabis establishment, cannabis testing ",,,,PA2024_076,SOURCE_0003,"P.A. 24-76, Sec. 16"
TL_0299,2024-07-01,law takes effect,P.A. 24-76 Sec. 17 takes effect,"Subsection (d) of section 21a-420x of the 2024 supplement to the general statutes is repealed and the following is substituted in lieu thereof (Effective July 1, 2024): (d) A product manufacturer may sell, transfer or transport its own products to a cannabis establishment, cannabis testing laboratory or research program, or obtain cannabis from a cannabis establishment, cannabis testing laboratory",,,,PA2024_076,SOURCE_0003,"P.A. 24-76, Sec. 17"
TL_0300,2024-07-01,law takes effect,P.A. 24-76 Sec. 18 takes effect,"Section 21a-420y of the 2024 supplement to the general statutes is repealed and the following is substituted in lieu thereof (Effective July 1, 2024): (a) On and after July 1, 2021, the department may issue or renew a license for a person to be a product packager. No person may act as a product packager or represent that such person is a product packager unless such person has obtained a license f",,,,PA2024_076,SOURCE_0003,"P.A. 24-76, Sec. 18"
TL_0301,2024-07-01,law takes effect,P.A. 24-76 Sec. 19 takes effect,"Section 21a-421e of the general statutes is repealed and the following is substituted in lieu thereof (Effective July 1, 2024): (a) As used in this section: [, ""project labor agreement""] (1) ""Affiliated business entity"" means a business entity that, either directly or indirectly through one or more intermediaries, is controlled by, or is under common control with, a cannabis establishment; (2) ""Co",,,,PA2024_076,SOURCE_0003,"P.A. 24-76, Sec. 19"
TL_0302,2024-07-01,law takes effect,P.A. 24-76 Sec. 20 takes effect,"Subsection (b) of section 21a-421j of the 2024 supplement to the general statutes is repealed and the following is substituted in lieu thereof (Effective July 1, 2024): (b) The commissioner shall adopt regulations in accordance with chapter 54 to implement the provisions of RERACA. Notwithstanding the requirements of sections 4-168 to 4-172, inclusive, in order to effectuate the purposes of RERACA",,,,PA2024_076,SOURCE_0003,"P.A. 24-76, Sec. 20"
TL_0303,2024-07-01,law takes effect,P.A. 24-76 Sec. 21 takes effect,"Subsection (b) of section 21a-421l of the general statutes is repealed and the following is substituted in lieu thereof (Effective July 1, 2024): (b) A cannabis establishment shall (1) store all cannabis in such a manner as to prevent diversion, theft or loss, (2) make cannabis accessible only to the minimum number of specifically authorized employees essential for efficient operation, and (3) ret",,,,PA2024_076,SOURCE_0003,"P.A. 24-76, Sec. 21"
TL_0304,2024-07-01,law takes effect,P.A. 24-76 Sec. 22 takes effect,"Subsection (b) of section 21a-421bb of the 2024 supplement to the general statutes is repealed and the following is substituted in lieu thereof (Effective July 1, 2024): (b) Except as provided in subsection (d) of this section, cannabis establishments shall not: (1) Advertise, including, but not limited to, through a business name or logo, cannabis, cannabis paraphernalia or goods or services rela",,,,PA2024_076,SOURCE_0003,"P.A. 24-76, Sec. 22"
TL_0305,2024-07-01,law takes effect,P.A. 24-76 Sec. 23 takes effect,"Subdivision (30) of section 22-61l of the 2024 supplement to the general statutes is repealed and the following is substituted in lieu thereof (Effective July 1, 2024): (30) ""Manufacturer hemp product"" (A) means a commodity manufactured from the hemp plant, for commercial or research purposes, that is intended for human ingestion, inhalation, absorption or other internal consumption, that contains",,,,PA2024_076,SOURCE_0003,"P.A. 24-76, Sec. 23"
TL_0306,2024-07-01,law takes effect,P.A. 24-76 Sec. 24 takes effect,"Section 22-61m of the 2024 supplement to the general statutes is repealed and the following is substituted in lieu thereof (Effective July 1, 2024): (a) No person shall manufacture in the state without a license to manufacture issued by the Commissioner of Consumer Protection. Nothing in this section shall be construed to prohibit a person who is licensed in another state to manufacture, handle, s",,,,PA2024_076,SOURCE_0003,"P.A. 24-76, Sec. 24"
TL_0307,2024-07-01,law takes effect,P.A. 24-76 Sec. 25 takes effect,"Subsection (c) of section 22-61n of the 2024 supplement to the general statutes is repealed and the following is substituted in lieu thereof (Effective July 1, 2024): (c) Hemp or hemp products purchased by a producer, cultivator, micro-cultivator, [or] product manufacturer or food and beverage manufacturer from a third party shall be tracked as a separate batch throughout the manufacturing process",,,,PA2024_076,SOURCE_0003,"P.A. 24-76, Sec. 25"
TL_0308,2024-07-01,law takes effect,P.A. 24-76 Sec. 26 takes effect,"(NEW) (Effective July 1, 2024) For the purposes of this section and sections 27 and 28 of this act: (1) ""Cannabis"" means marijuana, as defined in section 21a-240 of the general statutes, as amended by this act; (2) ""Cannabis establishment"" has the same meaning as provided in section 21a-420 of the general statutes, as amended by this act; (3) ""Cannabis product"" has the same meaning as provided in ",,,,PA2024_076,SOURCE_0003,"P.A. 24-76, Sec. 26"
TL_0309,2024-07-01,law takes effect,P.A. 24-76 Sec. 27 takes effect,"(NEW) (Effective July 1, 2024) (a) Notwithstanding the provisions of sections 22-61m of the general statutes, as amended by this act, and 22-61n of the general statutes, as amended by this act, and except as provided in subsection (c) of this section, no person shall, on or after October 1, 2024, manufacture any infused beverage that is intended to be sold or offered for sale in this state unless ",,,,PA2024_076,SOURCE_0003,"P.A. 24-76, Sec. 27"
TL_0310,2024-07-01,law takes effect,P.A. 24-76 Sec. 28 takes effect,"(NEW) (Effective July 1, 2024) (a) (1) Beginning on October 1, 2024, no infused beverage shall be sold, offered for sale or distributed in this state unless: (A) The infused beverage is sold or offered for sale (i) on premises operating under a package store permit issued pursuant to subsection (b) of section 30-20 of the general statutes, as amended by this act, or (ii) at a dispensary facility, ",,,,PA2024_076,SOURCE_0003,"P.A. 24-76, Sec. 28"
TL_0314,2024-07-01,law takes effect,P.A. 24-76 Sec. 35 takes effect,"(NEW) (Effective July 1, 2024) (a) For the purposes of this section: (1) ""Container"" has the same meaning as provided in section 26 of this act; and (2) ""Infused beverage"" has the same meaning as provided in section 26 of this act. (b) A fee of one dollar shall be assessed by the holder of a wholesaler permit or a wholesaler permit for beer issued under section 30-17 of the general statutes on eac",,,,PA2024_076,SOURCE_0003,"P.A. 24-76, Sec. 35"
TL_0315,2024-07-01,law takes effect,P.A. 24-76 Sec. 36 takes effect,"(NEW) (Effective July 1, 2024) Notwithstanding the provisions of section 21a-8a of the general statutes, the Commissioner of Consumer Protection shall, upon request by the Attorney General, execute an agreement with the Attorney General pursuant to which the Department of Consumer Protection shall provide to the Office of the Attorney General, from such funds as may be available in the consumer pr",,,,PA2024_076,SOURCE_0003,"P.A. 24-76, Sec. 36"
TL_0544,2024-07-01,agency action,Department of Consumer Protection: medical + adult use — Aspergillus; qPCR; retest; remediation,"as recorded — ""(1) Repeat testing ... in a form and manner approved by the Department of Consumer Protection. If all repeated testing yields satisfactory results, the marijuana batch ... shall be released for sale; (2) If such cannabis establishment submits ... a remediation plan ... and the commissioner approves ..., remediate ... and repeat all testing""",ISSUE_AGENCY,Department of Consumer Protection,,,SOURCE_0023,LRT-16
TL_0557,2024-09-12,access event,CT Cannabis Chamber of Commerce → Sen. James Maroney - Legislator of the Year; DCP Director Ro,EVENT/AWARD (public event),,CT Cannabis Chamber of Commerce,,,SOURCE_0023,INFLUENCE_WORKBOOK.xlsx!Political_Access_Log row 4
TL_0558,2024-09-12,access event,CT Cannabis Chamber of Commerce → Budr - Dispensary of the Year; SEC Chair/ED roundtable with ,EVENT/AWARD (public event),,CT Cannabis Chamber of Commerce,,,SOURCE_0023,INFLUENCE_WORKBOOK.xlsx!Political_Access_Log row 5
TL_0603,2024-09-12,access event,CT Cannabis Chamber of Commerce → Sen. Maroney (GL Senate chair); DCP Director Marriott; DCP C,"hosted ""Together We Grow"" (third annual) business expo and awards, Hartford HealthCare Amphitheater, Bridgeport",,CT Cannabis Chamber of Commerce,,,SOURCE_0023,"S-L35-0008 (event-details/together-we-grow, full ""about"" text); S-L35-0009"
TL_0545,2024-09-15,agency action,Department of Consumer Protection: adult use + medical — Retest; sampling; Aspergillus viability; chromium; point-of-sale notice,"as recorded — ""the cannabis establishment shall comply with the retesting, remediation, and disposal provisions set forth in section 3 of public act 24-76 ... which retesting shall be evidenced by a certificate of analysis. [may: (1) Retest and reanalyze the cannabis by having an employee from the same cannabis testing laboratory select ...]""; Aspergillus ""not detected as viable ... confirmed using a validated plating method""; Chromium <=0.6 / <=2.0 ug/g",ISSUE_AGENCY,Department of Consumer Protection,,,SOURCE_0023,LRT-17
TL_0546,2024-09-15,agency action,Department of Consumer Protection: adult use + medical retail — Remediation disclosure (signage),"as recorded — ""May have undergone decontamination and/or remediation processes to improve product quality or meet testing standards, which processes for cannabis have not been thoroughly studied for potential health impacts.""",ISSUE_AGENCY,Department of Consumer Protection,,,SOURCE_0023,LRT-18
TL_0564,2024-09-24,access event,"Arthur Linares (Rodeo Cannabis Co, CEO) → Democratic Leadership PAC (Senate Democratic caucus) - event",CONTRIBUTION (disclosed campaign finance),,"Arthur Linares (Rodeo Cannabis Co, CEO)",,,SOURCE_0023,INFLUENCE_WORKBOOK.xlsx!Political_Access_Log row 11
TL_0565,2024-09-24,access event,"Derrick Gibbs (Budr Cannabis, founder; OSE in-house communic → Democratic Leadership PAC - event 09242024V",CONTRIBUTION (disclosed campaign finance),,"Derrick Gibbs (Budr Cannabis, founder; OSE in-house communicator 2025-26)",,,SOURCE_0023,INFLUENCE_WORKBOOK.xlsx!Political_Access_Log row 12
TL_0566,2024-09-24,access event,Affinity Dispensary (entity) → Democratic Leadership PAC - event 09242024V,CONTRIBUTION (disclosed campaign finance),,Affinity Dispensary (entity),,,SOURCE_0023,INFLUENCE_WORKBOOK.xlsx!Political_Access_Log row 13
TL_0567,2024-09-24,access event,Jennifer Fell (Root & Pivot; Chamber director in 2025 testim → Democratic Leadership PAC - event 09242024V,CONTRIBUTION (disclosed campaign finance),,Jennifer Fell (Root & Pivot; Chamber director in 2025 testimony),,,SOURCE_0023,INFLUENCE_WORKBOOK.xlsx!Political_Access_Log row 14
TL_0290,2024-10-01,law takes effect,P.A. 24-76 Sec. 8 takes effect,"Section 21a-420c of the general statutes, as amended by section 7 of this act, is repealed and the following is substituted in lieu thereof (Effective October 1, 2024): (a) Except as provided in RERACA and chapter 420b or 420f, (1) no person, other than a retailer, hybrid retailer, micro-cultivator or delivery service, or an employee thereof in the course of such employee's employment, may sell or",,,,PA2024_076,SOURCE_0003,"P.A. 24-76, Sec. 8"
TL_0568,2024-10-07,access event,CT Cannabis Chamber of Commerce (entity) → Democratic Leadership PAC - attributed to event 09242024V,CONTRIBUTION (disclosed campaign finance),,CT Cannabis Chamber of Commerce (entity),,,SOURCE_0023,INFLUENCE_WORKBOOK.xlsx!Political_Access_Log row 15
TL_0569,2024-11-08,access event,"Kepal Patel (Shangri-La, owner) → Democratic Leadership PAC",CONTRIBUTION (disclosed campaign finance),,"Kepal Patel (Shangri-La, owner)",,,SOURCE_0023,INFLUENCE_WORKBOOK.xlsx!Political_Access_Log row 16
TL_0547,2024-11-12,agency action,Department of Consumer Protection: adult use + medical — Label: testing date/result; remediation statement,"as recorded — ""(6) A statement that the cannabis has been tested for microbiological contaminants, mycotoxins, heavy metals, pesticide residue, and residual solvents, as well as the date and the satisfactory or failing result of such testing; ... (9) ... This cannabis or cannabis product may have undergone one or more forms of decontamination or remediation.""",ISSUE_AGENCY,Department of Consumer Protection,,,SOURCE_0023,LRT-19
TL_0548,2024-11-12,agency action,Department of Consumer Protection: adult use + medical — Preliminary testing,"as recorded — ""A cannabis establishment may conduct preliminary testing on cannabis, prior to submitting cannabis for [receiving a] certificate of analysis testing, provided that the results of any such testing shall be maintained and produced in accordance with section 21a-421j-6""",ISSUE_AGENCY,Department of Consumer Protection,,,SOURCE_0023,LRT-20
TL_0549,2024-12-11,agency action,Department of Consumer Protection: adult use + medical — Disclosure of original failure; COA uploads,"as recorded — ""In the event that a product submitted for final COA testing fails and is later successfully remediated and/or retested, the original failure, including the date of the test, must be disclosed on the extended label."" ... ""Upon branding, please upload all associated COAs as a single pdf, including initial failed results.""",ISSUE_AGENCY,Department of Consumer Protection,,,SOURCE_0023,LRT-21
TL_0313,2025-01-01,law takes effect,P.A. 24-76 Sec. 31 takes effect,"(NEW) (Effective January 1, 2025) (a) As used in this section: (1) ""Cannabis establishment"" has the same meaning as provided in section 21a-420 of the general statutes, as amended by this act; (2) ""Consumer"" has the same meaning as provided in section 21a-420 of the general statutes, as amended by this act; (3) ""Container"" (A) means an object that is offered, intended for sale or sold to a consume",,,,PA2024_076,SOURCE_0003,"P.A. 24-76, Sec. 31"
TL_0550,2025-01-01,agency action,Department of Consumer Protection: adult use + medical — Batch size; random sampling,"as recorded — ""A cannabis establishment shall make the entire cannabis batch in final packaging available for random sample selection by the cannabis testing laboratory employee""; raw batches <= 40 lb; samples >= 0.4% of batch and >= 20 g",ISSUE_AGENCY,Department of Consumer Protection,,,SOURCE_0023,LRT-22
TL_0604,2025-01-16,access event,CT Cannabis Chamber of Commerce → —,hosted Social Equity Roundtable (licensees and members),,CT Cannabis Chamber of Commerce,,,SOURCE_0023,S-L35-0008
TL_0032,2025-02-05,committee referral,HB6855: Referred to Joint Committee on General Law,AN ACT CONCERNING THE DEPARTMENT OF CONSUMER PROTECTION'S RECOMMENDATIONS REGARDING DRUG CONTROL AND CANNABIS AND HEMP REGULATION,,General Law Committee,BILL_2025_HB6855,PA2025_101,SOURCE_0010,"Bill History row, 2025-02-05"
TL_0033,2025-02-07,public hearing,HB6855: Public Hearing 02/14,AN ACT CONCERNING THE DEPARTMENT OF CONSUMER PROTECTION'S RECOMMENDATIONS REGARDING DRUG CONTROL AND CANNABIS AND HEMP REGULATION,,General Law Committee,BILL_2025_HB6855,PA2025_101,SOURCE_0010,"Bill History row, 2025-02-07"
TL_0581,2025-03-04,access event,Unnamed elected officials (per Councilor Avery Gaddis) → Social Equity Council loan staff,CONTACT (reported) (calls and emails on behalf of denied/adjusted loan applicants),,Unnamed elected officials (per Councilor Avery Gaddis),,,SOURCE_0023,INFLUENCE_WORKBOOK.xlsx!Political_Access_Log row 28
TL_0041,2025-03-06,committee referral,HB7181: Referred to Joint Committee on General Law,"AN ACT CONCERNING THE REGULATION OF TOBACCO, CANNABIS, HEMP AND RELATED PRODUCTS, CONDUCT AND ESTABLISHMENTS",,General Law Committee,BILL_2025_HB7181,PA2025_166,SOURCE_0010,"Bill History row, 2025-03-06"
TL_0042,2025-03-14,public hearing,HB7181: Public Hearing 03/19,"AN ACT CONCERNING THE REGULATION OF TOBACCO, CANNABIS, HEMP AND RELATED PRODUCTS, CONDUCT AND ESTABLISHMENTS",,General Law Committee,BILL_2025_HB7181,PA2025_166,SOURCE_0010,"Bill History row, 2025-03-14"
TL_0034,2025-03-24,committee report,HB6855: Joint Favorable Substitute,AN ACT CONCERNING THE DEPARTMENT OF CONSUMER PROTECTION'S RECOMMENDATIONS REGARDING DRUG CONTROL AND CANNABIS AND HEMP REGULATION,,General Law Committee,BILL_2025_HB6855,PA2025_101,SOURCE_0010,"Bill History row, 2025-03-24"
TL_0043,2025-03-24,committee report,HB7181: Joint Favorable,"AN ACT CONCERNING THE REGULATION OF TOBACCO, CANNABIS, HEMP AND RELATED PRODUCTS, CONDUCT AND ESTABLISHMENTS",,General Law Committee,BILL_2025_HB7181,PA2025_166,SOURCE_0010,"Bill History row, 2025-03-24"
TL_0035,2025-04-09,committee report,"HB6855: Favorable Report, Tabled for the Calendar, House",AN ACT CONCERNING THE DEPARTMENT OF CONSUMER PROTECTION'S RECOMMENDATIONS REGARDING DRUG CONTROL AND CANNABIS AND HEMP REGULATION,,General Law Committee,BILL_2025_HB6855,PA2025_101,SOURCE_0010,"Bill History row, 2025-04-09"
TL_0044,2025-04-09,committee report,"HB7181: Favorable Report, Tabled for the Calendar, House","AN ACT CONCERNING THE REGULATION OF TOBACCO, CANNABIS, HEMP AND RELATED PRODUCTS, CONDUCT AND ESTABLISHMENTS",,General Law Committee,BILL_2025_HB7181,PA2025_166,SOURCE_0010,"Bill History row, 2025-04-09"
TL_0045,2025-04-25,committee report,HB7181: Joint Favorable Substitute,"AN ACT CONCERNING THE REGULATION OF TOBACCO, CANNABIS, HEMP AND RELATED PRODUCTS, CONDUCT AND ESTABLISHMENTS",,General Law Committee,BILL_2025_HB7181,PA2025_166,SOURCE_0010,"Bill History row, 2025-04-25"
TL_0046,2025-05-12,committee report,HB7181: Joint Favorable,"AN ACT CONCERNING THE REGULATION OF TOBACCO, CANNABIS, HEMP AND RELATED PRODUCTS, CONDUCT AND ESTABLISHMENTS",,General Law Committee,BILL_2025_HB7181,PA2025_166,SOURCE_0010,"Bill History row, 2025-05-12"
TL_0036,2025-06-02,chamber passage,HB6855: House Passed as Amended by House Amendment Schedule A,AN ACT CONCERNING THE DEPARTMENT OF CONSUMER PROTECTION'S RECOMMENDATIONS REGARDING DRUG CONTROL AND CANNABIS AND HEMP REGULATION,,General Law Committee,BILL_2025_HB6855,PA2025_101,SOURCE_0010,"Bill History row, 2025-06-02"
TL_0052,2025-06-02,chamber passage,HB7287: House Passed as Amended by House Amendment Schedule A,"AN ACT CONCERNING THE STATE BUDGET FOR THE BIENNIUM ENDING JUNE 30, 2027, AND MAKING APPROPRIATIONS THEREFOR, AND PROVISIONS RELATED TO REVENUE AND OTHER ITEMS IMPLEMENTING THE STATE BUDGET",,"Rep. Matthew Ritter, 1st Dist. Sen. Martin M. Looney, 11th Dist. Rep. Jason Rojas, 9th Dist. Sen. Bob Duff, 25th Dist.",BILL_2025_HB7287,PA2025_168,SOURCE_0010,"Bill History row, 2025-06-02"
TL_0037,2025-06-03,chamber passage,HB6855: Senate Passed as Amended by House Amendment Schedule A,AN ACT CONCERNING THE DEPARTMENT OF CONSUMER PROTECTION'S RECOMMENDATIONS REGARDING DRUG CONTROL AND CANNABIS AND HEMP REGULATION,,General Law Committee,BILL_2025_HB6855,PA2025_101,SOURCE_0010,"Bill History row, 2025-06-03"
TL_0038,2025-06-03,committee report,"HB6855: Favorable Report, Tabled for the Calendar, Senate",AN ACT CONCERNING THE DEPARTMENT OF CONSUMER PROTECTION'S RECOMMENDATIONS REGARDING DRUG CONTROL AND CANNABIS AND HEMP REGULATION,,General Law Committee,BILL_2025_HB6855,PA2025_101,SOURCE_0010,"Bill History row, 2025-06-03"
TL_0047,2025-06-03,committee report,"HB7181: Favorable Report, Tabled for the Calendar, Senate","AN ACT CONCERNING THE REGULATION OF TOBACCO, CANNABIS, HEMP AND RELATED PRODUCTS, CONDUCT AND ESTABLISHMENTS",,General Law Committee,BILL_2025_HB7181,PA2025_166,SOURCE_0010,"Bill History row, 2025-06-03"
TL_0048,2025-06-03,chamber passage,HB7181: House Passed as Amended by House Amendment Schedule A,"AN ACT CONCERNING THE REGULATION OF TOBACCO, CANNABIS, HEMP AND RELATED PRODUCTS, CONDUCT AND ESTABLISHMENTS",,General Law Committee,BILL_2025_HB7181,PA2025_166,SOURCE_0010,"Bill History row, 2025-06-03"
TL_0053,2025-06-03,chamber passage,HB7287: Senate Passed as Amended by House Amendment Schedule A,"AN ACT CONCERNING THE STATE BUDGET FOR THE BIENNIUM ENDING JUNE 30, 2027, AND MAKING APPROPRIATIONS THEREFOR, AND PROVISIONS RELATED TO REVENUE AND OTHER ITEMS IMPLEMENTING THE STATE BUDGET",,"Rep. Matthew Ritter, 1st Dist. Sen. Martin M. Looney, 11th Dist. Rep. Jason Rojas, 9th Dist. Sen. Bob Duff, 25th Dist.",BILL_2025_HB7287,PA2025_168,SOURCE_0010,"Bill History row, 2025-06-03"
TL_0054,2025-06-03,committee report,"HB7287: Favorable Report, Tabled for the Calendar, Senate","AN ACT CONCERNING THE STATE BUDGET FOR THE BIENNIUM ENDING JUNE 30, 2027, AND MAKING APPROPRIATIONS THEREFOR, AND PROVISIONS RELATED TO REVENUE AND OTHER ITEMS IMPLEMENTING THE STATE BUDGET",,"Rep. Matthew Ritter, 1st Dist. Sen. Martin M. Looney, 11th Dist. Rep. Jason Rojas, 9th Dist. Sen. Bob Duff, 25th Dist.",BILL_2025_HB7287,PA2025_168,SOURCE_0010,"Bill History row, 2025-06-03"
TL_0049,2025-06-04,chamber passage,HB7181: Senate Passed as Amended by House Amendment Schedule A,"AN ACT CONCERNING THE REGULATION OF TOBACCO, CANNABIS, HEMP AND RELATED PRODUCTS, CONDUCT AND ESTABLISHMENTS",,General Law Committee,BILL_2025_HB7181,PA2025_166,SOURCE_0010,"Bill History row, 2025-06-04"
TL_0039,2025-06-11,public act assigned,HB6855: Public Act 25-101,AN ACT CONCERNING THE DEPARTMENT OF CONSUMER PROTECTION'S RECOMMENDATIONS REGARDING DRUG CONTROL AND CANNABIS AND HEMP REGULATION,,General Law Committee,BILL_2025_HB6855,PA2025_101,SOURCE_0010,"Bill History row, 2025-06-11"
TL_0050,2025-06-23,public act assigned,HB7181: Public Act 25-166,"AN ACT CONCERNING THE REGULATION OF TOBACCO, CANNABIS, HEMP AND RELATED PRODUCTS, CONDUCT AND ESTABLISHMENTS",,General Law Committee,BILL_2025_HB7181,PA2025_166,SOURCE_0010,"Bill History row, 2025-06-23"
TL_0055,2025-06-23,public act assigned,HB7287: Public Act 25-168,"AN ACT CONCERNING THE STATE BUDGET FOR THE BIENNIUM ENDING JUNE 30, 2027, AND MAKING APPROPRIATIONS THEREFOR, AND PROVISIONS RELATED TO REVENUE AND OTHER ITEMS IMPLEMENTING THE STATE BUDGET",,"Rep. Matthew Ritter, 1st Dist. Sen. Martin M. Looney, 11th Dist. Rep. Jason Rojas, 9th Dist. Sen. Bob Duff, 25th Dist.",BILL_2025_HB7287,PA2025_168,SOURCE_0010,"Bill History row, 2025-06-23"
TL_0040,2025-06-24,signed,HB6855: Signed by the Governor,AN ACT CONCERNING THE DEPARTMENT OF CONSUMER PROTECTION'S RECOMMENDATIONS REGARDING DRUG CONTROL AND CANNABIS AND HEMP REGULATION,,General Law Committee,BILL_2025_HB6855,PA2025_101,SOURCE_0010,"Bill History row, 2025-06-24"
TL_0317,2025-06-24,law takes effect,P.A. 25-101 Sec. 4 takes effect,"Section 21a-243 of the general statutes is repealed and the following is substituted in lieu thereof (Effective from passage): (a) The Commissioner of Consumer Protection shall adopt regulations for the efficient enforcement and operation of sections 21a- 244 to 21a-282, inclusive. (b) The Commissioner of Consumer Protection may, so far as may be consistent with sections 21a-244 to 21a-282, inclus",,,,PA2025_101,SOURCE_0004,"P.A. 25-101, Sec. 4"
TL_0320,2025-06-24,law takes effect,P.A. 25-101 Sec. 7 takes effect,"Subdivision (2) of section 21a-420 of the general statutes is repealed and the following is substituted in lieu thereof (Effective from passage): (2) ""Backer"" means any individual with a direct or indirect financial interest in a cannabis establishment. ""Backer"" does not include (A) a bank, bank and trust company, bank holding company, Connecticut bank, Connecticut credit union, federal bank, fede",,,,PA2025_101,SOURCE_0004,"P.A. 25-101, Sec. 7"
TL_0325,2025-06-24,law takes effect,P.A. 25-101 Sec. 12 takes effect,"Subsection (e) of section 21a-420p of the general statutes is repealed and the following is substituted in lieu thereof (Effective from passage): (e) A micro-cultivator may sell, transfer or transport its cannabis to a [dispensary facility, hybrid retailer, retailer, delivery service, food and beverage manufacturer, product manufacturer,] cannabis establishment, cannabis testing laboratory or rese",,,,PA2025_101,SOURCE_0004,"P.A. 25-101, Sec. 12"
TL_0326,2025-06-24,law takes effect,P.A. 25-101 Sec. 13 takes effect,"Subsection (b) of section 21a-420r of the general statutes is repealed and the following is substituted in lieu thereof (Effective from passage): (b) A retailer may obtain cannabis from a cultivator, micro-cultivator, producer, product packager, food and beverage manufacturer, product manufacturer or transporter or an undeliverable return from a delivery service. A retailer may sell, transport or ",,,,PA2025_101,SOURCE_0004,"P.A. 25-101, Sec. 13"
TL_0327,2025-06-24,law takes effect,P.A. 25-101 Sec. 14 takes effect,"Subsection (b) of section 21a-420s of the general statutes is repealed and the following is substituted in lieu thereof (Effective from passage): (b) A hybrid retailer may obtain cannabis from a cultivator, micro- cultivator, producer, product packager, food and beverage manufacturer, product manufacturer or transporter. In addition to the activities authorized under section 21a-420t, a hybrid ret",,,,PA2025_101,SOURCE_0004,"P.A. 25-101, Sec. 14"
TL_0332,2025-06-24,law takes effect,P.A. 25-101 Sec. 19 takes effect,"Subsection (a) of section 21a-421ccc of the general statutes is repealed and the following is substituted in lieu thereof (Effective from passage): (a) No person having possession of, or exercising dominion and control over, any dwelling unit or private property shall: (1) Knowingly or recklessly permit any person under twenty-one years of age to possess cannabis in violation of section [21-279a] ",,,,PA2025_101,SOURCE_0004,"P.A. 25-101, Sec. 19"
TL_0056,2025-06-30,signed,HB7287: Signed by the Governor,"AN ACT CONCERNING THE STATE BUDGET FOR THE BIENNIUM ENDING JUNE 30, 2027, AND MAKING APPROPRIATIONS THEREFOR, AND PROVISIONS RELATED TO REVENUE AND OTHER ITEMS IMPLEMENTING THE STATE BUDGET",,"Rep. Matthew Ritter, 1st Dist. Sen. Martin M. Looney, 11th Dist. Rep. Jason Rojas, 9th Dist. Sen. Bob Duff, 25th Dist.",BILL_2025_HB7287,PA2025_168,SOURCE_0010,"Bill History row, 2025-06-30"
TL_0339,2025-06-30,law takes effect,P.A. 25-166 Sec. 7 takes effect,"Subdivision (1) of section 21a-420 of the general statutes is repealed and the following is substituted in lieu thereof (Effective from passage): (1) ""Responsible and Equitable Regulation of Adult-Use Cannabis Act"" or ""RERACA"" means this section, sections 2-56j, 7-294kk, 7-294ll, 12-330ll to 12-330nn, inclusive, 14-227p, 21a-278b, 21a-278c, 21a-279c, 21a-279d, 21a-420a to 21a-420j, inclusive, as a",,,,PA2025_166,SOURCE_0005,"P.A. 25-166, Sec. 7"
TL_0341,2025-06-30,law takes effect,P.A. 25-166 Sec. 9 takes effect,"(NEW) (Effective from passage) (a) During the period beginning January 1, 2026, and ending December 31, 2027, the department shall issue a cultivator license or micro-cultivator license to a social equity applicant, which permits such applicant to locate such applicant's cultivator or micro-cultivator facility outside of a disproportionately impacted area, provided: (1) On or before July 1, 2026, ",,,,PA2025_166,SOURCE_0005,"P.A. 25-166, Sec. 9"
TL_0344,2025-06-30,law takes effect,P.A. 25-166 Sec. 12 takes effect,"Subsections (h) to (k), inclusive, of section 21a-420d of the general statutes are repealed and the following is substituted in lieu thereof (Effective from passage): (h) Not later than January 1, 2022, the Social Equity Council shall, taking into account the results of the study conducted in accordance with subsection (g) of this section, make written recommendations, in accordance with the provi",,,,PA2025_166,SOURCE_0005,"P.A. 25-166, Sec. 12"
TL_0346,2025-06-30,law takes effect,P.A. 25-166 Sec. 14 takes effect,"Subsections (b) to (j), inclusive, of section 21a-420g of the general statutes are repealed and the following is substituted in lieu thereof (Effective from passage): (b) Except as provided in sections 21a-420o, as amended by this act, and 21a-420aa and sections 8 and 9 of this act, prior to the first date that the department begins accepting applications for a license type, the department shall d",,,,PA2025_166,SOURCE_0005,"P.A. 25-166, Sec. 14"
TL_0347,2025-06-30,law takes effect,P.A. 25-166 Sec. 15 takes effect,"Section 21a-420h of the general statutes is repealed and the following is substituted in lieu thereof (Effective from passage): The Social Equity Council shall adopt regulations, in accordance with the provisions of chapter 54, to prevent the sale or change in ownership or control of a cannabis establishment license awarded to a social equity applicant to someone other than another qualifying soci",,,,PA2025_166,SOURCE_0005,"P.A. 25-166, Sec. 15"
TL_0348,2025-06-30,law takes effect,P.A. 25-166 Sec. 16 takes effect,"Subsection (d) of section 21a-420j of the general statutes is repealed and the following is substituted in lieu thereof (Effective from passage): (d) [A] (1) Except as provided in subdivision (2) of this subsection, a cultivator licensed under section 21a-420o, as amended by this act, including the backer of such cultivator, shall not increase its ownership in an equity joint venture in excess of ",,,,PA2025_166,SOURCE_0005,"P.A. 25-166, Sec. 16"
TL_0349,2025-06-30,law takes effect,P.A. 25-166 Sec. 17 takes effect,"Subsection (g) of section 21a-420m of the general statutes is repealed and the following is substituted in lieu thereof (Effective from passage): (g) If a producer has paid a reduced conversion fee, as described in subsection (b) of section 21a-420l, and subsequently did not create two equity joint ventures under this section that, not later than [fourteen] twenty-four months after the Department ",,,,PA2025_166,SOURCE_0005,"P.A. 25-166, Sec. 17"
TL_0350,2025-06-30,law takes effect,P.A. 25-166 Sec. 18 takes effect,"Subsection (b) of section 21a-420n of the general statutes is repealed and the following is substituted in lieu thereof (Effective from passage): (b) (1) A cultivator is authorized to cultivate, grow and propagate cannabis at an establishment containing not less than fifteen thousand square feet of grow space, provided such cultivator complies with the provisions of any regulations adopted under s",,,,PA2025_166,SOURCE_0005,"P.A. 25-166, Sec. 18"
TL_0351,2025-06-30,law takes effect,P.A. 25-166 Sec. 19 takes effect,"Section 21a-420o of the general statutes is repealed and the following is substituted in lieu thereof (Effective from passage): (a) Thirty days after the Social Equity Council posts the criteria for social equity applicants on its Internet web site, the department shall open up a three-month application period for cultivators during which a social equity applicant may apply to the department for a",,,,PA2025_166,SOURCE_0005,"P.A. 25-166, Sec. 19"
TL_0354,2025-06-30,law takes effect,P.A. 25-166 Sec. 22 takes effect,"Section 21a-420q of the general statutes is repealed and the following is substituted in lieu thereof (Effective from passage): The commissioner shall adopt regulations, in accordance with the provisions of chapter 54, to establish the maximum grow space permitted by a cultivator and micro-cultivator. In adopting such regulations, the commissioner shall seek to ensure an adequate supply of cannabi",,,,PA2025_166,SOURCE_0005,"P.A. 25-166, Sec. 22"
TL_0358,2025-06-30,law takes effect,P.A. 25-166 Sec. 26 takes effect,"Subsection (g) of section 21a-420u of the general statutes is repealed and the following is substituted in lieu thereof (Effective from passage): (g) If a dispensary facility has paid the reduced conversion fee, in accordance with subsection (a) of this section, and did not subsequently create one equity joint venture under this section that, not later than [fourteen] twenty-four months after the ",,,,PA2025_166,SOURCE_0005,"P.A. 25-166, Sec. 26"
TL_0359,2025-06-30,law takes effect,P.A. 25-166 Sec. 27 takes effect,"Subsection (e) of section 21a-420z of the general statutes is repealed and the following is substituted in lieu thereof (Effective from passage): (e) The commissioner shall adopt regulations, in accordance with chapter 54, to implement the provisions of RERACA. Notwithstanding the requirements of sections 4-168 to 4-172, inclusive, in order to effectuate the purposes of RERACA and protect public h",,,,PA2025_166,SOURCE_0005,"P.A. 25-166, Sec. 27"
TL_0361,2025-06-30,law takes effect,P.A. 25-166 Sec. 29 takes effect,"Subsection (b) of section 21a-421j of the general statutes is repealed and the following is substituted in lieu thereof (Effective from passage): (b) The commissioner shall adopt regulations in accordance with chapter 54 to implement the provisions of RERACA. Notwithstanding the requirements of sections 4-168 to 4-172, inclusive, in order to effectuate the purposes of RERACA and protect public hea",,,,PA2025_166,SOURCE_0005,"P.A. 25-166, Sec. 29"
TL_0363,2025-06-30,law takes effect,P.A. 25-166 Sec. 31 takes effect,"Subsection (b) of section 21a-421k of the general statutes is repealed and the following is substituted in lieu thereof (Effective from passage): (b) Notwithstanding the requirements of sections 4-168 to 4-172, inclusive, in order to effectuate the purposes of RERACA and protect public health and safety, prior to adopting such regulations the commissioner shall implement policies and procedures to",,,,PA2025_166,SOURCE_0005,"P.A. 25-166, Sec. 31"
TL_0365,2025-06-30,law takes effect,P.A. 25-166 Sec. 33 takes effect,"Subsection (a) of section 21a-421p of the general statutes is repealed and the following is substituted in lieu thereof (Effective from passage): (a) For sufficient cause found pursuant to subsection (b) of this section, the commissioner may suspend or revoke a license or registration, issue fines of not more than twenty-five thousand dollars per violation, accept an offer in compromise or refuse ",,,,PA2025_166,SOURCE_0005,"P.A. 25-166, Sec. 33"
TL_0372,2025-06-30,law takes effect,P.A. 25-166 Sec. 40 takes effect,"Subsection (x) of section 22-61m of the general statutes is repealed and the following is substituted in lieu thereof (Effective from passage): (x) No manufacturer hemp product that is a food, beverage, oil or other product intended for human ingestion shall be distributed or sold in this state unless such product is derived from hemp grown by a United States Department of Agriculture hemp produce",,,,PA2025_166,SOURCE_0005,"P.A. 25-166, Sec. 40"
TL_0375,2025-06-30,law takes effect,P.A. 25-166 Sec. 43 takes effect,"(Effective from passage) (a) Not later than September 1, 2025, the Social Equity Council shall convene a working group to study and develop recommendations regarding: (1) The availability of suitable locations within disproportionately impacted areas, and the municipalities in which disproportionately impacted areas are located, for the indoor and outdoor cultivation of cannabis by cultivators and",,,,PA2025_166,SOURCE_0005,"P.A. 25-166, Sec. 43"
TL_0389,2025-06-30,law takes effect,P.A. 25-168 Sec. 161 takes effect,"Section 21a-420h of the general statutes is repealed and the following is substituted in lieu thereof (Effective from passage): The Social Equity Council shall adopt regulations, in accordance with the provisions of chapter 54, to prevent the sale or change in ownership or control of a cannabis establishment license awarded to a social equity applicant to someone other than another qualifying soci",,,,PA2025_168,SOURCE_0006,"P.A. 25-168, Sec. 161"
TL_0390,2025-06-30,law takes effect,P.A. 25-168 Sec. 162 takes effect,"Section 21a-420q of the general statutes is repealed and the following is substituted in lieu thereof (Effective from passage): The commissioner shall adopt regulations, in accordance with the provisions of chapter 54, to establish the maximum grow space permitted by a cultivator and micro-cultivator. In adopting such regulations, the commissioner shall seek to ensure an adequate supply of cannabi",,,,PA2025_168,SOURCE_0006,"P.A. 25-168, Sec. 162"
TL_0391,2025-06-30,law takes effect,P.A. 25-168 Sec. 163 takes effect,"Subsection (e) of section 21a-420z of the general statutes is repealed and the following is substituted in lieu thereof (Effective from passage): (e) The commissioner shall adopt regulations, in accordance with chapter 54, to implement the provisions of RERACA. Notwithstanding the requirements of sections 4-168 to 4-172, inclusive, in order to effectuate the purposes of RERACA and protect public h",,,,PA2025_168,SOURCE_0006,"P.A. 25-168, Sec. 163"
TL_0392,2025-06-30,law takes effect,P.A. 25-168 Sec. 164 takes effect,"Subsection (b) of section 21a-421j of the general statutes is repealed and the following is substituted in lieu thereof (Effective from passage): (b) The commissioner shall adopt regulations in accordance with chapter 54 to implement the provisions of RERACA. Notwithstanding the requirements of sections 4-168 to 4-172, inclusive, in order to effectuate the purposes of RERACA and protect public hea",,,,PA2025_168,SOURCE_0006,"P.A. 25-168, Sec. 164"
TL_0393,2025-06-30,law takes effect,P.A. 25-168 Sec. 165 takes effect,"Subsection (b) of section 21a-421k of the general statutes is repealed and the following is substituted in lieu thereof (Effective from passage): (b) Notwithstanding the requirements of sections 4-168 to 4-172, inclusive, in order to effectuate the purposes of RERACA and protect public health and safety, prior to adopting such regulations the commissioner shall implement policies and procedures to",,,,PA2025_168,SOURCE_0006,"P.A. 25-168, Sec. 165"
TL_0612,2025-06-30,milestone,Same-category licence cap expires,CGS 21a-420i is spent. It applied only to lottery applicants and expressly excluded equity joint venture interests.,ISSUE_OWNERSHIP,,,,SOURCE_0010,
TL_0051,2025-07-01,signed,HB7181: Signed by the Governor,"AN ACT CONCERNING THE REGULATION OF TOBACCO, CANNABIS, HEMP AND RELATED PRODUCTS, CONDUCT AND ESTABLISHMENTS",,General Law Committee,BILL_2025_HB7181,PA2025_166,SOURCE_0010,"Bill History row, 2025-07-01"
TL_0319,2025-07-01,law takes effect,P.A. 25-101 Sec. 6 takes effect,"Subdivision (1) of section 21a-420 of the general statutes is repealed and the following is substituted in lieu thereof (Effective July 1, 2025): (1) ""Responsible and Equitable Regulation of Adult-Use Cannabis Act"" or ""RERACA"" means this section, sections 2-56j, 7-294kk, 7-294ll, 12-330ll to 12-330nn, inclusive, 14-227p, 21a-278b, 21a-278c, 21a-279c, 21a-279d, 21a-420a to 21a-420j, inclusive, as a",,,,PA2025_101,SOURCE_0004,"P.A. 25-101, Sec. 6"
TL_0321,2025-07-01,law takes effect,P.A. 25-101 Sec. 8 takes effect,"(NEW) (Effective July 1, 2025) (a) As used in this section: (1) ""Court appointee"" (A) means a person appointed or designated as part of a court supervised proceeding to exercise court oversight with respect to the property, assets, management or operations of a cannabis establishment, and (B) includes, but is not limited to, a receiver, custodian, guardian or trustee or the executor or administrat",,,,PA2025_101,SOURCE_0004,"P.A. 25-101, Sec. 8"
TL_0322,2025-07-01,law takes effect,P.A. 25-101 Sec. 9 takes effect,"(NEW) (Effective July 1, 2025) (a) The Department of Consumer Protection shall develop standardized signage which shall include a quick response code or comparable electronic identifier that will enable any person using such code or identifier to determine whether the cannabis establishment displaying such signage holds an active cannabis establishment license issued by the department. (b) Each ca",,,,PA2025_101,SOURCE_0004,"P.A. 25-101, Sec. 9"
TL_0323,2025-07-01,law takes effect,P.A. 25-101 Sec. 10 takes effect,"(NEW) (Effective July 1, 2025) (a) If a cannabis establishment elects not to renew its cannabis establishment license, the cannabis establishment shall submit a nonrenewal notice to the Department of Consumer Protection, in a form and manner prescribed by the Commissioner of Consumer Protection, for the purpose of coordinating efforts to dispose of any cannabis that may be in the possession of suc",,,,PA2025_101,SOURCE_0004,"P.A. 25-101, Sec. 10"
TL_0324,2025-07-01,law takes effect,P.A. 25-101 Sec. 11 takes effect,"Subsection (k) of section 21a-420g of the general statutes is repealed and the following is substituted in lieu thereof (Effective July 1, 2025): (k) Final license applications shall be submitted on a form and in a manner approved by the commissioner and shall include, but not be limited to, the information set forth in this section, as well as evidence of the following: (1) A contract with an ent",,,,PA2025_101,SOURCE_0004,"P.A. 25-101, Sec. 11"
TL_0331,2025-07-01,law takes effect,P.A. 25-101 Sec. 18 takes effect,"Section 21a-421a of the general statutes is repealed and the following is substituted in lieu thereof (Effective July 1, 2025): (a) Each employee of a cannabis establishment, cannabis testing laboratory or research program, other than a key employee, shall annually apply for and obtain a registration, on a form and in a manner prescribed by the commissioner, prior to commencing employment at the c",,,,PA2025_101,SOURCE_0004,"P.A. 25-101, Sec. 18"
TL_0335,2025-07-01,law takes effect,P.A. 25-101 Sec. 22 takes effect,"(Effective July 1, 2025) During the period beginning July 1, 2025, and ending October 1, 2026, the Department of Consumer Protection shall, not later than the first day of August, November, February and May, submit a report, in accordance with the provisions of section 11-4a of the general statutes, to the Governor and the joint standing committee of the General Assembly having cognizance of matte",,,,PA2025_101,SOURCE_0004,"P.A. 25-101, Sec. 22"
TL_0336,2025-07-01,law takes effect,P.A. 25-166 Sec. 3 takes effect,"(NEW) (Effective July 1, 2025) (a) As used in this section: (1) ""Cannabis"" has the same meaning as provided in section 21a-420 of the general statutes, as amended by this act; (2) ""Cannabis product"" has the same meaning as provided in section 21a-420 of the general statutes, as amended by this act; (3) ""Comprehensive compliance initiative"" means a coordinated effort by multiple government agencies",,,,PA2025_166,SOURCE_0005,"P.A. 25-166, Sec. 3"
TL_0337,2025-07-01,law takes effect,P.A. 25-166 Sec. 4 takes effect,"(NEW) (Effective July 1, 2025) (a) There shall be a State-Wide Cannabis and Hemp Enforcement Policy Board consisting of the Attorney General, the Chief State's Attorney, the Commissioner of Consumer Protection, the Commissioner of Emergency Services and Public Protection, the Commissioner of Mental Health and Addiction Services, the Commissioner of Public Health, the Commissioner of Revenue Servic",,,,PA2025_166,SOURCE_0005,"P.A. 25-166, Sec. 4"
TL_0340,2025-07-01,law takes effect,P.A. 25-166 Sec. 8 takes effect,"(NEW) (Effective July 1, 2025) (a) (1) During the period beginning July 1, 2025, and ending December 31, 2026, a social equity applicant that has submitted an application to the department for a cultivator license, or has received a provisional cultivator license, pursuant to subsection (a) of section 21a-420o of the general statutes, as amended by this act, may withdraw such application and apply",,,,PA2025_166,SOURCE_0005,"P.A. 25-166, Sec. 8"
TL_0345,2025-07-01,law takes effect,P.A. 25-166 Sec. 13 takes effect,"Subsection (c) of section 21a-420e of the general statutes is repealed and the following is substituted in lieu thereof (Effective July 1, 2025): (c) Except as provided in subsection (d) of this section, the following fees shall be paid by each applicant: (1) For a retailer license, the fee to enter the lottery shall be five hundred dollars, the fee to receive a provisional license shall be five t",,,,PA2025_166,SOURCE_0005,"P.A. 25-166, Sec. 13"
TL_0352,2025-07-01,law takes effect,P.A. 25-166 Sec. 20 takes effect,"Section 21a-420p of the general statutes is repealed and the following is substituted in lieu thereof (Effective July 1, 2025): (a) [On and after July 1, 2021, the] The department may issue or renew a license for a person to be a micro-cultivator. No person may act as a micro-cultivator or represent that such person is a licensed micro- cultivator unless such person has obtained a license from the",,,,PA2025_166,SOURCE_0005,"P.A. 25-166, Sec. 20"
TL_0367,2025-07-01,law takes effect,P.A. 25-166 Sec. 35 takes effect,"Section 21a-422f of the general statutes is repealed and the following is substituted in lieu thereof (Effective July 1, 2025): (a) As used in this section, ""municipality"" means any town, city or borough, consolidated town and city or consolidated town and borough, and a district establishing a zoning commission under section 7-326. (b) Any municipality may, by amendment to such municipality's zon",,,,PA2025_166,SOURCE_0005,"P.A. 25-166, Sec. 35"
TL_0376,2025-07-01,law takes effect,P.A. 25-166 Sec. 44 takes effect,"Section 53-344b of the general statutes is repealed and the following is substituted in lieu thereof (Effective July 1, 2025): (a) As used in this section: (1) ""Electronic nicotine delivery system"" has the same meaning as provided in section 21a-415, as amended by this act; (2) ""Cardholder"" means any person who presents a driver's license, a passport or an identity card to a seller or seller's age",,,,PA2025_166,SOURCE_0005,"P.A. 25-166, Sec. 44"
TL_0378,2025-07-01,law takes effect,P.A. 25-168 Sec. 10 takes effect,"(Effective July 1, 2025) The following sums are appropriated from the CANNABIS PREVENTION AND RECOVERY SERVICES FUND for the annual periods indicated for the purposes described. 2025-2026 2026-2027 HEALTH DEPARTMENT OF MENTAL HEALTH AND ADDICTION SERVICES Fringe Benefits 221,000 221,000 Cannabis Prevention 3,144,268 3,144,268 AGENCY TOTAL 3,365,268 3,365,268",,,,PA2025_168,SOURCE_0006,"P.A. 25-168, Sec. 10"
TL_0379,2025-07-01,law takes effect,P.A. 25-168 Sec. 11 takes effect,"(Effective July 1, 2025) The following sums are appropriated from the CANNABIS REGULATORY FUND for the annual periods indicated for the purposes described. 2025-2026 2026-2027 GENERAL GOVERNMENT DEPARTMENT OF REVENUE SERVICES Personal Services 484,188 484,188 ATTORNEY GENERAL Personal Services 407,309 407,309 REGULATION AND PROTECTION DEPARTMENT OF EMERGENCY SERVICES AND PUBLIC PROTECTION Personal",,,,PA2025_168,SOURCE_0006,"P.A. 25-168, Sec. 11"
TL_0380,2025-07-01,law takes effect,P.A. 25-168 Sec. 39 takes effect,"(Effective July 1, 2025) The following amounts shall be transferred from the resources of the General Fund to the Cannabis Regulatory Fund: (1) For the fiscal year ending June 30, 2026, ten million three hundred thousand dollars, and (2) for the fiscal year ending June 30, 2027, ten million five hundred thousand dollars.",,,,PA2025_168,SOURCE_0006,"P.A. 25-168, Sec. 39"
TL_0381,2025-07-01,law takes effect,P.A. 25-168 Sec. 127 takes effect,"Section 21a-420f of the general statutes is repealed and the following is substituted in lieu thereof (Effective July 1, 2025): [(a) (1) There is established an account to be known as the ""cannabis regulatory and investment account"" which shall be a separate, nonlapsing account within the General Fund. The account shall contain any moneys required by law to be deposited in the account. Moneys in t",,,,PA2025_168,SOURCE_0006,"P.A. 25-168, Sec. 127"
TL_0382,2025-07-01,law takes effect,P.A. 25-168 Sec. 128 takes effect,"Section 12-330ll of the general statutes is repealed and the following is substituted in lieu thereof (Effective July 1, 2025): (a) As used in this section and sections 12-330mm and 12-330nn: (1) ""Cannabis"" has the same meaning as provided in section 21a-420; (2) ""Cannabis concentrate"" has the same meaning as provided in section 21a-420; (3) ""Cannabis edible product"" means a product containing can",,,,PA2025_168,SOURCE_0006,"P.A. 25-168, Sec. 128"
TL_0383,2025-07-01,law takes effect,P.A. 25-168 Sec. 129 takes effect,"(Effective July 1, 2025) After the accounts for the Social Equity and Innovation Fund, established under section 21a-420f of the general statutes, revision of 1958, revised to January 1, 2025, have been closed for the fiscal year ending June 30, 2025, the Comptroller shall transfer the balance remaining in said fund to the social equity and innovation account established under section 21a-420f of ",,,,PA2025_168,SOURCE_0006,"P.A. 25-168, Sec. 129"
TL_0384,2025-07-01,law takes effect,P.A. 25-168 Sec. 130 takes effect,"(NEW) (Effective July 1, 2025) At the close of each fiscal year in which the tax imposed under the provisions of section 12-330ll of the general statutes are received by the commissioner, the Comptroller is authorized to record as revenue for such fiscal year the amounts of such tax that are received by the Commissioner of Revenue Services not later than five business days from the July thirty-fir",,,,PA2025_168,SOURCE_0006,"P.A. 25-168, Sec. 130"
TL_0385,2025-07-01,law takes effect,P.A. 25-168 Sec. 131 takes effect,"Subsection (c) of section 21a-420d of the general statutes is repealed and the following is substituted in lieu thereof (Effective July 1, 2025): (c) (1) In making the appointments in subsection (b) of this section, the appointing authority shall use best efforts to make appointments that reflect the racial, gender and geographic diversity of the population of the state. (2) Members appointed by t",,,,PA2025_168,SOURCE_0006,"P.A. 25-168, Sec. 131"
TL_0386,2025-07-01,law takes effect,P.A. 25-168 Sec. 132 takes effect,"Subsection (e) of section 21a-420e of the general statutes is repealed and the following is substituted in lieu thereof (Effective July 1, 2025): (e) For the fiscal year ending June 30, 2023, and thereafter, fees collected by the department under this section shall be paid to the State Treasurer and credited to the General Fund, except that the fees collected under subdivisions (12) and (13) of su",,,,PA2025_168,SOURCE_0006,"P.A. 25-168, Sec. 132"
TL_0387,2025-07-01,law takes effect,P.A. 25-168 Sec. 133 takes effect,"Subsection (a) of section 21a-420o of the general statutes is repealed and the following is substituted in lieu thereof (Effective July 1, 2025): (a) Thirty days after the Social Equity Council posts the criteria for social equity applicants on its Internet web site, the department shall open up a three-month application period for cultivators during which a social equity applicant may apply to th",,,,PA2025_168,SOURCE_0006,"P.A. 25-168, Sec. 133"
TL_0388,2025-07-01,law takes effect,P.A. 25-168 Sec. 134 takes effect,"Subsection (e) of section 21a-420aa of the general statutes is repealed and the following is substituted in lieu thereof (Effective July 1, 2025): (e) No social equity applicant that receives a micro-cultivator license under this section shall be eligible to apply for a provisional license and a final license to create more than one equity joint venture to be approved by the Social Equity Council ",,,,PA2025_168,SOURCE_0006,"P.A. 25-168, Sec. 134"
TL_0394,2025-07-01,law takes effect,P.A. 25-168 Sec. 395 takes effect,"Section 21a-418 of the general statutes is repealed and the following is substituted in lieu thereof (Effective July 1, 2025): (a) As used in this section: (1) ""Person"" means any individual, firm, fiduciary, partnership, corporation, limited liability company, trust or association, however formed; (2) ""Electronic nicotine delivery system"" has the same meaning as provided in section 21a-415; and (3",,,,PA2025_168,SOURCE_0006,"P.A. 25-168, Sec. 395"
TL_0395,2025-07-01,law takes effect,P.A. 25-168 Sec. 396 takes effect,"Section 53-344b of the general statutes is repealed and the following is substituted in lieu thereof (Effective July 1, 2025): (a) As used in this section: (1) ""Electronic nicotine delivery system"" has the same meaning as provided in section 21a-415; (2) ""Cardholder"" means any person who presents a driver's license, a passport or an identity card to a seller or seller's agent or employee, to purch",,,,PA2025_168,SOURCE_0006,"P.A. 25-168, Sec. 396"
TL_0396,2025-07-01,law takes effect,P.A. 25-168 Sec. 469 takes effect,"(Effective July 1, 2025) The appropriations in section 10 of this act are supported by the CANNABIS PREVENTION AND RECOVERY SERVICES FUND revenue estimates as follows: 2025-2026 2026-2027 Cannabis Excise Tax $5,900,000 $6,200,000 TOTAL CANNABIS PREVENTION AND 5,900,000 6,200,000 RECOVERY SERVICES FUND REVENUE",,,,PA2025_168,SOURCE_0006,"P.A. 25-168, Sec. 469"
TL_0397,2025-07-01,law takes effect,P.A. 25-168 Sec. 470 takes effect,"(Effective July 1, 2025) The appropriations in section 11 of this act are supported by the CANNABIS REGULATORY FUND revenue estimates as follows: 2025-2026 2026-2027 Cannabis Excise Tax $10,300,000 $10,500,000 TOTAL CANNABIS REGULATORY 10,300,000 10,500,000 FUND REVENUE",,,,PA2025_168,SOURCE_0006,"P.A. 25-168, Sec. 470"
TL_0559,2025-07-30,access event,CT Cannabis Chamber of Commerce → DCP Director of Cannabis Lila McKinley - End-of-Session Reca,MEETING (listed event) (members event (attendance not public)),,CT Cannabis Chamber of Commerce,,,SOURCE_0023,INFLUENCE_WORKBOOK.xlsx!Political_Access_Log row 6
TL_0605,2025-07-30,access event,CT Cannabis Chamber of Commerce → DCP Director of Cannabis,"hosted End-of-Session Recap ""with Department of Consumer Protection Director of Cannabis, Lila McKinley"", One Constitution Plaza, Hartford",,CT Cannabis Chamber of Commerce,,,SOURCE_0023,S-L35-0008
TL_0560,2025-08-20,access event,CT Cannabis Chamber of Commerce → SEC Executive Director Brandon McGee - Roundtable & Happy Ho,MEETING (listed event) (members event),,CT Cannabis Chamber of Commerce,,,SOURCE_0023,INFLUENCE_WORKBOOK.xlsx!Political_Access_Log row 7
TL_0606,2025-08-20,access event,CT Cannabis Chamber of Commerce → SEC Executive Director,"hosted Roundtable & Happy Hour with Brandon McGee, Executive Director of the Social Equity Council, Hartford",,CT Cannabis Chamber of Commerce,,,SOURCE_0023,S-L35-0008
TL_0570,2025-09-10,access event,Carl Tirella (Budr; registered in-house communicator) → Jason Rojas PAC (Rep. Rojas) - event 09102025A,CONTRIBUTION (disclosed campaign finance),,Carl Tirella (Budr; registered in-house communicator),,,SOURCE_0023,INFLUENCE_WORKBOOK.xlsx!Political_Access_Log row 17
TL_0316,2025-10-01,law takes effect,P.A. 25-101 Sec. 1 takes effect,"(NEW) (Effective October 1, 2025) (a) For the purposes of this section: (1) ""Cannabis establishment"" has the same meaning as provided in section 21a-420 of the general statutes, as amended by this act; (2) ""Hemp flower"" has the same meaning as provided in section 21a- 426 of the general statutes, as amended by this act; (3) ""Moderate-THC hemp product vendor"" has the same meaning as provided in sec",,,,PA2025_101,SOURCE_0004,"P.A. 25-101, Sec. 1"
TL_0333,2025-10-01,law takes effect,P.A. 25-101 Sec. 20 takes effect,"Section 21a-426 of the general statutes is repealed and the following is substituted in lieu thereof (Effective October 1, 2025): (a) As used in this section: (1) ""Cannabis establishment"" has the same meaning as provided in section 21a-420, as amended by this act; (2) ""Consumer"" has the same meaning as provided in section 21a-420, as amended by this act; (3) ""Container"" (A) means an object that is",,,,PA2025_101,SOURCE_0004,"P.A. 25-101, Sec. 20"
TL_0334,2025-10-01,law takes effect,P.A. 25-101 Sec. 21 takes effect,"Subsection (s) of section 22-61m of the general statutes is repealed and the following is substituted in lieu thereof (Effective October 1, 2025): (s) Any claim of health impacts, medical effects or physical or mental benefits shall be prohibited on any advertising for, labeling of or marketing of manufacturer hemp products, including, but not limited to, moderate-THC hemp products, as defined in ",,,,PA2025_101,SOURCE_0004,"P.A. 25-101, Sec. 21"
TL_0338,2025-10-01,law takes effect,P.A. 25-166 Sec. 5 takes effect,"Section 21a-415 of the general statutes is repealed and the following is substituted in lieu thereof (Effective October 1, 2025): (a) As used in this chapter and section [53-344] 6 of this act: (1) ""Authorized owner"" means the owner or authorized designee of a business entity that is applying for a registration or is registered with the Department of Consumer Protection pursuant to this chapter; (",,,,PA2025_166,SOURCE_0005,"P.A. 25-166, Sec. 5"
TL_0342,2025-10-01,law takes effect,P.A. 25-166 Sec. 10 takes effect,"(NEW) (Effective October 1, 2025) (a) The Department of Consumer Protection shall develop signage containing a quick response code, or a comparable electronic identifier, that verifies whether the person displaying such signage holds an active cannabis establishment license issued by the department. Such signage shall be displayed in the form and manner prescribed by the Commissioner of Consumer P",,,,PA2025_166,SOURCE_0005,"P.A. 25-166, Sec. 10"
TL_0343,2025-10-01,law takes effect,P.A. 25-166 Sec. 11 takes effect,"Section 21a-420c of the general statutes is repealed and the following is substituted in lieu thereof (Effective October 1, 2025): (a) As used in this section: (1) ""Cigarette"" has the same meaning as provided in section 4-28h; (2) ""Electronic cigarette liquid"" has the same meaning as provided in section 21a-415, as amended by this act; (3) ""Electronic nicotine delivery system"" has the same meaning",,,,PA2025_166,SOURCE_0005,"P.A. 25-166, Sec. 11"
TL_0353,2025-10-01,law takes effect,P.A. 25-166 Sec. 21 takes effect,"Subsections (f) and (g) of section 21a-420p of the general statutes, as amended by section 20 of this act, are repealed and the following is substituted in lieu thereof (Effective October 1, 2025): (f) (1) A micro-cultivator may sell cannabis seedlings cultivated at its micro-cultivator establishment directly to consumers, excluding qualifying patients and caregivers, solely through delivery by ei",,,,PA2025_166,SOURCE_0005,"P.A. 25-166, Sec. 21"
TL_0355,2025-10-01,law takes effect,P.A. 25-166 Sec. 23 takes effect,"Subsection (d) of section 21a-420r of the general statutes is repealed and the following is substituted in lieu thereof (Effective October 1, 2025): (d) A retailer may deliver cannabis through a delivery service or by utilizing its own employees, subject to the provisions of subsection [(b)] (c) of section 21a-420c, as amended by this act.",,,,PA2025_166,SOURCE_0005,"P.A. 25-166, Sec. 23"
TL_0356,2025-10-01,law takes effect,P.A. 25-166 Sec. 24 takes effect,"Section 21a-420s of the general statutes is repealed and the following is substituted in lieu thereof (Effective October 1, 2025): (a) [On and after July 1, 2021, the] The department may issue or renew a license for a hybrid retailer. No person may act as a hybrid retailer or represent that such person is a hybrid retailer unless such person has obtained a license from the department pursuant to t",,,,PA2025_166,SOURCE_0005,"P.A. 25-166, Sec. 24"
TL_0357,2025-10-01,law takes effect,P.A. 25-166 Sec. 25 takes effect,"Subsections (d) and (e) of section 21a-420t of the general statutes are repealed and the following is substituted in lieu thereof (Effective October 1, 2025): (d) [On and after September 1, 2021, a] A dispensary facility or hybrid retailer may apply to the department, in a form and in a manner prescribed by the commissioner, to provide delivery services through a delivery service or utilizing its ",,,,PA2025_166,SOURCE_0005,"P.A. 25-166, Sec. 25"
TL_0360,2025-10-01,law takes effect,P.A. 25-166 Sec. 28 takes effect,"Section 21a-420z of the general statutes, as amended by section 27 of this act, is repealed and the following is substituted in lieu thereof (Effective October 1, 2025): (a) [On and after July 1, 2021, the] The department may issue or renew a license for a person to be a delivery service or a transporter. No person may act as a delivery service or transporter or represent that such person is a lic",,,,PA2025_166,SOURCE_0005,"P.A. 25-166, Sec. 28"
TL_0362,2025-10-01,law takes effect,P.A. 25-166 Sec. 30 takes effect,"Section 21a-421j of the general statutes, as amended by section 29 of this act, is repealed and the following is substituted in lieu thereof (Effective October 1, 2025): (a) As used in this section, ""total THC"" has the same meaning as provided in section 21a-240. (b) The commissioner shall adopt regulations in accordance with chapter 54 to implement the provisions of RERACA. Notwithstanding the re",,,,PA2025_166,SOURCE_0005,"P.A. 25-166, Sec. 30"
TL_0364,2025-10-01,law takes effect,P.A. 25-166 Sec. 32 takes effect,"Section 21a-421l of the general statutes is repealed and the following is substituted in lieu thereof (Effective October 1, 2025): (a) Each cannabis establishment shall establish, maintain and comply with written policies and procedures for the cultivation, processing, manufacture, security, storage, inventory and distribution of cannabis, as applicable to the specific license type. Such policies ",,,,PA2025_166,SOURCE_0005,"P.A. 25-166, Sec. 32"
TL_0366,2025-10-01,law takes effect,P.A. 25-166 Sec. 34 takes effect,"Subsection (a) of section 21a-421bb of the general statutes is repealed and the following is substituted in lieu thereof (Effective October 1, 2025): (a) No person, other than the holder of a cannabis establishment license issued pursuant to this chapter, [or] a person who provides professional services related to the purchase, sale or use of cannabis or a person who displays advertising or promot",,,,PA2025_166,SOURCE_0005,"P.A. 25-166, Sec. 34"
TL_0368,2025-10-01,law takes effect,P.A. 25-166 Sec. 36 takes effect,"Section 21a-425 of the general statutes is repealed and the following is substituted in lieu thereof (Effective October 1, 2025): For the purposes of this section, [and] sections 21a-425a, as amended by this act, and 21a-425b, and sections 37 and 38 of this act: (1) ""Alcoholic beverage"" has the same meaning as provided in section 30-1; [(1)] (2) ""Cannabis"" means marijuana, as defined in section 21",,,,PA2025_166,SOURCE_0005,"P.A. 25-166, Sec. 36"
TL_0369,2025-10-01,law takes effect,P.A. 25-166 Sec. 37 takes effect,"(NEW) (Effective October 1, 2025) (a) The Department of Consumer Protection may issue or renew a license for a person to be an infused beverage wholesaler. No person, other than the holder of a wholesaler permit or a wholesaler permit for beer issued under section 30-17 of the general statutes, may act as an infused beverage wholesaler or represent that such person is an infused beverage wholesale",,,,PA2025_166,SOURCE_0005,"P.A. 25-166, Sec. 37"
TL_0370,2025-10-01,law takes effect,P.A. 25-166 Sec. 38 takes effect,"(NEW) (Effective October 1, 2025) (a) On and after January 1, 2026, no person shall manufacture a high-THC beverage in this state unless such person is an infused beverage manufacturer that has received a high-THC beverage endorsement issued by the Commissioner of Consumer Protection pursuant to this section. A high- THC beverage endorsement shall authorize the infused beverage manufacturer to man",,,,PA2025_166,SOURCE_0005,"P.A. 25-166, Sec. 38"
TL_0371,2025-10-01,law takes effect,P.A. 25-166 Sec. 39 takes effect,"Subsection (f) of section 21a-425a of the general statutes is repealed and the following is substituted in lieu thereof (Effective October 1, 2025): (f) (1) [Beginning on October 1, 2024, no] No infused beverage manufacturer shall sell an infused beverage to any person in this state other than (A) a dispensary facility, (B) a hybrid retailer, (C) a retailer, [or] (D) the holder of a wholesaler per",,,,PA2025_166,SOURCE_0005,"P.A. 25-166, Sec. 39"
TL_0373,2025-10-01,law takes effect,P.A. 25-166 Sec. 41 takes effect,"(NEW) (Effective October 1, 2025) Any cannabis establishment licensee or any servant or agent of a cannabis establishment licensee who sells or delivers any synthetic cannabinoid to any person shall be guilty of a class E felony. For purposes of this section, ""synthetic cannabinoid"" has the same meaning as provided in section 21a-240 of the general statutes.",,,,PA2025_166,SOURCE_0005,"P.A. 25-166, Sec. 41"
TL_0374,2025-10-01,law takes effect,P.A. 25-166 Sec. 42 takes effect,"Section 21a-421aaa of the general statutes is repealed and the following is substituted in lieu thereof (Effective October 1, 2025): (a) Any cannabis establishment licensee or any [servant or] agent of a cannabis establishment licensee who sells or delivers cannabis [or cannabis paraphernalia] to any person under twenty-one years of age shall be guilty of a class [A misdemeanor] E felony. (b) Any ",,,,PA2025_166,SOURCE_0005,"P.A. 25-166, Sec. 42"
TL_0377,2025-10-01,law takes effect,P.A. 25-166 Sec. 45 takes effect,"Section 21a-418 of the general statutes is repealed. (Effective October 1, 2025)",,,,PA2025_166,SOURCE_0005,"P.A. 25-166, Sec. 45"
TL_0551,2025-10-01,agency action,Department of Consumer Protection: retail — Mold and remediation signage,"as recorded — ""Cannabis establishments may use processing techniques to reduce, remove or otherwise remediate mold and other harmful contaminants. The use of remediation techniques may have possible health risks. For a list of processing and remediation techniques used on a particular product, review the product's extended content label.""",ISSUE_AGENCY,Department of Consumer Protection,,,SOURCE_0023,LRT-23
TL_0571,2025-12-04,access event,Sara's Dispensary LLC; Ty's Dispensary LLC; Debbie's Dispens → Jason Rojas PAC (attributed to event 09102025A) and Connecti,CONTRIBUTION (disclosed campaign finance),,Sara's Dispensary LLC; Ty's Dispensary LLC; Debbie's Dispensary LLC (Crisp Cannabis retail licensees; Mohave CT notice of acquisition to AG 2025-05-06),,,SOURCE_0023,INFLUENCE_WORKBOOK.xlsx!Political_Access_Log row 18
TL_0572,2025-12-09,access event,Carl Tirella (Budr) → Democratic Leadership PAC - event 12102025J,CONTRIBUTION (disclosed campaign finance),,Carl Tirella (Budr),,,SOURCE_0023,INFLUENCE_WORKBOOK.xlsx!Political_Access_Log row 19
TL_0573,2025-12-10,access event,Arthur Linares (Linares Land Capital) → Democratic Leadership PAC - event 12102025J,CONTRIBUTION (disclosed campaign finance),,Arthur Linares (Linares Land Capital),,,SOURCE_0023,INFLUENCE_WORKBOOK.xlsx!Political_Access_Log row 20
TL_0574,2025-12-15,access event,CT Cannabis Chamber of Commerce (entity) → DLPAC $250 (12-15); Democratic Senate Majority PAC (Looney) ,CONTRIBUTION (disclosed campaign finance),,CT Cannabis Chamber of Commerce (entity),,,SOURCE_0023,INFLUENCE_WORKBOOK.xlsx!Political_Access_Log row 21
TL_0578,2025-2026 ,access event,"Mohave CT, LLC - $134,501 (largest cannabis-client figure in → General Assembly / agencies",LOBBYING (client compensation) (registered lobbying (OSE)),,"Mohave CT, LLC - $134,501 (largest cannabis-client figure in 2025-26; $59,806 in 2023-24 with ZERO issues declared)",,,SOURCE_0023,INFLUENCE_WORKBOOK.xlsx!Political_Access_Log row 25
TL_0579,2025-2026 ,access event,"Float House - $48,750 → General Law Committee",LOBBYING (client compensation) (registered lobbying (OSE)),,"Float House - $48,750",,,SOURCE_0023,INFLUENCE_WORKBOOK.xlsx!Political_Access_Log row 26
TL_0318,2026-01-01,law takes effect,P.A. 25-101 Sec. 5 takes effect,"Section 21a-408c of the general statutes is repealed and the following is substituted in lieu thereof (Effective January 1, 2026): (a) (1) A physician, physician assistant or advanced practice registered nurse may issue a written certification to a qualifying patient that authorizes the palliative use of marijuana by the qualifying patient. Such written certification shall be in the form prescribe",,,,PA2025_101,SOURCE_0004,"P.A. 25-101, Sec. 5"
TL_0328,2026-01-01,law takes effect,P.A. 25-101 Sec. 15 takes effect,"Subsections (e) and (f) of section 21a-420j of the general statutes are repealed and the following is substituted in lieu thereof (Effective January 1, 2026): [(e) Equity joint ventures that are retailers or hybrid retailers that share a common cultivator backer or owner shall not be located within twenty miles of each other.] [(f)] (e) An equity joint venture applicant shall pay fifty per cent of",,,,PA2025_101,SOURCE_0004,"P.A. 25-101, Sec. 15"
TL_0329,2026-01-01,law takes effect,P.A. 25-101 Sec. 16 takes effect,"Subsections (f) to (i), inclusive, of section 21a-420m of the general statutes are repealed and the following is substituted in lieu thereof (Effective January 1, 2026): [(f) Equity joint ventures that are retailers or hybrid retailers that share a common producer backer or owner shall not be located within twenty miles of each other.] [(g)] (f) If a producer has paid a reduced conversion fee, as ",,,,PA2025_101,SOURCE_0004,"P.A. 25-101, Sec. 16"
TL_0330,2026-01-01,law takes effect,P.A. 25-101 Sec. 17 takes effect,"Subsections (f) to (i), inclusive, of section 21a-420u of the general statutes are repealed and the following is substituted in lieu thereof (Effective January 1, 2026): [(f) Equity joint ventures that are retailers or hybrid retailers that share a common dispensary facility backer or owner, or hybrid retailer backer or owner, shall not be located within twenty miles of each other.] [(g)] (f) If a",,,,PA2025_101,SOURCE_0004,"P.A. 25-101, Sec. 17"
TL_0613,2026-01-01,milestone,Twenty-mile rules repealed,"P.A. 25-101 sections 15 to 17, signed 24 June 2025, repeal CGS 21a-420j(e), 21a-420m(f) and 21a-420u(f). No later act restores any of them.",ISSUE_LICENSING,,,,SOURCE_0010,
TL_0575,2026-01-29,access event,Paul Travaglino (Radius Holdings; 2023 Chamber Industry Coll → Jason Rojas PAC - event 01292026Z,CONTRIBUTION (disclosed campaign finance),,Paul Travaglino (Radius Holdings; 2023 Chamber Industry Collaborator; registered Canna F&B Alliance communicator 2025-01-07 to 01-13),,,SOURCE_0023,INFLUENCE_WORKBOOK.xlsx!Political_Access_Log row 22
TL_0526,2026-01-30,agency action,Department of Consumer Protection: Cannabis Dispensary Technician Requirements,Proposed — operational policy route,ISSUE_AGENCY,Department of Consumer Protection,,,SOURCE_0017,PR2025-031
TL_0066,2026-02-18,committee referral,HB5222: Referred to Joint Committee on General Law,"AN ACT CONCERNING CONSUMER PROTECTION, CANNABIS, DATA PRIVACY, FIRE INSPECTIONS, CRIMINAL MISCHIEF AND ARTIFICIAL INTELLIGENCE",,General Law Committee,BILL_2026_HB5222,PA2026_100,SOURCE_0010,"Bill History row, 2026-02-18"
TL_0101,2026-02-18,committee referral,HB5242: Referred to Joint Committee on Public Health,AN ACT REQUIRING CERTAIN HEALTH CARE FACILITIES TO ALLOW TERMINALLY ILL QUALIFYING PATIENTS TO USE CANNABIS,,Public Health Committee,BILL_2026_HB5242,,SOURCE_0010,"Bill History row, 2026-02-18"
TL_0067,2026-02-19,public hearing,HB5222: Public Hearing 02/23,"AN ACT CONCERNING CONSUMER PROTECTION, CANNABIS, DATA PRIVACY, FIRE INSPECTIONS, CRIMINAL MISCHIEF AND ARTIFICIAL INTELLIGENCE",,General Law Committee,BILL_2026_HB5222,PA2026_100,SOURCE_0010,"Bill History row, 2026-02-19"
TL_0102,2026-02-19,public hearing,HB5242: Public Hearing 02/23,AN ACT REQUIRING CERTAIN HEALTH CARE FACILITIES TO ALLOW TERMINALLY ILL QUALIFYING PATIENTS TO USE CANNABIS,,Public Health Committee,BILL_2026_HB5242,,SOURCE_0010,"Bill History row, 2026-02-19"
TL_0607,2026-02-23,access event,CT Cannabis Chamber of Commerce → General Law Committee,"hosted Mobilisation: ""CGA General Law Committee Public Hearing"" on SB 231 (Chamber calendar entry linking the hearing agenda)",,CT Cannabis Chamber of Commerce,,,SOURCE_0023,S-L35-0008
TL_0057,2026-02-26,committee referral,HB5350: Referred to Joint Committee on General Law,"AN ACT CONCERNING CANNABIS, HEMP AND INFUSED BEVERAGE REGULATION",,General Law Committee,BILL_2026_HB5350,PA2026_008,SOURCE_0010,"Bill History row, 2026-02-26"
TL_0058,2026-02-27,public hearing,HB5350: Public Hearing 03/04,"AN ACT CONCERNING CANNABIS, HEMP AND INFUSED BEVERAGE REGULATION",,General Law Committee,BILL_2026_HB5350,PA2026_008,SOURCE_0010,"Bill History row, 2026-02-27"
TL_0561,2026-03-03,access event,CT Cannabis Chamber of Commerce (in-house communicators Burn → Legislators (not named),LOBBY DAY (private meetings at LOB),,"CT Cannabis Chamber of Commerce (in-house communicators Burnes, Fell registered 2025-01-15)",,,SOURCE_0023,INFLUENCE_WORKBOOK.xlsx!Political_Access_Log row 8
TL_0608,2026-03-03,access event,CT Cannabis Chamber of Commerce → Legislators met not published,"hosted CT Cannabis Chamber Lobby Day, Legislative Office Building",,CT Cannabis Chamber of Commerce,,,SOURCE_0023,S-L35-0008
TL_0068,2026-03-11,committee report,HB5222: Joint Favorable Substitute,"AN ACT CONCERNING CONSUMER PROTECTION, CANNABIS, DATA PRIVACY, FIRE INSPECTIONS, CRIMINAL MISCHIEF AND ARTIFICIAL INTELLIGENCE",,General Law Committee,BILL_2026_HB5222,PA2026_100,SOURCE_0010,"Bill History row, 2026-03-11"
TL_0059,2026-03-16,committee report,HB5350: Joint Favorable Substitute,"AN ACT CONCERNING CANNABIS, HEMP AND INFUSED BEVERAGE REGULATION",,General Law Committee,BILL_2026_HB5350,PA2026_008,SOURCE_0010,"Bill History row, 2026-03-16"
TL_0069,2026-03-26,committee report,"HB5222: Favorable Report, Tabled for the Calendar, House","AN ACT CONCERNING CONSUMER PROTECTION, CANNABIS, DATA PRIVACY, FIRE INSPECTIONS, CRIMINAL MISCHIEF AND ARTIFICIAL INTELLIGENCE",,General Law Committee,BILL_2026_HB5222,PA2026_100,SOURCE_0010,"Bill History row, 2026-03-26"
TL_0060,2026-04-02,committee report,"HB5350: Favorable Report, Tabled for the Calendar, House","AN ACT CONCERNING CANNABIS, HEMP AND INFUSED BEVERAGE REGULATION",,General Law Committee,BILL_2026_HB5350,PA2026_008,SOURCE_0010,"Bill History row, 2026-04-02"
TL_0070,2026-04-17,committee report,HB5222: Joint Favorable,"AN ACT CONCERNING CONSUMER PROTECTION, CANNABIS, DATA PRIVACY, FIRE INSPECTIONS, CRIMINAL MISCHIEF AND ARTIFICIAL INTELLIGENCE",,General Law Committee,BILL_2026_HB5222,PA2026_100,SOURCE_0010,"Bill History row, 2026-04-17"
TL_0061,2026-04-20,chamber passage,"HB5350: House Passed as Amended by House Amendment Schedule A,D","AN ACT CONCERNING CANNABIS, HEMP AND INFUSED BEVERAGE REGULATION",,General Law Committee,BILL_2026_HB5350,PA2026_008,SOURCE_0010,"Bill History row, 2026-04-20"
TL_0062,2026-04-22,committee report,"HB5350: Favorable Report, Tabled for the Calendar, Senate","AN ACT CONCERNING CANNABIS, HEMP AND INFUSED BEVERAGE REGULATION",,General Law Committee,BILL_2026_HB5350,PA2026_008,SOURCE_0010,"Bill History row, 2026-04-22"
TL_0063,2026-04-30,chamber passage,"HB5350: Senate Passed as Amended by House Amendment Schedule A,D","AN ACT CONCERNING CANNABIS, HEMP AND INFUSED BEVERAGE REGULATION",,General Law Committee,BILL_2026_HB5350,PA2026_008,SOURCE_0010,"Bill History row, 2026-04-30"
TL_0064,2026-05-04,public act assigned,HB5350: Public Act 26-8,"AN ACT CONCERNING CANNABIS, HEMP AND INFUSED BEVERAGE REGULATION",,General Law Committee,BILL_2026_HB5350,PA2026_008,SOURCE_0010,"Bill History row, 2026-05-04"
TL_0071,2026-05-05,chamber passage,HB5222: Senate Passed as Amended by House Amendment Schedule A,"AN ACT CONCERNING CONSUMER PROTECTION, CANNABIS, DATA PRIVACY, FIRE INSPECTIONS, CRIMINAL MISCHIEF AND ARTIFICIAL INTELLIGENCE",,General Law Committee,BILL_2026_HB5222,PA2026_100,SOURCE_0010,"Bill History row, 2026-05-05"
TL_0072,2026-05-05,committee report,"HB5222: Favorable Report, Tabled for the Calendar, Senate","AN ACT CONCERNING CONSUMER PROTECTION, CANNABIS, DATA PRIVACY, FIRE INSPECTIONS, CRIMINAL MISCHIEF AND ARTIFICIAL INTELLIGENCE",,General Law Committee,BILL_2026_HB5222,PA2026_100,SOURCE_0010,"Bill History row, 2026-05-05"
TL_0073,2026-05-05,chamber passage,HB5222: House Passed as Amended by House Amendment Schedule A,"AN ACT CONCERNING CONSUMER PROTECTION, CANNABIS, DATA PRIVACY, FIRE INSPECTIONS, CRIMINAL MISCHIEF AND ARTIFICIAL INTELLIGENCE",,General Law Committee,BILL_2026_HB5222,PA2026_100,SOURCE_0010,"Bill History row, 2026-05-05"
TL_0074,2026-05-19,public act assigned,HB5222: Public Act 26-100,"AN ACT CONCERNING CONSUMER PROTECTION, CANNABIS, DATA PRIVACY, FIRE INSPECTIONS, CRIMINAL MISCHIEF AND ARTIFICIAL INTELLIGENCE",,General Law Committee,BILL_2026_HB5222,PA2026_100,SOURCE_0010,"Bill History row, 2026-05-19"
TL_0065,2026-05-20,signed,HB5350: Signed by the Governor,"AN ACT CONCERNING CANNABIS, HEMP AND INFUSED BEVERAGE REGULATION",,General Law Committee,BILL_2026_HB5350,PA2026_008,SOURCE_0010,"Bill History row, 2026-05-20"
TL_0427,2026-05-20,law takes effect,P.A. 26-8 Sec. 31 takes effect,Section 21a-408h of the general statutes is repealed and the following is substituted in lieu thereof (Effective from passage): (a) No person may act as a dispensary or represent that such person is a licensed dispensary unless such person has obtained a license from the Commissioner of Consumer Protection pursuant to this section. (b) No person may act as a dispensary facility or represent that s,,,,PA2026_008,SOURCE_0007,"P.A. 26-8, Sec. 31"
TL_0450,2026-05-20,law takes effect,P.A. 26-8 Sec. 54 takes effect,"Section 21a-420d of the 2026 supplement to the general statutes is repealed and the following is substituted in lieu thereof (Effective from passage): (a) There is established a Social Equity Council, which shall be within the Department of Economic and Community Development for administrative purposes only. (b) The Social Equity Council shall consist of seventeen members as follows: (1) One appoi",,,,PA2026_008,SOURCE_0007,"P.A. 26-8, Sec. 54"
TL_0452,2026-05-20,law takes effect,P.A. 26-8 Sec. 56 takes effect,Subsection (a) of section 21a-420g of the 2026 supplement to the general statutes is repealed and the following is substituted in lieu thereof (Effective from passage): (a) The Social Equity Council shall review the ownership information and any other information necessary to confirm that an applicant qualifies as a social equity applicant for all cannabis establishment license type applications s,,,,PA2026_008,SOURCE_0007,"P.A. 26-8, Sec. 56"
TL_0455,2026-05-20,law takes effect,P.A. 26-8 Sec. 59 takes effect,"Subsection (d) of section 21a-420j of the 2026 supplement to the general statutes is repealed and the following is substituted in lieu thereof (Effective from passage): (d) (1) Except as provided in subdivision (2) of this subsection or subdivision (2) of subsection (k) of section 21a-420d, as amended by this act, a cultivator licensed under section 21a-420o, including the backer of such cultivato",,,,PA2026_008,SOURCE_0007,"P.A. 26-8, Sec. 59"
TL_0458,2026-05-20,law takes effect,P.A. 26-8 Sec. 62 takes effect,"Subsection (e) of section 21a-420m of the 2026 supplement to the general statutes is repealed and the following is substituted in lieu thereof (Effective from passage): (e) [A] Except as provided in subdivision (2) of subsection (k) of section 21a-420d, as amended by this act, a producer, including the backer of such producer, shall not increase its ownership in an equity joint venture in excess o",,,,PA2026_008,SOURCE_0007,"P.A. 26-8, Sec. 62"
TL_0463,2026-05-20,law takes effect,P.A. 26-8 Sec. 67 takes effect,"Subsections (c) to (g), inclusive, of section 21a-420s of the 2026 supplement to the general statutes are repealed and the following is substituted in lieu thereof (Effective from passage): (c) In addition to conducting general retail sales, a hybrid retailer may sell cannabis and medical marijuana products to qualifying patients and caregivers. Any cannabis or medical marijuana products sold to q",,,,PA2026_008,SOURCE_0007,"P.A. 26-8, Sec. 67"
TL_0467,2026-05-20,law takes effect,P.A. 26-8 Sec. 71 takes effect,"Subsection (e) of section 21a-420u of the 2026 supplement to the general statutes is repealed and the following is substituted in lieu thereof (Effective from passage): (e) [A] Except as provided in subdivision (2) of subsection (k) of section 21a-420d, as amended by this act, a dispensary facility, including the backers of such dispensary facility, shall not increase its ownership in an equity jo",,,,PA2026_008,SOURCE_0007,"P.A. 26-8, Sec. 71"
TL_0471,2026-05-20,law takes effect,P.A. 26-8 Sec. 75 takes effect,"Subsections (b) to (g), inclusive, of section 21a-420bb of the 2026 supplement to the general statutes are repealed and the following is substituted in lieu thereof (Effective from passage): (b) During the period beginning July 1, 2025, and ending March 31, 2027, the department shall issue a provisional micro-cultivator license to a social equity applicant pursuant to this section: (1) If the soci",,,,PA2026_008,SOURCE_0007,"P.A. 26-8, Sec. 75"
TL_0472,2026-05-20,law takes effect,P.A. 26-8 Sec. 76 takes effect,"Subsections (a) and (b) of section 21a-420cc of the 2026 supplement to the general statutes are repealed and the following is substituted in lieu thereof (Effective from passage): (a) During the period beginning January 1, 2026, and ending December 31, 2027, the department shall issue a cultivator license or micro-cultivator license to a social equity applicant, which permits such applicant to loc",,,,PA2026_008,SOURCE_0007,"P.A. 26-8, Sec. 76"
TL_0495,2026-05-20,law takes effect,P.A. 26-8 Sec. 99 takes effect,"Section 22-61l of the general statutes is repealed and the following is substituted in lieu thereof (Effective from passage): (a) For the purpose of this section and section 22-61m, as amended by this act, the following terms have the same meaning as provided in 7 CFR 990.1, as amended from time to time: ""Acceptable hemp THC level"", ""Agricultural marketing service"", ""Audit"", ""Cannabis"", ""Convictio",,,,PA2026_008,SOURCE_0007,"P.A. 26-8, Sec. 99"
TL_0496,2026-05-20,law takes effect,P.A. 26-8 Sec. 100 takes effect,"(NEW) (Effective from passage) (a) As used in this section: (1) ""Approved manufactured cannabinoid"" means a manufactured cannabinoid, as defined in section 21a-240 of the general statutes, as amended by this act, that has been approved by the Department of Consumer Protection and posted on the department's Internet web site; (2) ""Cannabis product"" has the same meaning as provided in section 21a-42",,,,PA2026_008,SOURCE_0007,"P.A. 26-8, Sec. 100"
TL_0497,2026-05-20,law takes effect,P.A. 26-8 Sec. 101 takes effect,"(NEW) (Effective from passage) No provision of chapter 424 of the general statutes shall be construed to authorize the interstate transportation of any product in violation of federal law, including, but not limited to, the United States Agricultural Marketing Act of 1946, 7 USC 1639o et seq., as amended from time to time.",,,,PA2026_008,SOURCE_0007,"P.A. 26-8, Sec. 101"
TL_0498,2026-05-20,law takes effect,P.A. 26-8 Sec. 102 takes effect,"Subsection (r) of section 22-61m of the 2026 supplement to the general statutes is repealed and the following is substituted in lieu thereof (Effective from passage): (r) The Commissioner of Consumer Protection may adopt regulations, in accordance with the provisions of chapter 54, to implement the provisions of this section including, but not limited to, establishing sampling and testing procedur",,,,PA2026_008,SOURCE_0007,"P.A. 26-8, Sec. 102"
TL_0499,2026-05-20,law takes effect,P.A. 26-8 Sec. 103 takes effect,"Section 22-61n of the general statutes is repealed and the following is substituted in lieu thereof (Effective from passage): (a) As used in this section: (1) ""Cannabis product"" has the same meaning as provided in section 21a-420, as amended by this act; [(1)] (2) ""Cultivator"" has the same meaning as provided in section 21a- 420, as amended by this act; (3) ""Food and beverage manufacturer"" has the",,,,PA2026_008,SOURCE_0007,"P.A. 26-8, Sec. 103"
TL_0507,2026-05-20,law takes effect,P.A. 26-8 Sec. 114 takes effect,"(Effective from passage) Not later than January 1, 2027, the Commissioner of Consumer Protection shall submit a report, in accordance with the provisions of section 11-4a of the general statutes, to the joint standing committee of the General Assembly having cognizance of matters relating to consumer protection recommending legislation to establish a micro-retailer license in the state's adult use",,,,PA2026_008,SOURCE_0007,"P.A. 26-8, Sec. 114"
TL_0075,2026-06-02,signed,HB5222: Signed by the Governor,"AN ACT CONCERNING CONSUMER PROTECTION, CANNABIS, DATA PRIVACY, FIRE INSPECTIONS, CRIMINAL MISCHIEF AND ARTIFICIAL INTELLIGENCE",,General Law Committee,BILL_2026_HB5222,PA2026_100,SOURCE_0010,"Bill History row, 2026-06-02"
TL_0513,2026-06-02,law takes effect,P.A. 26-100 Sec. 50 takes effect,"Section 21a-420d of the 2026 supplement to the general statutes, as amended by section 54 of public act 26-8, is repealed and the following is substituted in lieu thereof (Effective from passage): (a) There is established a Social Equity Council, which shall be within the Department of Economic and Community Development for administrative purposes only. (b) The Social Equity Council shall consist ",,,,PA2026_100,SOURCE_0008,"P.A. 26-100, Sec. 50"
TL_0515,2026-06-02,law takes effect,P.A. 26-100 Sec. 52 takes effect,"Subsection (a) of section 21a-420g of the 2026 supplement to the general statutes, as amended by section 56 of public act 26-8, is repealed and the following is substituted in lieu thereof (Effective from passage): (a) The Social Equity Council shall review the ownership information and any other information necessary to confirm that an applicant qualifies as a social equity applicant for all cann",,,,PA2026_100,SOURCE_0008,"P.A. 26-100, Sec. 52"
TL_0519,2026-06-02,law takes effect,P.A. 26-100 Sec. 56 takes effect,"Subsection (a) of section 22-61l of the general statutes, as amended by section 99 of public act 26-8, is repealed and the following is substituted in lieu thereof (Effective from passage): (a) For the purpose of this section and section 22-61m, as amended by [this act] public act 26-8, the following terms have the same meaning as provided in 7 CFR 990.1, as amended from time to time: ""Acceptable ",,,,PA2026_100,SOURCE_0008,"P.A. 26-100, Sec. 56"
TL_0520,2026-06-02,law takes effect,P.A. 26-100 Sec. 57 takes effect,"Subsection (c) of section 22-61n of the general statutes, as amended by section 103 of public act 26-8, is repealed and the following is substituted in lieu thereof (Effective from passage): (c) Hemp or hemp products purchased by a producer, cultivator, micro-cultivator, food and beverage manufacturer or product manufacturer from a third party shall be tracked as a separate batch throughout the ma",,,,PA2026_100,SOURCE_0008,"P.A. 26-100, Sec. 57"
TL_0454,2026-07-01,law takes effect,P.A. 26-8 Sec. 58 takes effect,"Section 21a-420h of the 2026 supplement to the general statutes is repealed and the following is substituted in lieu thereof (Effective July 1, 2026): The Social Equity Council shall adopt regulations, in accordance with the provisions of chapter 54, to prevent the sale or change in ownership or control of a cannabis establishment license awarded to a social equity applicant to someone other than ",,,,PA2026_008,SOURCE_0007,"P.A. 26-8, Sec. 58"
TL_0461,2026-07-01,law takes effect,P.A. 26-8 Sec. 65 takes effect,"Section 21a-420q of the 2026 supplement to the general statutes is repealed and the following is substituted in lieu thereof (Effective July 1, 2026): The commissioner shall adopt regulations, in accordance with the provisions of chapter 54, to establish the maximum grow space permitted by a cultivator and micro-cultivator. In adopting such regulations, the commissioner shall seek to ensure an ade",,,,PA2026_008,SOURCE_0007,"P.A. 26-8, Sec. 65"
TL_0469,2026-07-01,law takes effect,P.A. 26-8 Sec. 73 takes effect,"Subsection (e) of section 21a-420z of the 2026 supplement to the general statutes is repealed and the following is substituted in lieu thereof (Effective July 1, 2026): (e) The commissioner shall adopt regulations, in accordance with chapter 54, to implement the provisions of RERACA. Notwithstanding the requirements of sections 4-168 to 4-172, inclusive, in order to effectuate the purposes of RERA",,,,PA2026_008,SOURCE_0007,"P.A. 26-8, Sec. 73"
TL_0474,2026-07-01,law takes effect,P.A. 26-8 Sec. 78 takes effect,"Subsection (b) of section 21a-421j of the 2026 supplement to the general statutes is repealed and the following is substituted in lieu thereof (Effective July 1, 2026): (b) The commissioner shall adopt regulations in accordance with chapter 54 to implement the provisions of RERACA. Notwithstanding the requirements of sections 4-168 to 4-172, inclusive, in order to effectuate the purposes of RERACA",,,,PA2026_008,SOURCE_0007,"P.A. 26-8, Sec. 78"
TL_0476,2026-07-01,law takes effect,P.A. 26-8 Sec. 80 takes effect,"Subsection (b) of section 21a-421k of the 2026 supplement to the general statutes is repealed and the following is substituted in lieu thereof (Effective July 1, 2026): (b) Notwithstanding the requirements of sections 4-168 to 4-172, inclusive, in order to effectuate the purposes of RERACA and protect public health and safety, prior to adopting such regulations the commissioner shall implement pol",,,,PA2026_008,SOURCE_0007,"P.A. 26-8, Sec. 80"
TL_0509,2026-07-01,law takes effect,P.A. 26-100 Sec. 11 takes effect,"Subsection (a) of section 21a-430 of the 2026 supplement to the general statutes is repealed and the following is substituted in lieu thereof (Effective July 1, 2026): (a) No person shall place or cause to be placed in a public place a donation bin for the donation of clothing or other articles unless (1) such person obtains advance written consent from the owner of such public place, or such owne",,,,PA2026_100,SOURCE_0008,"P.A. 26-100, Sec. 11"
TL_0582,2026-08-26,access event,"Melvin Medina (declaration list spells ""Melvin Media"") → SEC member (R&W Committee special meeting)",RECUSAL/CONFLICT DECLARATION (imported from L31) (conflict declaration on the record),,"Melvin Medina (declaration list spells ""Melvin Media"")",,,SOURCE_0023,INFLUENCE_WORKBOOK.xlsx!Political_Access_Log row 29
TL_0583,2026-08-26,access event,Avery Gaddis → SEC member (R&W Committee special meeting),RECUSAL/CONFLICT DECLARATION (imported from L31) (conflict declaration on the record),,Avery Gaddis,,,SOURCE_0023,INFLUENCE_WORKBOOK.xlsx!Political_Access_Log row 30
TL_0584,2026-08-26,access event,Andréa Comer → SEC member (R&W Committee special meeting),RECUSAL/CONFLICT DECLARATION (imported from L31) (conflict declaration on the record),,Andréa Comer,,,SOURCE_0023,INFLUENCE_WORKBOOK.xlsx!Political_Access_Log row 31
TL_0585,2026-08-26,access event,Andréa Hawkins → SEC member (R&W Committee special meeting),RECUSAL/CONFLICT DECLARATION (imported from L31) (conflict declaration on the record),,Andréa Hawkins,,,SOURCE_0023,INFLUENCE_WORKBOOK.xlsx!Political_Access_Log row 32
TL_0586,2026-08-26,access event,Grace Suh (designee for Kelli Vallieres) → SEC member (R&W Committee special meeting),RECUSAL/CONFLICT DECLARATION (imported from L31) (conflict declaration on the record),,Grace Suh (designee for Kelli Vallieres),,,SOURCE_0023,INFLUENCE_WORKBOOK.xlsx!Political_Access_Log row 33
TL_0587,2026-08-26,access event,Charles Venator-Santiago → SEC member (R&W Committee special meeting),RECUSAL/CONFLICT DECLARATION (imported from L31) (conflict declaration on the record),,Charles Venator-Santiago,,,SOURCE_0023,INFLUENCE_WORKBOOK.xlsx!Political_Access_Log row 34
TL_0588,2026-08-26,access event,Shirley Skyers-Thomas → SEC member (R&W Committee special meeting),RECUSAL/CONFLICT DECLARATION (imported from L31) (conflict declaration on the record),,Shirley Skyers-Thomas,,,SOURCE_0023,INFLUENCE_WORKBOOK.xlsx!Political_Access_Log row 35
TL_0589,2026-08-26,access event,Corrie Betts → SEC member (R&W Committee special meeting),RECUSAL/CONFLICT DECLARATION (imported from L31) (conflict declaration on the record),,Corrie Betts,,,SOURCE_0023,INFLUENCE_WORKBOOK.xlsx!Political_Access_Log row 36
TL_0590,2026-08-26,access event,Ojala Naeem → SEC member (R&W Committee special meeting),RECUSAL/CONFLICT DECLARATION (imported from L31) (conflict declaration on the record),,Ojala Naeem,,,SOURCE_0023,INFLUENCE_WORKBOOK.xlsx!Political_Access_Log row 37
TL_0522,2026-09-15,agency action,Social Equity Council: Changes to Equity Joint Venture/Ownership and Control,Proposed — pending,ISSUE_AGENCY,Social Equity Council,,,SOURCE_0017,PR2026-045
TL_0523,2026-09-15,agency action,Social Equity Council: Changes to Equity Joint Venture/Ownership and Control,Withdrawn — WITHDRAWN,ISSUE_AGENCY,Social Equity Council,,,SOURCE_0017,PR2026-043
TL_0524,2026-09-15,agency action,Social Equity Council: Changes to Equity Joint Venture/Ownership and Control,Withdrawn — WITHDRAWN,ISSUE_AGENCY,Social Equity Council,,,SOURCE_0017,PR2026-041
TL_0525,2026-09-15,agency action,Social Equity Council: Social Equity Eligibility/Change in Ownership,Proposed — pending,ISSUE_AGENCY,Social Equity Council,,,SOURCE_0017,PR2026-040
TL_0527,2026-09-15,agency action,Social Equity Council: SEC Change in Ownership,Withdrawn — WITHDRAWN,ISSUE_AGENCY,Social Equity Council,,,SOURCE_0017,PR2025-027
TL_0398,2026-10-01,law takes effect,P.A. 26-8 Sec. 1 takes effect,"Subsection (q) of section 1-1 of the general statutes is repealed and the following is substituted in lieu thereof (Effective October 1, 2026): (q) Except as otherwise specifically defined, the words ""agriculture"" and ""farming"" include cultivation of the soil, dairying, forestry, raising or harvesting any agricultural or horticultural commodity, including the raising, shearing, feeding, caring for",,,,PA2026_008,SOURCE_0007,"P.A. 26-8, Sec. 1"
TL_0399,2026-10-01,law takes effect,P.A. 26-8 Sec. 3 takes effect,"Subdivision (1) of subsection (a) of section 12-330ll of the 2026 supplement to the general statutes is repealed and the following is substituted in lieu thereof (Effective October 1, 2026): (1) ""Cannabis"" has the same meaning as provided in section [21a-420] 21a-240, as amended by this act;",,,,PA2026_008,SOURCE_0007,"P.A. 26-8, Sec. 3"
TL_0400,2026-10-01,law takes effect,P.A. 26-8 Sec. 4 takes effect,"Subparagraph (B) of subdivision (120) of section 12-412 of the 2026 supplement to the general statutes is repealed and the following is substituted in lieu thereof (Effective October 1, 2026): (B) Nonprescription drugs or medicines do not include cosmetics, dentifrices, mouthwash, shaving and hair care products, soaps, deodorants or products containing cannabis or cannabinoids. As used in this sub",,,,PA2026_008,SOURCE_0007,"P.A. 26-8, Sec. 4"
TL_0401,2026-10-01,law takes effect,P.A. 26-8 Sec. 5 takes effect,"Section 12-650 of the general statutes is repealed and the following is substituted in lieu thereof (Effective October 1, 2026): Notwithstanding the provisions of this chapter, revision of 1958, revised to January 1, 2021, any outstanding liabilities or assessments, or any portion thereof, made under said chapter related to the sale, purchase, acquisition or possession within the state or the tran",,,,PA2026_008,SOURCE_0007,"P.A. 26-8, Sec. 5"
TL_0402,2026-10-01,law takes effect,P.A. 26-8 Sec. 6 takes effect,"Subdivision (13) of subsection (a) of section 12-704d of the general statutes is repealed and the following is substituted in lieu thereof (Effective October 1, 2026): (13) ""Cannabis"" has the same meaning as provided in section [21a- 420] 21a-240, as amended by this act; and",,,,PA2026_008,SOURCE_0007,"P.A. 26-8, Sec. 6"
TL_0403,2026-10-01,law takes effect,P.A. 26-8 Sec. 7 takes effect,"Subdivision (1) of subsection (d) of section 14-36 of the 2026 supplement to the general statutes is repealed and the following is substituted in lieu thereof (Effective October 1, 2026): (d) (1) No motor vehicle operator's license shall be issued to any applicant who is sixteen or seventeen years of age unless the applicant has held a youth instruction permit and has satisfied the requirements sp",,,,PA2026_008,SOURCE_0007,"P.A. 26-8, Sec. 7"
TL_0404,2026-10-01,law takes effect,P.A. 26-8 Sec. 8 takes effect,"Subdivision (2) of subsection (e) of section 14-227a of the 2026 supplement to the general statutes is repealed and the following is substituted in lieu thereof (Effective October 1, 2026): (2) In any prosecution for a violation of subdivision (1) of subsection (a) of this section in which it is alleged that the defendant's operation of a motor vehicle was impaired, in whole or in part, by consump",,,,PA2026_008,SOURCE_0007,"P.A. 26-8, Sec. 8"
TL_0405,2026-10-01,law takes effect,P.A. 26-8 Sec. 9 takes effect,"Subdivision (2) of subsection (d) of section 15-140r of the general statutes is repealed and the following is substituted in lieu thereof (Effective October 1, 2026): (2) In any prosecution for a violation of subsection (a) of this section in which it is alleged that the defendant's operation of a vessel was impaired, in whole or in part, by consumption of cannabis, as defined in section [21a-420]",,,,PA2026_008,SOURCE_0007,"P.A. 26-8, Sec. 9"
TL_0406,2026-10-01,law takes effect,P.A. 26-8 Sec. 10 takes effect,"Subdivision (3) of subsection (a) of section 19a-342 of the general statutes is repealed and the following is substituted in lieu thereof (Effective October 1, 2026): (3) ""Cannabis"" [means marijuana, as defined] has the same meaning as provided in section 21a-240, as amended by this act; and",,,,PA2026_008,SOURCE_0007,"P.A. 26-8, Sec. 10"
TL_0407,2026-10-01,law takes effect,P.A. 26-8 Sec. 11 takes effect,"Subdivision (6) of subsection (a) of section 19a-342a of the general statutes is repealed and the following is substituted in lieu thereof (Effective October 1, 2026): (6) ""Cannabis"" [means marijuana, as defined] has the same meaning as provided in section 21a-240, as amended by this act;",,,,PA2026_008,SOURCE_0007,"P.A. 26-8, Sec. 11"
TL_0408,2026-10-01,law takes effect,P.A. 26-8 Sec. 12 takes effect,"Subdivision (1) of subsection (a) of section 21a-3b of the 2026 supplement to the general statutes is repealed and the following is substituted in lieu thereof (Effective October 1, 2026): (1) ""Cannabis"" has the same meaning as provided in section [21a-420] 21a-240, as amended by this act;",,,,PA2026_008,SOURCE_0007,"P.A. 26-8, Sec. 12"
TL_0409,2026-10-01,law takes effect,P.A. 26-8 Sec. 13 takes effect,"Section 21a-8c of the 2026 supplement to the general statutes is repealed and the following is substituted in lieu thereof (Effective October 1, 2026): (a) There shall be a State-Wide Cannabis, [and] Hemp and Controlled Substances Enforcement [Policy] Board consisting of the Attorney General, the Chief State's Attorney, the Commissioner of Consumer Protection, the Commissioner of Emergency Service",,,,PA2026_008,SOURCE_0007,"P.A. 26-8, Sec. 13"
TL_0410,2026-10-01,law takes effect,P.A. 26-8 Sec. 14 takes effect,"Section 21a-12g of the general statutes is repealed and the following is substituted in lieu thereof (Effective October 1, 2026): Not later than December 1, 2022, the Department of Consumer Protection shall develop documents concerning the safe storage by consumers of (1) prescription drugs, as defined in section 19a-754b, and (2) cannabis, as defined in section [21a-420] 21a-240, as amended by th",,,,PA2026_008,SOURCE_0007,"P.A. 26-8, Sec. 14"
TL_0411,2026-10-01,law takes effect,P.A. 26-8 Sec. 15 takes effect,"Subsection (d) of section 21a-106 of the general statutes is repealed and the following is substituted in lieu thereof (Effective October 1, 2026): (d) If it is for use by man and contains any quantity of the narcotic or hypnotic substance alpha-eucaine, beta-eucaine, bromal, cannabis, carbromal, chloral, coca, cocaine, codeine, heroin, [marijuana,] morphine, opium, paraldehyde, peyote or sulphonm",,,,PA2026_008,SOURCE_0007,"P.A. 26-8, Sec. 15"
TL_0412,2026-10-01,law takes effect,P.A. 26-8 Sec. 16 takes effect,"Subdivisions (20) to (29), inclusive, of section 21a-240 of the general statutes are repealed and the following is substituted in lieu thereof (Effective October 1, 2026): (20) (A) ""Drug paraphernalia"" means equipment, products and materials of any kind that are used, intended for use or designed for use in planting, propagating, cultivating, growing, harvesting, manufacturing, compounding, conver",,,,PA2026_008,SOURCE_0007,"P.A. 26-8, Sec. 16"
TL_0413,2026-10-01,law takes effect,P.A. 26-8 Sec. 17 takes effect,"Subsection (e) of section 21a-243 of the 2026 supplement to the general statutes is repealed and the following is substituted in lieu thereof (Effective October 1, 2026): (e) The Commissioner of Consumer Protection shall classify [marijuana] cannabis as a controlled substance in schedule II under the Connecticut controlled substance scheduling regulations, except that for any [marijuana] cannabis ",,,,PA2026_008,SOURCE_0007,"P.A. 26-8, Sec. 17"
TL_0414,2026-10-01,law takes effect,P.A. 26-8 Sec. 18 takes effect,"Subsection (a) of section 21a-246 of the general statutes is repealed and the following is substituted in lieu thereof (Effective October 1, 2026): (a) No person within this state shall manufacture, wholesale, repackage, supply, compound, mix, cultivate or grow, or by other process produce or prepare, controlled substances without first obtaining a license to do so from the Commissioner of Consume",,,,PA2026_008,SOURCE_0007,"P.A. 26-8, Sec. 18"
TL_0415,2026-10-01,law takes effect,P.A. 26-8 Sec. 19 takes effect,"Section 21a-253 of the general statutes is repealed and the following is substituted in lieu thereof (Effective October 1, 2026): Any person may possess or have under [his] such person's control a quantity of [marijuana] cannabis less than or equal to that quantity supplied to [him] such person pursuant to a prescription made in accordance with the provisions of section 21a-249 by (1) a physician ",,,,PA2026_008,SOURCE_0007,"P.A. 26-8, Sec. 19"
TL_0416,2026-10-01,law takes effect,P.A. 26-8 Sec. 20 takes effect,"Subdivision (3) of subsection (b) of section 21a-277 of the general statutes is repealed and the following is substituted in lieu thereof (Effective October 1, 2026): (3) For purposes of this subsection, ""cannabis"" has the same meaning as provided in section [21a-420] 21a-240, as amended by this act.",,,,PA2026_008,SOURCE_0007,"P.A. 26-8, Sec. 20"
TL_0417,2026-10-01,law takes effect,P.A. 26-8 Sec. 21 takes effect,"Subdivision (1) of subsection (a) of section 21a-279 of the general statutes is repealed and the following is substituted in lieu thereof (Effective October 1, 2026): (a) (1) Any person who possesses or has under such person's control any quantity of any controlled substance, except any quantity of cannabis, as defined in section [21a-420] 21a-240, as amended by this act, and except as authorized ",,,,PA2026_008,SOURCE_0007,"P.A. 26-8, Sec. 21"
TL_0418,2026-10-01,law takes effect,P.A. 26-8 Sec. 22 takes effect,"Subdivision (1) of subsection (j) of section 21a-279a of the general statutes is repealed and the following is substituted in lieu thereof (Effective October 1, 2026): (j) (1) As used in this section, ""cannabis"" [,] has the same meaning as provided in section 21a-240, as amended by this act, and ""cannabis flower"", ""cannabis trim"", ""cannabis concentrate"" and ""cannabis product"" have the same meaning",,,,PA2026_008,SOURCE_0007,"P.A. 26-8, Sec. 22"
TL_0419,2026-10-01,law takes effect,P.A. 26-8 Sec. 23 takes effect,"Section 21a-408 of the general statutes is repealed and the following is substituted in lieu thereof (Effective October 1, 2026): As used in this section, sections 21a-408a to 21a-408o, inclusive, as amended by this act, and sections 21a-408r to 21a-408w, inclusive, as amended by this act, unless the context otherwise requires: (1) ""Advanced practice registered nurse"" means an advanced practice re",,,,PA2026_008,SOURCE_0007,"P.A. 26-8, Sec. 23"
TL_0420,2026-10-01,law takes effect,P.A. 26-8 Sec. 24 takes effect,"Section 21a-408a of the general statutes is repealed and the following is substituted in lieu thereof (Effective October 1, 2026): (a) A qualifying patient shall register with the Department of Consumer Protection pursuant to section 21a-408d, as amended by this act, prior to engaging in the palliative use of [marijuana] cannabis. A qualifying patient who has a valid registration certificate from ",,,,PA2026_008,SOURCE_0007,"P.A. 26-8, Sec. 24"
TL_0421,2026-10-01,law takes effect,P.A. 26-8 Sec. 25 takes effect,"Section 21a-408b of the general statutes is repealed and the following is substituted in lieu thereof (Effective October 1, 2026): (a) No person may serve as a caregiver for a qualifying patient unless such qualifying patient has a valid registration certificate from the Department of Consumer Protection pursuant to subsection (a) of section 21a-408d, as amended by this act. A caregiver may not be",,,,PA2026_008,SOURCE_0007,"P.A. 26-8, Sec. 25"
TL_0422,2026-10-01,law takes effect,P.A. 26-8 Sec. 26 takes effect,"Subsections (a) and (b) of section 21a-408c of the 2026 supplement to the general statutes are repealed and the following is substituted in lieu thereof (Effective October 1, 2026): (a) (1) A physician, physician assistant or advanced practice registered nurse may issue a written certification to a qualifying patient that authorizes the palliative use of [marijuana] cannabis by the qualifying pati",,,,PA2026_008,SOURCE_0007,"P.A. 26-8, Sec. 26"
TL_0423,2026-10-01,law takes effect,P.A. 26-8 Sec. 27 takes effect,"Subsections (a) to (c), inclusive, of section 21a-408d of the general statutes are repealed and the following is substituted in lieu thereof (Effective October 1, 2026): (a) Each qualifying patient who is issued a written certification for the palliative use of [marijuana] cannabis under subdivision (1) of subsection (a) of section 21a-408a, as amended by this act, and the caregiver of such qualif",,,,PA2026_008,SOURCE_0007,"P.A. 26-8, Sec. 27"
TL_0424,2026-10-01,law takes effect,P.A. 26-8 Sec. 28 takes effect,"Section 21a-408e of the general statutes is repealed and the following is substituted in lieu thereof (Effective October 1, 2026): No person shall be subject to arrest or prosecution solely for being in the presence or vicinity of the palliative use of [marijuana] cannabis as permitted under sections 21a-408 to 21a-408m, inclusive, as amended by this act.",,,,PA2026_008,SOURCE_0007,"P.A. 26-8, Sec. 28"
TL_0425,2026-10-01,law takes effect,P.A. 26-8 Sec. 29 takes effect,"Section 21a-408f of the general statutes is repealed and the following is substituted in lieu thereof (Effective October 1, 2026): Any [marijuana] cannabis, paraphernalia relating to [marijuana] cannabis, or other property seized by law enforcement officials from a qualifying patient, [or a] qualifying out-of-state patient, caregiver or qualifying out-of-state caregiver in connection with the clai",,,,PA2026_008,SOURCE_0007,"P.A. 26-8, Sec. 29"
TL_0426,2026-10-01,law takes effect,P.A. 26-8 Sec. 30 takes effect,"Section 21a-408g of the general statutes is repealed and the following is substituted in lieu thereof (Effective October 1, 2026): (a) Any person who makes a fraudulent representation to a law enforcement official of any fact or circumstance relating to the palliative use of [marijuana] cannabis in order to avoid arrest or prosecution under chapter 420b or any other provision of the general statut",,,,PA2026_008,SOURCE_0007,"P.A. 26-8, Sec. 30"
TL_0428,2026-10-01,law takes effect,P.A. 26-8 Sec. 32 takes effect,"Section 21a-408h of the general statutes, as amended by section 31 of this act, is repealed and the following is substituted in lieu thereof (Effective October 1, 2026): (a) No person may act as a dispensary or represent that such person is a licensed dispensary unless such person has obtained a license from the Commissioner of Consumer Protection pursuant to this section. (b) No person may act as",,,,PA2026_008,SOURCE_0007,"P.A. 26-8, Sec. 32"
TL_0429,2026-10-01,law takes effect,P.A. 26-8 Sec. 33 takes effect,"Subsection (b) of section 21a-408i of the general statutes is repealed and the following is substituted in lieu thereof (Effective October 1, 2026): (b) The Commissioner of Consumer Protection shall determine the number of producers appropriate to meet the needs of qualifying patients in this state and shall adopt regulations, in accordance with chapter 54, to provide for the licensure, standards ",,,,PA2026_008,SOURCE_0007,"P.A. 26-8, Sec. 33"
TL_0430,2026-10-01,law takes effect,P.A. 26-8 Sec. 34 takes effect,"Section 21a-408j of the general statutes is repealed and the following is substituted in lieu thereof (Effective October 1, 2026): (a) No dispensary facility or employee of the dispensary facility may: (1) Acquire [marijuana] cannabis from a person other than a producer, [from a] cultivator, micro-cultivator, product manufacturer, food and beverage manufacturer, product packager [,] or transporter",,,,PA2026_008,SOURCE_0007,"P.A. 26-8, Sec. 34"
TL_0431,2026-10-01,law takes effect,P.A. 26-8 Sec. 35 takes effect,"Section 21a-408k of the general statutes is repealed and the following is substituted in lieu thereof (Effective October 1, 2026): (a) No producer or employee of the producer may: (1) Sell, deliver, transport or distribute [marijuana] cannabis to a person who is not (A) a cannabis establishment, (B) a cannabis testing laboratory, or (C) an organization engaged in a research program, or (2) obtain ",,,,PA2026_008,SOURCE_0007,"P.A. 26-8, Sec. 35"
TL_0432,2026-10-01,law takes effect,P.A. 26-8 Sec. 36 takes effect,"Section 21a-408l of the general statutes is repealed and the following is substituted in lieu thereof (Effective October 1, 2026): (a) The Commissioner of Consumer Protection shall establish a Board of Physicians consisting of eight physicians or surgeons who are knowledgeable about the palliative use of [marijuana] cannabis and certified by the appropriate American board in the medical specialty ",,,,PA2026_008,SOURCE_0007,"P.A. 26-8, Sec. 36"
TL_0433,2026-10-01,law takes effect,P.A. 26-8 Sec. 37 takes effect,"Section 21a-408m of the general statutes is repealed and the following is substituted in lieu thereof (Effective October 1, 2026): (a) The Commissioner of Consumer Protection may adopt regulations, in accordance with chapter 54, to establish (1) a standard form for written certifications for the palliative use of [marijuana] cannabis issued by physicians, physician assistants and advanced practice",,,,PA2026_008,SOURCE_0007,"P.A. 26-8, Sec. 37"
TL_0434,2026-10-01,law takes effect,P.A. 26-8 Sec. 38 takes effect,"Section 21a-408o of the general statutes is repealed and the following is substituted in lieu thereof (Effective October 1, 2026): Nothing in sections 21a-408 to 21a-408m, inclusive, as amended by this act, or section 21a-243, as amended by this act, shall be construed to require health insurance coverage for the palliative use of [marijuana] cannabis.",,,,PA2026_008,SOURCE_0007,"P.A. 26-8, Sec. 38"
TL_0435,2026-10-01,law takes effect,P.A. 26-8 Sec. 39 takes effect,"Section 21a-408p of the general statutes is repealed and the following is substituted in lieu thereof (Effective October 1, 2026): (a) For the purposes of this section: (1) ""Action"" has the meaning provided in section 47a-1; (2) ""Dwelling unit"" has the meaning provided in section 47a-1; (3) ""Employer"" means a person engaged in business who has one or more employees, including the state and any pol",,,,PA2026_008,SOURCE_0007,"P.A. 26-8, Sec. 39"
TL_0436,2026-10-01,law takes effect,P.A. 26-8 Sec. 40 takes effect,"Subsection (d) of section 21a-408r of the general statutes is repealed and the following is substituted in lieu thereof (Effective October 1, 2026): (d) The Commissioner of Consumer Protection shall adopt regulations, in accordance with chapter 54, to (1) provide for the licensure or registration of cannabis testing laboratories and cannabis testing laboratory employees, (2) establish standards an",,,,PA2026_008,SOURCE_0007,"P.A. 26-8, Sec. 40"
TL_0437,2026-10-01,law takes effect,P.A. 26-8 Sec. 41 takes effect,"Subsections (a) to (c), inclusive, of section 21a-408s of the general statutes are repealed and the following is substituted in lieu thereof (Effective October 1, 2026): (a) No cannabis testing laboratory or cannabis testing laboratory employee may (1) acquire [marijuana] cannabis from a person other than (A) a cannabis establishment or an organization engaged in a research program, or (B) a careg",,,,PA2026_008,SOURCE_0007,"P.A. 26-8, Sec. 41"
TL_0438,2026-10-01,law takes effect,P.A. 26-8 Sec. 42 takes effect,"Section 21a-408u of the general statutes is repealed and the following is substituted in lieu thereof (Effective October 1, 2026): (a) No research program or research program employee may (1) acquire [marijuana] cannabis from a person other than a cannabis establishment or cannabis testing laboratory, (2) deliver, transport or distribute [marijuana] cannabis to a person who is not (A) a cannabis e",,,,PA2026_008,SOURCE_0007,"P.A. 26-8, Sec. 42"
TL_0439,2026-10-01,law takes effect,P.A. 26-8 Sec. 43 takes effect,"Subsections (b) and (c) of section 21a-408v of the general statutes are repealed and the following is substituted in lieu thereof (Effective October 1, 2026): (b) A research program subject who has a valid registration certificate from the Department of Consumer Protection and is acting within the scope of [his or her] the research program subject's involvement in an approved research program shal",,,,PA2026_008,SOURCE_0007,"P.A. 26-8, Sec. 43"
TL_0440,2026-10-01,law takes effect,P.A. 26-8 Sec. 44 takes effect,"Section 21a-408w of the general statutes is repealed and the following is substituted in lieu thereof (Effective October 1, 2026): (a) (1) Each cannabis establishment shall submit [marijuana] cannabis samples to a cannabis testing laboratory for testing [as set forth in subsection (b) of this section] in accordance with the laboratory testing standards established in the regulations adopted by the",,,,PA2026_008,SOURCE_0007,"P.A. 26-8, Sec. 44"
TL_0441,2026-10-01,law takes effect,P.A. 26-8 Sec. 45 takes effect,"Subsections (b) and (c) of section 21a-409 of the general statutes are repealed and the following is substituted in lieu thereof (Effective October 1, 2026): (b) Hemp or manufacturer hemp products purchased by producers from third parties shall be tracked as a separate batch throughout the manufacturing process in order to document the disposition of such hemp or manufacturer hemp products. Hemp o",,,,PA2026_008,SOURCE_0007,"P.A. 26-8, Sec. 45"
TL_0442,2026-10-01,law takes effect,P.A. 26-8 Sec. 46 takes effect,"Subsections (a) and (b) of section 21a-410 of the general statutes are repealed and the following is substituted in lieu thereof (Effective October 1, 2026): (a) For purposes of this section: (1) ""Material change"" means: (A) The addition of a dispensary facility backer or producer backer, (B) a change in the ownership interest of an existing dispensary facility backer or producer backer, (C) the m",,,,PA2026_008,SOURCE_0007,"P.A. 26-8, Sec. 46"
TL_0443,2026-10-01,law takes effect,P.A. 26-8 Sec. 47 takes effect,"Section 21a-420 of the 2026 supplement to the general statutes is repealed and the following is substituted in lieu thereof (Effective October 1, 2026): As used in RERACA, unless the context otherwise requires: (1) ""Responsible and Equitable Regulation of Adult-Use Cannabis Act"" or ""RERACA"" means this section, sections 2-56j, 7-294kk, 7-294ll, 12-330ll to 12-330nn, inclusive, as amended by this ac",,,,PA2026_008,SOURCE_0007,"P.A. 26-8, Sec. 47"
TL_0444,2026-10-01,law takes effect,P.A. 26-8 Sec. 48 takes effect,"(NEW) (Effective October 1, 2026) (a) There is established a cannabis regulatory working group to (1) study regulations adopted or proposed, and policies and procedures issued or proposed, by the Commissioner of Consumer Protection and the Social Equity Council concerning cannabis, (2) recommend the adoption or amendment of regulations concerning cannabis, (3) recommend the issuance or amendment o",,,,PA2026_008,SOURCE_0007,"P.A. 26-8, Sec. 48"
TL_0445,2026-10-01,law takes effect,P.A. 26-8 Sec. 49 takes effect,"(NEW) (Effective October 1, 2026) No retailer, hybrid retailer or dispensary facility shall borrow money or receive credit, directly or indirectly, in any form for a period in excess of thirty days from any cultivator, micro-cultivator or producer.",,,,PA2026_008,SOURCE_0007,"P.A. 26-8, Sec. 49"
TL_0446,2026-10-01,law takes effect,P.A. 26-8 Sec. 50 takes effect,"(NEW) (Effective October 1, 2026) (a) Notwithstanding any provision of chapter 420f or 420h of the general statutes, no cannabis establishment licensed to deliver or transport cannabis shall be required to staff any cannabis delivery or transport vehicle with more than one employee in order to deliver or transport cannabis to another cannabis establishment, a cannabis testing laboratory or a resea",,,,PA2026_008,SOURCE_0007,"P.A. 26-8, Sec. 50"
TL_0447,2026-10-01,law takes effect,P.A. 26-8 Sec. 51 takes effect,"(NEW) (Effective October 1, 2026) Notwithstanding any provision of chapter 420f or 420h of the general statutes, no producer, cultivator or micro-cultivator engaged in the outdoor cultivation of cannabis shall be required to maintain a fence on the perimeter of the outdoor cannabis cultivation area that is more than eight feet in height.",,,,PA2026_008,SOURCE_0007,"P.A. 26-8, Sec. 51"
TL_0448,2026-10-01,law takes effect,P.A. 26-8 Sec. 52 takes effect,"(NEW) (Effective October 1, 2026) (a) (1) Each cannabis establishment shall submit cannabis samples to a cannabis testing laboratory for testing in accordance with the laboratory testing standards established in the regulations adopted by the Commissioner of Consumer Protection pursuant to section 21a-421j of the general statutes, as amended by this act. The quantity and number of cannabis samples",,,,PA2026_008,SOURCE_0007,"P.A. 26-8, Sec. 52"
TL_0449,2026-10-01,law takes effect,P.A. 26-8 Sec. 53 takes effect,"Subsections (a) to (e), inclusive, of section 21a-420c of the 2026 supplement to the general statutes are repealed and the following is substituted in lieu thereof (Effective October 1, 2026): (a) As used in this section: (1) ""Cigarette"" has the same meaning as provided in section 4-28h; (2) ""Electronic cigarette liquid"" has the same meaning as provided in section 21a-415; (3) ""Electronic nicotine",,,,PA2026_008,SOURCE_0007,"P.A. 26-8, Sec. 53"
TL_0451,2026-10-01,law takes effect,P.A. 26-8 Sec. 55 takes effect,"Subsections (e) to (s), inclusive, of section 21a-420d of the 2026 supplement to the general statutes, as amended by section 54 of this act, are repealed and the following is substituted in lieu thereof (Effective October 1, 2026): (e) The Social Equity Council may (1) request, and shall receive, from any state agency such information and assistance as the council may require to carry out its duti",,,,PA2026_008,SOURCE_0007,"P.A. 26-8, Sec. 55"
TL_0453,2026-10-01,law takes effect,P.A. 26-8 Sec. 57 takes effect,"Subsection (g) of section 21a-420g of the 2026 supplement to the general statutes is repealed and the following is substituted in lieu thereof (Effective October 1, 2026): (g) (1) No additional backers may be added to a cannabis establishment application between the time of lottery entry, or any initial application for a license, and when a final license is awarded to the cannabis establishment, e",,,,PA2026_008,SOURCE_0007,"P.A. 26-8, Sec. 57"
TL_0456,2026-10-01,law takes effect,P.A. 26-8 Sec. 60 takes effect,"Subsection (b) of section 21a-420l of the general statutes is repealed and the following is substituted in lieu thereof (Effective October 1, 2026): (b) To obtain approval from the commissioner to engage in expanded activity as described in subsection (a) of this section, a producer shall submit (1) a complete license expansion application on a form prescribed by the commissioner, (2) a medical ca",,,,PA2026_008,SOURCE_0007,"P.A. 26-8, Sec. 60"
TL_0457,2026-10-01,law takes effect,P.A. 26-8 Sec. 61 takes effect,"Subsection (b) of section 21a-420m of the 2026 supplement to the general statutes is repealed and the following is substituted in lieu thereof (Effective October 1, 2026): (b) The equity joint venture shall be in any cannabis establishment licensed business, other than a cultivator license, provided such equity joint venture is at least fifty per cent owned and controlled by an individual or indiv",,,,PA2026_008,SOURCE_0007,"P.A. 26-8, Sec. 61"
TL_0459,2026-10-01,law takes effect,P.A. 26-8 Sec. 63 takes effect,"Subsection (d) of section 21a-420n of the 2026 supplement to the general statutes is repealed and the following is substituted in lieu thereof (Effective October 1, 2026): (d) A cultivator may sell, transfer or transport its cannabis to a cannabis establishment, research program or cannabis testing laboratory utilizing its own employees or a transporter. A cultivator shall not sell, transfer or de",,,,PA2026_008,SOURCE_0007,"P.A. 26-8, Sec. 63"
TL_0460,2026-10-01,law takes effect,P.A. 26-8 Sec. 64 takes effect,"Subsections (f) and (g) of section 21a-420p of the 2026 supplement to the general statutes are repealed and the following is substituted in lieu thereof (Effective October 1, 2026): (f) (1) A micro-cultivator may sell cannabis seedlings cultivated at its micro-cultivator establishment directly to consumers, excluding qualifying patients, [and] qualifying out-of-state patients, caregivers and quali",,,,PA2026_008,SOURCE_0007,"P.A. 26-8, Sec. 64"
TL_0462,2026-10-01,law takes effect,P.A. 26-8 Sec. 66 takes effect,"Section 21a-420r of the 2026 supplement to the general statutes is repealed and the following is substituted in lieu thereof (Effective October 1, 2026): (a) [On and after July 1, 2021, the] The department may issue or renew a license for a person to be a retailer. No person may act as a retailer or represent that such person is a retailer unless such person has obtained a license from the departm",,,,PA2026_008,SOURCE_0007,"P.A. 26-8, Sec. 66"
TL_0464,2026-10-01,law takes effect,P.A. 26-8 Sec. 68 takes effect,"Section 21a-420s of the 2026 supplement to the general statutes, as amended by section 67 of this act, is repealed and the following is substituted in lieu thereof (Effective October 1, 2026): (a) The department may issue or renew a license for a hybrid retailer. No person may act as a hybrid retailer or represent that such person is a hybrid retailer unless such person has obtained a license from",,,,PA2026_008,SOURCE_0007,"P.A. 26-8, Sec. 68"
TL_0465,2026-10-01,law takes effect,P.A. 26-8 Sec. 69 takes effect,"Subsections (a) to (d), inclusive, of section 21a-420t of the 2026 supplement to the general statutes are repealed and the following is substituted in lieu thereof (Effective October 1, 2026): (a) A dispensary facility may apply to the department, on a form and in a manner prescribed by the commissioner, to convert its license to a hybrid retailer license [on or after September 1, 2021,] without a",,,,PA2026_008,SOURCE_0007,"P.A. 26-8, Sec. 69"
TL_0466,2026-10-01,law takes effect,P.A. 26-8 Sec. 70 takes effect,"Subsection (b) of section 21a-420u of the 2026 supplement to the general statutes is repealed and the following is substituted in lieu thereof (Effective October 1, 2026): (b) Any equity joint venture created under this section shall be created for the development of a cannabis establishment, other than a cultivator, provided such equity joint venture is at least fifty per cent owned and controlle",,,,PA2026_008,SOURCE_0007,"P.A. 26-8, Sec. 70"
TL_0468,2026-10-01,law takes effect,P.A. 26-8 Sec. 72 takes effect,"Subsections (c) and (d) of section 21a-420z of the 2026 supplement to the general statutes are repealed and the following is substituted in lieu thereof (Effective October 1, 2026): (c) A delivery service may (1) deliver cannabis from a micro- cultivator, retailer, or hybrid retailer directly to a consumer, and (2) deliver cannabis and medical [marijuana] cannabis products from a hybrid retailer o",,,,PA2026_008,SOURCE_0007,"P.A. 26-8, Sec. 72"
TL_0470,2026-10-01,law takes effect,P.A. 26-8 Sec. 74 takes effect,"Subparagraph (A) of subdivision (3) of subsection (b) of section 21a-420aa of the 2026 supplement to the general statutes is repealed and the following is substituted in lieu thereof (Effective October 1, 2026): (A) Such change in ownership or control is allowed under (i) section 21a-420g, as amended by this act, or 21a-420h, as amended by this act, and (ii) any regulation adopted, or policy or pr",,,,PA2026_008,SOURCE_0007,"P.A. 26-8, Sec. 74"
TL_0473,2026-10-01,law takes effect,P.A. 26-8 Sec. 77 takes effect,"Subsection (f) of section 21a-421d of the general statutes is repealed and the following is substituted in lieu thereof (Effective October 1, 2026): (f) A producer, cultivator or micro-cultivator may sell, transport or transfer cannabis to a product packager, food or beverage manufacturer, product manufacturer, dispensary facility or hybrid retailer for the sale of products to [qualified] qualifyi",,,,PA2026_008,SOURCE_0007,"P.A. 26-8, Sec. 77"
TL_0475,2026-10-01,law takes effect,P.A. 26-8 Sec. 79 takes effect,"Section 21a-421j of the 2026 supplement to the general statutes, as amended by section 78 of this act, is repealed and the following is substituted in lieu thereof (Effective October 1, 2026): (a) As used in this section: [, ""total THC""] (1) ""Other cannabis plant material"" (A) means cannabis trim and all parts of any plant or species of the genus cannabis, or any infra specific taxon thereof, excl",,,,PA2026_008,SOURCE_0007,"P.A. 26-8, Sec. 79"
TL_0477,2026-10-01,law takes effect,P.A. 26-8 Sec. 81 takes effect,"Subsections (a) and (b) of section 21a-421n of the general statutes are repealed and the following is substituted in lieu thereof (Effective October 1, 2026): (a) Each cannabis establishment, licensed pursuant to chapter 420f or the provisions of RERACA shall maintain a record of all cannabis grown, manufactured, wasted and distributed between cannabis establishments and to consumers, qualifying p",,,,PA2026_008,SOURCE_0007,"P.A. 26-8, Sec. 81"
TL_0478,2026-10-01,law takes effect,P.A. 26-8 Sec. 82 takes effect,"Subsection (e) of section 21a-421o of the general statutes is repealed and the following is substituted in lieu thereof (Effective October 1, 2026): (e) Except as otherwise provided in RERACA, all records maintained or kept on file related to RERACA by the department or the Social Equity Council shall be public records for purposes of the Freedom of Information Act, as defined in section 1-200. In",,,,PA2026_008,SOURCE_0007,"P.A. 26-8, Sec. 82"
TL_0479,2026-10-01,law takes effect,P.A. 26-8 Sec. 83 takes effect,"Section 21a-421q of the general statutes is repealed and the following is substituted in lieu thereof (Effective October 1, 2026): (a) Qualifying patients and caregivers registered pursuant to chapter 420f, and qualifying out-of-state patients and qualifying out-of-state caregivers, shall be permitted to purchase cannabis of higher potency, varied dosage form, and in a larger per transaction or pe",,,,PA2026_008,SOURCE_0007,"P.A. 26-8, Sec. 83"
TL_0480,2026-10-01,law takes effect,P.A. 26-8 Sec. 84 takes effect,"Section 21a-421r of the general statutes is repealed and the following is substituted in lieu thereof (Effective October 1, 2026): A licensed pharmacist working as an employee at a dispensary facility or hybrid retailer shall transmit dispensing information, in a manner prescribed by the commissioner, on any cannabis sold to a qualifying patient, [or] qualifying out-of-state patient, caregiver or ",,,,PA2026_008,SOURCE_0007,"P.A. 26-8, Sec. 84"
TL_0481,2026-10-01,law takes effect,P.A. 26-8 Sec. 85 takes effect,"Section 21a-421s of the general statutes is repealed and the following is substituted in lieu thereof (Effective October 1, 2026): (a) For the purposes of this section, [: (1) ""Container"" (A)] ""container"" (1) means an object that is offered, intended for sale or sold to a consumer and directly contains an infused beverage, [or legacy infused beverage,] and [(B)] (2) does not include an object or p",,,,PA2026_008,SOURCE_0007,"P.A. 26-8, Sec. 85"
TL_0482,2026-10-01,law takes effect,P.A. 26-8 Sec. 86 takes effect,"Subsection (c) of section 21a-421aa of the general statutes is repealed and the following is substituted in lieu thereof (Effective October 1, 2026): (c) A retailer or hybrid retailer shall not knowingly sell to a consumer more than one ounce of cannabis or the equivalent amount of cannabis products or combination of cannabis and cannabis products, as set forth in subsection (i) of section 21a-279",,,,PA2026_008,SOURCE_0007,"P.A. 26-8, Sec. 86"
TL_0483,2026-10-01,law takes effect,P.A. 26-8 Sec. 87 takes effect,"Subsection (b) of section 21a-421bb of the 2026 supplement to the general statutes is repealed and the following is substituted in lieu thereof (Effective October 1, 2026): (b) Except as provided in subsection (d) of this section, cannabis establishments shall not: (1) Advertise, including, but not limited to, through a business name or logo, cannabis, cannabis paraphernalia or goods or services r",,,,PA2026_008,SOURCE_0007,"P.A. 26-8, Sec. 87"
TL_0484,2026-10-01,law takes effect,P.A. 26-8 Sec. 88 takes effect,"Section 21a-421ddd of the general statutes is repealed and the following is substituted in lieu thereof (Effective October 1, 2026): Any person twenty-three years of age or older who sells, delivers or gives cannabis, as defined in section [21a-420] 21a-240, as amended by this act, to any person under twenty-one years of age, and who knew or should have known that such person was under twenty-one ",,,,PA2026_008,SOURCE_0007,"P.A. 26-8, Sec. 88"
TL_0485,2026-10-01,law takes effect,P.A. 26-8 Sec. 89 takes effect,"Subsection (a) of section 21a-422g of the general statutes is repealed and the following is substituted in lieu thereof (Effective October 1, 2026): (a) Upon the petition of not less than ten per cent of the electors of any municipality, lodged with the town clerk at least sixty days before the date of any regular election, as defined in section 9-1, the selectmen of the municipality shall warn th",,,,PA2026_008,SOURCE_0007,"P.A. 26-8, Sec. 89"
TL_0486,2026-10-01,law takes effect,P.A. 26-8 Sec. 90 takes effect,"Section 21a-422k of the general statutes is repealed and the following is substituted in lieu thereof (Effective October 1, 2026): (a) For purposes of this section: (1) ""Material change"" means: (A) The addition of a backer, (B) a change in the ownership interest of an existing backer, (C) the merger, consolidation or other affiliation of a cannabis establishment with another cannabis establishment",,,,PA2026_008,SOURCE_0007,"P.A. 26-8, Sec. 90"
TL_0487,2026-10-01,law takes effect,P.A. 26-8 Sec. 91 takes effect,"Subsection (a) of section 21a-422l of the general statutes is repealed and the following is substituted in lieu thereof (Effective October 1, 2026): (a) As used in this section, ""cannabis"" has the same meaning as provided in section [21a-420] 21a-240, as amended by this act, and ""electronic cannabis delivery system"" and ""vapor product"" have the same meanings as provided in section 19a-342a, as ame",,,,PA2026_008,SOURCE_0007,"P.A. 26-8, Sec. 91"
TL_0488,2026-10-01,law takes effect,P.A. 26-8 Sec. 92 takes effect,"Section 21a-422m of the general statutes is repealed and the following is substituted in lieu thereof (Effective October 1, 2026): As used in this section, ""hospital"" has the same meaning as provided in section 19a-490 and ""cannabis"" has the same meaning as provided in section [21a-420] 21a-240, as amended by this act. No hospital shall be required to allow a patient to use cannabis while at such ",,,,PA2026_008,SOURCE_0007,"P.A. 26-8, Sec. 92"
TL_0489,2026-10-01,law takes effect,P.A. 26-8 Sec. 93 takes effect,"Section 21a-425 of the 2026 supplement to the general statutes is repealed and the following is substituted in lieu thereof (Effective October 1, 2026): For the purposes of this section, sections 21a-425a, as amended by this act, 21a-425b, as amended by this act, 21a-425e, as amended by this act, and 21a-425f, as amended by this act: (1) ""Alcoholic beverage"" has the same meaning as provided in sec",,,,PA2026_008,SOURCE_0007,"P.A. 26-8, Sec. 93"
TL_0490,2026-10-01,law takes effect,P.A. 26-8 Sec. 94 takes effect,"Section 21a-425a of the 2026 supplement to the general statutes is repealed and the following is substituted in lieu thereof (Effective October 1, 2026): (a) Notwithstanding the provisions of sections 22-61m, as amended by this act, and 22-61n, as amended by this act, and except as provided in subsection (c) of this section, no person shall [, on or after October 1, 2024,] manufacture any infused ",,,,PA2026_008,SOURCE_0007,"P.A. 26-8, Sec. 94"
TL_0491,2026-10-01,law takes effect,P.A. 26-8 Sec. 95 takes effect,"Section 21a-425b of the general statutes is repealed and the following is substituted in lieu thereof (Effective October 1, 2026): (a) (1) [Beginning on October 1, 2024, no] No infused beverage shall be sold, offered for sale or distributed in this state unless: (A) The infused beverage is sold or offered for sale (i) on premises operating under a package store permit issued pursuant to subsection",,,,PA2026_008,SOURCE_0007,"P.A. 26-8, Sec. 95"
TL_0492,2026-10-01,law takes effect,P.A. 26-8 Sec. 96 takes effect,"Subsection (f) of section 21a-425e of the 2026 supplement to the general statutes is repealed and the following is substituted in lieu thereof (Effective October 1, 2026): (f) Each infused beverage wholesaler shall assess a fee of one dollar on each infused beverage container sold to the holder of a package store permit issued under subsection (b) of section 30-20, as amended by this act, or to a ",,,,PA2026_008,SOURCE_0007,"P.A. 26-8, Sec. 96"
TL_0493,2026-10-01,law takes effect,P.A. 26-8 Sec. 97 takes effect,"Subsections (a) and (b) of section 21a-425f of the 2026 supplement to the general statutes are repealed and the following is substituted in lieu thereof (Effective October 1, 2026): (a) [On and after January 1, 2026, no] No person shall manufacture a high-THC beverage in this state unless such person is an infused beverage manufacturer that has received a high-THC beverage endorsement issued by th",,,,PA2026_008,SOURCE_0007,"P.A. 26-8, Sec. 97"
TL_0494,2026-10-01,law takes effect,P.A. 26-8 Sec. 98 takes effect,"Subdivision (7) of subsection (a) of section 21a-426 of the 2026 supplement to the general statutes is repealed and the following is substituted in lieu thereof (Effective October 1, 2026): (7) ""Moderate-THC hemp product"" (A) means a manufacturer hemp product that has a total THC, as defined in section 21a-240, as amended by this act, concentration of not less than one-half of one milligram, and n",,,,PA2026_008,SOURCE_0007,"P.A. 26-8, Sec. 98"
TL_0500,2026-10-01,law takes effect,P.A. 26-8 Sec. 105 takes effect,"Subsections (a) to (c), inclusive, of section 30-17d of the general statutes are repealed and the following is substituted in lieu thereof (Effective October 1, 2026): (a) For the purposes of this section, [: (1) ""Container""] ""container"" has the same meaning as provided in section 21a-425, as amended by this act. [; and (2) ""Infused beverage"" has the same meaning as provided in section 21a-425.] (",,,,PA2026_008,SOURCE_0007,"P.A. 26-8, Sec. 105"
TL_0501,2026-10-01,law takes effect,P.A. 26-8 Sec. 108 takes effect,"Subsection (e) of section 30-63 of the general statutes is repealed and the following is substituted in lieu thereof (Effective October 1, 2026): (e) The provisions of this section shall not apply to the sale or distribution of infused beverages, [or legacy infused beverages,] as [such terms are] defined in section 21a-425, as amended by this act.",,,,PA2026_008,SOURCE_0007,"P.A. 26-8, Sec. 108"
TL_0502,2026-10-01,law takes effect,P.A. 26-8 Sec. 109 takes effect,"Subdivision (6) of subsection (a) of section 31-40q of the general statutes is repealed and the following is substituted in lieu thereof (Effective October 1, 2026): (6) ""Cannabis"" [means marijuana, as defined] has the same meaning as provided in section 21a-240, as amended by this act;",,,,PA2026_008,SOURCE_0007,"P.A. 26-8, Sec. 109"
TL_0503,2026-10-01,law takes effect,P.A. 26-8 Sec. 110 takes effect,"Section 38a-1052 of the general statutes is repealed and the following is substituted in lieu thereof (Effective October 1, 2026): (a) For the purposes of this section: (1) ""Cannabis"" has the same meaning as provided in section 21a-240, as amended by this act; [(1)] (2) ""Caregiver"" has the same meaning as provided in section 21a- 408, as amended by this act; [(2) ""Marijuana"" has the same meaning a",,,,PA2026_008,SOURCE_0007,"P.A. 26-8, Sec. 110"
TL_0504,2026-10-01,law takes effect,P.A. 26-8 Sec. 111 takes effect,"Section 53-247a of the general statutes is repealed and the following is substituted in lieu thereof (Effective October 1, 2026): Any person who provides cannabis, as defined in section [21a-420] 21a-240, as amended by this act, to a domesticated animal, shall be guilty of a class C misdemeanor.",,,,PA2026_008,SOURCE_0007,"P.A. 26-8, Sec. 111"
TL_0505,2026-10-01,law takes effect,P.A. 26-8 Sec. 112 takes effect,"Subsection (a) of section 53a-213a of the 2026 supplement to the general statutes is repealed and the following is substituted in lieu thereof (Effective October 1, 2026): (a) A person is guilty of smoking, otherwise inhaling or ingesting cannabis, as defined in section [21a-420] 21a-240, as amended by this act, while operating a motor vehicle when he or she smokes, otherwise inhales or ingests ca",,,,PA2026_008,SOURCE_0007,"P.A. 26-8, Sec. 112"
TL_0506,2026-10-01,law takes effect,P.A. 26-8 Sec. 113 takes effect,"Subsection (a) of section 53a-213b of the 2026 supplement to the general statutes is repealed and the following is substituted in lieu thereof (Effective October 1, 2026): (a) A person is guilty of smoking or otherwise inhaling or ingesting cannabis, as defined in section [21a-420] 21a-240, as amended by this act, in a motor vehicle when he or she smokes or otherwise inhales or ingests cannabis in",,,,PA2026_008,SOURCE_0007,"P.A. 26-8, Sec. 113"
TL_0508,2026-10-01,law takes effect,P.A. 26-8 Sec. 115 takes effect,"Sections 21a-425c and 21a-425d of the general statutes are repealed. (Effective October 1, 2026) Governor's Action: Approved May 20, 2026",,,,PA2026_008,SOURCE_0007,"P.A. 26-8, Sec. 115"
TL_0511,2026-10-01,law takes effect,P.A. 26-100 Sec. 48 takes effect,"Section 21a-8c of the 2026 supplement to the general statutes, as amended by section 13 of public act 26-8, is repealed and the following is substituted in lieu thereof (Effective October 1, 2026): (a) There shall be a State-Wide Cannabis, Hemp and Controlled Substances Enforcement Board consisting of the Attorney General, the Chief State's Attorney, the Commissioner of Consumer Protection, the Co",,,,PA2026_100,SOURCE_0008,"P.A. 26-100, Sec. 48"
TL_0512,2026-10-01,law takes effect,P.A. 26-100 Sec. 49 takes effect,"Subdivision (29) of section 21a-240 of the general statutes, as amended by section 16 of public act 26-8, is repealed and the following is substituted in lieu thereof (Effective October 1, 2026): (29) ""Cannabis"" (A) means all parts of any plant or species of the genus cannabis, or any infra specific taxon thereof, whether growing or not; (B) includes (i) every resin extracted from any part of such",,,,PA2026_100,SOURCE_0008,"P.A. 26-100, Sec. 49"
TL_0514,2026-10-01,law takes effect,P.A. 26-100 Sec. 51 takes effect,"Subsections (e) to (s), inclusive, of section 21a-420d of the 2026 supplement to the general statutes, as amended by section 54 of public act 26-8, and section 50 of this act, are repealed and the following is substituted in lieu thereof (Effective October 1, 2026): (e) The Social Equity Council may (1) request, and shall receive, from any state agency such information and assistance as the counci",,,,PA2026_100,SOURCE_0008,"P.A. 26-100, Sec. 51"
TL_0516,2026-10-01,law takes effect,P.A. 26-100 Sec. 53 takes effect,"Subsection (c) of section 21a-420t of the 2026 supplement to the general statutes, as amended by section 69 of public act 26-8, is repealed and the following is substituted in lieu thereof (Effective October 1, 2026): (c) Dispensary facilities, [and] hybrid retailers and cannabis testing laboratories shall perform real-time uploads to the prescription drug monitoring program. Any cannabis or medic",,,,PA2026_100,SOURCE_0008,"P.A. 26-100, Sec. 53"
TL_0517,2026-10-01,law takes effect,P.A. 26-100 Sec. 54 takes effect,"Section 21a-421j of the 2026 supplement to the general statutes, as amended by section 78 of public act 26-8, is repealed and the following is substituted in lieu thereof (Effective October 1, 2026): (a) As used in this section: [, ""total THC""] (1) ""Other cannabis plant material"" (A) means cannabis trim and all parts of any plant or species of the genus cannabis, or any infra specific taxon thereo",,,,PA2026_100,SOURCE_0008,"P.A. 26-100, Sec. 54"
TL_0518,2026-10-01,law takes effect,P.A. 26-100 Sec. 55 takes effect,"Subdivision (1) of subsection (d) of section 21a-425a of the 2026 supplement to the general statutes, as amended by section 94 of public act 26-8, is repealed and the following is substituted in lieu thereof (Effective October 1, 2026): (d) (1) [An] No infused beverage manufacturer shall [only] obtain hemp, a hemp product or an intermediate hemp derivative for the purpose of manufacturing any infu",,,,PA2026_100,SOURCE_0008,"P.A. 26-100, Sec. 55"
TL_0521,2026-10-01,law takes effect,P.A. 26-100 Sec. 59 takes effect,"Section 49 of public act 26-8 is repealed and the following is substituted in lieu thereof (Effective October 1, 2026): (a) No retailer, hybrid retailer or dispensary facility shall borrow money or receive credit, directly or indirectly, in any form for a period in excess of thirty days from any cultivator, micro-cultivator or producer. (b) No cannabis establishment shall borrow money or receive c",,,,PA2026_100,SOURCE_0008,"P.A. 26-100, Sec. 59"
TL_0552,2026-10-01,agency action,"Department of Consumer Protection: medical + adult use — Analytes, Aspergillus, qPCR removed from statute; 60-day clock; deemed-approved remediation plans","as recorded — ""(a)(1) Each cannabis establishment shall submit ... cannabis samples ... in accordance with the laboratory testing standards established in the regulations adopted ... pursuant to section 21a-421j"" ... ""(3) If the cannabis samples ... fail ... not later than sixty days after the date of such failed laboratory testing: (A) Repeat the laboratory testing ...; (B) Submit ... a remediation plan ...; or (C) Dispose of the entire cannabis batch""",ISSUE_AGENCY,Department of Consumer Protection,,,SOURCE_0023,LRT-24
TL_0553,2026-10-01,agency action,Department of Consumer Protection: medical + adult use — Remediation by ionizing radiation,"as recorded — ""remediation of cannabis flower or other cannabis plant material by way of one or more exposures to ionizing radiation for any cannabis flower or other cannabis plant material that fails any laboratory testing due to microbial contamination""",ISSUE_AGENCY,Department of Consumer Protection,,,SOURCE_0023,LRT-25
TL_0614,2026-10-01,milestone,Five-year change-of-control gate,"CGS 21a-420d(k)(2), added by P.A. 26-100 section 51.",ISSUE_OWNERSHIP,,,,SOURCE_0010,
TL_0615,2026-11-01,milestone,Control defined for the first time,"CGS 21a-420d(k)(4) bars agreements that transfer operational control, grant material influence regardless of nominal approval rights, or produce a nominal or passive owner.",ISSUE_OWNERSHIP,,,,SOURCE_0010,
TL_0510,2027-01-01,law takes effect,P.A. 26-100 Sec. 33 takes effect,"Section 21a-415 of the 2026 supplement to the general statutes is repealed and the following is substituted in lieu thereof (Effective January 1, 2027): (a) As used in this chapter: (1) ""Authorized owner"" means the owner or authorized designee of a business entity that is applying for a registration or is registered with the Department of Consumer Protection pursuant to this chapter; (2) ""Business",,,,PA2026_100,SOURCE_0008,"P.A. 26-100, Sec. 33"
TL_0616,2027-01-15,milestone,First ownership and control certifications due,The first record that would let an outsider test the control limb of the equity joint venture definition.,ISSUE_OWNERSHIP,,,,SOURCE_0010,
TL_0554,2028-07-01,agency action,Department of Consumer Protection: adult use + medical — Policy sunset,as recorded — Policies lose force on the earlier of final regulations or 1 July 2028 (C-180).,ISSUE_AGENCY,Department of Consumer Protection,,,SOURCE_0023,LRT-26
